loan_amount,equipment_age,down_payment_percent,ltv,borrower_income,credit_score,trade_in_present,equipment_type,borrower_state,naics_code,risk_flag_count,missing_serial_indicator,equipment_age_variance,approval,risk_score,optimal_down_payment_percent,optimal_term_months
109192.6,16.0,0.14013392185643161,0.9167493427582889,114269.49,676.8671669763237,0.0,Tillage,KS,1112,3.0,0.0,0.0,0,59.9903764413657,0.27015316897370023,85
61393.85,10.0,0.04837257136881651,0.8683034234217137,89954.31,702.6702410526847,0.0,Loader,ND,1152,1.0,0.0,40.666666666666664,0,41.05149039615691,0.2162695905765027,67
363346.73,9.0,0.26417796578162767,1.2406316938722415,126824.74,665.8520349442284,0.0,Tillage,IN,3331,1.0,0.0,0.0,0,53.860083034148786,0.40645779971333007,71
250453.25,5.666666666666667,0.4181493471489848,0.9650829566029504,127867.34,726.4428982733888,1.0,Planter,SD,1151,3.0,1.0,21.555555555555554,0,31.682468545432155,0.5,92
237870.42,9.5,0.2968952583935743,1.0603141715772713,64927.6,587.7090526399904,1.0,Combine,IN,3331,3.0,0.0,2.25,0,65.91095837585517,0.3850733416418639,78
206649.0,6.333333333333333,0.1617897709485008,1.0123804264489102,89982.43,685.81552869525,1.0,Planter,ND,1113,3.0,1.0,1.5555555555555554,0,56.97104207094633,0.2678476868066082,84
72738.07,8.0,0.17684973715649094,0.9349590917227646,297610.41,705.681811273825,0.0,Loader,SD,1113,1.0,0.0,0.0,1,35.592722556071045,0.35566429204434885,72
166103.05,7.5,0.2345746599626946,0.7589359448728904,131527.04,657.5764054853951,1.0,Combine,ND,1152,1.0,0.0,30.25,1,24.569692108397195,0.4054352757459002,82
176321.67,11.0,0.10138126735068613,0.9756854774336947,112541.21,607.1085767901031,0.0,Harvester,IL,1111,4.0,0.0,0.0,0,70.62879307982803,0.2101236811910301,68
88431.44,17.0,0.16853793063950004,1.0333488998420057,65583.22,653.8330449298418,0.0,Combine,ND,3331,3.0,1.0,0.0,0,67.00143569236863,0.2845350592547628,87
248292.34,0.0,0.21682357433802263,0.8925739882201873,56547.36,747.531778290325,0.0,Tillage,IL,1111,1.0,0.0,0.0,1,35.51108199861829,0.39580141034078603,78
144596.54,4.0,0.1836387656513136,0.7200164836184346,135383.35,692.8128132203689,1.0,Harvester,KS,1112,2.0,1.0,1.0,0,36.71281382337879,0.330213138004556,79
231052.51,10.0,0.1419892887551748,0.9648045328119873,96594.81,764.9453451891837,1.0,Tillage,IL,1113,3.0,0.0,16.0,0,49.88646428839518,0.26221636017838446,75
137870.72,8.5,0.12901404561490284,0.5721618118620959,190238.36,669.0370532116353,1.0,Tillage,IN,4238,3.0,1.0,20.25,1,52.036025256291175,0.24494199510232054,71
79532.76,1.0,0.20869755378527116,1.0346282904719923,40000.0,732.388433015212,0.0,Sprayer,MO,1113,2.0,0.0,1.0,1,51.08975913124416,0.35651803552278283,70
103774.21,6.0,0.19465284892857532,0.9403076261567344,143013.49,717.9250648401039,1.0,Planter,OH,1119,2.0,0.0,0.0,1,43.94786032275228,0.3267571282830708,69
286696.76,10.0,0.07074463304571818,1.1923041399592977,202002.37,634.0919157951319,0.0,Loader,MN,1111,4.0,1.0,12.666666666666666,0,82.03367272846639,0.1566772875887854,72
311335.16,7.0,0.18892802342027634,0.9884728266783551,103783.71,630.9811870115727,0.0,Tractor,OK,4238,2.0,0.0,16.0,0,48.5268601058624,0.34187430320855156,63
62821.99,7.0,0.09155687439788117,0.886516354719273,48086.15,607.556520967343,0.0,Tillage,KS,1152,3.0,0.0,38.0,0,58.60904431585501,0.22433878576617117,68
185469.55,11.0,0.24511104280886054,0.5842155454260161,167842.59,675.7700487486909,1.0,Combine,NE,1113,3.0,1.0,0.0,0,45.151215619779485,0.37480861156930156,79
99642.71,3.0,0.11166636931380268,0.9715075585032306,122498.56,640.5307868237002,0.0,Tillage,KS,1113,4.0,1.0,9.0,0,64.96298998540439,0.2317403893429939,64
173375.24,12.0,0.25434344206903625,0.7044049277773465,85274.08,538.7418329397168,0.0,Loader,OK,1112,2.0,0.0,0.0,1,54.6938539004261,0.39495573426818403,79
191753.5,12.0,0.16061480227985267,0.9965310908096812,47630.02,702.1676248100342,1.0,Loader,IL,1151,4.0,0.0,0.0,0,68.66269021625328,0.24328942184734612,79
113816.33,11.0,0.2120298655418791,0.7840146071171146,115115.25,596.6307729765033,1.0,Harvester,NE,1119,4.0,1.0,10.666666666666666,0,57.46035390430087,0.3171091577332774,85
173866.03,14.0,0.23159912401095623,0.7823395923798715,40000.0,792.4274658767184,1.0,Planter,WI,1111,3.0,0.0,4.666666666666667,1,59.72138833788696,0.3321563473351823,74
81427.81,8.0,0.03663103369173348,1.0660856994518157,166196.51,676.1002728084818,1.0,Combine,MN,1113,4.0,1.0,36.0,0,64.97232149983486,0.12668639069206375,79
138357.66,6.0,0.10474750897936294,0.9865828872076081,102505.25,681.1427845562152,0.0,Planter,SD,1119,2.0,0.0,0.0,0,52.846555974057374,0.2490543970312482,83
216478.08,11.5,0.3366278213328002,0.7258992663344911,118980.82,699.7223323024247,1.0,Combine,MN,3331,2.0,0.0,2.25,1,32.80012213317362,0.49102757706645295,54
184629.88,4.0,0.1634304963591405,1.1118518926471932,142315.97,717.8236785494447,0.0,Loader,IN,1111,1.0,0.0,2.6666666666666665,1,46.41610196543038,0.32059829242827975,77
171475.88,9.0,0.19239707624286093,0.7709848447015001,51307.68,678.7281753501101,1.0,Loader,NE,3331,2.0,0.0,42.0,0,48.535974301214836,0.3153251276404313,60
233530.47,8.666666666666666,0.22858730087081913,0.7580863704279344,174028.88,671.1209330989724,1.0,Sprayer,IA,1151,1.0,0.0,6.888888888888888,1,29.88505750549939,0.3888171858598203,79
232314.99,12.333333333333334,0.11851683898606566,0.7246100874023162,66125.71,756.8131462102235,1.0,Tillage,MN,1113,4.0,1.0,13.555555555555557,0,54.19395906930545,0.23012892084745476,84
185664.4,6.5,0.09859900042850624,0.9123544185231043,199805.31,717.1305778366769,0.0,Combine,MO,1113,2.0,0.0,12.25,1,51.482191827762776,0.2456346167729807,71
174992.59,1.0,0.20393227809771933,0.7329995199479101,93502.28,737.8114750282867,1.0,Combine,ND,1112,1.0,0.0,0.0,1,27.92622845830048,0.36807982118111837,66
208588.52,9.0,0.08399892090692161,0.718639871897631,134288.3,624.0328995796781,0.0,Planter,WI,1113,2.0,0.0,0.0,0,41.20954217714629,0.25157983655262905,66
127746.02,6.5,0.02045125342565532,0.8547756768829589,40000.0,605.8837663805446,0.0,Tractor,NE,3331,3.0,0.0,30.25,0,64.53861502390366,0.141374023377848,69
173914.53,8.0,0.3229127768078387,1.0252203694986584,137331.92,740.8516446127353,0.0,Loader,KS,1152,1.0,0.0,1.0,1,40.17059156866811,0.49257159367050246,67
104726.33,15.0,0.2844405649489066,0.8238856604519595,82847.1,642.5725122288451,1.0,Harvester,ND,3331,3.0,0.0,0.0,0,51.597858313197406,0.40124484832251184,88
83476.17,6.5,0.13521187687192066,0.73444651542294,176601.04,743.6061729885112,0.0,Loader,IN,1113,1.0,0.0,30.25,1,33.329250481705564,0.3185533759085095,74
243500.52,11.0,0.21639887845169575,0.7852853057214632,67201.82,714.8451140092934,1.0,Harvester,NE,1113,3.0,1.0,0.0,0,48.74680875306517,0.3389052609455654,61
286623.03,11.0,0.10142003108180409,1.046361667471106,116820.04,632.808574478785,0.0,Combine,SD,1119,4.0,0.0,0.0,1,62.442276661412976,0.22653547775897814,83
353158.87,6.0,0.30210714641546854,1.1191535920328985,167898.71,606.6884873313553,0.0,Planter,MN,1121,2.0,0.0,0.0,0,55.893803398531745,0.44031953961840503,79
194209.59,7.0,0.25101150048002935,0.8863125124302503,160794.71,693.2043400546594,1.0,Harvester,NE,1151,2.0,1.0,49.0,1,37.98317121073367,0.395045158058562,71
262853.87,7.5,0.11628328023999596,0.9045981711256899,169737.69,652.7352992901206,0.0,Sprayer,OK,3331,2.0,0.0,0.25,0,52.74894944210987,0.2607853813557762,76
226545.99,7.5,0.09803235773571066,0.9339037942937196,143554.9,619.8329824887244,0.0,Tillage,IN,1151,3.0,0.0,42.25,0,60.425863959122594,0.22718062981746548,71
172888.24,11.666666666666666,0.36502860138854404,0.6416112025461601,134252.08,716.1148977574701,1.0,Tractor,KS,1111,3.0,1.0,14.222222222222221,0,47.249508819213666,0.4905295837501167,87
56988.59,9.333333333333334,0.10769004578854702,0.945940654408131,133637.16,629.1379628416666,0.0,Sprayer,IL,1151,3.0,0.0,17.555555555555554,0,52.05381722100665,0.2535824113465337,73
147751.52,7.5,0.21663945907183896,0.9117722358470405,98660.44,593.380301963678,0.0,Harvester,IN,1113,2.0,0.0,2.25,0,46.613252283701996,0.37341295450443496,64
52663.27,10.0,0.25361646768091456,0.6984635124502406,152458.63,711.1770865710855,0.0,Harvester,MN,1151,0.0,0.0,14.0,1,20.618125517494406,0.46238021664592577,62
82962.31,2.0,0.11683233778238375,0.6471691253190923,130226.24,756.8515329073732,0.0,Combine,NE,1121,1.0,0.0,0.0,1,34.06369832675533,0.29870494112887314,69
173189.31,14.0,0.33672484456555263,0.8172101149848415,139022.53,704.4298197231658,1.0,Tractor,IN,1119,2.0,0.0,1.0,1,45.99512005387261,0.46473460445780734,64
235950.33,1.0,0.23315219237717996,0.8413456003720505,44662.41,733.6274564855744,0.0,Loader,MN,1112,1.0,0.0,0.0,1,38.57610534514305,0.4059999816868939,73
183839.13,10.333333333333334,0.2544576165741408,0.9449801986536592,113117.63,749.3518078628315,0.0,Tillage,WI,1119,2.0,0.0,17.555555555555557,1,44.29678378953704,0.4158640489950667,78
44831.07,6.0,0.20426032454497614,0.6723385150480431,171165.18,732.7390127444994,0.0,Combine,MO,1112,0.0,0.0,28.666666666666668,1,22.877967879142997,0.40850438878669015,71
84852.04,7.0,0.3744231432262033,0.8232224834998819,108210.1,624.5746518726843,0.0,Sprayer,IA,1113,1.0,0.0,20.666666666666668,1,40.44098697985605,0.5,65
187525.77,12.5,0.23341476135992073,0.8019831427393284,40000.0,646.5206052652394,1.0,Combine,WI,1152,4.0,0.0,0.25,0,63.52950665893056,0.3263557480420596,84
120974.58,2.0,0.4241776670342593,0.7346104042571291,134568.58,715.5337265519371,0.0,Combine,KS,1152,0.0,0.0,0.0,1,19.400487768646915,0.5,57
278034.04,17.0,0.31963555482399286,0.9711640878252813,128906.61,615.0100047652895,1.0,Combine,ND,1152,4.0,0.0,0.0,0,67.24808415243146,0.40513938651912995,72
213847.8,5.333333333333333,0.14162115082933457,0.8704541600058463,118164.2,658.7995904348943,1.0,Loader,MO,1119,2.0,0.0,22.222222222222225,0,35.45834308082716,0.2907044646676802,75
207651.24,7.5,0.14926429543114503,0.7629243185188249,105231.39,760.6114819756115,1.0,Loader,SD,1121,2.0,0.0,12.25,1,32.13272582555226,0.3049988437800405,62
313356.28,12.5,0.23652914249450277,1.1212457921713292,94333.9,676.8290914186022,0.0,Tractor,OK,1151,2.0,0.0,0.25,0,49.221231202148196,0.3880866800902064,62
128109.83,9.333333333333334,0.19279424804396988,0.7791190956154465,104892.73,646.7712865637754,1.0,Harvester,IA,3331,2.0,0.0,16.222222222222225,0,34.07262733700868,0.34464899336995247,80
61720.37,10.0,0.16842060883957674,0.5638341902656634,184915.8,584.9630401839546,0.0,Planter,NE,1152,2.0,1.0,0.0,0,42.25649205355479,0.33390762473246716,77
229196.95,0.0,0.2345100989790568,1.1642533905366936,168630.5,758.3077998247596,0.0,Sprayer,OK,3331,1.0,0.0,0.0,1,47.137114982600394,0.39023586901385604,81
70333.13,3.0,0.18428421930055583,0.9029252456181674,156037.61,643.429074891379,0.0,Loader,MO,1121,2.0,0.0,0.0,0,46.21351123141968,0.3418571968377164,78
71432.08,3.0,0.1791525974988053,0.7169567314190237,123607.12,670.6739317486514,1.0,Loader,WI,3331,2.0,1.0,0.0,0,37.8195161533993,0.3235135651920067,67
366879.76,8.0,0.1743244539575538,1.2126085023320883,204730.16,629.2942616219896,1.0,Planter,WI,3331,4.0,1.0,0.0,0,74.37018391649457,0.24558408612456464,77
210850.39,16.5,0.1991260030064731,0.8410889998020462,129931.74,715.8245001858704,1.0,Tillage,MN,1113,3.0,1.0,0.25,0,52.754593050530154,0.31361681690541277,73
225393.18,11.5,0.2935201382647708,0.902903460815185,40000.0,801.0046049085702,0.0,Tractor,OK,3331,3.0,0.0,0.25,1,59.954423076406336,0.42361129211195814,77
408935.1,13.0,0.17895914009967517,1.35,111805.5,730.8983850054826,0.0,Loader,SD,1113,2.0,0.0,0.0,0,62.635294769482364,0.3036885505607104,82
123528.63,13.0,0.255500753527917,0.6406196159606954,115246.15,753.8954134508084,0.0,Tillage,WI,1152,1.0,0.0,0.0,1,35.33178709727919,0.43483717933335864,68
67604.81,7.0,0.14236549239700963,0.7107045612097811,121810.32,692.063777778678,0.0,Loader,IN,1121,1.0,0.0,0.0,1,23.762111296606918,0.3448412698037958,78
99439.71,5.0,0.1921800210267666,0.5891143452449152,142924.66,681.4695136455621,0.0,Sprayer,ND,4238,0.0,0.0,0.0,1,21.222888798412615,0.3997342434299414,69
293292.07,2.0,0.16788146499883888,0.9365339002965638,167506.79,566.1522490159524,1.0,Tillage,KS,1111,4.0,1.0,4.0,0,61.428915871838925,0.265023633255161,75
219969.97,7.0,0.2217448146723709,0.8602478473065669,157874.79,696.6647872114704,0.0,Combine,IL,4238,0.0,0.0,16.0,1,21.44873114050611,0.4288473523913586,77
91981.12,3.3333333333333335,0.1437893211655802,0.7098311177152332,54282.8,699.4112644192198,0.0,Sprayer,WI,1119,2.0,0.0,6.222222222222221,0,50.457826688701594,0.292873667788177,66
133055.94,10.666666666666666,0.20350730173105216,0.4864404438248979,134847.49,756.5095512633958,0.0,Harvester,IN,3331,1.0,0.0,20.222222222222225,1,31.661504331466208,0.39018429306811975,80
128700.32,5.0,0.04928698469181805,0.6611396336612565,153658.95,670.6976189780112,0.0,Harvester,IN,1152,1.0,0.0,0.0,1,24.620491108240223,0.2500460024753376,63
195294.76,10.0,0.1481481917946122,0.6545881169985743,105878.37,730.1861133196664,1.0,Tillage,IA,1152,3.0,1.0,25.0,0,44.893481436005466,0.2783612289226013,70
91903.69,8.0,0.26992458422319426,0.8433307994914676,76381.04,690.0048967030001,0.0,Sprayer,IA,1119,0.0,0.0,34.666666666666664,1,27.027960533254856,0.4658686631566845,69
271347.5,13.666666666666666,0.08641090821367259,1.0477591708009277,175897.29,684.9601546423703,1.0,Harvester,OK,1119,4.0,0.0,11.555555555555555,0,62.30396489764688,0.1818029784183788,80
138969.56,12.0,0.13809713599652482,0.8698406025603207,94626.86,771.3774705508015,0.0,Loader,IN,1113,2.0,0.0,14.0,1,43.46920316354316,0.3011587296694385,70
228021.21,9.5,0.13706043834736456,0.9736757348740708,173076.41,643.2664554994898,0.0,Planter,WI,1152,3.0,0.0,0.25,0,51.50505040556155,0.2840503375362415,54
213444.12,12.333333333333334,0.39932018126935165,0.9322072713670363,196854.89,673.1388908292118,0.0,Combine,SD,1152,3.0,1.0,1.5555555555555556,0,49.88577329514719,0.5,72
202063.21,15.666666666666666,0.16639456410855455,0.915456274826668,144343.51,680.0752485080059,0.0,Sprayer,SD,1152,2.0,0.0,1.5555555555555556,0,37.585988498845516,0.3412225871108635,66
282007.93,7.5,0.09128154441943713,0.889476247828445,102690.42,657.7468618322433,0.0,Loader,ND,3331,1.0,0.0,56.25,0,39.57513464322055,0.26213127513299606,78
147141.47,10.0,0.250433495952675,0.7681706775209407,127881.3,683.3709082957251,0.0,Loader,SD,1152,0.0,0.0,0.0,1,18.855295891119646,0.4627229041704357,71
63187.73,10.0,0.24213537741888397,0.9071658748251693,231664.92,705.2509242165966,0.0,Sprayer,OK,1111,1.0,0.0,8.0,1,29.845307732957245,0.43244476195296944,72
104720.79,4.0,0.19257235925945004,0.840479139713681,146471.95,779.4740485378493,0.0,Harvester,WI,1121,0.0,0.0,4.0,1,26.79167317948032,0.3889890129004894,79
74102.99,2.0,0.1551733662425111,0.7936574241932334,86943.64,780.7703042300474,1.0,Loader,IA,4238,2.0,1.0,2.0,1,47.62462613777502,0.27992411396696104,82
41946.54,6.0,0.12653279119636066,0.6563574722576664,183109.48,771.8119817857372,0.0,Tillage,MO,1112,2.0,1.0,60.666666666666664,1,29.925673331016796,0.3166814445343271,74
116105.11,6.0,0.11211601056341422,0.8894701736640486,155264.82,765.1673548295055,1.0,Tractor,IL,4238,3.0,1.0,0.0,0,48.930594463841956,0.23425482163573033,79
158220.55,3.0,0.09094912002728635,0.8817194115262323,40000.0,697.5280326379162,1.0,Harvester,IN,4238,3.0,0.0,1.0,0,51.40971441061173,0.2081296912060629,92
109713.64,9.0,0.24205583782151552,1.0486544192060563,145195.76,629.5591488925202,0.0,Tractor,SD,1152,2.0,0.0,49.0,0,53.65605078948793,0.38474373624253966,76
160363.75,12.0,0.24471384761604742,0.7749228354602516,40000.0,668.7938038913612,0.0,Tillage,NE,1152,2.0,0.0,9.0,0,45.81657726689914,0.40308069308224914,63
195897.48,5.0,0.26435111892874874,0.9523146903648608,89086.65,686.7328498130029,0.0,Planter,NE,4238,1.0,0.0,25.0,1,36.203507593286474,0.44194410374217574,91
132271.13,6.333333333333333,0.2469083806420792,0.8210063649999826,102442.98,543.5919064563469,0.0,Sprayer,ND,3331,1.0,0.0,14.888888888888891,0,38.40741619488623,0.4200935482523067,72
199793.63,3.0,0.09701824748877184,0.8670048034125928,80020.23,668.2928802173585,1.0,Sprayer,NE,1121,3.0,1.0,0.0,0,54.26253177739341,0.20849318393398503,85
251257.67,8.5,0.15699890857145302,1.35,40000.0,739.4999815436354,0.0,Planter,ND,1121,2.0,0.0,72.25,0,67.15682939912749,0.2726852497731981,83
232179.16,2.0,0.05917606480615323,0.8776710217413541,52355.76,691.6182966571735,0.0,Tractor,MN,1119,2.0,0.0,2.0,0,51.022094175060055,0.20713187645603312,67
161576.46,7.0,0.265573894290397,0.8079580942169458,125745.84,733.3865142233751,0.0,Loader,OH,3331,0.0,0.0,0.0,0,19.495767283751213,0.4765823597228946,77
68316.19,10.0,0.18928859361640873,0.5814995981951958,132239.8,673.4579478334296,0.0,Harvester,ND,1112,1.0,1.0,0.0,0,30.426197309529332,0.3784361989973501,66
219281.86,7.666666666666667,0.10189314741126335,0.8054337356521305,154168.73,646.9358857574894,0.0,Tillage,SD,1152,2.0,0.0,5.5555555555555545,0,41.69530756064102,0.26850253228998133,62
233743.78,15.0,0.14248741264081177,0.9673290002582329,117927.58,744.2374974328422,0.0,Loader,ND,4238,3.0,0.0,0.0,0,47.50170797868786,0.29748399668343606,79
92142.26,8.5,0.11866353088193556,0.8361107349061171,46451.37,752.2945028031156,0.0,Loader,OK,4238,2.0,0.0,30.25,1,36.49405570099148,0.2956754194799526,76
209282.89,13.0,0.23770532761940164,0.8045674527137636,68420.73,637.2886778758652,0.0,Tractor,ND,4238,2.0,0.0,1.0,0,37.51318936416412,0.4126789488910734,58
278458.11,7.0,0.10191453735281467,0.923492615593129,40000.0,768.3409089771728,1.0,Harvester,KS,1111,5.0,1.0,4.666666666666667,0,78.97965171508936,0.16395523392263597,72
224754.2,7.666666666666667,0.08059274833611865,0.8848466623146473,44174.7,670.4965041300433,0.0,Tillage,SD,4238,2.0,0.0,32.88888888888889,0,50.568741522690175,0.22945526529073834,73
130325.55,4.666666666666667,0.04559112259886622,0.45,64528.32,653.936962605161,0.0,Harvester,IA,3331,2.0,1.0,8.222222222222221,0,44.82489154563165,0.2059413395076029,64
157950.92,16.5,0.1331384794365617,1.0537614326165312,177790.2,691.5658935110185,0.0,Tractor,ND,1121,3.0,0.0,0.25,1,51.155502089775304,0.28082747525701107,77
155080.33,7.333333333333333,0.0954402490690166,0.6585531734322562,40000.0,737.651857019668,0.0,Sprayer,OK,1112,2.0,0.0,5.5555555555555545,1,46.12432194686129,0.253191605175294,77
205335.07,6.0,0.28705802737803293,0.6946739974587338,112044.84,672.0625689662274,0.0,Harvester,WI,1119,1.0,1.0,6.0,1,35.93593502941712,0.46518615731919866,57
249445.22,7.0,0.21734536830738066,0.9505619687258362,113239.92,660.8047994528694,0.0,Tractor,WI,1112,2.0,1.0,1.0,0,47.62835892483843,0.3720886504577038,62
211084.06,9.5,0.37609862558625146,1.172398962992452,126570.83,830.0,1.0,Harvester,OK,1151,2.0,0.0,2.25,1,63.04505592609632,0.47000851373405883,72
141876.89,7.0,0.196815552226157,1.1665987244366298,141964.24,675.281614558948,0.0,Combine,NE,1112,1.0,0.0,0.0,0,54.16395711117313,0.3384876380038107,81
255444.6,12.333333333333334,0.28716119064102175,0.8780458667197434,215787.55,680.9670319687217,0.0,Tillage,SD,1152,1.0,0.0,11.555555555555555,1,47.23241049621761,0.4426963696485865,89
211621.63,11.666666666666666,0.25188872360581116,0.9133923951852538,146397.82,703.3454349228124,0.0,Planter,IL,1111,2.0,0.0,22.888888888888886,0,43.426157263156746,0.4150364090794977,67
166375.05,8.0,0.191321212590074,0.9657885341183163,76920.71,697.1461419791341,0.0,Harvester,NE,3331,1.0,0.0,0.0,0,42.43181239106597,0.35645758780794207,75
102925.09,4.0,0.0770727269517245,0.8809882733565438,104578.86,574.9904436274854,1.0,Planter,IA,1112,4.0,1.0,14.0,1,56.67644756411241,0.18371983182349969,73
243858.67,4.0,0.13558612454384134,1.0592689632680066,40000.0,584.5871392864984,1.0,Harvester,IL,1119,5.0,0.0,4.0,0,82.38300692529886,0.19082011069324362,72
183469.87,8.5,0.27283730485065505,0.9170181953070818,58810.27,711.9796877388039,1.0,Planter,OK,3331,3.0,0.0,56.25,0,55.46312617777967,0.3819110524950957,70
172895.34,12.5,0.3477437598174953,0.5831400691134285,159234.49,725.1517296709357,0.0,Tillage,MN,1152,1.0,0.0,20.25,1,48.180586286678206,0.5,78
75154.68,5.0,0.0,0.6906054037612575,40000.0,799.1973498611338,1.0,Planter,MN,1113,3.0,0.0,9.0,1,59.57608890263752,0.10084782219472496,74
240173.48,13.5,0.10155826230743288,1.1195680764996663,92022.77,805.7547929237136,1.0,Tillage,IA,3331,4.0,0.0,0.25,0,61.70957027709553,0.19813912175324183,81
115174.35,17.0,0.34937179495548065,1.0469050913222595,142976.01,640.6418603575712,1.0,Harvester,WI,3331,5.0,1.0,0.0,0,80.00978608135182,0.40935222279277705,78
231561.52,2.3333333333333335,0.22598729467864176,0.8932291266658225,150574.88,650.1504411290102,0.0,Tractor,ND,1151,0.0,0.0,0.8888888888888888,1,20.30854271458228,0.4353702092494772,80
148075.52,10.0,0.2802885282655976,1.2619014973118694,160740.73,721.6959055445016,1.0,Harvester,KS,1152,2.0,0.0,8.666666666666666,0,49.022608312507955,0.4022433116405817,83
155956.89,8.666666666666666,0.1716596324987907,0.8814907437924269,41502.01,717.6676767607275,0.0,Combine,SD,1119,1.0,0.0,38.88888888888889,1,42.792810439903135,0.3360740116189844,82
109583.18,15.0,0.14504095340369766,0.5207555090550475,40000.0,732.9226027025763,0.0,Harvester,KS,1112,3.0,0.0,0.0,1,59.35673526154667,0.2763274828806043,73
142587.14,11.333333333333334,0.283239052604733,0.8681836219252762,149941.93,715.1385702797274,0.0,Loader,OH,4238,1.0,0.0,29.555555555555554,1,35.42573173746624,0.4623875891298005,73
63694.8,8.666666666666666,0.2868150670744773,0.7673876608477487,136551.33,673.253720573941,1.0,Combine,IN,1113,2.0,1.0,48.22222222222223,1,35.33162193259745,0.43615182320928236,73
246613.6,7.666666666666667,0.2839974974988164,0.8905545343792629,158990.49,620.481977658938,0.0,Sprayer,WI,1121,1.0,0.0,11.555555555555557,0,31.001884181413857,0.4719937291359887,74
226642.22,6.0,0.12457050648333877,0.8727829158212015,241960.77,686.3594052021182,1.0,Combine,NE,1121,3.0,1.0,0.0,0,40.27811809559694,0.26401427029214486,84
392640.93,9.0,0.18192423070795433,1.293939532530671,198352.07,679.2407718055772,0.0,Combine,ND,4238,1.0,0.0,2.0,1,52.43842007650517,0.327047390554944,78
197211.14,9.666666666666666,0.18974747327574026,0.7921261488334524,49774.13,758.3870580272833,1.0,Combine,SD,4238,2.0,0.0,0.888888888888889,1,43.77977562157675,0.3221879220325867,80
261528.22,16.0,0.11321270413508396,0.8813258688130671,136616.13,698.0459250359685,1.0,Loader,WI,1119,3.0,0.0,0.0,0,47.70262534351921,0.23780745344804557,71
88273.93,10.0,0.308050297913515,0.7851334782285492,107483.52,698.5451160363576,0.0,Sprayer,IA,1119,0.0,0.0,1.0,1,15.093938343225748,0.5,71
42923.83,5.333333333333333,0.26035662052430353,0.6186930255222283,143534.84,760.7298550573056,0.0,Combine,WI,1113,0.0,0.0,9.555555555555555,1,15.384029700561346,0.4795885611231808,70
53381.22,3.0,0.16273667854849222,0.7655555398214264,146277.98,645.6015906997321,0.0,Combine,IL,4238,1.0,0.0,1.0,1,26.7141279432412,0.3593084226620098,77
92836.4,3.0,0.21224413936699343,0.8273264744297103,101820.23,715.3966792707766,0.0,Tillage,IA,1111,0.0,0.0,4.0,1,30.083546848410958,0.4020770456701715,60
209380.53,8.5,0.1434351288084964,0.8942187341695124,64055.25,690.7019363259438,1.0,Planter,OH,1119,2.0,0.0,20.25,0,46.83868774209351,0.2697577533243094,77
285632.7,1.0,0.26585054420557275,0.9167199029999286,40000.0,682.7799588702487,0.0,Tillage,MN,3331,2.0,0.0,0.0,0,50.702056875020716,0.4144464304555313,79
268767.11,8.0,0.09556328476775733,1.0426840232922583,117844.02,746.0728883110728,1.0,Planter,NE,1121,4.0,1.0,64.0,1,60.864244588230086,0.19383479559129715,78
348132.02,5.5,0.0859461292412099,1.1652280341646353,154732.43,810.2689488512531,1.0,Tractor,SD,1119,3.0,0.0,0.25,1,60.29353415492228,0.18535906093136537,73
59783.84,10.666666666666666,0.2385761065530716,0.5702536314723305,81813.31,731.0917781026377,0.0,Tractor,NE,1152,1.0,0.0,28.222222222222225,1,33.44276321480825,0.42169058012345506,65
84901.14,11.5,0.1345278652061399,0.9041208057102238,111304.55,634.6946432507793,0.0,Planter,NE,1151,4.0,0.0,20.25,0,51.941755952284595,0.2806443533015707,69
210415.66,7.5,0.35231223951602253,0.824323191630188,93732.2,674.2679395769587,0.0,Combine,OH,1119,0.0,0.0,6.25,1,22.80111453367798,0.5,66
250981.25,8.666666666666666,0.3541025775430341,0.8973270249584151,128756.58,703.539915527899,0.0,Tractor,OH,1119,0.0,0.0,43.55555555555555,1,24.501707563261466,0.5,71
121917.4,14.0,0.134074290544837,1.0422604060603646,72774.7,660.168466979244,0.0,Tillage,IA,1152,3.0,0.0,0.0,0,65.80619396454608,0.2524619026157448,76
154084.47,11.0,0.3352821484937407,0.7940646481466125,146441.89,726.8402881504041,1.0,Tractor,OH,1151,2.0,0.0,18.666666666666668,1,28.688096863358638,0.4979059547670234,66
203595.41,6.0,0.1374750694105075,0.8628042203793448,138751.08,617.323320988218,0.0,Tractor,MO,4238,3.0,1.0,8.666666666666666,0,50.90704341106274,0.285660982588382,76
143760.54,0.0,0.24712395778810037,0.7641116774849496,109215.68,700.8017032755604,0.0,Loader,ND,1152,0.0,0.0,0.0,1,24.67728606179561,0.44776938566450913,72
189879.43,6.0,0.17609032979317665,0.7952969525180345,78072.5,690.3901961429086,0.0,Sprayer,IL,1111,0.0,0.0,4.0,1,27.492117640544446,0.37110609451208776,73
127777.28,10.0,0.16843445601088178,0.9673356816659873,137005.34,776.117874216179,0.0,Loader,OK,1112,2.0,1.0,25.0,0,49.57598547486201,0.31928248506115775,81
73013.49,6.333333333333333,0.2043271123198048,0.8835550761506851,130065.93,708.501794609588,0.0,Sprayer,MO,1119,0.0,0.0,33.55555555555555,1,24.860000534360616,0.4046071112510836,58
68783.53,12.666666666666666,0.1841354543673378,0.6632769555095094,204854.58,784.2873073991374,0.0,Harvester,WI,1152,1.0,0.0,4.222222222222222,1,28.788904470639217,0.3765576454260594,65
180824.99,6.0,0.380807269394571,0.9773097105304736,190257.13,675.847516310388,1.0,Planter,OK,1113,2.0,0.0,0.0,1,44.35024612894097,0.5,80
229329.43,9.0,0.19170920679760975,0.8329724096125742,116196.68,586.2934902556091,0.0,Tractor,IA,4238,1.0,0.0,0.0,1,39.90319295701221,0.36190282088358533,59
241097.83,1.0,0.21797019611469218,0.8559096578615436,71375.11,796.6835083065196,0.0,Tillage,KS,1121,0.0,0.0,0.6666666666666666,1,35.68002095494243,0.3966101542048074,85
181117.54,6.0,0.26995217723511855,0.8822524766958755,159083.93,611.8030862024086,1.0,Loader,ND,1152,3.0,1.0,1.0,0,56.6450518409747,0.37666207355316916,85
171273.51,9.666666666666666,0.225906638509597,1.063458849755608,98078.09,584.1373005338008,0.0,Harvester,SD,1151,2.0,0.0,10.888888888888888,0,50.62497612409436,0.3746566862614083,91
340381.7,14.0,0.11368883748026769,1.0912634891342072,104402.8,662.3951977254211,0.0,Planter,MN,1112,3.0,0.0,0.0,0,65.20004818588802,0.23328874110849165,93
136060.0,6.5,0.09469531530327895,0.8143011363906321,117113.1,692.8651398179319,1.0,Harvester,MO,1112,2.0,0.0,20.25,1,38.33254698180162,0.2380302213396757,79
301145.32,7.0,0.19916385517929688,1.018998065923451,44542.67,617.6733991954236,0.0,Combine,MN,1112,3.0,0.0,50.0,0,59.187901392449675,0.33078805239439757,81
102945.43,9.0,0.23097685945749186,0.960089571258032,132604.43,692.5411801698225,0.0,Harvester,MN,3331,1.0,0.0,28.666666666666668,1,42.912758467237765,0.3951513425230163,78
197986.63,12.333333333333334,0.178092094335901,1.0948122387596646,40000.0,595.5208758417954,0.0,Harvester,OK,1112,4.0,0.0,11.555555555555555,0,77.6903599346606,0.2727113744665798,83
232665.44,11.333333333333334,0.23715558587734037,0.7178385408451765,155893.14,658.2843989271469,0.0,Planter,MN,4238,1.0,0.0,36.22222222222223,1,26.674358570828957,0.4338068687356824,52
271819.9,6.333333333333333,0.15758426219941676,1.0748942485520951,40000.0,655.7195555822923,1.0,Harvester,WI,1151,3.0,0.0,0.22222222222222224,0,70.86772135542451,0.23584881948856776,82
156318.8,13.0,0.1940509697942213,0.956231037867012,57824.88,679.798601325266,1.0,Harvester,IL,1111,4.0,0.0,10.666666666666666,0,75.96719069803208,0.2621165883981571,81
213920.29,10.0,0.25841197768382684,0.9048834577705628,129918.99,719.1535588080807,1.0,Tractor,IA,1112,3.0,1.0,24.666666666666668,0,47.13326995135306,0.38414543778112076,74
79564.39,11.333333333333334,0.17902645149997073,0.5506125707807112,107015.35,704.9765951803463,0.0,Planter,KS,4238,2.0,1.0,4.222222222222222,0,37.887552448331704,0.35325134660330737,74
99606.57,11.333333333333334,0.17745375254150217,0.510886101335823,97181.57,638.6596803096418,1.0,Tractor,OH,1119,3.0,0.0,10.888888888888888,0,44.00385595441134,0.30944604063267944,69
150781.02,1.0,0.2579179255455348,0.8005633910987772,236380.01,693.3885690404212,1.0,Planter,KS,3331,1.0,0.0,0.0,1,21.979576047994158,0.4339587734495465,82
205776.28,10.333333333333334,0.300878146293852,1.052585198081973,114684.78,678.410456150778,1.0,Sprayer,IN,1119,3.0,0.0,17.555555555555557,0,57.462754641660595,0.40595263701053086,70
56326.5,13.0,0.3718575728898249,0.823859563794028,40000.0,717.4883457362689,0.0,Loader,KS,1112,2.0,0.0,8.666666666666666,1,49.65277083630111,0.5,55
213807.28,4.333333333333333,0.25391227175888864,0.7685553476543904,70871.8,658.5088341608318,0.0,Tillage,ND,1112,0.0,0.0,10.888888888888888,1,25.68742200603679,0.45253742774681505,67
140700.57,2.0,0.14081159862744597,1.2195140485400948,40000.0,757.9386063570649,0.0,Tillage,MN,1151,3.0,0.0,0.0,0,74.41388860105069,0.24198382142534458,81
71265.45,8.666666666666666,0.3393579339782704,0.6167933965417792,134582.06,575.959350383772,0.0,Tillage,IN,1151,1.0,0.0,21.555555555555557,0,29.88163862970095,0.5,62
44804.43,2.0,0.16877535740426325,0.7450335991087869,108422.86,675.1414678864597,0.0,Loader,OK,1111,0.0,0.0,0.0,1,14.052982617566776,0.39066939216912966,69
66434.58,10.5,0.1578525329727353,1.0712162293489833,276356.93,658.9531202089323,1.0,Tractor,MN,3331,3.0,0.0,6.25,1,50.61598201122533,0.27662056895028464,63
147353.78,9.0,0.08918325232290296,0.585641116321155,136175.42,689.8207923006628,0.0,Planter,WI,1112,1.0,0.0,0.0,1,31.787737892556958,0.275607776537789,72
128260.32,11.333333333333334,0.23452238201907305,0.5616714641993705,184948.04,721.7060776906983,0.0,Loader,IN,1152,2.0,1.0,9.555555555555555,1,38.99368528415159,0.40653501145076987,78
191371.73,7.0,0.12699243733187,0.6985044004706329,99936.09,611.4151511175547,0.0,Combine,NE,1111,2.0,0.0,0.0,1,41.92216897080664,0.2931480993902567,65
61186.67,9.666666666666666,0.16002942483774188,0.6466073072587082,101783.99,796.1551993421381,0.0,Tractor,IN,1111,0.0,0.0,38.22222222222222,1,25.025538319697304,0.3599783481983473,67
155281.41,11.333333333333334,0.0406362845506236,0.8491781060633813,63117.44,736.1560745333745,1.0,Loader,OH,1113,4.0,1.0,8.222222222222221,0,65.09644365253808,0.13044339724554743,55
125633.75,7.5,0.15714816341256196,1.327016302014619,40000.0,612.1915387634872,0.0,Loader,IN,1119,3.0,0.0,0.25,0,79.76603120195843,0.24761610100864512,81
306204.64,12.0,0.16671763186823285,0.9425605468375895,119804.72,661.2104346635915,1.0,Loader,IL,3331,3.0,0.0,0.0,0,48.57538218903479,0.28956686749016325,82
101267.32,17.0,0.2794390394550652,0.8750360835514026,145616.47,696.4040311820943,0.0,Harvester,IN,3331,1.0,0.0,0.0,1,28.550869587440914,0.4723373002801834,80
187795.39,5.5,0.14098863412945795,0.8426629173945741,158755.51,709.3830658455522,1.0,Planter,IL,1119,3.0,1.0,2.25,0,43.15779564785027,0.2746730428337574,58
113467.75,14.0,0.1410110386954526,0.5010029299223828,105124.12,678.1515395582998,1.0,Sprayer,IL,1151,3.0,0.0,9.0,0,43.61315673742404,0.2737847252206045,72
126646.97,10.333333333333334,0.21583481634754625,0.9092663765647104,189887.24,707.536367207725,1.0,Combine,OK,4238,3.0,0.0,22.888888888888886,0,52.83022398120513,0.33017436838513603,75
249724.64,6.333333333333333,0.30423927862340494,0.9850024719096284,164282.31,761.4988094082664,0.0,Loader,IL,1112,1.0,0.0,28.222222222222225,1,30.850794965272257,0.4925376886928604,86
151058.68,8.0,0.1699999572611104,0.9943271704265928,41518.07,634.1431505335852,0.0,Loader,MO,4238,4.0,1.0,0.0,0,86.85228013947965,0.24629539698215108,66
226121.85,4.0,0.29703921836980585,0.7570121365257056,224615.99,628.9310785536311,1.0,Harvester,KS,1151,3.0,1.0,0.0,0,40.34843951234424,0.43634233934511735,65
219480.1,3.0,0.16352628086389923,0.9613460110108568,105390.17,783.9049107519354,0.0,Harvester,IA,1111,1.0,0.0,4.666666666666667,1,35.811734594782486,0.3419028116743343,78
238718.49,16.0,0.17425287669572398,0.9061926649604072,172373.29,642.4061442343991,1.0,Loader,MO,1152,4.0,0.0,0.0,0,62.0768084605761,0.2700992597745717,74
225318.18,10.0,0.3506651561864918,1.2487760171553917,177074.53,639.353228120498,1.0,Tillage,IA,4238,3.0,0.0,0.0,0,72.61089273499357,0.4254433707165046,86
61331.75,6.333333333333333,0.19732329495583623,0.8920175418651193,113231.85,617.448869957179,1.0,Combine,SD,4238,2.0,0.0,1.5555555555555554,0,44.80491904881029,0.3277134568582156,61
315617.04,17.0,0.17165164225274268,1.0893434345509623,222620.12,770.9008448877919,0.0,Combine,MO,1119,2.0,0.0,0.0,1,49.16453297000654,0.32332257631272965,83
131015.98,9.5,0.22462509831267108,1.1622771604714899,49173.41,605.2805093283374,0.0,Harvester,NE,1151,3.0,0.0,6.25,0,75.2312851499033,0.3241625280128645,64
49285.4,15.0,0.11787465166847601,0.5389996933749149,73579.84,698.0146785139108,1.0,Combine,KS,1112,4.0,1.0,0.0,0,56.577102465975415,0.22472044673652516,73
103850.26,12.333333333333334,0.2059279987676931,0.6205779999944766,178468.53,736.3163880390897,1.0,Sprayer,OH,3331,2.0,0.0,5.5555555555555545,0,38.909579991481095,0.348108838784731,67
118484.9,4.0,0.1268316546804128,0.9186017358284861,109005.48,707.0168783151738,0.0,Tractor,IN,1119,3.0,1.0,1.0,0,54.7117556243554,0.267408143431702,65
140777.23,6.5,0.22016259543542094,0.7256648596567203,102985.43,640.2359953943701,0.0,Sprayer,MN,1121,1.0,0.0,6.25,0,39.11609504269613,0.39193040535002865,81
235085.9,8.5,0.2383474731383468,0.8184308228619097,107005.25,674.198203971294,1.0,Loader,MO,1112,1.0,0.0,6.25,0,34.76871720789393,0.3888100387225589,72
130401.55,8.0,0.1906486354338733,0.7839167308613425,90166.71,609.5648438330215,0.0,Loader,MN,1111,1.0,0.0,0.0,1,28.86279624049255,0.38292304295288826,77
202063.74,10.666666666666666,0.3973633915488718,0.9888172718438247,61943.97,681.7325402815485,0.0,Loader,IL,1152,2.0,0.0,22.888888888888886,0,49.78020648602264,0.5,77
203434.65,5.0,0.13986796644387633,0.9536662147503152,116293.97,722.733690352927,1.0,Tillage,IA,1111,3.0,0.0,25.0,0,49.25755934682526,0.2613528477502258,69
222237.53,4.666666666666667,0.09256134482895184,0.8475757665788382,139979.79,715.8969971927438,0.0,Loader,WI,1111,1.0,0.0,26.888888888888886,1,39.33243172102389,0.263896481386904,81
92499.97,12.333333333333334,0.0969522685593523,0.9618018979298322,140215.2,704.0701104532583,0.0,Loader,OK,1113,3.0,0.0,20.222222222222225,0,48.15447862527849,0.2506433113087953,62
134199.76,14.5,0.2103548784275146,0.7484634802685384,130885.58,694.6960407837098,0.0,Tractor,MN,1112,1.0,0.0,2.25,1,33.1513022059565,0.3940522740156016,65
264155.65,9.0,0.15699653360694305,1.065135082358154,76303.96,734.0037759120693,1.0,Tillage,IA,1121,3.0,1.0,12.666666666666666,0,64.54973252251924,0.24789706856190455,82
88591.74,8.333333333333334,0.28652800282391755,0.8752426081466744,157469.93,763.1430286630138,0.0,Harvester,IA,1151,0.0,0.0,17.555555555555554,1,22.21315915626545,0.49210168451138664,72
143057.03,12.0,0.22761678482645473,0.9836641002243718,184831.63,689.448578140727,0.0,Sprayer,IL,1121,2.0,0.0,0.0,1,50.2294079288578,0.37715796896873915,83
163828.32,8.0,0.19904133437496055,0.6522639936964948,97223.65,675.6543438267107,1.0,Combine,MN,1121,1.0,0.0,0.0,1,29.605109092251844,0.35983111619045693,65
175825.51,9.5,0.24409826536728643,0.9850815781527307,70998.28,675.6874253190283,0.0,Tractor,SD,3331,1.0,0.0,42.25,0,46.76471141701344,0.4005688425332596,82
186942.2,9.0,0.18855299489258368,0.7837719567519161,210456.84,758.5941804553079,0.0,Harvester,OH,1151,0.0,0.0,1.0,1,21.77925576942386,0.394994483353736,77
65235.06,16.5,0.18535889444714077,0.754320137248137,146426.69,720.5138086948922,0.0,Loader,SD,1151,1.0,0.0,0.25,1,26.71160657643695,0.38193568129426686,62
196854.88,12.666666666666666,0.12712202237142264,1.234688193787116,162917.5,663.6053675778771,0.0,Tillage,IA,1112,3.0,0.0,8.222222222222221,0,72.14550677257647,0.23283100882626973,85
150749.9,3.3333333333333335,0.18189350237722554,0.6547770185929015,129501.7,667.1153183303409,1.0,Harvester,NE,1113,1.0,0.0,6.222222222222222,1,32.225270694311334,0.3374429609886028,88
129721.45,11.5,0.3583812515902499,0.7778896360921127,102000.18,601.715201903502,0.0,Tractor,IL,1111,2.0,0.0,12.25,0,41.26352036613328,0.5,81
304207.58,9.0,0.2000579227697314,0.9894427784103141,112913.03,688.7515258534526,0.0,Harvester,MN,1112,1.0,0.0,0.0,0,43.45923119953929,0.3631394603706528,65
211477.29,11.0,0.1038551189275763,0.6732396941370972,73665.22,760.2985210049485,0.0,Combine,OK,1113,2.0,0.0,0.0,1,49.47067260773511,0.2549137737121061,71
186090.72,15.0,0.2429164851771799,0.816226822761279,77357.43,796.0068764696565,0.0,Sprayer,NE,1121,2.0,1.0,0.0,1,43.34309975146266,0.40623028567425457,79
178599.76,9.666666666666666,0.1504482837987799,1.0150762397926438,48117.26,713.1199169213443,0.0,Harvester,OH,1121,2.0,0.0,32.88888888888889,0,56.54164708310689,0.2873649896325661,59
64129.94,11.5,0.26374655087783155,0.581021459978736,93330.44,643.963149072686,0.0,Tillage,ND,1111,3.0,1.0,2.25,1,46.3488992937355,0.42104875229036054,78
183089.82,2.5,0.21111314214073984,1.2504044022253724,84801.68,677.8098054531981,0.0,Tractor,MN,1112,1.0,0.0,6.25,1,46.8783986343298,0.36735634487208024,76
123192.98,6.0,0.1761683406074184,0.9600508272751419,193610.61,664.8940870676403,0.0,Tractor,IN,1112,1.0,0.0,0.0,1,33.50465803619156,0.35915902453503534,85
73895.08,8.333333333333334,0.0,0.45,65057.88,719.217277572592,1.0,Harvester,KS,1119,3.0,1.0,38.888888888888886,0,55.16613074998814,0.10966773850002373,66
184193.94,11.0,0.25086029017623346,0.9402540832407027,107702.27,569.410308733757,0.0,Combine,NE,1121,3.0,0.0,0.0,0,64.64777553416053,0.3715647391079124,71
94609.87,5.0,0.12959660843823956,1.0361995936947126,93164.68,646.0364944621265,1.0,Combine,OH,1112,5.0,1.0,16.0,0,68.8508921289816,0.21189482418027636,93
211816.57,11.0,0.3045594491879197,0.7888115147251835,145887.44,668.7903510162262,0.0,Planter,MN,1119,1.0,0.0,9.0,0,34.755663035285984,0.4850481231173478,90
206985.55,5.0,0.12198596867367695,0.9197978284182786,162484.57,720.066482976745,0.0,Loader,WI,1113,2.0,0.0,0.0,1,47.36844755726684,0.27724907355914324,72
179149.8,5.0,0.31036089031085423,0.9266505771310147,56665.61,671.1816215474769,0.0,Tractor,KS,4238,3.0,1.0,0.0,0,70.83971379430065,0.41868146272225293,82
135596.21,8.0,0.14426783992905157,1.0315691204010724,140866.55,630.4495264886798,0.0,Sprayer,ND,1121,4.0,1.0,0.0,0,65.09722387423115,0.26407339218058923,64
182140.47,10.333333333333334,0.24034330605766224,1.092280805749457,41703.42,629.3824633905061,1.0,Harvester,SD,1121,6.0,1.0,6.888888888888888,0,98.75444397225422,0.2628344181131538,75
125802.85,2.0,0.10902880809121578,0.9237913837549709,140563.02,673.0914439995889,0.0,Tillage,MN,1119,2.0,0.0,0.0,1,41.47033427223499,0.2760881395467458,76
154733.88,13.5,0.2590096863036808,1.1288537156334806,206914.76,791.7969498860198,1.0,Tractor,NE,1112,3.0,0.0,6.25,1,56.79158806553,0.36542651017262084,73
161269.94,6.0,0.03258474190555688,0.6614028197952757,180752.83,679.439023236268,1.0,Combine,MO,1152,2.0,0.0,4.666666666666667,0,44.737297971636735,0.16311014596228343,72
86179.56,9.0,0.2169900176266538,1.055444044890152,151128.27,810.1764214518078,0.0,Sprayer,OH,1113,1.0,0.0,0.0,1,48.12918257143181,0.3707316524837902,67
194575.9,8.0,0.19280213676504798,0.9953413241654755,73876.7,632.3274595344824,0.0,Planter,WI,1111,2.0,0.0,0.0,0,54.03592888198112,0.33473027900108576,68
73012.57,5.0,0.1732950158673655,0.7474723197744049,162141.06,651.5680119651852,0.0,Sprayer,ND,1111,0.0,0.0,0.0,0,25.53835375922007,0.37221830834892533,69
78095.08,10.0,0.18044362624396815,0.8290967651534374,129602.34,723.9247809829379,1.0,Sprayer,WI,1121,1.0,0.0,4.0,1,28.86654821152308,0.342710529820922,79
198114.13,11.5,0.07134235513253755,0.8047508444697454,99918.46,781.5718568144973,0.0,Harvester,IN,3331,2.0,0.0,30.25,1,41.86779605634865,0.23760676301984024,70
152369.24,10.333333333333334,0.08049534234522338,0.8540288118663542,161790.6,639.5235554420367,0.0,Tractor,ND,1152,3.0,0.0,6.888888888888888,0,53.224043836063366,0.22404725467309664,86
144810.88,12.666666666666666,0.17015728756723134,1.1901561810590517,141690.18,770.1782682091272,0.0,Harvester,ND,1112,3.0,1.0,4.222222222222222,0,65.77855549767962,0.2886001765718721,87
226566.88,6.333333333333333,0.3458490934892855,1.0384552513766616,87642.22,589.0622357955232,0.0,Sprayer,IA,3331,2.0,0.0,22.88888888888889,0,52.94202050819047,0.48996505247290456,73
111138.34,7.333333333333333,0.16332075939267723,0.762517962414293,130905.7,690.5135194832058,1.0,Harvester,MO,1112,2.0,1.0,14.888888888888888,1,49.05637957468334,0.2852080002433106,78
266334.11,8.0,0.2889981685307875,1.1117196000889118,111124.11,621.5686766626521,0.0,Planter,IL,1152,2.0,0.0,64.0,0,52.197579117625715,0.43460301029553605,71
185451.62,8.0,0.19831186344290122,0.8062631928937597,40000.0,716.2369319974551,0.0,Tillage,MN,1113,1.0,0.0,0.0,1,30.875384216320786,0.3865610950102597,74
130526.61,9.0,0.0729024007954707,0.5262233647235766,118517.69,587.5117268339914,0.0,Tillage,NE,4238,2.0,0.0,9.0,0,56.2679516377691,0.2103664975199325,60
183874.01,7.666666666666667,0.1884309492745892,0.8103969443521091,115932.36,699.6150629861444,0.0,Sprayer,WI,3331,0.0,0.0,11.555555555555557,1,16.258311846716808,0.4059143255811556,66
141180.37,8.0,0.18470956135773095,0.7296315480073534,78215.0,699.3513372840014,0.0,Sprayer,IA,1111,0.0,0.0,25.0,1,26.981001670816152,0.38074755801609866,72
174708.03,10.333333333333334,0.08907120585844706,0.9179200379904316,194042.47,734.5057102519245,0.0,Loader,ND,1112,3.0,0.0,17.555555555555557,0,57.104054797448235,0.2248630962635506,60
75690.82,6.0,0.10181901952019173,0.5842627791664441,180329.88,678.5270551081649,0.0,Tractor,SD,1152,2.0,1.0,0.0,1,33.8482077742433,0.28412260397170513,72
269040.81,7.0,0.29788713425390206,0.8802333171755993,116679.34,646.4587161489882,1.0,Combine,NE,4238,3.0,1.0,4.0,0,45.91881023155313,0.4260495137907958,65
160005.5,9.0,0.2359124844052097,0.6536711545033534,197524.3,693.5524311318771,0.0,Combine,WI,4238,0.0,0.0,16.0,1,17.55558335096832,0.4508013177032731,71
61546.66,8.333333333333334,0.17724537140105512,0.9548198745879611,98980.65,736.4513972844063,1.0,Harvester,ND,3331,2.0,0.0,22.222222222222218,1,51.234502319225584,0.2947763667626039,87
289880.91,12.0,0.2344088789365326,1.1808018211413844,115902.2,569.2648939412785,0.0,Harvester,SD,3331,3.0,0.0,4.0,0,63.36152453177691,0.3576858298729788,76
200925.55,10.0,0.053098634855347215,0.9414743913089526,164199.38,710.1190403201533,1.0,Tractor,SD,1111,4.0,1.0,12.666666666666666,0,67.60682285862111,0.13788498913810499,71
207244.54,5.0,0.2582855218588901,0.8836915415229402,119240.95,673.615042714308,1.0,Tractor,MN,1151,1.0,0.0,4.0,1,34.644432454123645,0.4089966569506428,76
115530.39,14.333333333333334,0.3045014975594888,0.8495183487361542,79068.18,695.02115746965,1.0,Planter,KS,1121,2.0,0.0,5.5555555555555545,0,34.42155947213807,0.45565837861521263,82
244420.98,5.333333333333333,0.12576361787311574,0.7655354401495646,191669.8,795.2902002381398,1.0,Harvester,MO,3331,2.0,0.0,38.22222222222223,1,35.396511875102284,0.27497059412291114,78
127014.81,4.0,0.39426513123566775,0.9850242627937265,116959.11,751.3471464703321,0.0,Harvester,WI,1152,1.0,0.0,0.0,1,30.081271306902423,0.5,67
292792.03,7.0,0.14953221183950755,1.0786215768482519,129043.06,623.5338862252672,0.0,Sprayer,KS,4238,3.0,0.0,36.0,0,57.58503076662318,0.28436215030626116,78
88204.58,11.0,0.16656294577848302,0.996057694523138,142168.5,702.931253489254,1.0,Tillage,OH,1119,3.0,0.0,36.0,1,51.839406753988996,0.282884132270505,82
159418.47,4.666666666666667,0.14078994199621986,1.0297296613773483,135180.16,758.1838798888018,0.0,Sprayer,IA,1111,2.0,0.0,6.888888888888889,0,52.55642785887667,0.2856770862784665,78
222363.92,7.333333333333333,0.09419166777196018,0.7493444723512194,40000.0,615.9408932776222,1.0,Tractor,WI,1151,4.0,0.0,26.888888888888886,0,67.00039497946442,0.18019087781303136,74
94235.47,5.666666666666667,0.0,0.886379511347139,101594.6,685.0340513557513,0.0,Planter,KS,3331,1.0,0.0,29.555555555555554,1,36.760910157618596,0.17647817968476281,83
69438.19,10.5,0.260248699854685,0.7158964702609174,42685.39,758.2900494594307,0.0,Sprayer,IL,1121,2.0,0.0,42.25,1,46.11358742576157,0.41802152500316186,80
333341.48,7.0,0.23989522016562698,1.1078698451467477,40000.0,725.271704311653,0.0,Tractor,MN,1113,2.0,0.0,12.666666666666666,1,59.37047272033376,0.37115427472495943,85
291859.36,8.5,0.05779005571925991,0.9426958177373583,98056.55,739.2210230297087,1.0,Sprayer,KS,1119,3.0,0.0,6.25,0,47.05657897443009,0.18367689777039972,78
166900.62,6.0,0.2508509741770067,0.6910765312237079,141623.77,773.0437440017407,1.0,Sprayer,KS,1151,1.0,0.0,0.0,1,33.909680993637345,0.40303161218973194,73
110355.45,8.0,0.398820733762857,0.8562792718681135,211432.54,636.1972723332366,1.0,Harvester,IN,4238,2.0,0.0,34.666666666666664,1,42.17714899847832,0.5,78
115629.41,12.5,0.16910868785541786,0.9740248384902044,108714.26,722.8320243519886,0.0,Harvester,IA,1113,2.0,0.0,2.25,1,43.647212468799864,0.3318142629178181,67
110966.19,5.333333333333333,0.02517345242063887,1.048398482583727,100548.42,580.5053402681801,0.0,Tractor,WI,1121,3.0,0.0,11.555555555555557,0,59.834906013098696,0.15550364039444148,70
133786.8,0.0,0.2295672945415294,0.7370554677954237,145257.77,705.1950798630704,1.0,Planter,ND,3331,1.0,0.0,0.0,1,27.37700784862749,0.3948132788442744,80
246314.71,2.0,0.13091625038631485,1.1191261859425117,222688.82,722.5226400868867,0.0,Planter,ND,3331,3.0,1.0,0.0,1,63.32721467494818,0.2542618210364185,75
50928.83,15.0,0.2503552879455779,0.7025818895859975,90297.75,690.907784691017,1.0,Combine,KS,1121,2.0,0.0,0.0,1,46.9814954312055,0.3763922970831669,67
76887.78,12.666666666666666,0.20002153864583003,0.7324442928212481,97791.07,771.2566515736069,0.0,Tillage,IN,1121,1.0,0.0,2.8888888888888893,1,26.9035163288011,0.3962145059882278,67
180832.35,10.666666666666666,0.0,1.1409661294667721,95274.61,690.2287526329636,1.0,Sprayer,OK,4238,4.0,0.0,13.555555555555557,0,69.7908153458826,0.08041836930823479,70
214336.75,2.0,0.25722177559451287,0.9637725089160856,95966.38,622.3612571818487,0.0,Tractor,ND,1119,2.0,0.0,0.0,0,45.26066196687568,0.41670045166076153,69
171935.83,9.0,0.13010412634401752,0.9777677682949351,130072.39,696.41771950274,1.0,Combine,MO,1152,3.0,0.0,26.0,0,53.201540362538246,0.24370104561894104,82
119330.18,5.666666666666667,0.14773901401248613,0.7565510174547869,51595.79,728.7746582303375,0.0,Tillage,SD,1112,2.0,0.0,14.888888888888891,0,49.2282868332835,0.2992824403459191,68
268904.36,15.0,0.3240674281711562,0.8408483428065486,151750.4,630.3646219540553,0.0,Sprayer,OH,1119,2.0,0.0,0.6666666666666666,1,49.67421174516525,0.4747190046808257,81
58478.31,6.0,0.1912085573888846,0.7485700685441826,90504.58,752.9335441980091,0.0,Harvester,WI,1112,0.0,0.0,0.0,1,28.29782785886149,0.3846129016711616,62
197202.32,12.5,0.08568072159691585,0.8393698252564656,143142.61,668.7767037984615,1.0,Sprayer,SD,1112,4.0,1.0,20.25,0,55.689906207163766,0.19430090918258833,73
135974.84,11.666666666666666,0.17702792643103707,0.7798035014274927,230248.43,806.6238292231176,0.0,Harvester,OH,1152,1.0,0.0,16.88888888888889,1,27.706618151909375,0.37161469012721837,87
139441.54,8.0,0.28478602610993525,0.5861465724395633,40000.0,648.4748337515108,1.0,Loader,NE,4238,3.0,0.0,32.666666666666664,0,57.44289922245933,0.38990022766501653,74
127857.85,16.5,0.31414979556838296,0.8626430446157894,182961.64,756.1079826634632,0.0,Sprayer,IA,1113,1.0,0.0,0.25,1,33.08553524267802,0.4979787250830269,77
205515.22,12.666666666666666,0.22409892208181564,0.9103745671410741,130700.57,675.4610966503881,0.0,Loader,OK,4238,2.0,0.0,0.2222222222222222,0,42.270296238913296,0.38955832960398906,77
73561.27,14.0,0.2685858785214943,0.4848856398568088,89014.24,739.7952422905616,0.0,Tractor,IL,1112,2.0,1.0,0.0,0,34.638319706947584,0.4493092391075991,76
65839.63,11.0,0.20763388579995723,0.8576200922471978,162958.08,671.1019398079791,0.0,Sprayer,WI,1152,2.0,1.0,0.0,0,40.78226590805034,0.37606935398385655,68
192111.66,9.0,0.058669500528639174,0.6437983084733407,77062.88,665.250934360395,1.0,Harvester,IA,1112,2.0,0.0,64.0,0,47.859436852311376,0.18295062682401644,71
188714.81,7.0,0.13602254957930218,0.88420395690062,202243.66,710.003398268863,1.0,Loader,WI,1113,2.0,0.0,32.666666666666664,1,44.62102835346015,0.2667804928723819,78
96596.27,16.0,0.18474676792584643,0.619289192835729,182124.06,622.1235605153428,1.0,Tillage,OH,1111,3.0,0.0,0.0,1,50.28823988941496,0.3041702881470165,77
100620.58,5.666666666666667,0.21518382385172116,0.7894595477106242,251354.69,683.3120775309402,0.0,Tillage,IN,1119,0.0,0.0,10.888888888888888,1,23.74236963733232,0.4176990845770565,57
242616.77,15.5,0.20304390268690353,0.8330752254179594,112658.35,776.5004772386832,1.0,Harvester,NE,1119,2.0,0.0,2.25,1,47.27130912631614,0.3285012844342713,77
62476.46,10.0,0.22692113599794578,0.7525536490674712,113709.08,614.34721656225,0.0,Sprayer,IA,1112,1.0,0.0,0.0,1,28.3257120730688,0.42026971185180817,65
227960.24,13.666666666666666,0.16320848630138013,0.7684862841363224,71999.79,729.2853580731404,0.0,Sprayer,SD,1111,1.0,0.0,1.5555555555555556,1,25.06911858884879,0.3630702491236825,85
158970.14,8.333333333333334,0.2611009988750649,0.9980497770350737,139995.0,651.0799412895387,1.0,Combine,IN,1112,2.0,0.0,32.888888888888886,0,45.01437116582282,0.39107225654341926,66
150221.84,5.5,0.1607199458438311,0.765556981969403,136465.59,694.0271665756846,0.0,Combine,IL,1113,0.0,0.0,12.25,1,21.06009888467625,0.3685997480744786,76
148635.6,12.0,0.19370620183142598,0.8063981637624179,177414.64,691.1020509976471,0.0,Sprayer,OK,1113,1.0,0.0,0.0,1,38.79825769004532,0.36610968645133535,54
144013.44,17.0,0.2942121906356603,0.9970244252044511,40000.0,712.5622387984666,0.0,Combine,IN,1119,3.0,0.0,0.0,0,60.017045272229026,0.4241781000912022,71
215992.41,7.5,0.19860425271045554,0.8132652268108146,100921.03,682.6912257457681,0.0,Tillage,IA,1111,0.0,0.0,56.25,1,29.486440248565437,0.38963137221332467,78
70238.14,14.0,0.11069369114624944,0.9190471633750574,93894.85,664.9250918903938,1.0,Harvester,SD,1119,5.0,1.0,0.0,0,72.62625926010531,0.1854411726260388,72
149580.53,10.333333333333334,0.1907694994031923,0.7565115657113038,169271.45,696.4476132417798,0.0,Combine,OH,1152,1.0,0.0,53.55555555555555,1,30.432835300759745,0.37990382880167284,76
191238.56,4.333333333333333,0.18160312153118574,1.1956643848061945,124815.01,710.1010959953559,0.0,Sprayer,MN,1119,1.0,0.0,9.555555555555555,1,44.48965774498063,0.34262380604122444,83
145119.7,1.0,0.22029248139448912,0.8825173399357527,140098.23,583.4668187012021,0.0,Loader,IN,3331,1.0,0.0,0.0,0,39.69486855786541,0.3909027442787583,67
236370.05,2.0,0.2179092599645218,1.348606199825375,154279.78,705.9733140212818,0.0,Loader,SD,1112,1.0,0.0,8.0,1,57.73620594106567,0.35243684808239045,73
189347.83,4.5,0.11242158802179626,0.950781359857269,162574.94,628.8375660102439,1.0,Sprayer,KS,4238,4.0,0.0,12.25,0,65.75678057199953,0.2009080268777972,79
278693.82,14.0,0.1450633961314763,1.0568931119841505,56382.92,636.9185780772195,0.0,Sprayer,KS,1151,5.0,0.0,0.0,0,84.9763888284449,0.22511061847458655,82
317009.34,12.5,0.2999324980186814,0.9820031032547956,122067.9,720.2644689017073,1.0,Tractor,WI,1152,4.0,1.0,0.25,0,57.24843001485486,0.40543563798897164,85
97514.38,9.0,0.13488430711748373,0.9396503203332546,94168.16,705.6571835914119,0.0,Tillage,NE,1111,3.0,1.0,0.0,0,49.997412815135654,0.2848894814872124,82
225553.99,11.5,0.31879892490303674,0.7405410407958952,132654.04,721.7985204275487,1.0,Sprayer,IA,1113,2.0,0.0,6.25,1,36.604326657610464,0.46559027158781574,90
207588.54,15.0,0.3183694279210031,0.8625293573426547,206895.8,771.3081005242126,1.0,Sprayer,IL,1112,2.0,0.0,1.0,1,34.039922307153006,0.470289583306697,78
99919.42,13.5,0.2388198104073932,0.8741570075643434,131585.75,709.5775074138495,0.0,Harvester,KS,1112,1.0,0.0,6.25,1,25.040441916935425,0.4387389265735223,62
253786.93,5.0,0.32483625671588434,0.8317668746041014,158505.1,719.8389624783163,0.0,Combine,OH,4238,0.0,0.0,0.0,1,22.826734492413962,0.5,73
83261.56,12.5,0.24517861216975745,0.9816804532392356,164489.27,707.1636533243394,0.0,Tractor,WI,1152,2.0,0.0,2.25,1,42.458260536592846,0.41026209109657175,68
102280.5,8.0,0.16952579382218444,0.8652009770584078,40000.0,707.9459953504603,0.0,Tillage,IN,4238,1.0,0.0,0.0,1,50.22809030652974,0.31906961320912497,90
69416.96,10.666666666666666,0.07577158857736398,0.8490203023392932,47801.98,719.0101520030843,1.0,Loader,NE,1152,4.0,0.0,0.2222222222222222,0,60.5702717304723,0.1746310451164194,76
61570.29,8.0,0.07034359031636635,0.9340918858285221,142678.38,621.3149700875001,0.0,Harvester,KS,1112,3.0,0.0,28.666666666666668,0,58.02009820512172,0.2043033939061229,77
91012.31,13.5,0.2340019010582024,0.8684825819868582,94399.29,623.4983282425475,1.0,Tractor,SD,4238,3.0,0.0,12.25,0,50.32934893890615,0.35334320318039003,87
224963.18,13.0,0.21308933996687485,0.9705971255297537,77054.97,703.5769661022169,1.0,Sprayer,MN,1112,4.0,1.0,0.0,0,66.0763092852889,0.300936721396297,72
200041.52,15.0,0.29038289517032057,0.9318077814973998,128388.01,770.2031449987711,0.0,Tillage,WI,1121,2.0,0.0,0.0,1,44.37382441096437,0.4516352463483918,85
320471.79,8.0,0.2918221437027986,1.0929589735386525,96146.59,720.528834603924,0.0,Loader,KS,1119,1.0,0.0,4.0,1,44.57605160578974,0.45267004049121906,78
290205.01,7.333333333333333,0.172946788211252,1.013486199971658,104456.79,699.9478624528609,0.0,Sprayer,OK,1119,2.0,1.0,40.22222222222222,0,54.88523419788664,0.3131763198154788,64
259514.52,8.0,0.16808247624476247,0.9870442380466331,186751.07,724.9713836046262,0.0,Tractor,KS,1113,1.0,0.0,0.0,1,36.54031834249843,0.3450018395597656,78
116310.76,6.5,0.2543165100630599,0.5491645649423335,77864.66,674.946926702355,1.0,Harvester,WI,1151,1.0,0.0,42.25,1,32.31206472815884,0.4096923806067422,83
225928.12,7.333333333333333,0.0793443342376362,0.9829346528746078,136570.69,750.0370990657609,0.0,Sprayer,IL,1112,2.0,0.0,11.555555555555557,1,46.90286572219957,0.23553860279323707,72
151958.01,0.0,0.19991625200032223,0.8797170391955447,63669.94,695.8567407031475,1.0,Harvester,SD,4238,1.0,0.0,0.0,1,45.09285800759673,0.3297305359851288,77
68334.93,8.0,0.22877389027070943,0.9542918700872779,229365.68,667.6471740988461,0.0,Harvester,IN,1151,1.0,0.0,0.0,1,43.001803414978916,0.3927702834407516,66
161357.02,9.0,0.13042666530400138,0.9622195427603341,99121.2,669.004415830092,0.0,Combine,MN,1113,2.0,0.0,32.666666666666664,0,48.54095586026105,0.28334475358347927,78
121599.58,9.0,0.22959315700188979,0.6776850827627019,180224.65,640.0565662218968,0.0,Loader,IL,1152,1.0,0.0,0.0,1,29.9901229203862,0.41961291116111743,65
133990.09,5.5,0.23599230223670797,1.0247373505897808,212929.96,727.0885940615559,1.0,Harvester,OH,3331,2.0,0.0,6.25,1,43.87444823643164,0.36824340576384473,57
82253.54,11.0,0.20050840790853097,0.9371338807838958,126872.61,762.0736225457334,0.0,Harvester,OK,1113,2.0,0.0,24.666666666666668,1,40.42952298078276,0.36964936194696546,87
207638.16,17.0,0.10673553497975018,1.001199249890347,52438.44,686.5195489095767,1.0,Planter,OH,3331,6.0,1.0,0.0,0,88.05473041399138,0.15062607415176743,89
201258.39,4.0,0.22523464336132965,0.6906398705164873,97530.85,600.9510498935009,1.0,Loader,ND,1111,2.0,0.0,0.0,0,45.817354223931844,0.353599934913466,80
86744.68,0.0,0.3022967684675249,1.1158664019231503,155630.54,596.7242621215837,0.0,Planter,OH,1151,2.0,0.0,0.0,0,54.221573929734866,0.44385362060805517,86
96851.18,12.0,0.13680069173280052,0.5086171101751463,148727.13,603.0123080300332,1.0,Tillage,OK,1152,4.0,0.0,14.0,0,61.956373220665135,0.23288794529147025,74
113498.87,5.0,0.13447800116935138,0.772660986458316,90350.0,689.3825235752355,0.0,Sprayer,WI,1152,2.0,1.0,9.0,0,33.75177130317608,0.3169744585629992,82
254160.25,10.0,0.09046135455947021,0.9863587732284946,115820.26,693.7100011337324,1.0,Harvester,NE,1151,4.0,1.0,16.0,0,65.88973963287383,0.17868187529372256,69
98394.92,14.0,0.07341205591008067,0.9240320754005706,112229.62,718.3796830726516,1.0,Combine,IA,1111,4.0,0.0,0.0,0,63.25266948133689,0.1669067169474069,66
72997.19,11.0,0.03789984088484802,0.5963337955263548,158023.7,737.6193968213026,0.0,Planter,SD,1113,3.0,1.0,0.0,0,44.87322130181261,0.1981533982812228,71
324057.13,12.333333333333334,0.3141921520627366,1.1538806937103963,96778.34,637.5424278349202,0.0,Planter,IN,1151,4.0,1.0,14.888888888888888,0,72.52593062260688,0.4191402908175228,80
147033.61,3.5,0.25309324241848963,0.6290591481243855,176127.39,672.9001330360085,0.0,Tractor,SD,1119,1.0,1.0,0.25,1,26.576344927674842,0.4499405525631399,74
52246.8,5.666666666666667,0.20518008995842302,0.6931072689376265,176979.29,653.0390689288624,1.0,Tractor,KS,1112,2.0,1.0,13.555555555555557,1,43.31835510276524,0.3385433797528925,70
42100.88,10.333333333333334,0.338371725067648,0.6987331196286803,234454.15,716.3054385401598,0.0,Planter,MN,1111,2.0,1.0,20.222222222222225,1,35.69876020715225,0.5,66
286197.19,10.0,0.2289277494792027,0.9171171028254562,131314.28,691.018512840033,0.0,Combine,NE,1152,1.0,0.0,25.0,1,28.29592128264292,0.42233590691391687,68
61819.91,0.0,0.0980121478620973,0.7095286911230887,72356.68,778.340953800907,0.0,Tractor,IA,3331,1.0,0.0,0.0,1,31.772913132426734,0.28446632159724383,68
73615.78,15.0,0.12103161853458651,0.5002088835616051,97214.56,785.8992027010361,0.0,Harvester,IL,1113,2.0,0.0,0.0,1,34.71054054049985,0.3016105374535868,58
134991.41,11.0,0.4460764955416875,1.0062431509020686,98510.66,693.9047093483722,0.0,Tillage,WI,1151,3.0,1.0,4.0,0,50.49956019721096,0.5,61
206449.36,13.0,0.29541223841205877,0.8456828096490713,157045.19,790.1355386705741,1.0,Tractor,MO,4238,2.0,0.0,0.0,1,33.64464563858432,0.4481229471348901,88
138077.55,6.0,0.1364745390603403,0.7499751354038706,118532.83,690.0148557248499,1.0,Tillage,WI,1111,2.0,0.0,36.0,1,39.554370495778784,0.2773657980687827,75
265914.95,14.0,0.07645824438419813,0.8431861229488243,40000.0,630.3151346439182,0.0,Tractor,ND,1119,4.0,0.0,0.0,0,68.23167915699314,0.18999488607021184,79
296598.38,9.0,0.03025341463220846,0.9234987495677509,144801.34,658.2353611954392,1.0,Planter,WI,1111,3.0,0.0,25.0,1,59.936872053875895,0.13037967052445668,63
230395.48,16.5,0.0,0.7315679371831697,92992.33,668.2396045230699,0.0,Sprayer,SD,1152,2.0,0.0,0.25,0,42.99924498307638,0.16400151003384725,71
265994.33,9.666666666666666,0.36216593269585773,0.943472896705091,142241.24,669.3083342919094,0.0,Tillage,IN,1121,1.0,0.0,9.555555555555555,0,41.49076308893481,0.5,80
169747.54,3.6666666666666665,0.281152823878324,1.0263935237056372,131873.18,645.2029681676225,0.0,Tillage,IL,1112,2.0,0.0,8.222222222222221,0,47.7148918179662,0.4357230402423916,73
77906.91,4.0,0.2844256259297214,0.8697481825815648,67250.14,639.9183813843204,1.0,Harvester,IL,1111,2.0,0.0,0.0,1,48.46788474112317,0.40748985644747504,68
141279.27,5.0,0.16765718206310404,1.2077138674970298,140826.58,622.2429027853689,0.0,Harvester,OH,1151,2.0,0.0,0.0,1,57.48740082061468,0.3026823804218747,73
188506.32,8.5,0.15663606539742056,0.7746318696448522,70950.01,680.6747106364755,0.0,Planter,SD,1119,1.0,1.0,20.25,0,42.76189788172492,0.32111226963397077,71
62804.36,5.0,0.2574300634480769,0.7073030044344637,40000.0,638.8354422001472,0.0,Sprayer,WI,1119,2.0,0.0,0.0,0,51.63617271722777,0.4041577180136213,81
52033.86,8.333333333333334,0.13092283735652066,0.7020363885885126,45248.49,682.400327017534,0.0,Tractor,OK,1151,2.0,0.0,2.8888888888888893,0,52.44606470731832,0.276030707941884,66
282274.33,11.0,0.17510376439271472,0.898037446716893,180386.34,730.6774025031992,0.0,Harvester,OK,1152,1.0,0.0,14.0,1,34.73781632628247,0.3556281317401498,80
174788.75,9.0,0.17234486497746815,0.9429431064850232,105797.05,778.9927962579061,1.0,Harvester,NE,1113,2.0,0.0,49.0,1,55.10011552025412,0.2821446339369599,83
225843.49,7.0,0.020728141482334816,1.1254171681754257,101468.86,642.3147109022116,0.0,Tillage,MO,1119,3.0,0.0,4.0,0,74.75221227678936,0.12122371692875608,78
52303.86,2.0,0.13988356373591773,0.8068853737436316,79638.26,683.003131502707,0.0,Loader,NE,4238,1.0,0.0,0.0,0,32.838693187979146,0.3242061773599595,63
84346.94,2.0,0.15687216016420905,1.1574538068551383,187424.2,632.5686617016145,0.0,Loader,MN,1152,2.0,0.0,1.0,0,58.63638551370425,0.28959938913680056,84
248218.34,9.666666666666666,0.15713078186450485,1.094353187966456,170386.24,598.2747182429358,0.0,Loader,NE,1151,2.0,0.0,46.888888888888886,0,51.46215343703109,0.3042064749904427,69
358514.16,6.5,0.24097612173933203,1.169649694388965,168595.45,713.9205823735971,1.0,Loader,MN,3331,2.0,0.0,12.25,1,53.131608360165515,0.354712905019001,86
72677.55,3.6666666666666665,0.22352661971832097,0.9623804160310635,103721.34,711.8722880775143,0.0,Planter,WI,4238,1.0,0.0,1.5555555555555554,1,40.939683456064884,0.3916472528061912,78
87365.19,15.0,0.0,0.6881562548732699,130435.01,580.6105027887647,0.0,Tillage,IA,1111,3.0,0.0,0.0,0,49.09124921740554,0.15181750156518892,74
168175.58,0.0,0.30047061671277897,0.9405779603696764,172035.48,682.5687833001355,0.0,Harvester,ND,1119,1.0,0.0,0.0,1,33.33128485357135,0.4838080470056363,80
83417.41,1.0,0.2662062619771959,1.0299312173720832,156425.19,719.5641405506669,0.0,Tillage,IL,1121,1.0,0.0,0.0,1,44.96168600005501,0.42628288997708585,68
213360.25,8.666666666666666,0.28057514298577746,0.8978047861773599,236947.4,607.0885340121674,1.0,Tractor,IL,4238,2.0,0.0,10.888888888888888,1,43.64657199689861,0.41328199899198026,76
142855.83,16.0,0.20592922645611875,0.8150741394681149,98615.14,663.2904306534173,0.0,Planter,IN,1151,1.0,0.0,0.0,1,37.4845262940849,0.380960173867949,80
263722.21,11.5,0.21737354015675592,0.8393979362076512,58845.11,633.6655716102625,0.0,Tillage,IL,4238,3.0,0.0,6.25,0,56.97411349816524,0.3534253131604254,65
255493.74,9.0,0.28666333791888526,1.0233111146179026,75380.12,769.8373054515293,1.0,Tractor,OK,1112,2.0,0.0,34.666666666666664,1,51.13353832213796,0.40439626127460937,87
121483.5,6.0,0.1412559728709471,0.9518385769536856,147748.98,710.6651663686796,1.0,Harvester,SD,1111,3.0,0.0,1.0,0,54.402577289700886,0.25245081829154536,76
206235.5,7.0,0.1174356039968089,0.675710793915502,105466.16,726.4213926571166,0.0,Combine,IN,1112,1.0,0.0,0.0,1,29.061937019330248,0.30931172995814843,66
103676.03,3.5,0.10549821336550332,0.9225325957474013,137299.0,830.0,1.0,Harvester,WI,1113,4.0,1.0,12.25,1,65.2687681279728,0.1949606771095577,68
67953.11,13.0,0.3491582795662461,0.871418017309503,45283.62,718.5001685531475,0.0,Tillage,SD,3331,2.0,0.0,0.0,0,43.69362138186466,0.5,66
209449.42,4.0,0.26123573547518675,0.9471513571675231,178067.36,712.8858931556042,0.0,Harvester,IL,1119,1.0,0.0,2.6666666666666665,1,35.130294545151806,0.4409751463848831,64
143625.08,13.0,0.11104548029734893,0.9644264596142961,98543.86,752.3019268358659,0.0,Loader,WI,1111,3.0,0.0,0.0,0,53.72412743559017,0.2535972254261686,92
343409.48,7.666666666666667,0.29949539129187497,1.1174755567456844,146959.64,708.0972983296009,1.0,Tractor,OH,1152,3.0,1.0,28.222222222222225,0,64.39774919615532,0.3906998928995643,76
135883.94,2.0,0.13994272370357874,0.8950517939339003,51448.27,782.4999140615453,0.0,Planter,OH,1152,2.0,0.0,0.0,1,55.27136169969253,0.27940000030419365,74
79686.8,10.666666666666666,0.18469784984524237,0.5147505306109131,59008.14,687.8684384775316,0.0,Planter,MO,1151,2.0,0.0,40.22222222222222,0,42.77841224327848,0.3491410253586854,67
90314.11,9.0,0.18236345215041913,0.7003866430160754,40000.0,648.0914047929358,0.0,Tillage,IA,1119,2.0,0.0,0.0,0,44.07231528371718,0.3442188215829848,64
319329.71,4.0,0.0523692298049776,1.1967368508905558,142121.93,719.6462233454772,1.0,Loader,NE,1111,4.0,1.0,16.0,0,71.12697891399716,0.13011527197698328,80
87546.04,14.333333333333334,0.042614262735022196,0.7832388916410316,164704.93,649.9262100603394,0.0,Tractor,MO,1113,3.0,0.0,5.5555555555555545,0,54.03980115108733,0.18453466043284755,71
296783.67,6.666666666666667,0.14498066271193638,0.9232758437430563,40621.05,749.7085171635732,1.0,Planter,OK,1113,5.0,1.0,53.55555555555554,0,78.01947012794845,0.20894172245603945,69
288247.22,6.0,0.14835111537999413,0.9093331818384974,266837.71,698.5703788302114,0.0,Loader,ND,1119,2.0,0.0,0.0,1,40.16198351586741,0.3180271483482593,75
118520.72,13.0,0.18553687229062546,0.7815391502479009,188060.81,789.0544830378806,1.0,Tractor,IN,1152,3.0,1.0,0.0,1,42.57600483401716,0.32038486262259114,61
185919.91,8.0,0.16742957192400043,0.8230078950888656,169608.78,757.383880030492,1.0,Sprayer,IN,1121,1.0,0.0,0.0,1,37.34022588514,0.31274912015372036,66
184306.09,7.666666666666667,0.06123364681595117,0.8306719505831338,40000.0,830.0,1.0,Tillage,SD,1152,3.0,0.0,17.555555555555557,1,55.306886679783666,0.17061987345638382,81
274698.91,8.5,0.2681832407708515,1.0162813063614,99297.59,708.1669021697651,1.0,Combine,NE,1152,3.0,1.0,2.25,0,53.78243990217397,0.3806183609665035,82
97480.11,17.0,0.19044610273081633,0.6417834231826232,130286.08,753.566307062413,0.0,Tractor,NE,1151,2.0,1.0,0.0,1,39.27473219893724,0.3618966383329419,80
80821.15,9.333333333333334,0.19082905233688804,0.6615156965035816,180523.66,656.8821855648204,0.0,Sprayer,OH,1113,0.0,0.0,28.222222222222225,1,22.18669255548652,0.396455667225915,66
295432.7,11.0,0.11996431441499207,1.1451803822151048,194971.95,718.8789622474137,0.0,Loader,NE,1121,3.0,0.0,1.0,0,60.009242301329074,0.24994582981233393,81
87613.97,1.5,0.1268896606631708,0.9062569560908679,140818.46,769.8648472621624,1.0,Tractor,OK,1111,3.0,0.0,2.25,1,58.78786080829899,0.22931393904657285,84
65913.51,7.333333333333333,0.2216444000880664,0.7053898050746125,130323.61,742.8229980360844,0.0,Planter,SD,1151,0.0,0.0,29.555555555555554,1,23.634889958508953,0.4243746201710485,73
175007.94,3.0,0.05027432740299512,0.7176199951274108,131559.23,688.1518108024122,1.0,Planter,SD,1151,2.0,0.0,0.0,0,45.0563805285082,0.1801615663459787,81
162784.29,3.5,0.22586318399260188,0.8122257060378827,40000.0,705.5153744054334,0.0,Loader,IN,1111,1.0,0.0,2.25,0,38.050747247095934,0.39976168949841007,74
70900.06,14.0,0.24491174534173984,0.7505646138000769,115740.57,699.1546864171526,0.0,Combine,NE,1151,1.0,0.0,9.0,1,19.605968746697904,0.4556998078483441,61
112271.01,12.333333333333334,0.21303161650938007,1.0050407100931136,151890.9,689.5162920782935,1.0,Loader,IN,1119,3.0,0.0,3.555555555555556,0,59.41495025524659,0.3142017159988869,71
54077.3,7.333333333333333,0.15504994871806185,0.4766732330203699,117808.17,647.0371629244472,0.0,Combine,KS,3331,1.0,0.0,26.888888888888886,1,32.17396447049075,0.34070201977708037,68
137543.79,4.0,0.12953370342149148,0.7945876719485729,101578.95,754.8147967675083,0.0,Tillage,MO,3331,1.0,0.0,18.0,1,30.2553846487732,0.3190229341239451,75
65878.31,12.0,0.03660665160406398,0.7738727603485377,40000.0,623.615094619085,1.0,Tillage,IN,1152,5.0,0.0,9.0,0,75.59440925903893,0.10541783308598615,73
96305.03,12.333333333333334,0.20775971178514194,0.6312361210681982,229263.45,642.2263625256744,1.0,Tillage,IA,1151,3.0,0.0,14.222222222222221,1,44.66850602393089,0.3384226997372801,84
109131.82,7.0,0.18267533159660046,0.8768882602796222,96934.53,754.8981156701674,0.0,Combine,KS,3331,0.0,0.0,20.666666666666668,1,28.97390165830116,0.37472752827999817,83
211110.34,8.5,0.1337045813293816,0.8580165880538037,181082.41,744.6636531912858,1.0,Planter,IL,4238,3.0,1.0,12.25,1,44.54602200431482,0.26461253732075196,71
173338.61,9.0,0.22299029231947204,0.9172848249982746,184755.62,653.9622884583912,0.0,Planter,OK,4238,1.0,0.0,0.0,1,40.50341529243394,0.39198346173460413,69
89001.3,10.5,0.2603915415185266,1.183759547107595,41650.28,677.2198018342776,0.0,Tractor,OH,1151,3.0,0.0,2.25,0,71.87990555481308,0.36663173040890046,82
337678.6,9.5,0.34072162000672557,1.1405883369893326,136479.56,797.9103115113236,1.0,Tillage,IN,3331,2.0,0.0,20.25,1,48.989015376773295,0.46274358925317893,62
204526.18,3.0,0.39210124828052706,0.6660917728976191,234373.33,779.7984772006581,1.0,Tillage,MN,1121,2.0,1.0,0.0,1,36.56720575775743,0.5,86
154775.28,15.0,0.29096057358861294,0.5130501088169666,113782.43,663.335978027377,0.0,Harvester,NE,1113,2.0,1.0,0.0,0,29.051551305224184,0.48285747097816456,73
66936.69,11.0,0.22771185434721825,0.5446705213901822,40000.0,691.7451059194547,0.0,Tillage,SD,1113,2.0,0.0,0.0,1,48.73813685217202,0.3802355806428742,59
290758.56,9.0,0.0,1.048469675434282,113550.22,712.5803399282063,0.0,Loader,ND,1111,2.0,0.0,0.0,0,58.1512468081073,0.1336975063837854,79
261353.27,7.0,0.23146678091066172,1.1184526538129052,222926.09,699.7476579897461,0.0,Loader,OK,1121,2.0,1.0,16.0,1,44.632896585110515,0.3922009877404407,71
132820.8,4.5,0.17302724802945912,0.5101429646184472,160210.26,636.660978268671,1.0,Loader,MO,3331,3.0,1.0,6.25,0,51.23227409677756,0.290562699835904,72
229391.04,9.666666666666666,0.1390925126480465,0.7618532391613404,175157.96,724.5837961485666,0.0,Tractor,ND,1111,1.0,0.0,33.55555555555556,1,24.59976811977488,0.33989297640849675,66
112157.66,5.0,0.1397042510309776,0.8698550017805944,157774.83,735.5441795901494,0.0,Harvester,WI,1121,1.0,0.0,0.0,1,24.213439114397694,0.34127737280218223,61
316546.36,14.333333333333334,0.30498188693888795,1.040569880878569,140281.82,747.8001985433398,1.0,Planter,IN,1121,4.0,1.0,9.555555555555555,0,54.59597303187145,0.415789940875145,84
130429.53,4.5,0.2204632552320129,0.821195334054349,194417.68,658.3739166950072,0.0,Sprayer,OK,4238,0.0,0.0,12.25,1,24.693658305299795,0.42107593862141335,65
95925.61,12.333333333333334,0.22058878250734335,0.9915463537868462,134434.49,712.5405651530781,0.0,Tillage,WI,1121,2.0,0.0,10.888888888888888,0,45.20721652963762,0.3801743494480681,82
228792.07,15.0,0.04113404512653793,0.8176678647411116,141731.67,647.7970043607243,1.0,Planter,IL,1119,4.0,0.0,0.0,0,60.158272012779946,0.14081750110097804,81
126634.44,7.0,0.06590721404977953,0.7436301490801092,123360.99,612.6871946600148,1.0,Sprayer,NE,1152,4.0,1.0,49.0,0,57.97832487145642,0.1699505643068667,62
46717.63,12.0,0.2271693556155478,0.45,40000.0,752.1762813533164,1.0,Harvester,KS,1112,4.0,1.0,0.0,0,60.92305574172771,0.32532324413209235,63
332458.57,9.0,0.2657638060201056,1.0342229168619748,146814.06,818.0209205190347,0.0,Tillage,OK,1119,1.0,0.0,1.0,1,37.27771506889722,0.4412083758823111,84
172148.35,8.0,0.12467649747400984,0.8011968102930641,89516.29,679.4110386762209,0.0,Sprayer,NE,4238,1.0,0.0,24.666666666666668,1,34.303532862288826,0.30606943174943224,81
78896.33,7.333333333333333,0.2251409438848494,0.9180495655086882,143809.84,740.1180924512921,1.0,Tillage,KS,1152,2.0,0.0,37.55555555555556,0,42.44198556160626,0.3602569727616368,83
160024.72,6.666666666666667,0.19353817594218667,1.0557997665960634,158394.0,593.1290827446601,0.0,Combine,NE,1112,2.0,0.0,24.88888888888889,0,49.714097036939066,0.34410998186830855,68
180571.86,4.0,0.1961290867093947,0.9645509211523087,194983.56,696.3349485734035,0.0,Tractor,OK,3331,1.0,0.0,9.0,1,39.7946563396971,0.3665397740300005,73
199079.99,7.0,0.2075753888640734,0.9072424480582134,40000.0,660.1102319983117,0.0,Tractor,NE,1112,2.0,0.0,25.0,0,59.965919182183654,0.33764355049970607,70
224254.95,2.0,0.3617153644012193,0.9480332726861332,162089.41,666.7397159297624,0.0,Harvester,IL,1152,1.0,0.0,0.0,0,39.21215589136985,0.5,73
302844.98,12.5,0.16844512279719284,1.017913114033051,98329.17,637.2847491867605,0.0,Harvester,NE,1112,3.0,0.0,12.25,0,55.56873254665026,0.30730765770389235,68
178591.68,4.0,0.24609619596267737,1.0094367482959006,136092.59,677.1932106136428,1.0,Planter,IL,1152,2.0,0.0,0.0,1,47.23173723004343,0.3716327215025905,74
66107.1,8.0,0.09525842450951218,0.7088588898276088,131572.6,660.0111692232842,1.0,Tillage,IA,1151,3.0,1.0,25.0,0,40.17464976064424,0.23490912498822372,79
190192.99,8.0,0.2413483332524637,0.8847853614386978,150145.92,775.3534066067368,0.0,Harvester,WI,4238,0.0,0.0,4.0,1,23.17159090992459,0.4450051514326145,73
121556.78,5.0,0.2533970501700489,0.8428121330978506,40000.0,721.2571219931234,0.0,Combine,ND,1112,1.0,0.0,0.0,1,38.9668959479556,0.42546325827413767,79
228577.9,13.333333333333334,0.14105548276511568,1.0215889636794664,43551.2,626.4602906245651,0.0,Combine,ND,1113,6.0,1.0,20.222222222222225,0,94.6523203137736,0.2017508421375685,80
161987.9,6.0,0.20983184495262647,0.8793378782687957,105069.32,657.2057705636405,0.0,Harvester,SD,1152,0.0,0.0,9.0,1,20.79428481440489,0.41824327532381667,67
323925.67,7.666666666666667,0.24211845131578644,1.0936373721745873,172202.52,724.1193250861556,1.0,Tillage,OH,1119,2.0,0.0,29.555555555555557,1,53.638375345949584,0.3548417006238873,92
149495.88,14.666666666666666,0.30521163420744485,1.2539499697442116,56792.28,714.8078975123994,0.0,Sprayer,ND,4238,3.0,0.0,1.5555555555555556,0,68.8929604479939,0.41742571331145706,78
216116.45,1.0,0.17510588248322198,0.8712571320161313,77101.21,738.0571439730908,0.0,Tractor,IA,1119,0.0,0.0,1.0,1,25.682060190641202,0.37374176210193955,78
238064.64,12.0,0.29178769850256436,0.7841911468081519,103410.24,765.4843749310338,0.0,Harvester,MO,1152,1.0,0.0,1.0,1,28.427071624122405,0.4849335552543196,69
155287.68,14.0,0.18173367322974301,0.5605626513692971,141906.72,692.860886009428,0.0,Loader,IN,1112,1.0,0.0,0.0,1,33.574813914892665,0.3645840453999577,55
41529.82,6.0,0.17941649645336208,0.5786687566129181,57503.66,768.7185618609508,1.0,Loader,IL,1119,3.0,1.0,4.0,0,49.387677324237615,0.3006411418048869,77
216426.34,14.666666666666666,0.0,1.0985541692071303,138588.56,775.8791010991965,1.0,Loader,IA,1112,4.0,0.0,0.2222222222222222,0,68.47109608409579,0.08305780783180843,93
57378.17,8.5,0.18463351308486273,0.8678732114985372,94754.39,647.474304829868,0.0,Tractor,MO,1151,2.0,1.0,72.25,0,40.93637873305742,0.3527607556187479,61
107230.21,10.666666666666666,0.24792268414898144,0.8589262010053417,240320.32,712.2230716466053,0.0,Loader,OH,1111,1.0,0.0,28.222222222222225,1,29.463508943063907,0.4389956662628536,80
135648.11,5.5,0.23142022058856598,0.6170242106760747,65128.5,657.556218261621,1.0,Sprayer,MN,1111,1.0,0.0,6.25,0,33.158950012000666,0.3851023205645646,84
224963.51,4.0,0.3104361613041687,0.7688870887458044,128648.7,724.6940513383464,1.0,Planter,OH,1113,1.0,0.0,0.0,0,28.13803809545588,0.4741600851132569,77
175803.6,10.666666666666666,0.19209786832494627,0.7183495819347065,179864.92,706.994480699619,1.0,Tillage,NE,1152,2.0,0.0,22.888888888888886,1,38.38830319562865,0.33532126193368894,77
193289.37,13.5,0.0809281252016851,0.7917750973169118,51507.08,712.096190562586,0.0,Combine,ND,1112,3.0,0.0,12.25,0,52.61624123079753,0.22569564274009007,74
248439.46,7.0,0.06353520753907357,0.8719480718461837,168238.74,669.6296164686391,1.0,Tillage,KS,3331,3.0,1.0,1.0,0,48.512232849190326,0.1865107418406929,77
162284.69,5.0,0.13095557286396398,1.2126487823638996,159119.81,755.9269708384852,0.0,Tillage,OK,1111,2.0,0.0,0.0,1,51.794110851904165,0.27736735116015565,76
195237.38,7.333333333333333,0.28171353927522536,1.112672033861082,40000.0,643.0491375363463,0.0,Tractor,IA,4238,3.0,0.0,10.888888888888891,0,69.59553487400939,0.3925224695272066,76
184227.51,10.666666666666666,0.2127884059265815,0.6544050527778706,164551.36,705.0326691095281,0.0,Harvester,KS,3331,1.0,0.0,14.888888888888888,1,31.61363523768409,0.3995611354512133,79
344068.1,4.0,0.18715737257081821,1.0878793559306228,57984.26,774.4748877083448,1.0,Tillage,NE,1119,3.0,0.0,4.0,0,60.34692389265781,0.2864635247855025,73
80424.23,12.0,0.35579355927114376,0.8590720038441342,218073.79,598.460398366839,0.0,Combine,MO,3331,3.0,1.0,25.0,0,48.592794238655166,0.5,71
115877.14,17.0,0.1600693136669476,0.6803373159514587,135658.82,680.2043093249201,0.0,Sprayer,OK,3331,1.0,0.0,0.0,1,28.679098242876833,0.3527111171811939,71
239265.99,6.666666666666667,0.012368559123225875,0.7967461508902914,173137.01,675.1281894308153,1.0,Tillage,MO,1121,3.0,1.0,9.555555555555555,0,51.481029269472934,0.12940650058428002,71
242042.47,9.0,0.38682782550503414,0.7701349063292384,150917.09,705.0994160411077,0.0,Combine,ND,1112,0.0,0.0,18.0,1,19.485007947032592,0.5,86
123737.59,7.0,0.19307421491867102,0.7417967992483415,40000.0,630.3271283098883,0.0,Combine,IL,4238,2.0,0.0,1.0,0,55.62395812474141,0.3318262986691882,73
135723.54,11.333333333333334,0.023325008300909944,0.6983291447351121,145078.62,743.0272282918756,0.0,Tractor,NE,1121,2.0,0.0,3.555555555555556,1,39.68528389712494,0.19395444050666005,71
376052.0,11.0,0.14718257926186445,1.3160406221950294,49338.0,566.9690975700688,1.0,Loader,IA,1119,7.0,1.0,0.0,0,100.0,0.16718257926186444,83
190020.11,6.0,0.2688923424459474,0.592091403893638,40000.0,766.6541131849525,0.0,Sprayer,SD,1152,1.0,0.0,0.0,1,45.20672377347866,0.42847889489899005,66
232171.34,12.5,0.20344224049288098,0.7956074947581797,113027.82,755.0232093542346,1.0,Harvester,WI,1121,2.0,0.0,20.25,1,39.91025969806181,0.34362172109675737,74
125173.29,9.5,0.24471455803654957,0.8938535889853519,219995.49,683.056559131087,0.0,Tillage,MO,1152,1.0,1.0,2.25,1,35.58457757998489,0.4235454028765798,75
98059.98,9.0,0.20245910674148784,0.8787195247653921,127518.58,640.2733226126844,0.0,Sprayer,OK,1121,1.0,0.0,0.0,0,31.00584242062391,0.39044742190024007,81
107958.54,0.0,0.2803542945374232,0.9303035401006616,137286.93,642.4751614311999,0.0,Combine,OK,1151,2.0,0.0,0.0,0,54.00045060972144,0.42235339331798033,79
56988.92,17.0,0.12490878826532446,0.7034021138557214,99420.14,615.0872043031042,1.0,Tillage,KS,1151,5.0,1.0,0.0,0,60.18537683537136,0.22453803459458174,83
91954.43,1.0,0.08189378892760724,1.0827586362407744,129123.27,586.5245134688253,0.0,Harvester,WI,1119,3.0,0.0,0.0,0,65.62180874444824,0.20065017143871072,72
57904.32,9.0,0.21963859587508908,0.8501362260818056,74741.88,690.2477786030144,0.0,Sprayer,ND,1151,0.0,0.0,0.0,0,26.973563793962693,0.4156914682871637,57
77204.75,8.0,0.07506851995267948,0.8394223391389422,121635.82,630.8065139824678,1.0,Sprayer,SD,1152,3.0,0.0,0.0,0,50.205126035446874,0.19465826788178572,85
275434.14,9.0,0.09475470542461266,1.1472853816120931,49227.86,663.2593228115525,1.0,Harvester,MN,1113,5.0,1.0,36.0,0,83.31272548148165,0.14812925446164937,96
233451.73,5.0,0.08082695747362172,0.7606661115454444,90553.92,708.5188955465968,1.0,Tillage,MN,1112,2.0,0.0,8.666666666666666,1,38.895094252225796,0.22303676896917016,76
217650.93,4.0,0.19829139925906983,1.1236454601224914,74455.29,657.3079806290696,0.0,Loader,IA,1111,1.0,0.0,0.0,0,52.968810449629224,0.3423537783598114,64
330643.42,4.0,0.21143805886558112,1.0524056659897447,89824.11,681.8340362376168,0.0,Loader,IN,4238,2.0,1.0,0.0,0,50.84638536414532,0.3597452881372905,70
123726.33,13.0,0.0710585909020409,0.5649612163277073,106138.01,648.621583939325,0.0,Harvester,OK,1111,3.0,0.0,1.0,0,49.753046807857075,0.22155249728632675,71
100968.7,5.0,0.029644075080900972,0.999029519598948,176995.69,732.113253924066,0.0,Harvester,MO,1119,2.0,0.0,0.0,0,52.035297164401214,0.17557348075209855,59
158293.22,6.666666666666667,0.02377034405284359,0.7698751209772368,103513.02,752.9526336355059,1.0,Sprayer,WI,4238,2.0,0.0,9.555555555555555,1,46.101929287476814,0.15156648547788995,77
270701.41,11.333333333333334,0.12970044128095998,0.8508902194525756,177034.29,732.5640149500426,1.0,Tractor,IA,4238,3.0,0.0,8.222222222222221,1,51.46363005812258,0.24677318116471483,81
189024.2,8.0,0.13573195186896966,1.0282697668678826,97604.25,587.8754278932909,0.0,Sprayer,OK,1151,3.0,0.0,0.0,0,57.85791851951484,0.27001611482994003,68
89708.85,10.333333333333334,0.09793450646373589,1.185404512701842,92780.1,633.1861425865808,1.0,Combine,MN,1152,5.0,0.0,9.555555555555555,0,84.4728368657703,0.1489888327321953,90
80886.62,7.5,0.23907458489384936,0.6413001723050706,132329.79,733.4545491845142,1.0,Planter,IA,1152,2.0,1.0,12.25,1,37.839466251342905,0.3833956523911636,69
137212.77,6.333333333333333,0.21074406790868697,0.870169321446989,80223.58,588.9121184319764,0.0,Planter,NE,3331,1.0,0.0,29.555555555555557,0,36.31092739161903,0.3881222131254489,73
222841.7,9.0,0.14984869524824052,0.8615802224620013,147027.37,698.3334334461388,1.0,Harvester,OH,4238,2.0,0.0,0.0,1,43.28691848185867,0.28327485828452315,67
86687.09,8.5,0.09415754036011541,0.5973281671550766,103956.9,610.6205136779672,0.0,Planter,OH,1112,2.0,0.0,30.25,0,45.01449938666939,0.2541285415867766,72
108294.33,10.5,0.22369478065356369,1.0124049566371072,150863.04,612.7651996050088,0.0,Harvester,WI,1152,3.0,0.0,42.25,0,57.29330728484096,0.35910816608388174,81
180167.97,13.0,0.16936366118029228,0.6793689466477733,40000.0,639.7917107304645,1.0,Planter,ND,4238,4.0,0.0,4.0,0,71.97134806107661,0.24542096505813907,73
171792.92,3.5,0.19830390401288597,0.7269640659509446,55412.79,633.1577457696776,1.0,Planter,SD,1112,3.0,0.0,2.25,0,57.73424631717243,0.3028354113785411,81
97678.85,8.5,0.2388335016962764,0.7832207361574559,68307.49,714.0631736740928,0.0,Sprayer,ND,1151,0.0,0.0,20.25,1,37.807737219642206,0.413218027256992,83
54819.71,10.0,0.11426858622148173,0.6181670325335015,103707.59,732.8791561404745,0.0,Loader,IA,1112,1.0,0.0,40.666666666666664,1,36.21126343618795,0.2918460593491058,74
191784.77,6.0,0.31521095527588616,1.0392879871535408,138517.69,713.2384644963859,1.0,Planter,OK,4238,2.0,0.0,14.0,1,44.375487707795024,0.44645997986029606,75
147773.28,14.0,0.25831455089699884,0.7337055470117666,87844.9,736.8423930275977,1.0,Planter,ND,1151,3.0,1.0,9.0,0,43.01494093674959,0.3922846690234997,64
73001.69,11.666666666666666,0.0,0.9593564823606459,84979.66,762.8560622101747,0.0,Harvester,SD,1113,3.0,0.0,4.222222222222222,0,58.2137912175256,0.1335724175649488,86
229220.54,10.666666666666666,0.0008164147609153738,1.2995279241010478,151142.45,651.7063968805093,0.0,Combine,MN,1121,4.0,1.0,17.555555555555557,0,78.03570650402533,0.09474500175286472,74
308194.26,7.0,0.11245415419682254,0.9755013621636965,88652.67,644.6090403069467,0.0,Loader,MN,1112,3.0,0.0,0.0,0,67.05393867691956,0.22834627684298342,84
83196.04,1.0,0.23413317394616942,0.9497492526066029,196109.99,631.9836716124785,1.0,Tillage,SD,1152,3.0,0.0,0.0,0,58.39456272145464,0.33734404850326016,69
87181.99,4.0,0.227660443208643,0.8552595412792378,135930.49,722.0293934051917,1.0,Loader,ND,1151,1.0,0.0,2.0,1,32.65827375533433,0.38234389569797433,75
91892.84,4.0,0.1034851612639001,1.055693082754985,114438.65,645.4436421901988,0.0,Harvester,MO,4238,3.0,0.0,0.0,0,69.6833824464633,0.21411839637097352,86
202341.15,12.666666666666666,0.27770829485140697,0.9789425475191832,113222.28,679.71275746948,0.0,Planter,NE,1112,2.0,0.0,6.222222222222221,1,45.25170572328048,0.437204883404846,60
224905.34,11.0,0.3424389616686243,0.7646171351222386,63378.16,713.519992038386,1.0,Loader,ND,1119,2.0,0.0,16.0,1,39.383245991820914,0.48367246968498245,78
276651.65,6.0,0.2222916475515629,1.1539060814926527,165073.49,673.1080109802818,1.0,Planter,MO,4238,3.0,1.0,25.0,0,61.534404828725755,0.3192228378941113,79
209386.64,10.0,0.025901457082948914,1.100433284367965,161853.93,641.127845638367,1.0,Tractor,NE,1111,4.0,0.0,0.0,0,75.74727191553926,0.0944069132518704,74
180852.17,0.0,0.06460457451801427,0.7743356096079311,200810.08,706.4366424441116,0.0,Loader,OK,1121,1.0,0.0,0.0,1,33.8148436146907,0.24697488728863287,72
181781.49,16.0,0.17278261076065465,1.0344356586262877,51664.31,627.6692032298085,1.0,Harvester,WI,1151,6.0,1.0,0.0,0,92.09375354826348,0.20859510366412767,79
185542.77,1.0,0.21664905306609436,0.7596990936961535,134261.05,676.0389341380957,0.0,Tractor,IA,1112,0.0,0.0,0.0,1,22.287285278999178,0.422074482508096,60
117102.13,14.0,0.2925974787456632,0.9149653875676789,122408.73,760.2492756466626,1.0,Loader,IL,1113,4.0,1.0,0.0,0,48.65165464680182,0.41529416945205955,93
104884.85,0.0,0.3804066847056254,0.8460252336644125,190463.01,594.256196275955,0.0,Planter,IN,3331,1.0,0.0,0.0,0,37.50627389833614,0.5,75
242919.17,11.5,0.18387973394659748,0.9039411847578579,132130.79,693.775999945427,0.0,Tillage,ND,3331,3.0,1.0,20.25,0,51.76118693604702,0.33035736007450345,82
65069.96,1.0,0.322755044250785,0.7283979856955103,165425.37,719.7281441196459,0.0,Sprayer,NE,4238,0.0,0.0,0.0,1,26.7896657308874,0.5,92
105105.61,4.5,0.38624766049388803,0.7964434279027065,165417.28,636.7342091815565,0.0,Loader,SD,1112,1.0,0.0,20.25,0,24.430999001567336,0.5,67
117847.2,7.0,0.17885716351033065,0.5939984384478295,156585.5,586.7106178718751,1.0,Sprayer,ND,3331,2.0,0.0,0.0,0,45.651235047257885,0.3075546934158149,77
75364.95,8.333333333333334,0.2878378470327191,0.6203559668477812,112570.63,753.7340473348706,0.0,Tractor,MN,1113,0.0,0.0,38.22222222222222,1,18.058720206896087,0.5,70
58590.55,3.6666666666666665,0.23312117961667772,0.7758983275249218,191701.34,687.9066932106895,1.0,Combine,OK,1152,1.0,0.0,1.5555555555555556,1,35.75712252017645,0.3816069345763248,73
48064.79,4.0,0.23600996330927812,0.6549432029938337,138345.76,591.7310868747558,1.0,Combine,NE,1121,2.0,0.0,0.0,1,48.11240058049823,0.3597851621482817,67
95883.39,14.0,0.32123537267311986,0.6298857966007374,121647.05,734.3355119240075,0.0,Loader,ND,1111,2.0,1.0,0.0,1,36.82490484346202,0.49758556298619583,64
99660.73,11.666666666666666,0.0,0.797880786619622,113844.59,783.9379756375906,1.0,Harvester,IN,4238,3.0,0.0,46.888888888888886,0,49.51472602488488,0.12097054795023024,71
218440.21,3.0,0.15638374025372379,0.9161530535096675,143235.77,718.7564068411966,0.0,Sprayer,OH,1152,1.0,0.0,0.0,1,30.174352458740216,0.34603503533624336,72
114974.96,5.333333333333333,0.3131622454388617,1.1375654233883834,130656.74,644.7959525651328,0.0,Harvester,ND,1121,3.0,1.0,22.222222222222225,0,57.98593416006675,0.44719037711872817,80
74548.9,4.0,0.1277259673442851,0.9655230521226416,109230.11,747.4058868746272,1.0,Loader,ND,3331,3.0,0.0,0.0,1,47.37308556379361,0.25297979621669786,85
323909.42,9.5,0.12581699490588089,1.036780571784623,81532.39,692.4918752916608,0.0,Harvester,WI,4238,2.0,0.0,20.25,0,56.95911521050823,0.26189876448486443,73
134031.36,11.0,0.168667851426421,0.9977106077661293,155180.3,643.2486707758237,1.0,Planter,SD,1112,4.0,0.0,0.0,0,62.14119569984756,0.2643854600267258,71
118035.17,1.0,0.23933155416779764,0.8922243704504804,164571.47,580.1393318910577,1.0,Planter,ND,3331,2.0,0.0,0.0,0,53.969177325446324,0.35139319951690495,61
259343.3,7.666666666666667,0.2043920115385763,1.1134947563248732,184747.13,717.1821065603173,0.0,Harvester,MN,3331,1.0,0.0,44.22222222222221,1,47.15234685129858,0.36008731783597914,76
244867.51,7.666666666666667,0.15235584486725717,1.064456212075139,88169.18,753.992269786856,0.0,Combine,IN,4238,1.0,0.0,22.222222222222225,1,43.99531660127953,0.3143652116646981,82
126795.57,7.5,0.2761586537421368,0.6065695105142319,153813.36,660.5552658200986,0.0,Tractor,IN,1111,0.0,0.0,0.25,1,17.667259346339954,0.4908241350494569,67
179757.81,7.0,0.09788522566403215,0.8369159870548556,127322.33,702.0998176184471,0.0,Tractor,WI,1151,1.0,0.0,25.0,1,27.57716958794594,0.2927308864881403,64
122580.86,9.0,0.21922134879059652,0.9498646461954723,176089.5,753.1672414219192,0.0,Tillage,IL,4238,1.0,0.0,0.0,1,34.947203467618785,0.39932694185535894,46
47454.82,8.666666666666666,0.1537616657661819,0.7728329628763155,123049.74,666.7877761021552,0.0,Sprayer,MN,4238,0.0,0.0,9.555555555555555,1,18.800706601528297,0.36616025256312523,74
206246.31,9.666666666666666,0.2076236549093315,0.9855848207200267,40000.0,794.529714048876,0.0,Loader,OK,1152,2.0,0.0,13.555555555555557,1,52.468966500513886,0.3526857219083037,61
252738.15,17.0,0.16915786489557494,1.0327677413092529,107361.17,654.3555296806519,1.0,Harvester,OK,1113,3.0,0.0,0.0,0,59.71446530707256,0.26972893428142986,81
77615.76,7.333333333333333,0.29682022101391725,0.8347820965227762,119335.07,678.0818710269243,1.0,Tillage,MN,1151,2.0,1.0,0.22222222222222224,0,40.00722613676806,0.43680576874038113,75
198076.72,15.0,0.21949198344206397,0.9240565857244216,93643.48,678.6793855035573,0.0,Tillage,SD,1112,2.0,0.0,0.0,0,42.79662277091558,0.3838987379002328,88
130205.8,13.0,0.26910586249308033,0.8819773924349547,40136.6,617.9336787629009,1.0,Combine,ND,3331,4.0,0.0,16.0,0,68.51196713349829,0.35208192822608375,71
182429.14,7.0,0.16167052450738076,0.6995846020028924,40000.0,634.2212169322884,0.0,Tillage,SD,1113,2.0,0.0,1.0,1,50.417661710830444,0.3108352010857199,76
79826.63,10.0,0.21436980492388,0.687742640501481,135845.73,652.9055261337096,0.0,Planter,KS,3331,0.0,0.0,0.0,1,21.575519510805456,0.4212187659022691,68
202483.75,11.333333333333334,0.39950248027839325,0.8895132357764108,150782.11,657.39027921189,0.0,Sprayer,MO,1113,1.0,0.0,6.888888888888888,1,34.750100133886036,0.5,70
156697.97,17.0,0.2447606562786711,1.022085980020547,106857.7,588.4514643883736,0.0,Tractor,MN,3331,4.0,1.0,0.0,0,70.86125958310765,0.3530381371124558,75
165083.46,12.0,0.10811607172844004,0.7141663930966187,117968.49,691.1382791335499,1.0,Harvester,OK,1121,3.0,0.0,0.0,0,46.83477991724052,0.23444651189395901,73
43709.21,10.666666666666666,0.3223907122140744,0.6960351645433656,174686.97,777.233054265302,1.0,Sprayer,ND,1113,2.0,0.0,10.888888888888888,1,37.58526799623926,0.46722017622159584,63
44601.02,3.0,0.1383453852670525,0.45272031036362337,167973.44,683.1169926208862,0.0,Tractor,NE,1113,1.0,0.0,0.0,1,32.45477158035539,0.3234358421063418,76
215602.3,12.0,0.25030936825634426,0.8483042146192667,142781.88,720.2397579204227,1.0,Planter,IL,1152,3.0,1.0,26.0,0,46.07380031323555,0.3781617676298732,87
130829.86,8.0,0.05975987748192216,0.5762798018875546,49219.62,635.1514244819185,0.0,Combine,OK,1121,3.0,0.0,0.0,0,65.72655465341019,0.17830676817510177,75
167223.69,11.0,0.18056283509952697,1.1267433809374914,40000.0,693.1420187399458,1.0,Harvester,SD,1113,4.0,0.0,0.0,0,74.41011791870957,0.25174259926210785,84
99965.42,10.0,0.29146624543581207,0.6938058753355517,119385.88,659.4438041965414,1.0,Tractor,MN,1113,1.0,0.0,0.0,1,26.24336769890583,0.4589795100380004,72
62322.29,7.0,0.33779455227373656,0.8615345296824557,134191.4,714.0720315106208,0.0,Combine,MN,1152,0.0,0.0,28.666666666666668,1,22.43740618758177,0.5,69
246509.01,10.0,0.3141849096778949,0.8891836071094933,180895.08,716.2575815389848,0.0,Tillage,OK,1112,0.0,0.0,0.0,1,28.187030994508692,0.5,63
188020.82,15.0,0.34870247359570394,1.0175715146266024,43277.6,765.3655714894817,0.0,Combine,SD,1113,3.0,0.0,1.0,1,68.4975269834274,0.4617074196288491,70
94179.58,6.333333333333333,0.23287847502651576,1.0697215552109665,42194.48,677.2357058552892,0.0,Combine,OH,4238,2.0,0.0,24.888888888888886,0,67.1736012117835,0.34853127260294875,85
330301.75,13.0,0.4679660975374255,1.0556781909668513,144829.84,716.6553931221437,1.0,Planter,IL,1119,3.0,0.0,16.0,0,52.96072232049225,0.5,77
129873.2,10.0,0.08696145469295387,0.7225900085484193,169996.33,581.8975895397058,1.0,Combine,IN,1151,4.0,1.0,0.0,0,63.84789414224775,0.17926566640845837,87
331733.8,7.5,0.19059275404895967,1.237527642488115,155417.22,660.3253196143057,0.0,Planter,MO,1121,1.0,0.0,0.25,0,47.53426185922988,0.34552423033049995,71
121325.51,12.0,0.170555654040222,0.8920607815240866,85556.04,688.0966700258169,0.0,Sprayer,IA,1152,1.0,0.0,0.0,1,34.098758972004646,0.3523581360962127,87
71952.11,10.333333333333334,0.08104733513741318,0.6817826793225528,51776.48,743.6647455575876,1.0,Tillage,MO,1151,4.0,0.0,17.555555555555557,1,59.24424134407907,0.18255885244925504,63
77016.95,8.0,0.03457310629811808,1.2096340577039322,165743.6,684.472013975219,0.0,Tillage,WI,1151,2.0,0.0,0.0,0,62.33429598981561,0.15990451431848685,84
200994.83,4.5,0.20026786731168927,0.7421297307951955,150281.47,755.5969728378615,0.0,Harvester,SD,4238,0.0,0.0,12.25,1,13.806102934921151,0.42265566144184696,64
234798.59,11.5,0.1997829010013562,0.9292043939195865,164664.31,729.5253229420875,0.0,Loader,ND,3331,2.0,0.0,20.25,0,41.039432943569786,0.3677040351142166,60
208020.84,4.0,0.18122852386285554,0.8058631104351348,102126.82,607.1759320992551,0.0,Planter,KS,1112,1.0,0.0,0.0,0,41.18636099589024,0.34885580187107507,57
238098.17,10.5,0.14235906732640247,0.9397779060651978,103489.8,745.8610834401367,0.0,Tillage,OH,1151,3.0,0.0,12.25,0,44.10698374741422,0.304145099831574,64
68923.46,6.0,0.2744199050548072,0.45,117550.27,560.7515831615461,0.0,Sprayer,MN,3331,1.0,0.0,36.0,0,36.00236250478146,0.4524151800452443,74
288836.12,17.0,0.12169136224062103,1.0765431584371334,158452.58,668.5387088208408,0.0,Sprayer,NE,1111,3.0,0.0,0.0,1,54.18547942683385,0.26332040338695334,75
233435.91,10.5,0.3344869038687679,0.8025064303860518,124942.17,783.1809436019439,0.0,Combine,WI,4238,1.0,0.0,0.25,1,30.232895587539353,0.5,75
100505.87,10.0,0.3547858859880909,1.16366565193817,64972.47,740.1683817787228,0.0,Planter,NE,4238,1.0,0.0,0.0,0,47.27886177460142,0.5,82
155450.39,5.0,0.3327570557006648,1.0478928595254327,207853.89,577.4769173357977,1.0,Loader,KS,1152,3.0,0.0,16.0,0,59.144017032824124,0.43446902163501655,76
297285.14,5.0,0.1832707970591745,1.007175852321609,58709.24,682.2228531046042,0.0,Tractor,KS,1112,2.0,0.0,9.0,0,48.413195300832506,0.3364444064575095,84
192475.68,16.0,0.25806233472668255,0.8125285366784303,137699.82,622.0852802198687,1.0,Planter,SD,1113,3.0,0.0,0.0,0,44.99838503416359,0.3880655646583554,76
125535.43,1.0,0.0,0.6753539353461218,104146.5,658.0123336145117,0.0,Combine,ND,3331,1.0,0.0,0.0,0,32.57844816922575,0.1848431036615485,79
243242.25,6.0,0.029204306188329032,1.0000681985650575,176064.9,664.8154288225427,0.0,Planter,IN,1113,2.0,0.0,4.666666666666667,0,47.55615978682849,0.18409198661467208,74
93277.45,4.666666666666667,0.1381262277204604,1.070764796487646,95630.12,630.9224459018053,0.0,Tillage,WI,1112,3.0,0.0,26.888888888888886,0,59.22470896843848,0.26967680978358344,89
251240.34,11.0,0.1701644955853496,0.9092893723059046,197580.69,663.7154153124611,0.0,Tillage,WI,1119,2.0,0.0,9.0,0,42.174894624185995,0.33581470633697763,61
45494.49,8.0,0.14559387936555893,0.6769684557689796,125353.81,562.1045743819143,0.0,Tillage,OK,1111,2.0,0.0,0.0,0,46.60148123554982,0.3023909168944593,69
205409.42,17.0,0.16801870314660053,0.8443694262516965,139733.87,689.5215896495141,0.0,Tillage,MO,1111,1.0,0.0,0.0,1,30.677786890003865,0.35666312936659283,66
268421.56,5.0,0.1652221708874151,0.8888064684424282,137091.51,672.8538650102496,0.0,Harvester,IA,1111,0.0,0.0,0.0,1,36.560344392111915,0.34210148210319125,70
102103.26,8.5,0.1119165217806603,0.838970534414767,108765.84,737.0037257285436,1.0,Sprayer,NE,1111,3.0,1.0,42.25,0,44.45670259797427,0.24300311658471177,71
333519.47,9.333333333333334,0.15221940602348655,1.0618943236588083,61075.79,687.6272810761807,1.0,Planter,SD,1111,2.0,0.0,14.222222222222221,0,56.87881514655631,0.2584617757303739,88
135696.84,6.5,0.1404026372961117,0.825515758248935,66213.62,589.7882482350994,0.0,Tillage,KS,1113,2.0,0.0,2.25,0,50.49282079362654,0.2894169957088586,76
117002.25,16.0,0.16103145608290498,0.9368046257555254,135248.22,688.8060347061763,0.0,Harvester,OH,1151,3.0,1.0,0.0,0,49.22815439822045,0.3125751472864641,83
240721.68,8.666666666666666,0.06190670580818361,1.2568275976787449,185008.8,698.2405234194632,0.0,Loader,NE,1152,2.0,0.0,13.555555555555555,0,55.322991707073015,0.20126072239403758,70
92745.39,11.666666666666666,0.228182332370967,0.6860074555514926,119005.03,767.0201254284732,1.0,Planter,IN,1111,2.0,0.0,3.555555555555556,1,38.82761764617448,0.3705270970786181,94
116572.93,4.0,0.12187811145114417,0.8324046317095534,109616.07,793.9158750309545,0.0,Loader,WI,1121,1.0,0.0,0.0,1,35.67228787767803,0.3005335356957881,65
183660.9,8.333333333333334,0.25754060762258113,0.6928028608767108,166909.37,582.693064624039,0.0,Tillage,ND,1119,1.0,0.0,24.222222222222225,1,32.699718448476546,0.44214117072562803,77
247522.29,2.0,0.08738337455661895,1.1134702953684086,95530.19,695.3676293468498,0.0,Harvester,SD,3331,2.0,0.0,0.0,0,50.21921703262182,0.23694494049137532,52
151517.93,3.0,0.08250455867116863,0.7121746116896291,109821.61,808.540817905925,1.0,Tillage,MN,1152,2.0,0.0,4.666666666666667,1,37.36789145385023,0.22776877576346813,78
81490.58,1.5,0.25403172864107926,1.0199239112928153,212225.76,652.2861358409865,0.0,Tillage,ND,3331,1.0,0.0,2.25,1,43.68966093256845,0.41665240677594234,82
183075.96,6.0,0.3033800071213215,1.0666842889615515,174366.24,680.7473658000961,1.0,Tractor,NE,1112,3.0,1.0,0.0,0,56.27213560283175,0.41083573591565803,78
234118.58,4.0,0.14076010331671132,0.785948027414549,132100.65,647.3989268797424,0.0,Sprayer,ND,1111,2.0,0.0,0.0,0,35.408541065845355,0.3199430211850206,71
118627.7,16.0,0.17408267257844837,0.7828836672541948,122721.6,723.2635370402812,0.0,Planter,OH,1121,1.0,0.0,0.0,1,31.46945053090438,0.3611437715166396,68
154733.73,15.0,0.36346327797072053,0.7727734104255869,99933.58,697.2885662205432,0.0,Tillage,IL,1152,1.0,0.0,0.0,1,30.335364480095198,0.5,76
220487.22,5.0,0.291942083846763,0.8701117240834748,183756.07,611.8029992860485,1.0,Sprayer,KS,1151,2.0,0.0,0.0,0,46.11519609600201,0.41971169165475897,73
239618.17,14.0,0.1282377728782495,1.0034615247718126,88466.7,660.3967142253771,0.0,Sprayer,IA,1152,3.0,0.0,0.0,0,61.3110249263808,0.25561572302548785,86
64042.65,8.0,0.19586521597278084,0.7497997612841982,217886.84,670.8332657085207,0.0,Sprayer,OK,4238,0.0,0.0,16.0,1,21.602574227236865,0.4026600675183071,70
67125.3,7.333333333333333,0.2817139323917586,0.8108357356814974,171570.16,700.1231807199362,0.0,Planter,SD,1121,0.0,0.0,10.888888888888888,1,22.952859950226937,0.48580821249130474,83
234350.05,15.333333333333334,0.1463665579751489,0.7434963681994762,155940.55,638.6910281970241,0.0,Combine,IN,1112,3.0,0.0,0.2222222222222222,1,51.99885069205376,0.2923688565910414,56
200056.03,7.333333333333333,0.22644840870322092,0.8281086175370826,234188.08,675.1281681847507,0.0,Combine,ND,1151,0.0,0.0,16.22222222222222,1,13.947622682164297,0.4485531633388923,54
95871.27,7.0,0.24958694230262402,1.024854879430702,175239.62,663.189033685914,0.0,Harvester,SD,1119,1.0,0.0,0.0,1,43.72899768996745,0.4121289469226891,75
79515.61,6.666666666666667,0.10269567985401806,1.0313341660463147,101629.57,731.201774456512,0.0,Planter,IN,4238,2.0,0.0,6.888888888888888,0,49.56264492380685,0.25357039000640436,69
228074.74,8.5,0.09773387250002419,1.0067466654951613,170882.81,715.6480824693729,0.0,Planter,MO,4238,2.0,0.0,0.25,0,52.07319340376824,0.24358748569248773,74
269117.71,6.0,0.27528846488634695,0.9206007711118326,60222.55,625.5415623904563,1.0,Harvester,NE,1121,4.0,1.0,4.666666666666667,0,56.53503121713949,0.38221840245206795,70
157914.88,10.0,0.2228072534193522,1.0579357353132632,80247.21,674.5669754239065,1.0,Tillage,SD,1152,2.0,0.0,0.0,1,57.54267732746449,0.32772189876442326,83
130163.53,10.0,0.43655537197974753,0.8630826220987682,163051.04,645.4011080905276,1.0,Tillage,IL,4238,3.0,1.0,0.0,0,48.85774150816328,0.5,61
86524.39,6.0,0.27954722747444216,0.70332128827998,142138.95,668.749652214334,1.0,Sprayer,WI,1119,1.0,0.0,36.0,1,27.946869645621526,0.44365348818319905,70
227394.89,7.666666666666667,0.22689420264825105,0.7880421241007535,135504.43,574.5053907851183,1.0,Planter,IL,3331,2.0,0.0,49.55555555555554,0,55.13087187008459,0.3366324589080819,78
84390.12,5.333333333333333,0.16827422855799865,0.7369434138934634,215273.24,686.5177426443576,0.0,Planter,MO,1119,0.0,0.0,20.222222222222225,1,20.083462964418946,0.3781073026291608,66
75327.84,12.0,0.14169357456910275,0.6090769703192824,139915.44,686.1344942892107,0.0,Combine,NE,3331,2.0,0.0,4.666666666666667,1,36.99143249638115,0.31771070957634046,59
206084.34,13.666666666666666,0.13816054879896042,0.8980601721706809,134926.98,801.5755210583526,0.0,Loader,MN,4238,2.0,0.0,1.5555555555555556,1,40.37244278050729,0.30741566323794584,84
151094.35,8.0,0.17784002833025692,0.9752532984604546,120850.11,760.1052635907469,0.0,Harvester,IA,1111,1.0,0.0,36.0,1,34.783479039182374,0.35827307025189215,59
204252.11,6.666666666666667,0.06739754681192864,0.9482810499311631,183290.02,691.6635610670775,0.0,Tractor,IL,4238,3.0,1.0,46.22222222222222,0,49.76747772954031,0.21786259135284802,76
293729.48,5.0,0.030591564544732358,0.9823137144234675,213518.55,624.4465278981969,0.0,Harvester,IL,4238,3.0,0.0,0.0,1,57.141656494195736,0.16630825155634088,70
128141.82,3.0,0.2176347616341088,0.6509674855747525,93952.19,700.1769826050918,1.0,Harvester,IL,1119,2.0,1.0,0.0,1,35.64105364149556,0.36635265435111763,76
283753.46,5.666666666666667,0.11759260327976678,1.036748098665995,40000.0,774.8921070808004,0.0,Tractor,NE,4238,4.0,1.0,14.888888888888891,0,71.75154068580215,0.22408952190816245,85
95423.57,7.0,0.17672241877836825,0.7245978523469113,110068.83,711.0866625394423,0.0,Sprayer,MO,1112,0.0,0.0,20.666666666666668,1,18.65385297034346,0.3894147128376813,72
126272.66,3.0,0.0,0.766881231787216,61751.61,686.6423607859001,0.0,Sprayer,OH,1152,1.0,0.0,4.0,1,42.05305396689984,0.1658938920662003,80
139096.75,7.5,0.14850763474772458,0.8829032947496807,95471.9,708.0260558473573,0.0,Loader,IA,1111,1.0,0.0,12.25,1,23.893375469584885,0.3507208838085548,78
56134.34,9.5,0.1735323864615589,0.7732505873962495,89295.71,773.8815510435247,1.0,Combine,WI,1152,1.0,0.0,6.25,1,27.774550860589336,0.3379832847403803,81
97604.83,11.0,0.24700793869246143,1.1142085027573656,149459.66,758.5966281628348,1.0,Planter,OH,1119,3.0,0.0,0.0,1,54.923969237024,0.35716000021841343,70
262896.19,10.0,0.1788717431638911,0.8660933142401768,173386.83,706.5817261683721,0.0,Harvester,NE,1151,0.0,0.0,16.0,1,22.460900925741747,0.38394994131240756,61
217781.4,13.333333333333334,0.11202254752065051,1.200097763209568,118722.71,690.6202733140263,0.0,Sprayer,NE,4238,3.0,0.0,5.5555555555555545,0,59.77647747725125,0.24246959256614803,69
136082.21,6.333333333333333,0.16105164862222318,0.8473797810174565,128336.08,731.1401244504743,0.0,Harvester,IN,1152,0.0,0.0,11.555555555555557,1,19.2923304167822,0.37246698778865883,72
100281.2,9.0,0.3203759696107531,0.8179959081265331,115992.59,699.8217401946517,1.0,Combine,KS,1119,1.0,0.0,2.6666666666666665,1,31.076750850945967,0.47822246790886114,67
235181.79,1.5,0.04223814998040212,1.0413370269117563,40000.0,769.0483351814879,0.0,Tractor,IA,4238,3.0,0.0,0.25,0,63.25886267346886,0.16572042463346442,96
65322.78,6.333333333333333,0.30095233203419736,0.6494762947586079,68294.11,694.0833999080612,1.0,Tractor,OH,4238,2.0,1.0,2.888888888888889,0,39.64564589769197,0.44166104023881336,59
89634.04,2.0,0.29487767819924593,0.9606983318751687,203664.49,707.0291045050042,0.0,Combine,IA,1113,1.0,0.0,0.0,1,40.48063253073324,0.4639164131377794,75
272089.74,6.5,0.16563606210660012,0.9259725600288554,130568.98,712.9295681496111,0.0,Tillage,OK,1112,2.0,1.0,42.25,0,44.135140923410134,0.32736578025977986,71
230572.66,14.5,0.13121263843937625,0.8229346684378299,40096.44,775.3801853664361,1.0,Planter,ND,1119,4.0,0.0,0.25,0,64.98494322403708,0.22124275199130208,74
108485.59,4.5,0.40512004395866236,0.86937240088509,92759.4,647.8445991191282,1.0,Loader,OH,1111,2.0,0.0,12.25,0,41.94273004909088,0.5,82
201094.75,4.0,0.4112419245162904,0.8376728836094016,190387.69,643.088420021425,0.0,Planter,IL,1111,2.0,1.0,0.0,0,46.5847550398002,0.5,80
110169.11,15.0,0.24257754497584247,0.8994421248161771,106980.43,579.5391859710876,0.0,Tractor,NE,3331,2.0,0.0,0.0,0,51.88393417446891,0.3888096766269047,81
171187.45,5.0,0.1418669795603298,1.0371501880166938,40000.0,613.9928032750001,0.0,Combine,OK,1113,4.0,0.0,0.0,0,79.15948250658724,0.2335480145471553,93
106534.12,8.0,0.05938189832610119,0.9559944970259766,159916.15,716.5979623393287,0.0,Tillage,NE,1111,2.0,0.0,0.0,0,50.19054425049556,0.20900080982511007,75
220622.37,10.0,0.42117287671811665,0.9036151880818113,67956.81,650.1870039845005,1.0,Harvester,WI,4238,3.0,1.0,0.0,0,60.686645031150626,0.5,82
230462.2,9.0,0.14859181718705047,0.8471811377377637,104117.86,720.3704216989058,1.0,Loader,MO,3331,2.0,0.0,24.0,1,44.09187809254638,0.2804080610019577,72
79567.25,14.5,0.0909404862189076,1.022003419008983,105601.31,683.6872128048942,1.0,Combine,OK,1111,4.0,0.0,2.25,0,66.69905424068406,0.17754237773753948,78
316360.46,7.0,0.17277904119744458,1.120441180537642,190998.71,665.6605358459299,1.0,Combine,SD,3331,2.0,0.0,0.0,1,59.56012852933974,0.2736587841387651,71
341529.85,7.0,0.3003430518919612,1.1452500506055572,40000.0,672.5408794839275,0.0,Tillage,MO,1112,2.0,0.0,0.0,0,68.66745933224503,0.4130081332274711,78
259544.33,13.0,0.1437968108065549,0.815293655887185,200214.53,713.7468554317657,0.0,Harvester,OH,1112,2.0,0.0,0.0,1,41.08029228370891,0.3116362262391371,70
113819.67,6.666666666666667,0.1543180706158142,0.9779181305780714,198072.28,656.6597178801227,0.0,Harvester,MO,1119,1.0,0.0,0.888888888888889,1,41.32179214512166,0.3216744863255709,75
199563.57,11.0,0.026096897360124133,0.7744838782157847,167144.2,601.8180068224701,0.0,Planter,OH,1121,3.0,0.0,1.0,0,55.924029205440895,0.16424883894924236,78
235285.95,2.5,0.06577458452614479,1.0269267306256944,132194.61,733.1547167360867,0.0,Tractor,KS,1151,2.0,0.0,0.25,1,52.04677222324613,0.21168104007965255,79
63570.64,10.5,0.1616001680505233,0.5676032475954174,144035.79,662.8180486703938,1.0,Harvester,KS,1151,3.0,1.0,2.25,0,43.35792346692301,0.2948843211166773,71
150711.06,13.333333333333334,0.17455594614624367,0.8385754852399052,162457.91,617.0508232572861,0.0,Planter,MO,1119,2.0,0.0,4.222222222222222,0,42.9720178274659,0.3386119104913119,76
76640.66,10.333333333333334,0.05771282355035787,0.7060866330269613,129642.42,778.7392528123947,0.0,Tillage,OK,1113,2.0,0.0,6.222222222222221,1,44.21053466952115,0.21929175421131558,47
306737.63,14.0,0.34590804448689494,0.9848779435577872,179225.42,714.1497673411267,0.0,Combine,OH,1111,2.0,0.0,0.0,1,43.43030433852087,0.5,68
91960.92,10.5,0.2264657626173296,0.9809859034634936,91367.69,706.3803443367632,0.0,Tillage,MN,4238,2.0,0.0,0.25,1,54.45303045914533,0.3675597016990389,74
166797.73,15.0,0.13733078481458316,1.1025059150912082,191837.69,767.1983837845055,0.0,Sprayer,ND,4238,3.0,0.0,0.0,1,59.40408243369621,0.26852261994719073,82
85517.92,13.0,0.2564085331568883,0.9245145214665643,154858.09,813.854909760805,0.0,Tractor,IA,1111,2.0,0.0,0.0,1,40.71181836630689,0.4249848964242745,72
187897.19,12.0,0.055865226143434615,0.6124615043559782,40000.0,749.6385353805695,0.0,Sprayer,WI,1119,4.0,1.0,16.666666666666668,0,63.64610731594172,0.1785730115115512,80
200301.24,7.0,0.13407449558075937,0.7678187469796958,84245.6,651.0072538424787,0.0,Combine,NE,1112,1.0,0.0,0.0,1,32.28050893063623,0.3195134777194869,74
188851.1,14.333333333333334,0.23981211112493317,0.8936884811598474,124008.4,709.86054176204,0.0,Tillage,WI,4238,1.0,0.0,4.222222222222222,1,37.57486601369518,0.4146623790975428,75
330849.97,10.666666666666666,0.10889329144512667,1.0499942151658668,181653.77,707.9816126927952,0.0,Tractor,SD,1152,3.0,0.0,9.555555555555555,0,57.32251839903209,0.2442482546470625,58
207071.87,5.333333333333333,0.37956162679329997,0.9129271756370124,182511.02,733.1783505037492,0.0,Tillage,IN,1112,2.0,1.0,46.88888888888889,1,43.995031739187546,0.5,64
184167.36,8.5,0.15282010424829567,1.018786519016765,132172.74,675.2033233656637,0.0,Harvester,IL,1113,2.0,1.0,12.25,0,48.3349011531091,0.3061503019420775,59
61392.86,14.0,0.3590541218793816,0.9384792493884252,83216.71,685.958673612528,1.0,Tillage,WI,4238,3.0,0.0,0.0,0,46.307942186445096,0.4864382375064914,68
145581.81,7.0,0.34294311077908624,0.6587078376427605,76240.61,785.5648338142902,0.0,Planter,MO,1111,0.0,0.0,1.0,1,11.503550816690959,0.5,79
268709.84,10.0,0.1560330971697935,1.0820676732558225,123442.6,713.4565322326657,1.0,Combine,IL,1112,2.0,0.0,0.0,0,53.753159674695034,0.26852677782040346,69
161317.54,9.0,0.3279365103153815,0.5678939674186608,189295.5,723.0409839586617,0.0,Tillage,MN,1151,0.0,0.0,0.0,1,28.46766586196234,0.5,87
143564.92,12.0,0.09564151217189268,0.886193349277395,159693.39,636.2988135728558,1.0,Tillage,IL,1112,4.0,0.0,16.0,0,51.8631296861131,0.2119152527996665,71
302576.28,7.5,0.09483995408710015,0.9360924560214278,202370.74,673.8951475557528,1.0,Planter,ND,1152,3.0,0.0,12.25,0,54.222492830897664,0.20639496842530483,74
260870.8,10.0,0.0,1.0015260387810816,171756.88,624.9652185286459,0.0,Harvester,MN,1111,3.0,0.0,0.0,0,65.34534023110761,0.11930931953778477,67
71008.71,14.666666666666666,0.12438245460307523,1.0970536517598821,83984.39,571.899103364374,0.0,Sprayer,IL,1151,4.0,0.0,1.5555555555555556,0,72.68487206222913,0.22901271047861696,83
161950.32,4.0,0.1374715898313777,0.904117714334434,90678.18,629.3042257963255,0.0,Tractor,OK,1152,3.0,0.0,0.0,0,56.73975738646044,0.2739920750584568,72
195214.32,4.5,0.24580154926842201,0.7970002760356518,207193.37,595.1059439157538,0.0,Tractor,MO,1121,1.0,0.0,20.25,0,39.23948181351945,0.41732258564138314,66
125723.88,6.5,0.3516485181087132,0.8721616175143193,152435.1,667.4377353195764,1.0,Harvester,OH,1119,1.0,0.0,12.25,1,28.489634106617274,0.5,80
94280.84,6.0,0.0727613094848982,0.890869467116395,115337.75,685.6148739878755,0.0,Planter,IN,1113,1.0,0.0,16.0,1,37.15917373962861,0.24844296200564098,64
190211.85,6.666666666666667,0.2138975784204825,1.0119235403387563,122654.47,676.9507154496429,1.0,Harvester,IL,1111,2.0,0.0,5.5555555555555545,1,53.76740245826838,0.3263627735039457,86
133307.4,14.0,0.29146477473405946,0.6989662175389048,125503.3,658.2557042397276,0.0,Tillage,SD,1151,1.0,0.0,0.0,1,35.07832461966438,0.47130812549473067,70
148282.26,8.0,0.25456136118478095,1.1817870636842254,56102.14,716.9833796350739,1.0,Loader,IA,1112,4.0,1.0,49.0,0,76.6713555806073,0.3212186500235663,79
66152.41,6.666666666666667,0.15397420328366376,0.45,213706.83,671.9421773317923,0.0,Combine,MN,1119,0.0,0.0,16.88888888888889,1,23.972428183918346,0.3560293469158271,58
122396.79,12.0,0.23965554421394025,0.7347856747397934,140175.27,659.1505500035895,0.0,Planter,IA,1119,1.0,0.0,0.0,1,39.314880455322125,0.411025783303296,68
245623.38,8.0,0.23735967831570914,0.7692795683934396,61963.34,695.332171950805,1.0,Combine,SD,1113,2.0,1.0,0.0,0,42.87575697487883,0.37160816436595145,66
141032.0,13.0,0.26131715399906774,0.9783299025815156,124502.92,738.2188617556725,1.0,Harvester,IA,1112,4.0,1.0,0.0,0,62.53858946508464,0.3562399750688985,83
84670.51,9.333333333333334,0.17424066507439157,0.8854235852652941,176917.6,754.4494774393266,0.0,Planter,MO,1112,0.0,0.0,36.22222222222223,1,29.44118097744218,0.36535830311950723,84
113121.95,3.0,0.02090115530895692,0.9904623962838017,158394.97,688.7254605670139,1.0,Combine,OK,1151,4.0,1.0,0.0,0,71.16131834093864,0.09857851862707964,87
216213.42,1.0,0.17589238394650816,0.9740778659555958,123879.76,721.9497951041375,0.0,Planter,OH,1113,1.0,0.0,0.0,1,42.734837275555996,0.3404227093953962,66
181065.96,11.0,0.13045790040187943,0.9073386669920724,194847.49,716.8512551853464,0.0,Planter,IA,1121,3.0,0.0,16.0,0,55.17798623443939,0.27010192793300064,79
280464.61,14.0,0.12903743478644264,1.0414289633018707,88695.52,683.342379653573,0.0,Sprayer,KS,1151,3.0,0.0,0.0,0,59.018520863292494,0.26100039305985767,72
248877.18,1.0,0.13958725193309116,0.9484124011142572,187322.05,721.9046292162699,0.0,Loader,SD,1121,2.0,0.0,0.0,0,38.68471608438257,0.31221781976432605,85
117371.18,12.0,0.16483679618342256,0.7751763520969168,117412.88,716.3852883537381,0.0,Harvester,WI,1121,1.0,0.0,0.0,1,32.063685466852135,0.35070942524971827,79
129983.44,13.666666666666666,0.18525507615962764,1.1053678414657593,170722.64,609.0815780801203,0.0,Harvester,OH,1121,3.0,0.0,16.222222222222225,0,62.80544478058639,0.3096441865984549,78
251831.54,4.5,0.16835509373658453,0.8629982534215279,144931.02,667.4248874928542,0.0,Loader,IL,1111,0.0,0.0,2.25,0,33.38607077168982,0.3515829521932049,71
68958.5,11.0,0.13932120641687212,0.7753031180741983,132923.75,793.3917513719913,0.0,Planter,IN,1111,2.0,0.0,0.0,1,42.44717727258688,0.3044268518716984,65
128524.56,7.5,0.07418407640974638,0.9815287957438428,101579.79,629.965879888893,1.0,Sprayer,MO,1112,4.0,0.0,6.25,0,68.96004345438087,0.15626398950098466,70
189471.06,8.0,0.1516522986792041,0.7994565451228333,119313.67,719.8471990608181,0.0,Combine,NE,1152,0.0,0.0,26.0,1,30.896389156509308,0.3398595203661855,67
131831.28,2.0,0.20109784639982126,0.5477418025671716,93514.56,665.7951044177078,0.0,Tractor,OK,1152,0.0,0.0,0.0,1,19.843040681925675,0.4114117650359699,71
242397.24,9.0,0.21604232412614,1.0960551264866778,99503.69,708.4712691313163,0.0,Loader,IA,3331,1.0,0.0,8.666666666666666,0,43.9672740166749,0.37810777609279017,65
105172.78,13.0,0.1398260151060809,0.9646482341016849,94385.44,612.3124779661586,1.0,Combine,OH,1152,6.0,1.0,8.0,0,72.79977450789704,0.2142264660902868,80
142634.41,16.0,0.20175529578213744,1.1994433614857418,157692.08,610.0046156078367,0.0,Loader,IL,1152,3.0,0.0,0.0,0,80.31061699585558,0.2911340617904263,69
189338.64,9.0,0.1038346546533047,1.0750715405093274,119252.03,614.0131454559007,0.0,Combine,ND,1112,3.0,0.0,0.0,0,61.75351222977162,0.23032763019376146,69
93178.13,10.5,0.0,0.7566962616449002,87745.61,715.0552691072628,1.0,Planter,NE,1113,3.0,0.0,42.25,0,47.19441987492627,0.12561116025014749,72
182229.49,4.0,0.24174027261225375,1.0134459755675629,44648.27,627.9360400032404,0.0,Harvester,ND,1151,3.0,0.0,16.0,0,66.12220222190871,0.35949586816843637,65
143662.34,7.5,0.2766664515924503,0.9443174960879128,80320.23,643.0432427576924,0.0,Sprayer,OH,1119,2.0,0.0,2.25,0,43.33232970456006,0.44000179218333013,62
250933.92,10.0,0.20804209489686257,0.9138533261738266,124304.51,578.9965752810182,0.0,Planter,WI,1112,3.0,1.0,0.0,0,62.99512746376748,0.33205183996932763,72
234049.23,4.0,0.1249293211549117,0.7538573300345905,57829.31,761.8456962585617,0.0,Loader,SD,3331,2.0,0.0,4.0,1,38.71328704470909,0.2975027470654935,75
173993.3,15.0,0.20675942761223212,1.114504456509024,40000.0,689.2727033283293,0.0,Harvester,KS,4238,3.0,0.0,0.0,0,69.25958368614717,0.3182402602399378,59
182952.64,5.0,0.19555341706453314,1.1119199648772855,119935.85,685.1161953758125,0.0,Harvester,WI,1112,1.0,0.0,0.0,1,34.486710952323186,0.37657999515988677,75
59416.93,7.0,0.13972277898525964,0.9078105848429991,118139.21,593.7537044038103,0.0,Sprayer,KS,1119,3.0,0.0,28.666666666666668,0,60.40390949035827,0.26891496000454307,74
147648.26,8.0,0.20289710517829262,0.7610781501210753,40000.0,727.6725006160254,0.0,Planter,KS,1113,1.0,0.0,49.0,1,35.373607056843554,0.3821498910646055,62
217434.71,6.666666666666667,0.0741428021367721,1.100366236986277,40000.0,809.2132962109189,1.0,Loader,WI,1113,5.0,1.0,54.888888888888886,0,77.93231460146541,0.1382781729338413,79
191285.84,4.5,0.042207827533034176,0.8443226647420602,177882.77,808.4809028346315,0.0,Sprayer,KS,1121,1.0,0.0,0.25,1,35.568446364839154,0.22107093480335588,69
65220.92,6.0,0.15167091397303933,0.941098909357147,42146.01,604.9810222200354,0.0,Tillage,WI,1111,3.0,0.0,0.0,0,65.68380531456619,0.27030330334390695,62
119066.81,5.0,0.13491128808461728,0.8052356931676566,110678.87,748.6289126933204,0.0,Loader,OH,1152,1.0,0.0,0.0,1,22.727019490825747,0.3394572491029658,71
359133.13,10.0,0.16503956120856983,1.2244814872123162,182420.19,692.1474797060508,0.0,Combine,WI,1111,1.0,0.0,26.0,1,43.371155326967894,0.32829725055463405,77
196129.99,8.333333333333334,0.2554828216699315,0.9564121841976414,46843.81,765.3294227969033,0.0,Harvester,MN,1111,2.0,0.0,37.55555555555555,0,48.83910595765418,0.4078046097546232,76
151611.38,10.0,0.24465630024877996,0.6263135102394625,126629.68,599.4819259352165,0.0,Loader,OK,1112,1.0,0.0,18.666666666666668,1,31.9244271405434,0.43080744596769316,65
121066.26,15.0,0.14151058141440312,0.9947447624772019,177686.26,558.3156832304741,1.0,Tillage,OK,1152,6.0,1.0,0.0,0,85.10045465428576,0.19130967210583164,75
90314.48,8.0,0.26616736560769566,0.9248081038713984,134592.93,759.2513167134105,1.0,Loader,IN,4238,2.0,0.0,34.666666666666664,1,39.004273405695265,0.4081588187963051,69
189289.81,1.0,0.23739015254442167,0.7334282404468092,147057.49,711.3194174333112,0.0,Tillage,OH,1113,0.0,0.0,0.0,1,26.96109931465626,0.43346795391510917,77
134050.94,2.0,0.07879383106041848,0.8636815283673084,112377.72,649.017805052312,1.0,Combine,MN,1121,4.0,1.0,0.0,0,49.312223185863715,0.20016938468869103,83
186146.61,11.5,0.17961985046733975,0.8814389253187864,173344.23,636.1857515977212,0.0,Tractor,WI,1113,2.0,0.0,0.25,0,46.61222165040244,0.3363954071665349,79
202287.0,7.666666666666667,0.1187462765082314,0.9058066306143107,40000.0,595.3250599508773,0.0,Tillage,OK,1119,5.0,1.0,34.888888888888886,0,80.83694175674268,0.20707239299474606,69
173618.52,9.0,0.12471451681345841,0.6946715329207398,147641.78,587.9188620562265,0.0,Sprayer,OH,3331,2.0,0.0,25.0,0,43.91008984278824,0.2868943371278819,69
148030.68,12.0,0.2748296396048756,0.6733885789329306,95579.72,625.0034682787458,1.0,Sprayer,MN,4238,4.0,1.0,0.0,0,51.34380514172743,0.3921420293214207,74
138536.81,5.5,0.24044119974629244,0.5439291674389064,145673.16,798.3074199252189,0.0,Combine,NE,1119,0.0,0.0,6.25,1,19.988457430396654,0.45046428488549917,60
256086.62,9.0,0.24584161236813057,1.2740534940050956,40000.0,830.0,1.0,Tillage,MN,1151,4.0,1.0,24.666666666666668,0,83.09009033063587,0.29966143170685877,80
83579.67,7.5,0.08237093669729964,0.6575787554533072,125239.96,627.8814599619961,0.0,Tractor,OK,1121,3.0,1.0,0.25,0,52.58322549136013,0.2272044857145794,75
311115.02,11.0,0.3065921530311837,1.0244000305879253,175344.68,681.5699415245772,0.0,Combine,OK,1113,3.0,1.0,16.0,0,60.582661628379284,0.43542682977442515,64
214009.98,10.0,0.14347570310585372,0.7953935952892621,121261.54,621.208222843747,0.0,Planter,IN,1119,2.0,0.0,0.0,1,45.806001345462654,0.3018637004149284,70
358322.68,6.5,0.17513923148448265,1.1935102891660274,47561.81,745.4106703516204,1.0,Planter,OH,1152,4.0,1.0,20.25,0,72.98428371726533,0.249170664049952,67
122827.19,7.0,0.22469188102648857,0.9171021473410769,162116.85,721.9468284447132,0.0,Loader,IL,1111,2.0,1.0,0.0,0,35.143315323099756,0.40440525038028907,61
140485.02,9.0,0.25742139303759615,0.6909313225482228,71674.54,761.7104725620987,1.0,Sprayer,MO,1121,1.0,0.0,32.666666666666664,1,34.418027198005156,0.40858533864158586,65
102517.0,5.666666666666667,0.17045707482313174,0.6948692366305714,132421.9,662.7888363210858,0.0,Sprayer,SD,1121,1.0,1.0,44.22222222222222,1,31.458516074549145,0.3575400426740335,72
249579.16,8.5,0.15023297959364176,0.9544925294462029,40000.0,642.3866000515029,1.0,Tillage,ND,1113,4.0,0.0,42.25,0,68.87775060087063,0.2324774783919005,76
80561.98,4.0,0.247899411522014,0.7189491365879512,97480.53,689.7182973303961,1.0,Harvester,NE,3331,2.0,1.0,0.0,0,38.024534241234086,0.3918503430395458,58
200543.72,8.0,0.14941438659789102,1.086589427218932,118959.33,656.4431227445564,0.0,Combine,IL,1151,2.0,0.0,0.0,0,46.3617125195653,0.3066909615587604,79
106027.34,12.0,0.1145029501438734,0.9476925273377388,82367.37,659.2164850867603,0.0,Tractor,WI,1113,3.0,0.0,0.0,0,58.75391833248671,0.24699511347889996,62
135122.42,14.0,0.14901007035973146,0.816142538976013,40000.0,681.1658372933576,1.0,Tillage,WI,1113,4.0,0.0,9.0,0,61.1465115674439,0.24671704722484364,81
274767.24,17.0,0.15871022099595916,0.9667015112096297,171195.39,701.2662914010114,0.0,Combine,MN,1152,3.0,1.0,0.0,0,48.29176318987398,0.3121266946162112,63
68381.78,8.0,0.229297381991784,0.5479617000370792,65704.72,686.4081297308985,0.0,Sprayer,MO,1152,1.0,1.0,0.0,1,39.33300054797212,0.4006313808958398,65
109036.11,10.5,0.1967859588831456,1.0953411073666444,109270.55,750.283532818145,1.0,Sprayer,IL,1121,3.0,0.0,0.25,0,54.34957686476191,0.30808680515362175,85
75220.46,16.0,0.2927332691292896,0.9603990727502026,180540.44,666.5367259317495,0.0,Planter,IA,1121,3.0,1.0,1.0,1,49.869549686485236,0.4429941697563191,71
166901.33,10.0,0.14975581084030481,1.023240041753962,115422.94,683.6475616385586,0.0,Tillage,MN,1111,2.0,0.0,0.0,1,50.037014992176964,0.2996817808559509,85
114579.23,9.333333333333334,0.17763823117724295,0.7643631976524815,97314.64,720.1448237245178,0.0,Tillage,IN,1112,0.0,0.0,6.222222222222221,1,20.204658511028875,0.38722891415518523,57
272714.62,13.0,0.09006123840269699,0.9617956608785854,93480.71,704.5044462396086,0.0,Tractor,SD,1121,3.0,0.0,0.0,0,52.592787170204026,0.23487566406228894,85
240713.6,7.0,0.24797335034367843,0.8247916568001896,79828.18,707.5162936738119,1.0,Tillage,SD,1152,1.0,0.0,25.0,1,19.443541028735538,0.42908626828620733,81
160145.02,14.0,0.32664420214889056,0.597668589153233,40000.0,632.9272321781116,0.0,Combine,WI,1151,3.0,0.0,4.666666666666667,0,53.91701395509523,0.4688101742387001,68
146251.69,10.0,0.17365139842387864,0.8976671538200587,173652.67,812.5652725388233,1.0,Loader,IL,1121,1.0,0.0,0.0,1,30.641372356017648,0.3323686537118433,80
148836.68,11.0,0.15188787062033787,1.021726629959972,75412.86,719.5501806575884,0.0,Sprayer,OK,1113,2.0,0.0,0.0,0,46.94727157919799,0.30799332746194186,86
145606.44,6.333333333333333,0.16961452786181894,0.9293179251171398,118578.41,558.7677190199762,0.0,Planter,MO,1119,2.0,0.0,38.22222222222223,0,53.5003507673059,0.31261382632720713,61
189279.38,4.0,0.1952111718844245,0.6003596928796318,104040.53,685.2028622976544,1.0,Loader,OH,1112,1.0,0.0,0.0,1,35.61605885470877,0.34397905417500696,62
61317.36,10.0,0.09754924629811067,0.616384173703554,78963.71,736.4166488990356,0.0,Harvester,ND,3331,1.0,0.0,49.0,1,35.860841056296174,0.27582756418551835,67
96875.44,14.666666666666666,0.3182987235133917,0.8934966192381706,160229.0,635.6865221083218,1.0,Loader,IA,1113,4.0,1.0,0.888888888888889,0,59.06397181975017,0.4201707798738914,80
254782.99,10.0,0.21264510277903212,1.227099930004079,164866.39,728.1299514525701,0.0,Tillage,KS,4238,1.0,0.0,0.0,1,50.87296851931158,0.360899165740409,78
186468.95,8.5,0.42712666789735,0.8030384143734175,146907.43,664.4909757256711,0.0,Sprayer,IA,1111,0.0,0.0,20.25,1,21.28334392901114,0.5,80
88105.23,5.666666666666667,0.2834460936085437,0.5355196477307933,89723.29,767.6224342232192,0.0,Loader,OH,1151,0.0,0.0,9.555555555555555,1,18.481996413488762,0.4964821007815662,75
275749.88,14.0,0.24948739575701417,0.9839816131960587,50730.77,673.6852529663599,0.0,Harvester,ND,1121,4.0,1.0,0.0,0,69.74942346717522,0.35998854882266373,76
66629.07,2.0,0.2326630897516888,1.031454948784186,40000.0,728.2446185537783,0.0,Harvester,ND,1119,2.0,0.0,0.0,1,49.37596027620094,0.3839111691992869,63
95686.4,15.0,0.22288273678573908,0.8230844131753862,149874.2,682.2456656405569,0.0,Planter,MO,1112,1.0,0.0,0.0,1,34.91035356954905,0.403062029646641,87
345566.32,5.0,0.31667485365534953,1.2059280993253076,110894.0,687.2767183547178,1.0,Tillage,IN,1121,2.0,0.0,4.0,1,59.02704916522933,0.41862075532489085,79
153653.27,12.0,0.18580714566945947,0.7747226557120599,132500.94,634.565887770705,0.0,Loader,KS,1152,2.0,0.0,0.0,1,32.11238525197106,0.3715823751655174,69
62011.37,12.666666666666666,0.07844638707072732,0.6791130312640434,40000.0,629.5271157343327,0.0,Harvester,IL,1112,4.0,0.0,17.555555555555557,0,67.95021635154488,0.19254595436763755,68
188923.8,13.0,0.3398298452873444,0.5999489059003117,113303.41,654.3924386864111,0.0,Combine,WI,4238,1.0,0.0,9.0,1,38.38976055363824,0.5,81
196256.09,2.0,0.33523757634150997,0.820820880759095,172822.59,599.7537558214026,0.0,Harvester,OH,1121,2.0,1.0,0.0,0,32.542689424913824,0.5,81
118528.81,6.5,0.1532500153455998,0.8998712306101994,45298.3,605.1006138612855,1.0,Loader,IA,3331,3.0,0.0,6.25,0,66.91205640778881,0.2394259025300222,71
273962.62,2.0,0.23443504430142234,0.9243300564688945,87881.86,616.1193551339388,0.0,Harvester,OK,1111,2.0,0.0,0.0,0,50.549359319221,0.38333632566298037,67
156132.18,15.0,0.1772432115231124,1.1753631709889767,109506.5,622.4504825497206,0.0,Loader,WI,3331,3.0,0.0,0.0,0,66.29308856550226,0.2946570343921079,75
137599.93,5.0,0.2717256559166187,0.6955847956756589,55459.78,674.2498625274153,1.0,Loader,KS,1121,2.0,0.0,6.0,0,44.59966287938779,0.4025263301578431,78
347287.73,8.0,0.18982721321412885,1.2837256562325372,139217.88,778.9280919174234,0.0,Planter,IA,1119,1.0,0.0,9.0,0,49.65622924891115,0.34051475471630654,74
97700.01,13.0,0.1678197034073708,0.9134274467585747,233543.6,596.2556285984036,1.0,Harvester,NE,1152,4.0,0.0,0.0,0,63.41725083646949,0.26098520173443174,77
54104.24,12.0,0.15182602675921517,0.7249194014419943,145294.3,628.7518442611818,0.0,Tillage,WI,1121,2.0,0.0,4.666666666666667,1,46.37609995535609,0.309073826848503,52
82107.42,11.0,0.42132897828501387,0.9489122275957261,40000.0,676.7246799914249,1.0,Tillage,WI,1113,5.0,1.0,0.0,0,79.17686232413386,0.4829752536367461,83
380338.47,2.5,0.22949639349718864,1.263688955180545,177859.57,631.0793152802278,0.0,Planter,MN,1112,2.0,0.0,6.25,1,63.708492892286,0.35207940771261664,76
80941.56,3.0,0.15808712074737777,0.932331972016028,40000.0,660.535681997683,1.0,Planter,ND,1113,3.0,0.0,0.0,0,55.839723306008956,0.2664076741353598,88
134627.09,9.5,0.0721814452850813,0.9790780319682614,149758.59,572.4374672155677,0.0,Harvester,OK,4238,3.0,0.0,0.25,0,60.23127830464123,0.20171888867579885,81
194282.25,7.0,0.005974456329566141,0.9481550782908464,54279.63,772.5679725104966,1.0,Tractor,WI,1152,5.0,1.0,0.0,0,78.29666513098954,0.06938112606758706,66
218623.37,0.0,0.17460710905440416,0.8372169450870496,49534.65,632.9800234282724,1.0,Sprayer,WI,1112,4.0,1.0,0.0,0,63.58717520692804,0.26743275864054805,88
197567.44,12.0,0.21044979433888986,1.0248759427373926,154622.72,689.4604048007011,0.0,Harvester,OH,4238,2.0,0.0,0.0,0,48.52896623975008,0.3633918618593897,72
77310.82,6.0,0.14604295095410172,0.8183462472341102,198291.02,766.2324376212343,0.0,Tillage,OK,1152,1.0,0.0,18.666666666666668,1,29.55699301703102,0.3369289649200397,68
179879.34,3.0,0.2540779320691946,0.6729846110525746,56563.09,658.8537796430446,1.0,Planter,OK,1112,3.0,1.0,0.0,0,52.934615185781304,0.368208701697632,57
220992.41,10.0,0.07859834024838137,0.9673381505761534,82523.32,681.2180354447635,0.0,Harvester,MN,1112,2.0,0.0,0.0,0,42.71022772655884,0.2431778847952637,78
135161.23,8.0,0.10900839617103207,0.5821282392985742,174989.52,575.8561755021549,1.0,Tillage,NE,1113,3.0,0.0,9.0,0,49.680106813880755,0.22964818254327055,85
111782.03,2.0,0.3583043657610593,1.0964481602474612,156061.99,782.6685662420397,0.0,Sprayer,IA,3331,1.0,0.0,0.0,1,41.93644845738358,0.5,70
93613.39,11.5,0.16873601994720983,0.9930668699964064,94433.87,680.882929584037,0.0,Loader,ND,3331,2.0,0.0,6.25,0,52.03464331140394,0.3146667333244019,83
56586.95,10.5,0.312464699878682,0.7368810455536459,40000.0,758.8303390049343,0.0,Sprayer,ND,1112,2.0,0.0,6.25,1,43.225642734735885,0.4760134144092102,61
93971.8,8.0,0.20225973692852667,1.0148253984009832,136660.28,593.6886276182921,0.0,Harvester,WI,1112,2.0,0.0,16.0,0,59.27458620694463,0.3337105645146374,75
243862.02,8.5,0.15026969106854102,0.822838581749295,157634.22,592.6095184062957,0.0,Harvester,ND,1151,1.0,0.0,30.25,0,40.16549935326259,0.3199386923620159,64
133225.49,10.0,0.193408446663098,0.8056870453235948,126565.3,711.9931626603465,1.0,Combine,IN,1121,1.0,0.0,0.0,1,30.11811973432172,0.3531722071944545,73
114006.53,4.0,0.12897356243558508,0.8941477671007068,145670.73,830.0,0.0,Tractor,IL,1112,1.0,0.0,0.0,1,36.80946956938524,0.3053546232968146,79
266767.67,5.0,0.11714623129965103,1.0199697154501366,163659.05,614.4848340712954,1.0,Combine,IA,1119,5.0,1.0,0.0,0,74.95028993887517,0.1872456514219007,69
107581.36,7.5,0.11165212245435262,0.786268277548309,126084.14,717.4462430394759,1.0,Sprayer,SD,1112,3.0,1.0,2.25,0,40.691954372946476,0.25026821370845964,67
75347.51,4.0,0.2864181559935346,1.2131951589712275,62843.99,578.859307488722,0.0,Sprayer,KS,1112,2.0,0.0,0.0,0,67.36430411903744,0.40168954775545973,73
95165.93,2.5,0.14630696322817507,1.0595143146956265,40000.0,627.9273550409894,1.0,Harvester,OK,1152,6.0,1.0,6.25,0,100.0,0.1663069632281751,78
206852.36,0.0,0.08924177122565265,0.6747710345572785,141286.31,693.2050882014496,1.0,Planter,IL,1111,3.0,1.0,0.0,1,47.80652682586252,0.21362871757392762,81
60103.32,5.0,0.13612971943857893,0.981131995282943,147531.02,577.4463665248389,1.0,Tractor,ND,3331,4.0,0.0,0.0,0,71.30418534453764,0.21352134874950365,67
247539.95,5.0,0.13918181804092933,0.9036548796752286,40000.0,765.9168150251943,1.0,Tractor,SD,1152,5.0,1.0,4.0,0,68.39403841877454,0.2223937412033802,78
78034.62,13.666666666666666,0.233682955979099,0.6263644137039714,208028.87,727.7037059560053,0.0,Planter,SD,4238,1.0,0.0,1.5555555555555556,1,30.516742123400736,0.4226494717322975,63
255495.5,9.0,0.22809740357881916,1.0642137599406918,132974.7,669.4293840692849,0.0,Loader,IL,1111,1.0,0.0,0.0,1,44.821499869929305,0.38845440383896057,75
58927.44,9.333333333333334,0.25829166083483435,0.9181057767045662,115823.32,714.7507397752727,0.0,Harvester,KS,1112,1.0,0.0,8.222222222222221,1,37.00953748312973,0.43427258586857487,73
114225.45,8.5,0.32754397304880867,0.7023540589448828,57726.72,713.4916504266467,0.0,Tractor,IL,1113,1.0,0.0,2.25,1,42.253263344415224,0.4930374463599782,61
167948.0,4.666666666666667,0.22850167584224196,0.7363811025486708,140827.53,661.0306534429585,0.0,Sprayer,KS,3331,0.0,0.0,21.555555555555554,1,28.459847153680684,0.4215819815348806,69
93428.27,10.0,0.24709416890461758,0.9598995934570106,138397.37,680.2680865328264,0.0,Tillage,OK,1112,1.0,0.0,1.0,1,36.528103795801556,0.4240379613130145,73
66369.76,0.0,0.18542380446016465,0.7168346890947913,99456.2,703.5906410656731,0.0,Harvester,OH,1152,0.0,0.0,0.0,1,23.461832463299704,0.3885001395335652,69
272943.84,13.333333333333334,0.07486714250422602,0.8992879131110783,145362.5,654.1744140462846,0.0,Tractor,OH,1111,2.0,0.0,5.5555555555555545,0,46.8337196437024,0.2311997032168212,70
102349.84,13.5,0.19989522029328646,1.0139023372686076,40000.0,745.4836446583173,0.0,Combine,IL,1112,3.0,0.0,2.25,0,59.267318841992676,0.3313605826093011,71
111850.69,7.0,0.08410467525136282,1.239513375534639,74451.9,702.9496602570462,0.0,Tillage,WI,1121,2.0,0.0,26.0,1,54.097534758836474,0.2259096057336899,73
82333.29,15.0,0.3507058673759175,0.7449605673564161,164114.97,652.690756663737,0.0,Harvester,SD,1111,1.0,0.0,2.6666666666666665,1,34.09042886014562,0.5,71
234984.43,6.0,0.3554481141718107,0.7889345725331227,215994.5,799.4879386917822,0.0,Harvester,MN,1121,0.0,0.0,1.0,1,25.41259405094981,0.5,82
107497.62,14.5,0.2881593942479319,0.7428415257111418,232953.33,683.2853861615735,0.0,Tractor,OK,1151,1.0,0.0,6.25,1,31.622988024343226,0.4749134181992455,75
147761.77,11.5,0.24528433945213576,0.5048076121020746,157200.46,676.1893576579698,0.0,Planter,OK,1112,1.0,0.0,20.25,1,18.427664277243235,0.4584290108976493,59
212268.94,8.0,0.13250099365809923,0.7953329222272968,103692.6,772.2217721178918,0.0,Tillage,KS,1151,1.0,0.0,26.0,1,30.862353021280953,0.32077628761553734,77
61263.88,11.5,0.059923454659198294,0.8543215396124267,149157.06,692.3195534527633,1.0,Tractor,OK,3331,4.0,1.0,2.25,0,65.38325050796698,0.14915695364326434,79
100018.57,13.0,0.1377629774323172,0.6495256576695465,124756.42,648.3698276632529,0.0,Sprayer,ND,1119,3.0,0.0,18.666666666666668,0,51.211654619506774,0.28533966819330364,70
166398.48,11.0,0.18265710072833913,0.8183786310405012,40000.0,601.1387913373627,0.0,Sprayer,KS,1113,3.0,0.0,34.666666666666664,0,62.32923892219336,0.3079986228839524,61
139452.71,0.0,0.20122275498862122,0.9345583392910595,104731.46,605.5050227275665,0.0,Tractor,IN,3331,2.0,0.0,0.0,0,51.1346025741781,0.34895354984026505,65
67322.2,11.5,0.09663525994130169,0.8362735753096213,64127.9,665.1316886345664,0.0,Combine,MN,1119,2.0,0.0,20.25,0,43.548052352802394,0.25953915523569693,76
67776.54,9.0,0.16264587911318712,0.8850859668718082,100936.57,662.0533454171373,0.0,Harvester,NE,1152,0.0,0.0,25.0,1,25.458853823207132,0.36172817146677283,69
203271.71,10.0,0.10207379501777908,0.7120263281877794,59076.7,724.9549514183227,1.0,Combine,SD,1113,3.0,0.0,0.0,0,49.129740187596674,0.22381431464258575,96
134382.42,5.0,0.37789426326656383,0.9791768114702206,79111.34,600.9316941110866,0.0,Loader,IA,4238,2.0,0.0,4.0,0,53.75095687438899,0.5,86
191375.35,6.0,0.4057405043078627,1.0674536213908472,114158.62,675.6708739912086,1.0,Loader,WI,1152,2.0,0.0,14.0,0,50.79380874228759,0.5,81
190551.92,0.3333333333333333,0.1438352996509197,0.7862377189006179,193208.37,770.4384532940987,1.0,Tillage,MO,3331,3.0,1.0,0.22222222222222224,0,45.89978663879428,0.2720357263733312,72
248007.39,9.333333333333334,0.21889414082483521,0.7654307110273143,151400.49,726.4389371379705,1.0,Loader,KS,1119,2.0,1.0,36.22222222222223,1,29.8230613119298,0.37924801820097565,67
117590.04,10.333333333333334,0.1738750606107928,0.9606957470361482,110864.21,730.4879344243581,0.0,Combine,SD,1151,2.0,0.0,17.555555555555557,0,47.68967126885808,0.32849571807307665,61
104671.79,12.0,0.17909420757615527,0.9921554320328531,158916.84,759.3479877795926,0.0,Tractor,IL,1151,2.0,0.0,32.666666666666664,0,42.00504883921501,0.34508410989772526,78
85614.6,10.666666666666666,0.3450546895032153,1.0036516601987469,126889.68,683.7827796020739,0.0,Harvester,SD,3331,2.0,0.0,2.8888888888888893,1,47.405617073947525,0.5,63
64178.97,17.0,0.0855179239251935,0.9914389033236735,119683.25,698.1027281767559,0.0,Tractor,ND,3331,3.0,0.0,0.0,1,57.26981817267449,0.22097828757984456,50
166334.02,9.0,0.10135045650480023,1.0496978442205496,94312.55,613.7456760701393,0.0,Planter,IA,1113,3.0,0.0,24.666666666666668,0,64.07411597352218,0.22320222455775585,76
77415.49,14.0,0.07209811345789417,1.0265435017779843,91932.17,664.5885428773831,0.0,Harvester,ND,4238,3.0,0.0,0.0,0,60.376868504759074,0.20134437644837605,81
160117.08,7.0,0.3011930737717732,0.7967358074883248,115872.36,694.3504901300201,0.0,Sprayer,ND,4238,0.0,0.0,16.0,1,25.429871918205645,0.5,60
361383.6,12.0,0.0,1.1953562388393337,98861.37,667.0534131931339,0.0,Planter,ND,1119,3.0,0.0,0.0,0,62.40428202030745,0.1251914359593851,80
230452.91,12.666666666666666,0.18934154805745473,0.7147737150833803,95037.94,775.3089272560632,0.0,Tillage,IA,4238,1.0,0.0,13.555555555555555,1,32.002705893395905,0.3753361362706629,76
200436.79,9.0,0.24216050282288296,0.6795901524540673,145274.38,607.8076909099382,0.0,Harvester,IA,1119,1.0,0.0,16.0,1,34.392524080569856,0.42337545466174326,56
189800.14,11.333333333333334,0.0,0.9944463871939783,159462.98,586.9291323788314,0.0,Planter,IA,1113,5.0,1.0,44.22222222222222,0,83.03019522050432,0.08393960955899135,59
35865.36,15.0,0.19274844741236538,0.4575087288991299,113866.19,614.5674372205718,0.0,Sprayer,OK,1112,2.0,0.0,0.6666666666666666,0,46.670835189691445,0.3494067770329825,71
116359.37,15.0,0.28353282486706544,0.8934868741419207,56259.2,677.0100833772043,0.0,Harvester,NE,1112,3.0,1.0,0.0,0,60.86782861941047,0.4117971676282445,87
211789.55,11.0,0.22088716802122224,1.0079808854445564,73218.89,741.3737890691247,0.0,Sprayer,IA,1152,3.0,1.0,9.0,0,57.18355840588533,0.3565200512094516,69
103316.03,10.5,0.2497918306815938,0.7968171264689599,166497.22,716.619026167334,0.0,Combine,WI,1119,1.0,0.0,30.25,1,32.40051285392791,0.434990804973738,77
133334.52,9.333333333333334,0.17679550328842722,0.5725442130256015,149906.45,616.497445168141,0.0,Planter,MN,3331,1.0,0.0,10.888888888888888,1,24.59999782950804,0.3775955076294112,82
150165.71,10.0,0.1813411124296501,0.5272086250132197,193747.82,646.823877710322,0.0,Tractor,KS,1152,1.0,0.0,0.0,1,39.73653447692555,0.35186804347579903,79
141795.64,7.0,0.16885306058519384,0.8461609111450202,118549.91,733.7445477586192,1.0,Tractor,WI,1121,1.0,0.0,9.0,1,28.25366788383162,0.33234572481753055,77
210403.39,3.0,0.2890008491938692,0.8087653157094044,130716.62,742.7226744427539,0.0,Tractor,MO,3331,0.0,0.0,0.0,1,18.1972986186279,0.5,66
198524.46,6.0,0.21111581485806888,0.6779924643014743,116991.16,730.8925881336265,0.0,Planter,OK,1119,0.0,0.0,0.0,1,34.70402835070215,0.3917077581566646,66
83000.3,6.0,0.11996885423254675,0.910768906803094,214221.44,670.6576341214216,0.0,Sprayer,IA,1121,3.0,1.0,25.0,0,58.60339413701859,0.2527620659585096,77
178549.42,6.333333333333333,0.3816322400825468,0.6159318558296217,51054.03,629.6767931849948,0.0,Planter,IL,3331,3.0,1.0,14.888888888888891,0,58.166667748857535,0.5,62
297803.22,7.0,0.2022917065742272,0.934015439650942,114635.15,714.1122861860304,1.0,Tractor,WI,4238,3.0,1.0,0.0,0,52.041612568625006,0.3182084814369772,90
85894.62,11.666666666666666,0.28605001749147846,0.6141655929677683,100762.62,751.3025844517557,1.0,Loader,IL,1113,2.0,0.0,13.555555555555555,1,46.34641238074189,0.4133571927299947,75
89193.92,2.3333333333333335,0.0,1.02661068786127,88911.63,680.5754944767027,0.0,Sprayer,OH,1113,2.0,0.0,0.8888888888888888,0,50.932321743232166,0.14813535651353565,75
67966.94,6.333333333333333,0.07878286192906435,0.8940330515428072,152981.93,698.0372402526322,1.0,Harvester,OH,1119,2.0,0.0,33.55555555555556,0,44.36772086795474,0.2100474201931549,63
242281.99,14.0,0.18112284604581746,0.8145744992869618,162949.26,743.5219230178184,0.0,Harvester,IN,1111,1.0,0.0,1.0,1,22.305731459276384,0.3865113831272647,69
243915.07,7.0,0.2277616979260904,0.7911496628600061,150222.23,727.4139702366506,0.0,Combine,IL,3331,0.0,0.0,0.0,1,27.680400906827266,0.4224008961124359,71
190738.98,10.0,0.15066754231509985,0.7811031364404283,145946.35,650.7302696520926,1.0,Tractor,ND,1152,1.0,0.0,16.666666666666668,1,36.62158461714786,0.29742437308080416,86
379003.5,2.5,0.14129437478312362,1.1790184918430158,168306.9,705.2102971593393,0.0,Sprayer,MN,1119,2.0,0.0,6.25,1,61.010273414836426,0.2692738279534508,84
99444.91,4.666666666666667,0.15594957689284877,1.0231414393558684,106313.95,698.93233279635,1.0,Tillage,IA,1152,3.0,1.0,3.5555555555555554,0,49.20570872246356,0.2775381594479216,67
116350.09,0.5,0.4002396358552541,0.6526145287937144,74430.16,694.7855969769163,0.0,Harvester,SD,1152,1.0,1.0,0.25,1,46.23165726652727,0.5,66
120266.73,6.5,0.18472492290792975,0.9528494373183718,94676.89,597.4984717101371,0.0,Tillage,SD,1121,2.0,0.0,42.25,0,49.375306647563356,0.33597430961280306,65
202207.22,9.5,0.26146526180744095,1.021780475730573,142539.32,563.9234243956149,1.0,Tillage,IN,1151,4.0,1.0,12.25,0,72.65841147245567,0.33614843886252965,62
264482.54,1.0,0.17466331769522161,0.8697790250093155,77466.92,713.6665747426654,0.0,Tractor,NE,1119,0.0,0.0,0.6666666666666666,1,32.97046580374777,0.3587223860877261,70
151385.82,1.0,0.11746057520513822,1.1012876291770188,45529.03,741.8426491494886,1.0,Tillage,WI,3331,5.0,1.0,0.0,1,78.87946906774364,0.17970163706965095,88
60133.88,10.0,0.08875635804080609,0.7852287946270993,183820.3,748.6126846096026,0.0,Tractor,KS,4238,1.0,0.0,32.666666666666664,1,28.139188412653922,0.2824779812154983,73
81268.03,10.0,0.1970227652968076,0.5847348326992396,126424.66,733.4255939808302,0.0,Sprayer,WI,1151,0.0,0.0,20.666666666666668,1,24.416691400123085,0.39818938249656144,73
119410.54,8.5,0.268305593934382,0.45,166437.96,673.4327793450527,1.0,Planter,MN,1111,2.0,1.0,0.25,1,32.89038708531932,0.42252481976374334,71
279623.96,8.5,0.23538091868922895,0.8786695663875913,114053.98,728.6969245331768,0.0,Tillage,ND,1111,0.0,0.0,2.25,1,24.403364127489915,0.4365741904342491,68
111703.85,10.0,0.22531003771729224,0.7342729750679958,135867.32,645.9721094672382,0.0,Loader,ND,1112,1.0,0.0,0.0,1,28.70199013657708,0.4179060574441381,65
255564.7,13.333333333333334,0.044414618604776634,1.2365595520759536,68577.75,731.3370754029934,0.0,Combine,IA,1152,3.0,0.0,6.888888888888888,0,70.37629071249714,0.15366203717978236,67
117129.78,7.0,0.23294075840915235,0.7786419860535453,101254.82,654.3370031267376,1.0,Sprayer,MO,1113,2.0,1.0,0.0,1,44.83102024120814,0.36327871792673605,74
181020.74,5.0,0.16877491805672368,1.0233779254935995,102051.74,695.7579516438469,0.0,Sprayer,MN,1121,1.0,0.0,0.0,1,30.61712554652889,0.35754066696366593,86
147399.33,2.6666666666666665,0.249469498577434,0.6874208955553738,128402.63,723.0445801966373,0.0,Loader,SD,4238,0.0,0.0,9.555555555555557,1,19.16005247480146,0.4611493936278311,60
111375.9,10.0,0.27861773394999356,0.8360199895707393,222452.07,771.8371364688251,0.0,Tractor,MO,1112,0.0,0.0,0.0,1,20.122056624543905,0.48837362070090573,63
45555.02,0.0,0.39467665272865604,0.5299736876973591,105880.09,709.129477519492,1.0,Loader,KS,1151,2.0,1.0,0.0,0,36.723396649652706,0.5,73
240897.83,7.0,0.13300712179537655,0.8943410930681616,147200.14,697.5225764524184,0.0,Sprayer,MO,1152,1.0,0.0,0.0,1,28.765480341392465,0.3254761611125916,93
88160.89,3.0,0.058104490943898884,1.1498148992393569,156797.22,662.8664256970015,1.0,Planter,IL,1112,3.0,0.0,4.0,0,65.6953480522791,0.1467137948393407,83
79943.41,8.5,0.12989051651911668,0.9938351899835627,147945.59,668.4875612076688,0.0,Loader,IA,1113,3.0,1.0,30.25,0,58.621877346732546,0.2626467618256516,70
336290.94,12.0,0.2811570587333696,1.153579313519815,136230.57,699.1352173693116,0.0,Tillage,OH,1111,3.0,1.0,9.0,1,61.4572774946937,0.4082425037439822,81
232111.79,5.0,0.23964652558813052,0.8631000689400685,88686.01,647.5313051100102,0.0,Tractor,IA,3331,1.0,0.0,0.0,1,31.25394981930701,0.4271386259495165,69
172554.07,4.0,0.20474926921684364,0.8928276488041416,86861.03,659.4655551607635,1.0,Tractor,IL,1111,2.0,1.0,8.0,0,36.629414664565246,0.3514904398877131,78
119104.58,14.0,0.15124371848336865,0.8337878932442461,157743.61,703.4452779597381,1.0,Harvester,SD,1119,2.0,0.0,0.0,0,34.956184106975186,0.30133135026941826,75
276457.24,12.0,0.2316117214603953,1.007855647353984,75006.35,672.0795030406181,0.0,Tractor,MO,1111,3.0,1.0,8.666666666666666,0,55.08769947602495,0.3714363225083454,64
310814.88,3.0,0.10862872240962308,1.041022778220657,80666.07,687.0684811413304,0.0,Loader,KS,1152,2.0,0.0,0.0,0,49.73514192770629,0.2591584385542105,70
102574.08,8.0,0.16985270648075504,0.7547303298992735,130609.83,699.7115347149542,1.0,Loader,MO,1151,2.0,1.0,48.666666666666664,0,45.46310866787027,0.2989264891450145,73
328501.16,11.0,0.0,1.083769411914552,200703.52,710.6284183540787,0.0,Combine,WI,1111,3.0,0.0,0.0,1,62.475037624062665,0.12504992475187468,77
122655.27,7.0,0.1707529959105477,0.8252241694918374,67183.2,745.9447541191113,1.0,Combine,MN,1152,1.0,0.0,0.0,1,30.82891605804887,0.3290951637944499,87
118865.85,6.0,0.22556285371285528,0.7917168110751321,40000.0,687.8588939733338,0.0,Loader,IL,3331,1.0,0.0,16.0,1,38.66036979429274,0.3982421141242698,68
107679.77,6.0,0.19800125525938894,0.7395739748540822,167830.06,647.3137140391513,0.0,Loader,IN,1119,1.0,0.0,0.0,1,32.80312821137087,0.3823949988366472,61
189035.02,16.0,0.26722245197341893,0.8774025539703716,154460.41,756.6259864779616,0.0,Planter,MN,1112,1.0,0.0,0.0,1,25.802847213693045,0.4656167575460328,74
104262.31,16.0,0.19922251303928412,0.6967032041749736,105383.81,637.3093619614324,1.0,Planter,WI,4238,3.0,0.0,0.0,1,49.50530292145596,0.32021190719637216,73
98837.74,14.0,0.0,0.8775851583535345,108080.46,681.0460551852066,1.0,Combine,IN,4238,3.0,0.0,0.0,0,61.972150402186585,0.09605569919562681,81
190418.97,9.0,0.013654737616964452,0.9168228969460589,77436.03,580.1819375374081,1.0,Tillage,MO,4238,4.0,0.0,32.666666666666664,0,84.98530314247733,0.06368413133200979,78
228149.81,6.666666666666667,0.11758496893012203,1.0906127782695847,168735.18,666.334340300178,1.0,Tillage,ND,4238,3.0,0.0,28.222222222222225,0,60.90781581533927,0.2157693372994435,82
381485.87,9.0,0.092926651299694,1.339293989192222,114635.6,709.0678485814087,0.0,Harvester,SD,1119,3.0,1.0,25.0,0,68.14779470098854,0.20663106189771693,94
97971.48,6.333333333333333,0.2232422253729914,0.8017540947298358,92352.46,796.445965094101,0.0,Tillage,IL,1151,0.0,0.0,10.888888888888891,1,23.80681544528946,0.4256285944824125,72
131496.11,7.333333333333333,0.08067985054222948,0.9510660288062963,155133.91,624.8932496616893,1.0,Planter,NE,1112,4.0,0.0,46.88888888888889,0,72.8357532423822,0.15500834405746508,82
246068.67,1.0,0.11648368878620906,0.9489423670813031,225660.73,658.1209017778076,1.0,Planter,IL,1119,4.0,1.0,0.0,0,65.27891826006037,0.20592585226608834,70
253036.34,9.0,0.22435214810316523,0.9181804662036204,115224.51,749.7479254280167,0.0,Harvester,MO,4238,1.0,0.0,0.0,1,34.40944494100679,0.4055332582211516,92
249355.97,14.0,0.19949838014845286,0.9315226356215494,132078.06,655.959446886123,0.0,Loader,NE,1151,2.0,0.0,0.0,0,50.45193592629984,0.3485945082958532,69
169393.09,3.0,0.17530063463661227,0.684275444129703,40000.0,680.1916862732963,0.0,Combine,OK,1112,1.0,0.0,9.0,0,34.11098490844938,0.3570786648197135,77
201834.54,7.666666666666667,0.29287680296550905,0.9878360103097453,258502.33,664.3879687044537,0.0,Loader,IA,1151,1.0,0.0,16.88888888888889,1,37.65816282121613,0.4675604773230768,74
295822.74,6.0,0.1331539192052244,0.917453585765373,94706.26,661.5926970150144,0.0,Combine,OK,1151,2.0,0.0,1.0,0,45.41894864759098,0.29231602191004247,75
322748.69,7.333333333333333,0.22532490433014524,1.1354030887651547,81208.79,683.704974432493,0.0,Loader,KS,1121,1.0,0.0,46.88888888888889,0,48.57237785936886,0.3781801486114075,71
219226.88,10.666666666666666,0.44717257679182354,0.9122509194281574,133658.49,778.3498632846895,0.0,Sprayer,WI,1113,2.0,0.0,37.55555555555556,1,34.973042078566394,0.5,74
57427.14,15.0,0.10902746921610217,0.9271664461733886,127871.86,609.9847633108216,0.0,Sprayer,OK,1121,4.0,0.0,4.0,0,65.85246056912918,0.2273225480778438,64
194739.18,16.5,0.16078627936926865,0.8720646753205965,81157.4,659.2035313101146,0.0,Sprayer,IL,4238,1.0,0.0,0.25,0,48.47307575295438,0.3138401278633599,66
196823.18,3.0,0.24631080144365386,1.0939811405836972,52243.82,787.7450562141748,0.0,Tractor,IA,1111,2.0,0.0,0.0,1,64.19930557444576,0.3679121902947623,74
170045.22,6.0,0.22388096432891685,0.761947164009059,115291.46,735.2470733573092,0.0,Planter,NE,1151,0.0,0.0,0.0,1,21.56039823607289,0.43076016785677107,63
76516.65,8.0,0.3709833501160463,0.7956833743780976,146547.11,729.9354098795484,1.0,Harvester,KS,1119,2.0,1.0,8.666666666666666,1,28.646597947984944,0.5,76
154490.61,9.0,0.15992889033692692,0.7219325739528248,165626.93,617.0484005243239,1.0,Harvester,KS,3331,3.0,1.0,38.0,0,48.002567043911746,0.2839237562491034,79
108044.44,12.0,0.15098902031999215,1.0697274873094607,115941.7,688.3265059303546,0.0,Sprayer,MN,1119,2.0,0.0,9.0,0,44.1438980540563,0.31270122421187957,73
82052.05,8.0,0.06186390081408458,0.9223497000858875,141208.75,645.6370602630946,0.0,Combine,WI,1121,3.0,0.0,64.0,0,62.60366817910934,0.1866565644558659,73
139870.62,13.0,0.25657232575716304,0.7051086208576672,160605.84,830.0,1.0,Sprayer,WI,1111,2.0,0.0,14.0,1,34.592107809804794,0.4073881101375535,79
228761.6,1.0,0.12527317936333532,0.7196905065386348,107193.25,648.1431353005268,0.0,Harvester,IL,1151,2.0,0.0,0.0,1,39.499077773086746,0.2962750238171618,59
200730.31,6.0,0.17707846180256526,0.8376316012936618,65582.7,759.626349460625,0.0,Tractor,NE,1121,0.0,0.0,0.0,1,29.878687092886118,0.36732108761679305,61
250588.11,11.0,0.31671539943376403,1.0705050721281524,135254.72,784.2520831542568,1.0,Sprayer,IL,1119,3.0,0.0,4.0,1,53.389792187968254,0.4299358150578275,82
274451.09,9.333333333333334,0.2507786792193797,0.9677300234456228,40000.0,777.4114281995809,0.0,Loader,IN,1152,3.0,1.0,16.222222222222225,0,58.90890072856433,0.382960877762251,76
48314.38,10.5,0.10689882467863289,0.6558432083709749,198445.04,705.9739533625949,0.0,Loader,IL,4238,2.0,0.0,42.25,1,31.954274381490816,0.29299027591565124,78
274863.58,12.333333333333334,0.06880497644243258,0.9296767973346997,64370.87,699.4763195142544,0.0,Sprayer,SD,3331,3.0,0.0,26.88888888888889,0,56.8408038923739,0.20512336865768477,72
151520.6,6.0,0.11787050982203233,0.7645061609551571,56641.47,678.7602309905044,0.0,Planter,IL,1112,2.0,0.0,36.0,0,44.74056674497795,0.27838937633207644,79
192493.61,7.0,0.12934866802876344,0.904261116008699,113915.76,789.5681158870608,1.0,Loader,IN,1119,4.0,1.0,0.0,0,57.69444473147003,0.23395977856582337,79
185392.27,7.666666666666667,0.3004246788792345,0.7133059527369114,150801.61,729.9780075033033,0.0,Loader,OK,4238,0.0,0.0,16.22222222222222,1,16.191640583879717,0.5,81
138559.9,3.5,0.18567888834234444,0.8783885788410003,81963.26,622.4682428217623,0.0,Tractor,NE,1121,2.0,1.0,12.25,0,42.96508691863632,0.34974871450507183,65
213973.08,8.0,0.36762948047645716,0.9090530520586083,118388.94,638.1531856319657,0.0,Tractor,OK,1152,2.0,0.0,0.0,1,45.41205132630694,0.5,60
111269.53,12.5,0.23457790375366894,0.8475699313727186,169443.44,698.2761757104738,1.0,Loader,IL,1151,2.0,0.0,0.25,1,46.508390546470785,0.3615611226607274,78
201539.45,11.0,0.2256767651986361,0.7303685495288063,133890.17,739.1589310264501,0.0,Planter,MO,3331,1.0,0.0,0.0,1,30.865601053675014,0.41394556309128605,72
188825.4,10.0,0.19295038835886347,0.6975308740407282,54738.87,653.0872847431881,0.0,Tillage,OK,3331,1.0,0.0,0.0,1,42.30119253862605,0.35834800328161137,73
36378.99,12.0,0.26755826447830305,0.54650898489575,179962.87,651.4260717629887,1.0,Combine,OK,3331,3.0,1.0,0.0,0,44.59033810877104,0.398377588260761,81
82493.49,11.666666666666666,0.1524572561246268,0.834241440893593,139888.99,766.8367256183642,0.0,Sprayer,ND,4238,1.0,0.0,2.8888888888888893,1,41.76113312048878,0.3189349898836492,85
138309.88,7.5,0.2315031752223852,0.9507653625665364,134655.17,679.6477613289438,0.0,Tractor,SD,1112,1.0,0.0,30.25,1,44.65748134004247,0.3921882125423003,78
117023.69,4.0,0.1409479588074908,0.8156326069006412,160062.02,681.5146398190262,0.0,Loader,NE,1112,1.0,0.0,8.666666666666666,1,26.07435714313047,0.3387992445212299,86
47326.37,14.0,0.10495595479419108,0.7682178841346726,40000.0,670.2765955553754,0.0,Planter,SD,1112,3.0,0.0,9.0,0,61.7905753355239,0.2313748041231433,78
152682.02,6.0,0.12284951653515466,0.8239049018890504,163223.14,754.8001669049452,0.0,Sprayer,ND,1121,1.0,0.0,4.0,1,23.530094742489304,0.32578932705017605,69
169355.61,7.0,0.16440725457639144,0.8067259174569414,127636.93,724.0544114336466,0.0,Tillage,OH,1151,0.0,0.0,0.0,1,22.311014313821747,0.36978522594874796,73
110934.36,4.666666666666667,0.25345305976690025,0.7512746328730815,40000.0,648.5879810861718,0.0,Combine,MN,4238,2.0,0.0,4.222222222222222,1,49.198483249352066,0.40505609326819614,75
267737.7,6.5,0.24578685822938798,1.2301850420556217,129898.15,613.825928327084,0.0,Harvester,ND,1119,2.0,0.0,0.25,0,62.36101721653667,0.37106482379631467,83
146520.79,8.0,0.17712763571953818,0.6148914822754566,40000.0,725.6984034307391,0.0,Harvester,MO,3331,1.0,0.0,0.0,1,35.42933805495024,0.35626895960963767,73
175601.73,4.333333333333333,0.0712872834698339,0.599791128615505,118619.37,798.9659999277831,0.0,Tractor,OK,1119,1.0,0.0,6.888888888888888,1,31.900697121909086,0.25748588922601573,62
131133.76,7.666666666666667,0.22698739981270105,0.8460747861327585,40000.0,728.7517029381653,1.0,Sprayer,KS,3331,3.0,1.0,36.22222222222222,0,60.95183560968688,0.32508372859332724,84
156063.82,15.0,0.2310573373672877,1.0505661221346172,144061.94,655.1518763168218,0.0,Harvester,NE,1112,2.0,0.0,0.0,0,38.83898144697562,0.4033793744733365,71
259726.35,4.666666666666667,0.28915833351963494,1.0717683586136755,59854.58,766.2260919459998,0.0,Loader,OK,1151,2.0,0.0,6.222222222222222,0,51.35715498453803,0.4364440235505589,65
171222.06,15.0,0.17448845749717795,0.6544019987761068,40575.77,731.1317144806245,0.0,Harvester,NE,4238,2.0,0.0,0.0,1,50.22296049238546,0.324042536512407,72
142628.39,2.0,0.05660331423014614,0.646634980946543,40000.0,652.6954557914653,0.0,Tillage,IL,1112,2.0,0.0,0.0,0,58.00203207542538,0.19059925007929537,69
220882.1,15.0,0.2383237425387038,0.7416853717319741,76409.17,629.674092265017,1.0,Sprayer,OH,1113,3.0,0.0,0.0,0,55.181991634735596,0.3479597592692326,71
251133.04,17.0,0.25096386663779163,1.0650096859178133,63792.95,695.4805171774095,0.0,Sprayer,MO,1113,2.0,0.0,0.0,0,57.54383686426126,0.3858761929092691,83
197784.98,9.666666666666666,0.18677577280006402,0.919139274754587,112784.52,683.7122807597389,0.0,Combine,MO,1112,1.0,0.0,10.888888888888888,1,36.515213260231945,0.3637453462796001,79
188921.34,17.0,0.18032474392022188,0.8409083209604618,161640.01,691.1718606795815,0.0,Tractor,ND,1113,1.0,0.0,0.0,1,33.04665376661354,0.36423143638699484,69
235362.1,10.0,0.11580369666523596,1.171925247095587,112165.49,759.6966933617551,0.0,Tractor,NE,1112,2.0,0.0,16.0,0,48.17410139060155,0.2694554938840329,80
143059.78,11.0,0.21574083098375002,0.8764079839842125,79647.13,752.7495615124737,0.0,Tillage,IA,1113,1.0,0.0,0.0,1,44.15109342945445,0.3774386441248411,81
89837.26,6.0,0.3177517125533458,1.021048916973514,149651.49,699.2208305599686,0.0,Tractor,IN,4238,1.0,0.0,8.666666666666666,1,46.12946325508801,0.47549278604316975,70
325240.31,10.0,0.34447847333293735,1.0758388780549188,130941.3,776.3637980486528,0.0,Sprayer,WI,1121,2.0,1.0,1.0,1,49.89976955031427,0.4946789342323088,61
210065.31,11.0,0.2387785757505036,0.8402890593950102,108581.48,729.4350239093579,0.0,Sprayer,IA,1151,1.0,0.0,18.666666666666668,1,29.967312518580126,0.42884395071334336,68
178418.69,6.0,0.18651805596277402,0.7925997190547768,112582.25,655.0595862574173,0.0,Loader,IL,1111,0.0,0.0,0.0,0,26.30879930093662,0.38390045736090084,76
318128.1,17.0,0.1845865584296599,1.1338752343509408,144599.84,706.5125210384201,0.0,Sprayer,IN,3331,2.0,0.0,0.0,0,53.246240549512116,0.32809407733063567,83
55018.77,3.0,0.06399079496041116,0.7450810154862546,147475.58,686.9271978566856,0.0,Combine,IL,1111,2.0,1.0,9.0,0,43.26869167489768,0.2274534116106158,66
194444.96,13.666666666666666,0.1750061523115344,0.8204440476752004,172509.75,650.4310443915708,0.0,Harvester,WI,1119,1.0,0.0,11.555555555555555,1,23.494467733542972,0.37801721684444844,73
109179.76,8.5,0.24943983098935935,0.7010196804708785,143891.99,695.6241162806078,0.0,Tractor,KS,4238,1.0,1.0,0.25,1,42.62102592729292,0.4141977791347735,71
238885.91,1.0,0.21866260714969532,0.7607773980376187,56334.75,726.6483917657679,1.0,Planter,IA,3331,3.0,1.0,0.0,0,50.801171597810495,0.3370602639540743,68
128784.38,4.0,0.4202660649794001,0.68467747393759,98237.88,611.4717057611115,0.0,Combine,WI,1113,1.0,0.0,0.0,0,30.808746147096134,0.5,61
106485.43,7.666666666666667,0.06337772509583242,0.8184124796682315,40000.0,675.6140954413479,1.0,Harvester,KS,1111,4.0,1.0,34.888888888888886,0,67.49676684959215,0.14838419139664813,68
206233.45,10.5,0.2908798896755018,0.6998479656430867,96826.81,784.8530608571314,0.0,Tractor,IL,1111,1.0,0.0,42.25,1,34.685102004008606,0.47150968566748463,63
234790.68,5.5,0.22773886376732919,1.35,79769.79,618.6920418148552,1.0,Combine,IA,1152,3.0,0.0,6.25,0,77.25401351333699,0.2932308367406552,96
107248.87,6.0,0.04322459861986941,0.4602738063334466,179882.56,723.9511744363858,1.0,Harvester,ND,3331,3.0,1.0,14.0,1,39.3252669738735,0.18457406467212242,77
141391.51,7.0,0.19569432293571173,0.6580508127803566,75970.04,668.6200415348608,0.0,Harvester,NE,3331,0.0,0.0,18.0,1,29.090836267971873,0.387512650399768,68
128228.61,11.666666666666666,0.43898194759770626,0.9020659418078638,165378.54,630.5052908411299,0.0,Tillage,MO,3331,3.0,0.0,20.222222222222225,0,47.971444589084584,0.5,81
262916.25,9.333333333333334,0.0588117378713745,0.864593834810055,238947.41,693.9157590306723,0.0,Planter,IA,1113,2.0,1.0,10.888888888888888,1,34.73552572528265,0.2393406864208092,62
167849.16,5.5,0.1401760015075572,0.8272675148863686,78432.5,646.6381800600348,0.0,Sprayer,OK,3331,2.0,0.0,12.25,0,39.43590419439218,0.31130419311877283,70
118775.76,7.0,0.15582911762366441,0.48753408242712604,40000.0,648.6311522562863,0.0,Loader,IA,4238,3.0,1.0,0.0,0,57.73598291688589,0.29035715178989263,54
119462.16,6.666666666666667,0.0,0.8757928344407393,205270.05,673.632471337882,0.0,Loader,OH,1151,1.0,0.0,6.888888888888889,1,36.34880817875702,0.17730238364248596,76
220204.92,0.0,0.29486828426148093,0.9390836036247971,102748.63,746.8936162424872,0.0,Tractor,KS,1111,2.0,1.0,0.0,0,48.42479781613435,0.44801868862921224,69
85816.2,5.666666666666667,0.22729809965307743,0.7210650568994846,129384.82,748.590365443456,0.0,Planter,OH,1119,0.0,0.0,27.555555555555557,1,26.94708284029445,0.42340393397248854,74
274902.47,7.5,0.17044964576031912,0.8850439936646578,107110.74,711.4791827975735,0.0,Planter,IN,1152,0.0,0.0,20.25,1,29.281769514648033,0.36188610673102306,78
144543.66,5.333333333333333,0.22794551469188468,0.7328394883006062,113111.21,653.5254437149779,0.0,Combine,NE,3331,1.0,1.0,11.555555555555557,1,28.40587328902161,0.4211337681138414,66
257642.75,13.5,0.11014374590552599,1.216145315074231,228158.28,711.213636728271,0.0,Harvester,IA,4238,3.0,0.0,0.25,0,61.54432826975422,0.23705508936601755,67
295816.36,9.333333333333334,0.08118058837402552,1.0827189217201028,111405.23,757.1410543280875,0.0,Combine,NE,1111,2.0,0.0,24.222222222222225,0,49.87253171766751,0.2314355249386905,89
132899.28,7.666666666666667,0.35526032557570175,0.9817828754504367,107447.02,710.6824403292436,0.0,Sprayer,NE,1121,1.0,0.0,16.22222222222222,1,37.0347656920969,0.5,75
115219.01,16.0,0.06196594160952845,1.1687937992863637,40000.0,644.4295215611519,1.0,Harvester,OK,1121,6.0,0.0,0.0,0,100.0,0.08196594160952846,89
292117.07,4.0,0.14049859794647002,1.2390543553136402,212363.12,690.292765364491,0.0,Tractor,ND,1112,2.0,0.0,0.0,1,56.06942940674087,0.2783597391329883,76
94843.15,11.333333333333334,0.1732255816635535,0.7370819029902546,40000.0,712.2679757695491,0.0,Loader,IN,1113,2.0,0.0,24.222222222222225,0,52.09629446145323,0.319032992740647,80
147104.27,10.0,0.22909532739263203,0.8490003751430624,40000.0,544.894705803989,0.0,Tillage,IA,1111,2.0,0.0,16.0,0,55.90213709137322,0.3672910532098856,68
108349.94,9.0,0.1932478553705005,0.7331019145422011,119928.35,646.8177689984932,0.0,Harvester,ND,1151,1.0,0.0,0.0,1,30.88292594039342,0.3814820034897136,81
168021.03,5.5,0.13731308003624287,0.7242644059301213,40000.0,672.732351259006,0.0,Planter,KS,4238,2.0,0.0,2.25,0,48.86966583795475,0.28957374836033334,74
161015.86,8.333333333333334,0.08337722786829507,0.7769543561557761,108349.39,767.0259845958778,0.0,Planter,ND,1113,1.0,0.0,14.888888888888888,1,28.963699629175125,0.2754498286099448,73
186491.87,8.0,0.1730454285462055,0.8378574032890758,95927.94,749.3383471466357,1.0,Loader,ND,4238,2.0,1.0,0.0,0,41.08913196642977,0.31086716461334596,84
132447.03,13.0,0.22781697388524436,1.3088684108831332,138160.56,680.8189638440289,0.0,Harvester,IL,1119,2.0,0.0,8.666666666666666,0,57.56400179820203,0.3626889702888403,83
60663.24,8.5,0.15367670933325994,0.5705509959023116,73114.35,761.1430482652654,1.0,Loader,WI,1112,1.0,0.0,6.25,1,28.210712970832038,0.3172552833915958,67
132229.37,8.5,0.20591088739868374,1.1709307156414708,70930.9,651.5752171935651,0.0,Planter,KS,3331,1.0,0.0,0.25,0,55.58579986584305,0.34473928766699763,72
198048.83,9.333333333333334,0.06189399058221892,0.8369278050622472,75408.03,707.4324696648208,0.0,Sprayer,MN,1112,1.0,0.0,20.222222222222225,1,31.20853242709304,0.24947692572803282,70
98047.14,5.0,0.4053409050716417,0.9324169362036688,63015.89,585.6202025055122,0.0,Loader,NE,1121,2.0,0.0,0.0,1,52.544807153239525,0.5,65
217450.75,15.5,0.3325965249676657,1.0409106979250775,187214.29,817.8642177777753,0.0,Harvester,KS,1151,2.0,0.0,0.25,1,55.759576386398095,0.47107737219486945,78
232639.64,2.5,0.2590704287869989,1.0075828483429423,190580.15,730.0437688987449,0.0,Harvester,KS,1119,1.0,0.0,0.25,1,35.925620706676135,0.4372191873736466,78
61211.82,12.0,0.1273797649355683,0.8399411409675707,92273.93,609.1052402935625,1.0,Harvester,WI,1112,4.0,0.0,0.0,0,61.996767978924964,0.22338622897771834,70
243188.41,4.0,0.3728260148300653,0.7573093805445219,116311.34,746.5429460969551,0.0,Planter,KS,1151,0.0,0.0,0.0,1,22.53605768214825,0.5,65
93689.58,5.5,0.1594870231689494,0.7089960301160954,161696.02,594.9973767244209,1.0,Tillage,KS,1151,2.0,0.0,6.25,0,43.624740181247155,0.2922375428064551,76
109276.61,9.0,0.15427775428859875,0.9987071585653413,123914.9,730.5260092006029,0.0,Combine,MO,1121,1.0,0.0,6.0,1,41.99757941228967,0.3202825954640194,89
162982.48,10.5,0.18767234368415292,0.9399526670712859,134323.23,644.1647156727827,1.0,Tractor,IL,1151,4.0,0.0,30.25,0,59.908766936707615,0.28785480981073763,86
156380.43,9.5,0.3137273814907589,0.7489635126344593,176583.74,691.5482450623311,1.0,Harvester,NE,1119,1.0,0.0,30.25,1,40.23407075528012,0.4532592399801987,69
346645.92,12.0,0.0,1.1881079268559434,211506.01,804.5979034254818,0.0,Planter,MN,1151,3.0,0.0,0.0,1,70.13161683913825,0.10973676632172351,77
143347.26,12.0,0.08635658199328396,1.0436487283984976,175910.3,643.1018786950849,1.0,Combine,SD,3331,6.0,1.0,25.0,0,84.45460196154444,0.13744737807019508,67
66326.36,4.0,0.10170215576953495,0.8901058012439501,96492.53,675.5842677490454,0.0,Tractor,MO,1111,1.0,0.0,0.0,1,25.95924345891664,0.2997836688517017,77
71388.37,7.5,0.14466760531674067,0.9110492978258198,160276.09,746.3683578054653,0.0,Planter,ND,1121,3.0,1.0,12.25,0,49.26413870810877,0.2961393279005231,76
180073.8,7.333333333333333,0.22673714224781563,1.0416709284381984,40000.0,704.7856593772512,1.0,Sprayer,OH,1119,4.0,1.0,6.888888888888889,0,73.91267944766867,0.29891178335247837,87
67152.83,17.0,0.17424915720655484,0.703831413504476,59894.78,746.3754300394768,0.0,Tillage,NE,1112,2.0,0.0,0.0,1,51.876575550967004,0.32049600610462087,61
293186.32,13.0,0.3087135402323708,1.0294715948393576,190161.51,727.0143083290462,1.0,Loader,ND,1111,3.0,0.0,1.0,0,65.3609096569716,0.3979917209184276,94
106165.47,9.0,0.1373737530488987,0.6263200158162432,91701.41,802.2271377878495,1.0,Harvester,IA,1112,2.0,0.0,32.666666666666664,1,43.61183522082904,0.2701500826072406,70
171947.83,6.0,0.2304333436623421,1.1311164767177415,111187.46,665.9531548226398,0.0,Combine,MN,4238,1.0,0.0,0.0,0,37.62982258712012,0.4051736984881019,84
137861.2,8.0,0.30243289942823404,1.065869142289338,222284.05,600.6300975815788,0.0,Tractor,IA,1121,2.0,0.0,0.0,0,58.00223723557902,0.436428424957076,87
130196.32,11.5,0.10744129650526883,0.7016066285155618,197126.22,686.0584769619746,0.0,Tillage,IA,1121,3.0,1.0,20.25,0,42.27677430569219,0.2728877478938845,79
93493.63,7.5,0.13406842291800034,0.45,90730.43,633.9228520507907,0.0,Combine,IL,4238,3.0,1.0,6.25,1,45.62923046156289,0.2928099619948746,58
129775.93,11.333333333333334,0.25058454445373207,0.8785213035250319,108098.59,753.3720448158969,0.0,Harvester,IA,1151,1.0,0.0,6.222222222222221,0,35.28460005964711,0.43001534433443783,63
143141.18,6.0,0.22630386182740525,0.8622046391267886,131912.09,673.2322675353626,0.0,Loader,NE,1152,0.0,0.0,0.0,1,24.31133423158841,0.42768119336422844,72
184770.22,9.0,0.311594257507088,0.8354844689906402,98525.12,712.8883356500808,0.0,Harvester,MN,4238,0.0,0.0,4.666666666666667,1,22.595302513765198,0.5,65
171552.48,7.666666666666667,0.11714342885824604,0.7420500375799911,169390.79,755.535294695758,0.0,Loader,IN,1111,1.0,0.0,6.222222222222222,1,36.76229578560625,0.29361883728703353,63
181584.8,8.5,0.16144419472728033,1.064562646166396,41758.33,629.8444616055831,0.0,Tractor,OH,1111,3.0,0.0,0.25,0,69.15650479287825,0.2731311851415238,69
260406.45,12.0,0.16527867139408436,0.9753121166356064,122310.31,785.879210617833,0.0,Combine,IL,1111,3.0,1.0,4.666666666666667,1,49.90400706195185,0.31547065727018064,69
194353.3,0.0,0.1757530743895247,1.0295122385571698,79909.79,667.9450836658689,0.0,Loader,MN,1119,1.0,0.0,0.0,1,46.67936035635104,0.33239435367682263,65
57062.39,8.0,0.20062349502913662,0.7019160900798178,77041.25,663.6224958223321,0.0,Sprayer,IL,1152,0.0,0.0,24.666666666666668,1,27.801173623111474,0.39502114778291364,72
118022.05,10.666666666666666,0.10459109456260067,0.7036080105427681,104934.74,772.3661374847925,0.0,Sprayer,MN,1152,2.0,0.0,4.222222222222222,1,44.702407605648155,0.26518627935130434,66
147419.88,12.0,0.19002984627307182,0.7054616295938224,167634.77,740.2867269426265,0.0,Sprayer,ND,1111,1.0,0.0,2.0,1,31.41260167297918,0.3772046429271135,66
96484.72,4.5,0.07397617102043373,0.6991094609439472,139234.28,629.5181110595155,0.0,Combine,MN,1113,3.0,1.0,0.25,0,45.82353823865535,0.23232909454312303,63
81499.18,10.5,0.18966523014208955,1.1914950319213946,58085.89,753.4593371636712,1.0,Combine,IA,1151,5.0,1.0,30.25,0,85.38879017492788,0.23888764979223384,63
106248.53,15.0,0.21697909483905556,0.9828173086270808,67772.97,735.0004997790036,0.0,Tractor,SD,1112,2.0,0.0,0.0,0,51.06633536234306,0.36484642411436946,88
173071.53,12.5,0.27109709562138906,1.2336343935789555,40000.0,830.0,0.0,Loader,MO,1152,3.0,0.0,2.25,0,69.51448943142005,0.38206811675854896,74
183104.23,12.0,0.03678484395780726,0.946255607544557,143858.94,644.9314062870936,0.0,Tractor,NE,1119,4.0,0.0,0.0,0,65.86371726798134,0.1550574094218446,83
249313.46,7.0,0.21543929112069107,0.8040728309079679,111296.77,736.0612247098197,0.0,Sprayer,IL,3331,0.0,0.0,9.0,1,16.587657149695808,0.43226397682129947,73
86923.83,7.0,0.02842541889833572,0.8193136771803022,105492.9,675.9038515011927,1.0,Combine,NE,1121,2.0,0.0,0.0,1,42.06903751296139,0.16428734387241295,76
279914.54,16.0,0.211702572280002,1.2064724926566495,104083.39,729.5091378731961,0.0,Combine,ND,1152,2.0,0.0,0.0,1,58.24136500305603,0.3452198422738899,76
130295.28,12.0,0.2552071234618505,1.0001277238900161,127672.89,750.1007724051145,0.0,Planter,MN,1112,2.0,0.0,0.0,1,47.63035137483862,0.40994642071217324,67
165487.02,11.5,0.27399970187776,0.8254251963916446,72600.74,617.3712903646775,0.0,Harvester,MO,4238,3.0,1.0,30.25,0,50.860489435111916,0.42227872300753616,56
319961.58,9.0,0.20667239074324667,1.1567870081434855,40000.0,617.942868990204,0.0,Tillage,OH,3331,3.0,0.0,49.0,0,72.9566847542891,0.3107590212346685,81
91215.23,10.0,0.25523692044005797,0.5873047920472271,191949.53,664.8754510593735,1.0,Combine,OH,1111,1.0,0.0,1.0,1,26.82145415398136,0.42159401213209524,61
53001.69,13.0,0.2510671556260025,0.8423741939150644,98719.54,702.9563428851942,1.0,Loader,KS,3331,2.0,0.0,0.0,0,33.40507148117264,0.4042570126636572,61
130638.56,7.333333333333333,0.22587495071215702,0.8851656596342908,174909.02,658.7180822229277,1.0,Planter,IN,4238,1.0,0.0,28.222222222222225,1,31.70770250938653,0.3824595456933839,78
190953.72,12.0,0.06447078457209984,0.7480336753485064,159377.24,611.878337889536,1.0,Tractor,ND,1151,4.0,0.0,0.0,0,62.49358980519173,0.1594836049617164,64
297924.11,11.333333333333334,0.29407071672091206,1.1244731464788962,157797.81,611.8049959129396,0.0,Loader,NE,1112,3.0,0.0,2.8888888888888893,0,57.162266445999585,0.4297461838289129,63
188381.59,8.666666666666666,0.3364508027497215,0.6452770736989741,113666.7,692.564476353671,0.0,Tillage,IN,1119,0.0,0.0,17.555555555555554,1,24.673322289134582,0.5,53
94566.68,9.666666666666666,0.181256896449711,1.2188768240774888,121279.94,689.3694568086925,0.0,Harvester,OH,1152,1.0,0.0,28.222222222222225,0,44.05749005297635,0.3431419163437583,79
228330.42,9.0,0.13632279324301616,0.9765272704158141,188922.1,689.9040438418889,0.0,Planter,KS,1151,2.0,0.0,0.0,1,43.59914255827531,0.2991245081264655,68
193939.72,10.0,0.22528931475895736,0.6615490538609365,108761.95,681.7413629379778,1.0,Planter,OK,4238,1.0,0.0,14.0,1,32.038133592600616,0.38121304757375607,84
251240.13,4.0,0.08955028065840964,0.7780404601605768,138062.56,660.6636679597665,0.0,Planter,MO,1112,1.0,0.0,0.0,1,37.25365332839125,0.26504297400162713,65
229816.95,3.0,0.1881914906461783,0.8360579010845286,40000.0,626.1279387402573,0.0,Tractor,OH,4238,2.0,0.0,0.0,0,55.596530921467505,0.32699842880324326,60
151240.3,8.666666666666666,0.14346871975410758,0.6040843218965127,153569.97,656.2253373560598,0.0,Tillage,OH,1121,1.0,0.0,5.5555555555555545,1,23.537800654375644,0.34639311844535625,56
283522.15,17.0,0.2773145326065382,0.9812139720507046,110401.61,614.2753949482742,1.0,Loader,OK,1152,4.0,0.0,0.0,0,66.51858287900274,0.36427736684853274,80
231995.31,10.0,0.16961908739102755,0.7223002136389676,156858.15,693.1575539290986,0.0,Sprayer,OH,4238,0.0,0.0,0.0,1,22.806379797743592,0.3740063277955403,69
49032.27,6.0,0.13899846188464388,0.8151484989835425,144262.93,732.9246499335538,1.0,Combine,MN,3331,3.0,1.0,0.0,0,49.82758712975617,0.2593432876251315,80
252483.34,1.0,0.2981956448287807,1.0867133945477212,189780.01,715.2137692942042,0.0,Tillage,NE,1121,1.0,0.0,0.0,1,44.99931026996724,0.45819702428884623,72
116948.83,3.0,0.1706279989081461,0.5719348312485173,210679.28,678.2411725982524,0.0,Combine,MO,1111,1.0,1.0,6.0,1,29.134149831735545,0.36235969924467504,65
58957.33,8.666666666666666,0.2095097317023529,0.6561554933428246,210009.99,701.1194873343441,0.0,Combine,SD,3331,0.0,0.0,27.555555555555557,1,19.03769774218253,0.42143433621798787,57
274696.9,17.0,0.24018182585423345,0.9134895118573939,48447.73,725.4759179123283,1.0,Harvester,OH,1113,5.0,1.0,0.0,0,74.0364790696177,0.312108867714998,68
188850.79,6.5,0.07553303339492036,0.8539327757220639,138645.64,591.7300373385299,1.0,Combine,IN,1119,3.0,0.0,6.25,0,58.598627716236514,0.17833577796244734,85
180488.16,3.5,0.3149691671491395,1.040615527791318,193466.91,683.092018958121,1.0,Loader,MN,1119,2.0,0.0,6.25,1,43.04895175404349,0.44887126364105245,77
201616.8,2.0,0.14405879196743693,0.8650785357733204,195050.25,716.391147029622,0.0,Tillage,MN,1119,2.0,1.0,4.0,0,40.00086489103627,0.3140570621853644,61
273384.91,10.0,0.11650824032899826,0.9051863761670405,58364.73,638.2878335090855,1.0,Combine,OK,1152,5.0,0.0,0.0,0,78.70432995774057,0.17909958041351712,77
305702.46,17.0,0.197444638167687,1.0589830842623773,191328.42,707.0177061867959,0.0,Tractor,MO,3331,2.0,0.0,0.0,0,49.99150169344219,0.34746163478080266,61
239125.85,7.0,0.23930687600262965,0.7585437868138446,114530.4,699.9191260715452,0.0,Harvester,WI,1119,0.0,0.0,0.0,1,24.643938061344397,0.44001899987994086,75
236486.27,5.0,0.34990478624058585,0.859495049250445,130435.76,704.876696236061,0.0,Sprayer,IL,1121,0.0,0.0,0.0,1,21.761713286500896,0.5,93
133601.89,5.666666666666667,0.3367469706909328,0.7377986866413304,40000.0,711.1466383331565,0.0,Combine,MN,1121,1.0,0.0,24.222222222222218,1,39.126894095807884,0.5,66
169133.55,7.0,0.18537914274895276,0.5687671935863947,132622.74,743.5035798789658,1.0,Combine,WI,1112,2.0,1.0,0.0,1,30.631749519328686,0.34411564371029546,83
289282.97,11.5,0.29196056547022264,1.091355882215947,84663.04,777.7312622338566,0.0,Tillage,OK,1121,2.0,0.0,6.25,1,39.26199973056082,0.463436566009101,64
73016.33,11.666666666666666,0.2772824038652571,0.8332694743577606,163462.44,635.9949584727058,0.0,Planter,IN,1112,3.0,1.0,10.888888888888888,0,50.99011864273086,0.42530216657979536,67
264973.61,9.5,0.06794324326622538,0.9837150440818286,83022.4,695.7674796268037,1.0,Harvester,OK,1119,3.0,0.0,2.25,0,57.93250836116719,0.17207822654389102,75
128749.06,6.333333333333333,0.2231875705674249,0.7253273566810171,68138.1,738.3147665719,0.0,Planter,MN,1121,0.0,0.0,20.222222222222225,1,26.139758474449824,0.42090805361852524,68
79461.01,6.0,0.042808307638792786,0.7237251824846597,130321.33,685.4103169225374,0.0,Loader,IN,1113,1.0,0.0,12.666666666666666,1,31.243464909367127,0.23032137782005851,60
109960.38,17.0,0.173791062911868,1.0668380722037396,51170.53,678.5505439210177,1.0,Planter,MN,1111,4.0,0.0,0.0,0,80.86847684871213,0.23205410921444372,75
178564.14,9.0,0.18995234378447215,0.6086977791943395,120266.02,788.9448777264612,0.0,Sprayer,IN,3331,0.0,0.0,49.0,1,20.912028268905598,0.39812828724666094,63
143061.73,11.333333333333334,0.1072444390988445,1.08100789911617,58909.08,706.7545968710089,0.0,Tillage,NE,1152,4.0,0.0,10.888888888888888,0,69.01255275805447,0.21921933358273557,55
168927.23,13.0,0.053659503351015964,0.5221823506717578,74009.68,602.3863501795921,0.0,Combine,IL,3331,3.0,0.0,14.0,0,60.30830267990107,0.18304289799121382,67
165292.49,7.333333333333333,0.18664089588552374,0.6155004931504569,101441.62,625.4933129593755,1.0,Sprayer,NE,1119,2.0,0.0,32.888888888888886,0,32.907344193017565,0.34082620749948855,74
234946.08,11.0,0.08168395292136997,1.069231635731404,118891.31,757.2525418115273,0.0,Sprayer,IL,4238,3.0,0.0,0.0,0,66.90166108328594,0.1978806307547981,58
137652.35,0.0,0.20632882581553258,0.7668865998345642,139594.54,644.6741425404798,0.0,Combine,ND,1121,1.0,0.0,0.0,1,31.831378495906797,0.392666068823719,70
277930.33,4.0,0.2375698135193498,1.2427731454808992,154239.77,682.1052754335891,0.0,Sprayer,SD,1112,1.0,0.0,0.0,0,51.617848208007445,0.38433411710333487,78
145388.91,1.5,0.23121108374571184,1.1419411113506166,78475.22,698.7403407209649,0.0,Harvester,OH,3331,1.0,0.0,0.25,1,40.759347351670236,0.39969238904237137,74
122486.23,2.0,0.06909399263036353,0.7603044122521685,156151.87,727.3644798101476,0.0,Tractor,NE,1121,1.0,0.0,0.0,1,33.74550277445546,0.2516029870814526,70
141238.21,8.0,0.10208723562325259,0.45,175244.61,745.1648295247899,1.0,Harvester,OK,1152,3.0,1.0,0.0,1,48.72413660105332,0.22463896242114598,73
272777.13,11.0,0.25610598201777557,0.8601182779646115,91181.18,644.2321953914335,1.0,Planter,IA,1111,3.0,0.0,25.0,0,46.056603535724264,0.383992774946327,82
186418.87,4.666666666666667,0.22715436764407956,1.213431473611255,132433.14,712.4178380481899,0.0,Sprayer,MO,1113,2.0,1.0,16.88888888888889,0,59.34627442611575,0.3584618187918481,58
78477.81,9.0,0.0957568270339646,1.1016255182840824,192556.77,715.9622045698629,1.0,Harvester,IN,1151,3.0,0.0,64.0,0,59.27145223927237,0.19721392255541983,77
89918.5,11.0,0.23749731927994638,0.7420657983605289,163280.96,657.6619779789646,0.0,Planter,IL,1113,1.0,0.0,0.0,1,36.70586076751305,0.41408559774492026,52
65623.14,6.333333333333333,0.2266145069346258,1.0081528308418128,138969.07,678.211058726158,0.0,Tillage,SD,1119,1.0,0.0,24.888888888888886,1,35.021667948266135,0.40657117103809354,68
300843.49,10.0,0.15815657372682995,0.9464295716811809,70745.35,630.3660345327099,0.0,Loader,WI,1113,2.0,0.0,0.0,0,50.14757204582448,0.307861429635181,71
139164.41,10.666666666666666,0.1519012405903133,0.8456704219945415,99727.03,827.9248632028813,1.0,Tillage,IA,1121,3.0,1.0,57.55555555555555,1,40.20824472720411,0.2914847511359051,69
175244.02,7.333333333333333,0.2288965262194218,0.9796372908947971,118421.09,606.0372346649406,0.0,Sprayer,MN,1113,2.0,0.0,17.555555555555557,1,51.837196668993755,0.3752221328814343,56
146111.49,9.333333333333334,0.3292413651588491,0.9131464551240832,40970.84,639.8893600210923,0.0,Loader,OH,1121,3.0,0.0,43.555555555555564,0,50.124109385977604,0.4789931463868939,79
207750.12,10.0,0.15061840237142837,0.6736658369688396,130979.49,584.8501662136672,0.0,Tractor,OK,3331,1.0,0.0,26.0,1,30.12306193540743,0.34037227850061347,52
151979.59,9.5,0.22160295793412282,0.779988137270157,88437.58,639.7030901425513,0.0,Tractor,KS,1151,1.0,0.0,6.25,1,25.726528926352504,0.42014990008141784,67
103179.35,3.0,0.2841247532584628,0.8439616942679502,116430.39,636.1333208203478,1.0,Loader,IL,3331,3.0,1.0,9.0,0,51.10193182269644,0.40192088961306993,82
270764.04,7.0,0.2760250215772795,0.8994791682934958,156023.98,751.2122626330745,0.0,Tractor,NE,3331,0.0,0.0,0.0,1,20.206363877700035,0.4856122938218794,79
224802.5,10.333333333333334,0.06945700813367085,0.9423534628364203,105472.33,679.8642800511055,0.0,Combine,IL,1111,3.0,0.0,54.888888888888886,0,47.68370728804236,0.22408959355758612,70
280276.4,17.0,0.3241397452690472,0.9046058565988983,74768.98,697.9841729218357,0.0,Planter,MN,1121,2.0,0.0,0.0,0,51.50441138699128,0.4711309224950646,81
175641.08,9.0,0.17326389905325562,0.7919660557385937,80895.19,544.1560415794439,1.0,Tractor,OH,1121,3.0,1.0,4.0,0,62.35180332807723,0.2685602923971011,86
305911.28,6.333333333333333,0.2051356802303205,1.1319992414632205,236116.23,675.197275291909,0.0,Combine,MO,1111,1.0,0.0,48.22222222222223,1,51.10136913479508,0.35293294196073033,68
125453.71,7.333333333333333,0.1735380288831063,0.9838393559077571,77069.88,696.2764664126238,0.0,Combine,ND,1151,1.0,0.0,9.555555555555555,0,39.14903517081826,0.3452399585414698,64
268739.7,8.333333333333334,0.16920715704628614,0.9950411991460031,167344.75,685.6564200440388,0.0,Tractor,SD,1111,1.0,0.0,16.222222222222225,1,31.612525686621126,0.3559821056730439,57
50711.71,1.0,0.3792825580051451,0.7070660596316408,173474.23,709.004514374766,0.0,Loader,NE,3331,0.0,0.0,0.0,1,23.379598919490554,0.5,90
101934.3,11.0,0.25278337466994283,0.7213991950239207,91277.71,728.232833513488,0.0,Tillage,OH,1119,1.0,0.0,0.0,1,35.34367863024258,0.4320960174094577,81
130039.94,10.5,0.25942424738954195,0.9217858819558455,106286.89,736.0890490803764,0.0,Combine,NE,1112,3.0,1.0,6.25,0,49.26947285250696,0.410885301684528,58
114073.07,6.0,0.16037115414768927,1.0973365050960162,106874.44,726.53607661306,0.0,Loader,SD,1113,1.0,0.0,0.0,0,37.625839614208886,0.33511947491927147,86
233458.54,10.333333333333334,0.12009239617543113,1.0390141913363062,174863.8,667.9654094126494,0.0,Planter,WI,1121,3.0,0.0,4.222222222222222,0,56.77180884896467,0.2565487784775018,59
209943.17,14.0,0.08348606102180245,0.9397932940231764,92651.21,738.732824396338,0.0,Sprayer,NE,3331,4.0,1.0,0.0,0,58.95257846977045,0.21558090408226155,70
395733.72,12.0,0.2738956939516795,1.2780164633661202,111322.55,830.0,1.0,Combine,IN,1111,3.0,0.0,24.666666666666668,0,58.511637585564515,0.37687241878055044,81
341612.2,7.0,0.10217454964884923,1.1148517059678735,79834.66,611.0068319927931,0.0,Harvester,KS,1111,3.0,0.0,0.0,0,61.48390090059122,0.22920674784766681,79
152544.0,3.0,0.1587616136096334,0.8101985423254089,161933.76,665.2683403430143,0.0,Loader,KS,1119,0.0,0.0,0.0,1,21.57777768401733,0.36560605824159875,72
193717.42,11.0,0.0005513548745870178,0.6256107547783892,40000.0,746.1708270165603,0.0,Tillage,IL,1152,3.0,0.0,9.0,1,59.854759807948426,0.13084183525869017,71
59642.5,11.0,0.11935930248941617,0.6996033223760754,89581.74,650.9778921996221,1.0,Combine,OK,1119,4.0,1.0,0.0,0,57.50098959737182,0.22435732329467253,72
96721.62,6.666666666666667,0.08392626549990465,0.9157046501173901,66055.75,711.9384993271437,0.0,Sprayer,KS,3331,3.0,1.0,13.555555555555557,0,51.83251803232363,0.2302612294352574,74
145637.59,15.333333333333334,0.037669539378555245,1.2612777662374355,97799.21,649.1753349563295,0.0,Sprayer,MN,1113,4.0,0.0,2.8888888888888893,0,73.510678716651,0.14064818194525325,68
100726.05,16.0,0.18652130394480232,0.8828989131647079,108335.31,637.2752550881123,0.0,Combine,WI,4238,2.0,0.0,0.0,0,44.30258419104925,0.34791613556270384,77
268776.97,1.0,0.17834226526563474,0.8875598356859365,110008.22,667.307376754906,0.0,Tractor,ND,1121,0.0,0.0,0.0,1,23.047590589116666,0.3822470840874014,78
77347.65,5.0,0.20184663802862574,0.9582617727186385,91715.3,689.9074454227765,0.0,Sprayer,NE,1113,1.0,0.0,0.0,1,30.609511035230934,0.39062761595816387,59
98134.41,9.333333333333334,0.2770569312258495,0.5993110176449904,196873.22,646.169895588682,0.0,Harvester,NE,1152,1.0,0.0,29.555555555555557,1,32.55638408638372,0.46194416305308206,66
58124.33,10.333333333333334,0.13113594685183633,0.8509481665726202,104505.31,751.9847526062194,0.0,Loader,KS,1119,2.0,0.0,22.888888888888886,1,42.83282234458757,0.2954703021626612,72
59593.77,8.5,0.21271112482073026,0.8404663926548652,93126.7,638.5346740448607,0.0,Tillage,KS,1152,1.0,0.0,20.25,1,30.722337117738768,0.4012664505852528,61
146132.88,4.0,0.2768211454747256,1.1474870008327265,59048.03,758.3176240245169,1.0,Harvester,IL,4238,4.0,1.0,9.0,0,72.1533461112054,0.3525144532523148,82
107995.41,8.0,0.19269074872608405,1.0739958603202135,122433.89,607.4830110031367,0.0,Tillage,IA,1152,2.0,0.0,0.0,0,54.98777202670055,0.33271520467268295,67
134438.86,7.5,0.15180037593870946,0.7540310635543497,170941.13,697.9633338182333,0.0,Planter,ND,1112,0.0,0.0,0.25,1,21.83460486902081,0.35813116620066787,68
192767.32,7.0,0.19097348674802814,0.7388684012539904,121020.49,640.4862512154169,0.0,Tillage,OK,1121,1.0,0.0,0.0,1,43.96553659036566,0.3530424135672968,69
89941.64,9.666666666666666,0.18431381546502118,1.171619105102556,122432.94,751.8609309395955,1.0,Planter,KS,1119,2.0,0.0,17.555555555555557,1,56.65405809230336,0.2910056992804144,77
330842.87,6.333333333333333,0.22230607965863242,1.148222381613383,120395.02,763.0486141492688,1.0,Sprayer,IN,3331,2.0,0.0,10.888888888888888,1,53.603162677073506,0.33509975430448535,83
183386.06,4.0,0.09885845337506545,0.8596296862487985,124583.03,657.89758037566,0.0,Tractor,WI,1111,1.0,0.0,1.0,1,41.0846064657395,0.26668924044358644,67
154872.17,12.0,0.3045279820587963,0.9454812902169918,73863.96,671.4892981678854,1.0,Sprayer,IA,1151,3.0,0.0,0.0,1,55.24131807390123,0.41404534591099384,80
137237.56,10.0,0.04951374823050014,0.9637144377100552,102539.19,695.4712610158656,1.0,Combine,WI,1151,4.0,1.0,4.666666666666667,0,59.66756051653396,0.15017862719743222,90
213233.58,4.333333333333333,0.3935056175747309,0.8339289991712877,211496.13,760.8779977066654,0.0,Harvester,IA,1113,0.0,0.0,6.222222222222221,1,30.142188697935968,0.5,71
71697.46,15.0,0.16359372180424236,0.8844007699455616,111130.74,702.4939539113107,0.0,Sprayer,MO,1113,1.0,0.0,0.0,1,38.30654782852936,0.3369806261471836,78
170592.38,6.0,0.22632292632529927,1.096075671983836,127748.32,634.8471794046487,1.0,Tractor,ND,1151,4.0,1.0,0.0,0,72.25114296781219,0.30182064038967493,84
69805.87,10.5,0.015512263569682716,0.8645906864065934,49241.11,760.5536070856492,0.0,Planter,ND,1152,3.0,0.0,2.25,1,54.7705087007117,0.1559712461682593,65
189995.05,16.0,0.11557307408077533,1.0584584967971524,117748.92,737.7436574368145,0.0,Sprayer,OH,1121,3.0,0.0,0.0,1,55.992391838674834,0.2535882904034257,75
111580.4,10.5,0.1166242214084919,0.9564432015770358,133706.14,732.9512367960053,1.0,Tillage,IN,1119,4.0,0.0,20.25,1,59.76931769321953,0.21708558602205283,74
125158.17,7.333333333333333,0.18876210583516925,0.645802990624364,61697.5,668.2505913127308,0.0,Planter,ND,1112,0.0,0.0,11.555555555555557,1,29.867464930711193,0.3790271759737469,76
318004.31,5.0,0.19494626047052138,1.0578208985707203,252735.23,638.2795233660363,0.0,Sprayer,WI,1151,2.0,0.0,0.0,1,55.14109277199199,0.3346640749265374,67
120385.23,8.5,0.0627838111218075,0.9734504989167594,150660.78,662.1044596278034,0.0,Planter,NE,1111,2.0,0.0,2.25,0,53.86971305731841,0.2050443850071707,68
85900.09,7.0,0.18122470939749188,0.45,80614.75,675.4375526002397,1.0,Planter,IL,1152,2.0,1.0,8.666666666666666,0,40.28825783645667,0.32064819372457853,63
152151.39,12.333333333333334,0.21458836205669105,0.9239387900161034,58749.69,663.5317381874023,1.0,Combine,ND,1119,4.0,0.0,34.88888888888889,0,56.39363531928195,0.3218010914181272,77
253963.17,1.0,0.22858807946154522,1.07913196781078,197859.31,700.0778940472048,0.0,Tillage,OH,4238,1.0,0.0,0.6666666666666666,1,40.41570618828106,0.39775666708498314,86
206155.25,4.0,0.20659543638297598,0.7573439849413759,108951.9,663.0778073808639,1.0,Planter,ND,1112,1.0,0.0,0.0,0,36.724801684400035,0.3531458330141759,78
193935.71,5.0,0.3313489240647113,0.7791367313640039,80689.98,676.9093552416066,0.0,Tillage,MN,1111,0.0,0.0,1.0,0,18.679960727612624,0.5,57
185860.09,8.0,0.17189292128547248,0.8221583445932957,223930.65,593.0899869648013,0.0,Tillage,ND,1113,1.0,0.0,25.0,0,34.464578015975974,0.3529637652535206,59
125898.71,7.5,0.1502280984628279,0.6712289285619463,108468.53,654.5685462287454,0.0,Sprayer,IA,1151,0.0,0.0,20.25,1,21.58687979659189,0.3570543388696441,75
180941.91,9.0,0.18315471292287006,0.5583674228945601,107720.96,721.8895414226514,0.0,Sprayer,ND,3331,0.0,0.0,0.0,1,21.951649433160874,0.3892514140565483,72
184518.98,3.0,0.14198324268854087,0.5889473079703097,164234.62,660.1897853060716,0.0,Tillage,OH,1119,1.0,0.0,0.0,1,35.892927531262124,0.3201973876260166,77
119668.39,8.5,0.4256356081222372,0.8446427940388892,127473.86,714.7634759370652,0.0,Loader,MO,1119,0.0,0.0,2.25,1,24.842007960023928,0.5,82
218441.53,17.0,0.10033242478516295,0.9504203494132119,40000.0,707.1026048682264,1.0,Sprayer,MO,1121,5.0,0.0,0.0,0,84.58291287390549,0.151166599037352,96
212873.05,1.0,0.21383735581505103,0.7888787209767529,129739.38,753.67213381544,0.0,Loader,MO,1119,1.0,1.0,0.0,1,21.82810689638114,0.42018114202228873,53
52747.43,6.0,0.24517397887937076,0.87052982325003,89811.8,637.8772515398454,1.0,Harvester,IA,3331,2.0,0.0,0.0,1,37.893022616911914,0.3893879336455469,69
93670.72,16.0,0.15218605785245332,0.673004566114821,140488.7,696.639069479788,1.0,Tractor,NE,1111,3.0,1.0,0.0,0,44.7305469045723,0.2827249640433087,80
112310.58,17.0,0.31165132355740965,0.7098538206627922,212893.71,623.1388997340421,0.0,Loader,SD,1121,3.0,1.0,0.0,0,46.893755750747665,0.4678638120559143,83
107562.08,7.5,0.10140924104076053,0.6691670539017942,177674.18,667.496659265485,1.0,Combine,ND,3331,3.0,1.0,30.25,0,51.1398555666406,0.21912952990747933,76
325780.77,6.5,0.1547922247011405,1.335104165537611,89986.98,628.9818433258417,0.0,Loader,OH,1152,2.0,0.0,42.25,0,55.73381220372632,0.29332460029368784,71
193107.67,4.333333333333333,0.11654026960415106,0.8766232073037465,132054.54,677.1702485351088,1.0,Loader,OH,1112,2.0,0.0,17.555555555555557,0,47.45316405740472,0.2416339414893416,80
80966.78,8.5,0.2780733577298468,0.8041592905637741,90008.45,687.9234731053308,0.0,Tillage,IN,1113,0.0,0.0,12.25,1,30.375857603485375,0.46732164252287606,73
146242.58,11.0,0.25487407870167067,0.6748400937756206,120446.87,703.4645864716771,0.0,Planter,IN,1113,2.0,1.0,0.0,1,34.65699865925862,0.4355600813831534,74
174906.96,4.0,0.18341035084145607,0.9129246514231669,137826.11,645.1295343608562,0.0,Tillage,WI,1151,2.0,0.0,0.0,0,40.57508487797857,0.35226018108549895,72
170837.18,9.0,0.13575525732728,0.5541616022043732,61169.45,610.4147482971741,0.0,Harvester,IA,1111,2.0,0.0,0.0,0,47.586824651688644,0.2905816080239027,77
111905.26,5.5,0.22486186431949762,0.6555770962162212,91708.14,670.4493332903928,0.0,Loader,OK,3331,1.0,1.0,20.25,1,22.55652860654626,0.42974880710640506,76
165171.37,0.0,0.23152151007871355,0.9544263179300299,87771.44,715.7878281398037,0.0,Tractor,MO,1121,1.0,0.0,0.0,0,42.14249522489627,0.39723651962892104,74
46340.42,10.0,0.038398229691189306,0.45,198852.82,633.394448620091,1.0,Sprayer,OK,4238,3.0,0.0,52.666666666666664,1,50.692995900414566,0.1570122378903602,67
49487.22,1.0,0.1941667533349605,0.689170323077259,100408.23,784.5113929253379,0.0,Tillage,NE,1151,0.0,0.0,0.0,1,28.414326650406153,0.3873381000341482,73
172827.77,7.0,0.10279423398932218,0.78976236531071,93342.3,636.8803224448698,1.0,Loader,MO,3331,4.0,1.0,0.0,0,65.31959153493327,0.19215505091945564,87
187146.13,13.0,0.23740360250400042,0.9874688301811636,222748.29,747.5016709031805,0.0,Tractor,SD,3331,2.0,0.0,0.0,1,42.803375621786465,0.4017968512604275,69
176777.57,6.0,0.351171647974994,0.652398757309073,154946.13,674.160170995048,0.0,Tillage,OH,1152,1.0,1.0,24.666666666666668,1,28.290967510750132,0.5,69
210200.54,4.0,0.2012967658492858,0.8516012625224244,100341.0,698.8200016129392,0.0,Planter,SD,3331,0.0,0.0,16.0,1,9.725749900821466,0.43184526604764284,57
78590.82,6.333333333333333,0.1760380181937466,0.7806355487779162,188359.83,770.6411550794126,0.0,Planter,MO,4238,0.0,0.0,9.555555555555555,1,21.749417263075024,0.38253918366759654,80
60995.6,9.0,0.025218475673722263,0.8564044028762092,166271.44,656.7249607955198,1.0,Loader,IL,1113,2.0,0.0,1.0,0,48.383129131942724,0.1484522174098368,79
236545.92,6.0,0.18131330772146348,0.9309998282842458,40000.0,668.8989231321032,1.0,Tractor,MN,1113,4.0,1.0,0.0,0,73.96151886798432,0.25339026998549485,85
131838.19,5.5,0.27763662640881986,0.9093526374278862,88919.71,695.9227475722233,0.0,Loader,ND,1111,1.0,0.0,30.25,1,32.34072068483723,0.46295518503914534,71
287708.29,7.0,0.15088454245177613,0.9259659011825007,130179.94,708.9462612198779,0.0,Loader,OK,1112,1.0,0.0,1.0,1,32.51287822129633,0.33585878600918345,65
96540.98,6.0,0.16708526472105728,0.814613083437615,40000.0,635.8163082229046,0.0,Sprayer,MN,1121,2.0,0.0,0.0,1,49.51189863142463,0.318061467458208,62
58276.96,17.0,0.3558024780827047,0.8730240981959821,158999.32,657.248474245635,1.0,Sprayer,IA,1151,2.0,0.0,0.0,0,40.27205971176247,0.49525835865917966,75
332079.24,3.5,0.19372295473127854,1.179989603496686,213562.77,674.0684497596013,1.0,Sprayer,WI,1121,3.0,1.0,2.25,0,51.47783767743072,0.3107672793764171,83
117472.75,4.0,0.41153287726217347,0.9945520783770272,77319.05,593.0102166893099,1.0,Sprayer,SD,1152,3.0,0.0,9.0,0,61.880322286566106,0.5,82
61786.22,12.0,0.14762605080020175,0.7859657623424159,156444.95,626.1046652586109,0.0,Tractor,IN,1121,3.0,0.0,0.0,0,54.59090361238041,0.2884442435754409,79
97424.7,7.0,0.23014649813338725,0.7621382148227097,94340.86,622.5916829928013,0.0,Loader,KS,1111,1.0,0.0,36.0,0,34.9831066575021,0.4101802848183831,73
170761.44,9.666666666666666,0.17436138495740558,0.7552263496943599,122793.21,681.6857390620198,0.0,Tractor,MN,1121,0.0,0.0,22.88888888888889,1,22.355149791177848,0.3796510853750499,70
246539.02,9.666666666666666,0.14401786044099923,0.9976302378769324,106352.93,556.8352178435946,1.0,Harvester,MN,1152,4.0,0.0,1.5555555555555556,0,63.87461656037577,0.2362686273202477,70
347203.17,8.5,0.375852183193077,1.0821583798469612,122164.3,573.1244431303342,0.0,Harvester,NE,4238,2.0,0.0,2.25,0,57.60867893055958,0.5,69
152297.03,11.0,0.18747839935938304,0.8921808264512877,128045.44,811.3588918927221,0.0,Loader,WI,1151,1.0,0.0,9.0,1,33.81260332440131,0.3698531927105804,69
219275.74,16.0,0.1869354370483506,1.1491902090491066,126525.76,741.2636744936862,0.0,Harvester,SD,1121,2.0,0.0,0.0,1,50.73888219929073,0.33545767264976917,79
84369.44,7.0,0.1779559331935563,0.8122919071785821,46505.42,676.9004440813934,1.0,Sprayer,WI,1121,3.0,1.0,32.666666666666664,0,59.6884794031491,0.2785789743872581,78
342995.25,9.333333333333334,0.1523732833916969,1.1618419388630172,127287.82,723.3626236657685,0.0,Harvester,KS,1113,2.0,1.0,44.22222222222222,0,50.218607925572144,0.30193606754055263,70
88601.83,7.0,0.12126509459268531,1.2781383352497961,201067.31,777.5196963115271,0.0,Harvester,NE,1121,2.0,0.0,8.666666666666666,1,57.50250367768887,0.25626008723730753,57
298940.25,9.333333333333334,0.36352655471960305,0.976207831868965,144139.83,706.6217404968997,0.0,Tillage,ND,1112,1.0,0.0,2.8888888888888893,1,34.26259108075553,0.5,67
108910.24,8.0,0.15260566021847238,0.9119772477918344,68468.09,608.6477095222031,0.0,Harvester,WI,1121,2.0,0.0,0.0,0,48.02107138672205,0.3065635174450283,74
293927.88,13.666666666666666,0.26023632377395445,0.987025931572837,88760.16,713.0601064870143,0.0,Harvester,OH,1111,3.0,1.0,4.222222222222222,0,57.656599281880126,0.3949231252101942,79
150996.34,6.0,0.33977044978926463,1.0839963885204777,79031.42,675.5142828503614,0.0,Planter,IN,1121,1.0,0.0,4.666666666666667,0,47.670764551153866,0.4944289206869569,88
122404.68,1.0,0.30824978733715913,0.7138598127185637,214523.26,677.8325892141906,0.0,Combine,IL,3331,0.0,0.0,0.0,1,13.820867633607655,0.5,65
82197.89,4.5,0.02249256839449995,0.4611220365498442,103401.86,775.243981137102,1.0,Planter,IN,3331,3.0,1.0,2.25,0,58.57124883754966,0.12535007071940063,72
71858.12,7.0,0.18464128243028022,0.9844589402701031,85347.87,663.2554956551228,1.0,Combine,OK,1113,3.0,1.0,18.666666666666668,0,58.56677038293572,0.28750774166440873,66
117172.33,9.666666666666666,0.2190408792883272,0.6766681487667403,48801.91,686.1206180735159,0.0,Planter,NE,1151,1.0,0.0,8.222222222222221,1,39.581747708911074,0.3898773838705051,65
76677.64,12.0,0.1624788580913442,0.8277166286547191,177939.51,776.4267248322923,0.0,Loader,MO,1112,1.0,0.0,16.0,1,29.609812743025056,0.3532592326052941,59
217450.6,14.0,0.2702199309636739,0.8602145228662428,121392.85,626.8632294649964,1.0,Sprayer,KS,1113,4.0,1.0,0.0,0,57.188213367271004,0.37584350422913193,77
195519.75,7.5,0.19715464567823046,0.932209016499476,40000.0,803.051227224024,1.0,Planter,MO,1119,3.0,0.0,0.25,0,50.039956471684654,0.3170747327348612,68
131953.41,5.0,0.19250929373500122,0.5062667877715006,150321.78,682.5601468888563,0.0,Planter,NE,1151,0.0,0.0,9.0,1,31.31805950311594,0.37987317472876936,69
56827.87,13.5,0.1264414323258801,0.7607230809892399,142670.33,688.3891704978149,0.0,Combine,MN,1121,2.0,0.0,0.25,1,36.55117537606991,0.3033390815737403,57
51833.85,9.0,0.10768813495053839,0.7734438146086036,114737.17,723.8571908323709,1.0,Loader,NE,4238,3.0,1.0,1.0,0,41.184429430784434,0.24531927608896956,71
218942.13,0.0,0.2184844835505977,0.7501195539622875,112941.1,805.1242569911827,0.0,Harvester,WI,1152,0.0,0.0,0.0,1,16.99414837607462,0.4344961867984485,73
337512.5,9.666666666666666,0.15740279793505169,1.0837692460979222,115349.26,686.7080081267281,0.0,Tractor,IA,1121,1.0,0.0,29.555555555555557,1,46.25320272965782,0.31489639247573603,81
138261.99,5.333333333333333,0.11672470162124983,1.0353566416499635,127206.57,709.3601624665697,0.0,Tillage,MN,1121,2.0,0.0,16.22222222222222,0,55.30756491350631,0.2561095717942372,68
105176.6,3.0,0.2640286225145526,0.7226849390837666,136284.55,641.9523336042824,0.0,Tractor,MN,3331,1.0,0.0,0.0,1,41.47795208604244,0.43107271834246774,75
342209.05,9.0,0.2515265856531749,1.0701897728274892,70611.8,785.2285813067789,0.0,Loader,IN,1152,1.0,0.0,0.0,1,46.39337301011407,0.40873983963294674,80
115697.2,9.0,0.2875769512314487,1.089220582206008,56355.48,761.7701059814381,0.0,Tillage,IA,1113,2.0,0.0,4.0,0,58.535367771720935,0.42050621568800683,81
133424.43,11.0,0.0854289800560169,0.7138302776749252,131015.48,693.6290816055035,0.0,Planter,IN,1119,2.0,0.0,9.0,1,39.488634269535225,0.25645171151694646,65
303716.41,3.0,0.08170126035665705,0.9539840801576644,77036.32,702.7173315111986,1.0,Planter,MO,1113,4.0,1.0,0.0,0,56.0920973187129,0.18951706571923124,61
275800.99,12.0,0.2972250676262273,1.2036917861661514,81796.97,702.3182085605396,0.0,Harvester,IN,1152,2.0,0.0,4.0,0,49.14036413302101,0.4489443393601853,79
195320.24,8.333333333333334,0.21941665730265916,0.7779221848594977,160668.86,608.4228335107099,1.0,Harvester,KS,1121,2.0,0.0,22.222222222222218,1,41.52317089508176,0.35637031551249565,68
191030.81,7.0,0.15954926589537619,0.8549250816119663,87048.16,624.6409658135312,0.0,Planter,ND,1119,1.0,0.0,0.6666666666666666,1,38.373940446247104,0.332801385002882,73
175740.24,13.666666666666666,0.32386584607172764,1.0312396292849555,103872.93,626.6263137297777,0.0,Tractor,NE,1111,3.0,0.0,6.888888888888888,0,56.98876869366596,0.4598883086843957,66
196014.74,1.0,0.3655125085757517,0.9515021295362185,83244.52,739.7705185281636,1.0,Combine,IA,3331,2.0,0.0,0.0,0,51.8139910998487,0.4818845263760543,82
149203.95,4.0,0.22937659420304035,1.1547345759975591,127167.22,679.0066227095931,1.0,Combine,MN,3331,2.0,0.0,16.0,0,51.380967108480114,0.3466146599860801,75
203290.29,8.0,0.22559581957262573,0.979214511166305,40000.0,650.161161432549,0.0,Combine,OK,3331,2.0,0.0,49.0,0,54.58966979649422,0.36641647997963733,79
198764.89,6.0,0.29484957465365663,0.7504251946019083,146493.09,657.1142860248095,1.0,Planter,IL,1151,1.0,0.0,0.0,1,31.388939975987615,0.4520716947016814,72
114365.6,16.0,0.41314631069393404,0.7586256590632102,157679.66,627.9883028256494,1.0,Tillage,OH,1121,3.0,0.0,0.0,0,42.092553616365855,0.5,79
99860.79,4.666666666666667,0.17571011555739516,0.8209717300982089,177158.42,764.0251186802677,0.0,Harvester,IL,1112,1.0,1.0,6.888888888888888,1,26.198175064843436,0.37331376542770833,76
200839.91,12.0,0.24235824727188648,0.7141331010974099,158673.92,830.0,0.0,Planter,MO,3331,1.0,0.0,0.0,1,23.91386117388744,0.4445305249241116,71
140714.03,8.0,0.12316191944326392,0.625673158601188,71565.75,705.9148343538836,0.0,Planter,SD,1121,1.0,0.0,0.0,1,31.16129649755233,0.31083932644815926,69
