borrower_income,credit_score,naics_code,equipment_type,loan_amount,down_payment,term_months,dealer_state,ltv,prior_defaults,bankruptcy_history,risk_flags,approved,loss_rate
138770.3,737.0,1121,Combine,253849.96,27206.64,36,SD,0.9032,0,0,low_down_payment,1,0.0302
107971.38,747.0,1121,Baler,119799.48,38293.91,65,SD,0.7578,0,0,,1,0.025
74358.17,752.0,1121,Tractor,198393.98,39263.66,58,MO,0.8348,0,0,,1,0.0444
86711.32,657.0,1112,Sprayer,164327.07,89002.86,50,MN,0.6487,0,0,,1,0.0267
138446.44,715.0,1113,Sprayer,87705.83,26501.52,52,ND,0.768,0,0,,1,0.0213
118010.37,720.0,1112,Tractor,86324.12,19647.88,42,IL,0.8146,0,0,,1,0.0217
148572.53,592.0,4238,Harvester,71080.56,8851.11,55,ND,0.8893,0,0,low_credit,1,0.1465
96391.31,615.0,1111,Skid Steer,133891.8,44307.01,46,ND,0.7514,0,0,low_credit,1,0.0715
133151.57,668.0,1152,Sprayer,173488.19,41406.61,65,ND,0.8073,0,0,,1,0.0436
126633.6,710.0,1121,Planter,77139.93,17047.96,67,KS,0.819,0,0,,1,0.032
60123.89,707.0,1113,Sprayer,66411.77,5321.46,49,NE,0.9258,0,0,low_down_payment,0,0.0806
89743.51,731.0,1121,Skid Steer,114718.4,13315.28,39,SD,0.896,0,0,,1,0.0279
115470.43,686.0,4238,Tractor,238311.69,38036.76,79,IL,0.8624,0,0,long_term,1,0.0518
170848.63,620.0,1121,Planter,115241.24,30366.43,52,MO,0.7915,0,0,low_credit,1,0.0808
59298.94,702.0,1112,Planter,48716.53,3238.65,70,MO,0.9377,0,0,low_down_payment;low_income,0,0.1154
86308.92,651.0,1121,Harvester,111892.87,14534.71,58,MO,0.885,0,0,,1,0.0723
102579.79,782.0,1113,Tractor,67093.85,11021.75,61,IL,0.8589,0,0,,1,0.0337
142732.01,635.0,1121,Loader,140058.62,18072.68,71,WI,0.8857,0,0,low_credit,1,0.1051
49847.74,615.0,1112,Planter,81533.77,13671.62,62,MN,0.8564,0,0,low_income;low_credit,0,0.1985
154782.99,709.0,1113,Tractor,239200.33,41263.47,78,IL,0.8529,0,0,long_term,1,0.0466
87756.57,765.0,1121,Planter,249048.05,49441.32,46,MN,0.8344,0,0,,0,0.0263
109076.32,720.0,1112,Skid Steer,34839.92,14410.64,36,IL,0.7074,0,0,,1,0.0133
45312.33,687.0,1113,Loader,216743.7,73514.28,54,MO,0.7467,0,0,low_income,1,0.0724
115912.36,695.0,1113,Combine,274051.93,53014.64,46,MO,0.8379,0,0,,0,0.025
39145.11,653.0,1121,Combine,277826.19,51745.89,63,KS,0.843,0,0,low_income,0,0.1623
65541.26,680.0,1121,Loader,198199.25,31635.58,38,NE,0.8624,0,0,,1,0.0543
52279.5,665.0,3331,Loader,172784.24,121269.23,64,MO,0.5876,0,0,low_income,1,0.0589
43129.69,672.0,1112,Planter,109519.95,22319.68,56,ND,0.8307,0,0,low_income,0,0.1173
107391.99,685.0,1113,Combine,130702.18,34355.11,51,ND,0.7919,0,0,,1,0.0251
54941.48,751.0,1151,Baler,151504.46,20455.58,63,WI,0.881,0,0,low_income,0,0.0928
116867.27,688.0,3331,Baler,294858.28,48910.78,56,SD,0.8577,0,0,,1,0.0324
118319.73,665.0,1121,Planter,130916.9,31535.4,38,KS,0.8059,0,0,,1,0.0313
57619.57,667.0,1121,Planter,119517.44,25368.7,75,WI,0.8249,0,0,low_income;long_term,1,0.1227
91654.31,689.0,4238,Planter,183947.17,60091.97,51,SD,0.7538,0,0,,1,0.0204
138789.1,785.0,1112,Baler,61947.14,23344.23,68,MN,0.7263,0,0,,1,0.0234
59382.72,687.0,1151,Combine,248497.23,35203.12,45,MO,0.8759,0,0,low_income,1,0.0704
118696.5,689.0,4238,Tractor,219591.31,0.0,64,NE,1.0,0,0,high_ltv;low_down_payment,0,0.069
143096.28,654.0,1112,Sprayer,56721.62,15029.63,69,IN,0.7905,0,0,,1,0.055
98136.49,706.0,1112,Planter,129826.51,26252.06,71,WI,0.8318,0,0,,1,0.0355
105514.17,758.0,3331,Loader,212937.07,70054.89,70,ND,0.7524,0,0,,1,0.0265
84403.53,691.0,1113,Skid Steer,56844.82,25341.29,75,IA,0.6917,0,0,long_term,1,0.0296
41425.54,558.0,1113,Sprayer,259416.43,65708.35,60,WI,0.7979,0,0,low_income;low_credit,1,0.2331
139205.99,698.0,4238,Combine,200644.67,47389.18,66,IA,0.8089,0,0,,1,0.0305
99710.6,731.0,3331,Combine,206246.77,38915.28,36,IA,0.8413,0,0,,1,0.0218
113900.55,745.0,1152,Planter,243814.28,45479.7,75,MO,0.8428,0,0,long_term,1,0.0432
78251.98,604.0,1152,Sprayer,210353.32,26800.29,49,ND,0.887,0,0,low_credit,0,0.1479
126361.37,678.0,1119,Loader,55660.21,5962.39,38,MO,0.9032,0,0,low_down_payment,1,0.0385
119789.79,705.0,1121,Harvester,237300.47,46844.22,75,ND,0.8351,0,0,long_term,1,0.0421
99098.81,704.0,1111,Harvester,261963.81,69917.49,83,ND,0.7893,0,0,long_term,1,0.0403
119125.87,639.0,1119,Harvester,190186.66,41164.54,40,MN,0.8221,0,0,low_credit,1,0.0574
61705.9,704.0,1113,Baler,138703.95,50906.52,55,KS,0.7315,0,0,,1,0.0413
221895.32,697.0,1121,Sprayer,144708.14,31874.41,77,MO,0.8195,0,0,long_term,1,0.0411
66680.83,722.0,1121,Combine,227000.38,61960.09,73,NE,0.7856,0,0,long_term,1,0.0612
30000.0,603.0,1113,Planter,229937.37,41583.86,76,KS,0.8468,0,0,low_income;low_credit;long_term,0,0.2416
124569.79,654.0,1119,Tractor,211286.61,126034.29,65,ND,0.6264,0,0,,1,0.0295
74023.25,734.0,1112,Sprayer,157255.91,47896.02,79,IL,0.7665,0,0,long_term,0,0.0524
170477.05,692.0,1113,Loader,155439.45,26275.46,63,WI,0.8554,0,0,,1,0.0343
80755.29,748.0,1111,Baler,89219.61,26800.34,36,ND,0.769,0,0,,1,0.0216
97836.68,696.0,1113,Skid Steer,204177.64,38812.82,47,MO,0.8403,0,0,,1,0.0256
91181.26,644.0,1152,Planter,252113.24,52751.5,47,IL,0.827,0,0,,1,0.0542
107301.39,643.0,1152,Skid Steer,132123.61,34434.91,70,MN,0.7933,0,0,,0,0.0662
116791.61,636.0,1113,Loader,187816.58,39718.96,62,NE,0.8254,0,0,low_credit,1,0.0803
52964.36,669.0,1151,Planter,320515.0,0.0,47,WI,1.0,0,0,high_ltv;low_down_payment;low_income,0,0.1607
116206.63,785.0,1151,Loader,312776.95,28016.66,40,WI,0.9178,0,0,low_down_payment,1,0.0337
128193.47,653.0,1121,Baler,179717.29,7099.61,75,IN,0.962,0,0,high_ltv;low_down_payment;long_term,0,0.1239
58456.14,698.0,1111,Skid Steer,123283.08,35391.13,42,SD,0.777,0,0,low_income,1,0.0481
170303.05,661.0,1152,Skid Steer,52089.67,7844.26,60,ND,0.8691,0,0,,1,0.0561
30000.0,774.0,3331,Tractor,225668.92,24172.98,84,IN,0.9032,0,0,low_down_payment;low_income;long_term,1,0.1891
131080.25,714.0,1152,Skid Steer,286721.06,28679.0,42,MO,0.9091,0,0,low_down_payment,1,0.0337
112397.58,664.0,1112,Harvester,211181.8,9154.14,82,IN,0.9585,0,0,high_ltv;low_down_payment;long_term,1,0.1165
112982.83,752.0,3331,Harvester,44822.19,5566.78,56,KS,0.8895,0,0,,1,0.0348
126693.01,656.0,3331,Baler,110782.17,5922.45,36,IN,0.9493,0,0,low_down_payment,1,0.0622
212217.1,708.0,3331,Loader,113548.7,29811.47,64,MO,0.7921,0,0,,1,0.0279
85406.66,659.0,1152,Baler,252399.5,41065.22,69,MO,0.8601,0,0,,0,0.0703
30000.0,640.0,1113,Planter,131701.03,45355.58,50,NE,0.7438,0,0,low_income;low_credit,1,0.158
102437.05,743.0,1113,Combine,54637.9,5905.05,48,MN,0.9025,0,0,low_down_payment,1,0.0359
58421.48,684.0,1121,Baler,34760.92,10745.59,57,MN,0.7639,0,0,low_income,1,0.0614
30000.0,603.0,4238,Skid Steer,90786.56,33619.75,48,IA,0.7298,0,0,low_income;low_credit,0,0.1896
107622.34,715.0,4238,Tractor,145491.68,40043.05,57,IL,0.7842,0,1,bankruptcy,1,0.0949
158447.63,629.0,1111,Skid Steer,173235.0,60910.53,37,IL,0.7399,1,0,low_credit;prior_default,1,0.1263
105515.31,669.0,1152,Baler,250271.06,30474.84,47,IL,0.8915,0,0,,1,0.0445
161234.94,720.0,1113,Skid Steer,226560.14,62199.98,68,IA,0.7846,0,0,,1,0.0288
180681.75,780.0,1152,Combine,88063.79,7409.98,76,ND,0.9224,0,0,low_down_payment;long_term,1,0.0624
46380.65,682.0,1152,Planter,79681.07,18066.83,59,SD,0.8152,0,0,low_income,1,0.0969
56290.78,677.0,3331,Baler,262172.46,51343.54,51,IL,0.8362,0,0,low_income,1,0.0831
151162.66,687.0,1111,Planter,166678.55,60014.15,49,NE,0.7353,0,0,,1,0.0191
49010.74,667.0,1119,Skid Steer,180996.32,36919.71,62,WI,0.8306,1,0,low_income;prior_default,0,0.2042
115984.7,700.0,1111,Loader,269576.55,46768.66,46,WI,0.8522,0,0,,1,0.0263
30000.0,687.0,1121,Baler,108534.67,1170.29,60,WI,0.9893,0,0,high_ltv;low_down_payment;low_income,0,0.1964
71119.86,636.0,1151,Combine,65401.04,11506.57,56,WI,0.8504,0,0,low_credit,1,0.1152
100801.56,692.0,1111,Planter,108772.55,51256.57,64,MO,0.6797,0,0,,1,0.0185
106398.85,700.0,3331,Tractor,140218.34,47411.94,60,WI,0.7473,0,0,,1,0.0224
102371.49,690.0,1111,Skid Steer,111588.5,7708.5,51,MN,0.9354,0,0,low_down_payment,1,0.0422
137592.72,688.0,1113,Harvester,52937.14,5840.67,37,NE,0.9006,0,0,low_down_payment,1,0.0312
147644.23,624.0,1113,Planter,250528.24,61868.56,45,MN,0.802,0,0,low_credit,1,0.0723
79902.2,663.0,1111,Planter,268624.5,34343.57,60,NE,0.8866,0,0,,1,0.0727
122536.13,691.0,1113,Loader,127558.38,7731.64,58,NE,0.9429,0,0,low_down_payment,1,0.0475
71170.99,707.0,1111,Planter,113882.81,11801.84,66,SD,0.9061,0,0,low_down_payment,0,0.0734
166354.29,582.0,1113,Planter,115475.32,33017.93,56,IN,0.7776,0,0,low_credit,1,0.1276
94547.88,689.0,1121,Combine,162551.14,44021.28,60,IL,0.7869,0,0,,0,0.0262
101045.55,737.0,1111,Skid Steer,195271.32,18825.73,70,WI,0.9121,0,0,low_down_payment,1,0.0506
30000.0,706.0,1119,Sprayer,164357.13,42868.13,36,KS,0.7931,0,0,low_income,0,0.0883
83218.64,808.0,1121,Skid Steer,42822.11,17460.43,59,IN,0.7104,0,0,,1,0.0232
93487.56,644.0,1151,Skid Steer,42467.38,3236.8,71,KS,0.9292,0,0,low_down_payment,0,0.1056
58128.56,746.0,1121,Harvester,293540.99,32624.01,55,MO,0.9,0,0,low_income,0,0.0837
133439.17,608.0,1112,Baler,198949.12,52869.56,63,ND,0.79,0,0,low_credit,1,0.1053
185746.65,757.0,1152,Loader,96307.12,40949.37,58,KS,0.7017,0,0,,1,0.0183
86348.71,720.0,1119,Sprayer,212872.47,29484.42,60,ND,0.8783,0,0,,1,0.039
169903.72,657.0,4238,Harvester,46884.47,4144.3,40,NE,0.9188,0,0,low_down_payment,1,0.0585
119222.15,708.0,1112,Sprayer,104233.77,27240.07,67,IN,0.7928,0,0,,1,0.0292
158443.55,696.0,3331,Planter,173611.61,62159.23,53,KS,0.7364,1,0,prior_default,1,0.0641
62034.37,739.0,1119,Skid Steer,253069.59,77391.34,68,WI,0.7658,0,0,,1,0.0547
124688.05,617.0,1152,Combine,292943.48,33838.24,57,ND,0.8965,0,0,low_credit,1,0.1175
125012.71,677.0,1151,Harvester,107997.45,25245.19,77,IA,0.8105,0,0,long_term,1,0.0498
170030.67,681.0,1113,Combine,115596.11,31923.53,57,WI,0.7836,0,0,,0,0.0287
78603.67,764.0,1112,Skid Steer,103548.46,70405.64,62,SD,0.5953,0,0,,1,0.018
35536.87,721.0,4238,Sprayer,230495.82,16857.43,56,IA,0.9318,0,0,low_down_payment;low_income,0,0.1475
176063.35,712.0,3331,Combine,288732.67,61091.01,71,IA,0.8254,0,0,,1,0.0347
136532.54,610.0,1152,Baler,226983.66,23057.0,50,IL,0.9078,0,0,low_down_payment;low_credit,0,0.1298
108554.49,747.0,1121,Combine,257656.49,59717.97,55,IA,0.8118,0,0,,1,0.0261
96712.09,670.0,1113,Baler,149382.45,28694.13,81,MO,0.8389,0,0,long_term,0,0.0636
97577.8,756.0,1121,Sprayer,209189.51,85666.45,60,MN,0.7095,0,0,,1,0.0195
80557.31,686.0,1111,Baler,154086.05,3124.78,68,IA,0.9801,0,0,high_ltv;low_down_payment,1,0.0883
79733.26,723.0,1119,Skid Steer,277026.03,70042.45,61,IL,0.7982,0,0,,1,0.0357
93542.63,602.0,1121,Tractor,95386.35,16957.01,48,MO,0.8491,0,0,low_credit,0,0.1132
99740.39,630.0,1111,Baler,222226.63,6248.7,58,IN,0.9727,0,0,high_ltv;low_down_payment;low_credit,0,0.1402
143460.86,641.0,1152,Sprayer,189001.75,15183.39,67,NE,0.9256,1,0,low_down_payment;prior_default,0,0.201
150337.98,671.0,1112,Harvester,220766.64,95763.87,69,ND,0.6975,0,0,,1,0.0301
45485.65,658.0,1119,Harvester,99782.6,10515.55,65,IN,0.9047,0,0,low_down_payment;low_income,0,0.1724
144904.16,658.0,1111,Tractor,122612.86,31384.87,57,IL,0.7962,0,0,,1,0.0443
164623.01,683.0,1112,Skid Steer,214228.39,19740.23,75,IA,0.9156,0,0,low_down_payment;long_term,1,0.0677
130478.45,655.0,1113,Loader,259190.24,75146.64,46,KS,0.7752,0,0,,0,0.0374
106196.34,716.0,1151,Harvester,146861.29,19383.84,67,ND,0.8834,0,0,,1,0.0399
86453.28,586.0,1119,Skid Steer,143862.32,32750.98,57,MN,0.8146,0,0,low_credit,0,0.1416
76718.19,728.0,3331,Skid Steer,215925.28,29994.51,59,SD,0.878,0,0,,1,0.049
99802.55,639.0,1112,Sprayer,178483.19,38131.9,67,WI,0.824,0,0,low_credit,1,0.0807
76937.97,686.0,1119,Sprayer,130144.86,34562.98,52,IL,0.7902,0,0,,1,0.035
107721.08,699.0,4238,Tractor,148549.33,47858.0,44,IN,0.7563,0,0,,1,0.0181
30000.0,699.0,3331,Planter,80029.68,13949.76,70,WI,0.8516,0,0,low_income,1,0.1413
132642.17,726.0,4238,Loader,159211.5,0.0,56,KS,1.0,0,0,high_ltv;low_down_payment,1,0.0612
141205.66,648.0,3331,Planter,157618.69,14755.19,64,MO,0.9144,0,0,low_down_payment,1,0.0895
79766.06,684.0,1121,Loader,225044.82,30443.85,41,IN,0.8808,0,0,,1,0.0395
30000.0,626.0,1113,Tractor,66620.62,20964.6,70,MO,0.7606,0,0,low_income;low_credit,0,0.1943
69095.28,709.0,1151,Sprayer,260155.1,50624.67,65,IA,0.8371,0,0,,0,0.056
100088.47,671.0,1111,Baler,194348.84,65919.25,66,WI,0.7467,0,0,,1,0.0341
86534.7,671.0,1112,Baler,179122.1,29021.84,55,IL,0.8606,0,0,,1,0.047
164788.4,754.0,1119,Loader,120363.46,11880.97,71,ND,0.9102,0,0,low_down_payment,1,0.051
112976.76,701.0,1112,Baler,223127.4,64588.11,77,KS,0.7755,0,0,long_term,1,0.0353
161194.1,625.0,1111,Tractor,126165.88,29121.82,64,KS,0.8125,0,0,low_credit,1,0.091
132119.36,675.0,1112,Harvester,72318.62,35456.41,66,IL,0.671,0,0,,1,0.0243
136260.18,699.0,4238,Planter,55726.03,8589.16,67,ND,0.8665,0,0,,1,0.0377
66652.85,808.0,4238,Tractor,237611.71,96785.43,71,MO,0.7106,0,0,,1,0.0424
113159.14,635.0,1152,Loader,71326.16,29430.51,69,NE,0.7079,0,0,low_credit,1,0.0618
115662.69,680.0,1112,Loader,73908.82,3821.45,54,MN,0.9508,0,0,high_ltv;low_down_payment,1,0.0595
169741.75,677.0,1113,Skid Steer,60887.17,4494.69,63,NE,0.9313,0,0,low_down_payment,0,0.0604
87214.01,766.0,1111,Skid Steer,245025.42,50749.71,58,ND,0.8284,0,0,,1,0.0312
66580.83,710.0,1121,Combine,219418.06,30497.47,71,MO,0.878,0,0,,1,0.0726
104396.29,561.0,1152,Baler,62051.4,22950.93,57,IL,0.73,0,0,low_credit,0,0.1404
130349.09,691.0,4238,Skid Steer,82546.31,22742.12,63,SD,0.784,0,0,,1,0.0267
103979.16,651.0,1112,Planter,111615.14,16780.92,47,NE,0.8693,0,0,,0,0.0554
79516.73,651.0,1152,Combine,268500.11,25097.19,75,WI,0.9145,0,0,low_down_payment;long_term,0,0.1268
108056.09,715.0,1152,Tractor,113903.14,26820.13,70,WI,0.8094,0,0,,1,0.0324
30000.0,615.0,1119,Skid Steer,166396.61,30472.61,36,NE,0.8452,0,0,low_income;low_credit,0,0.2029
132777.67,716.0,1111,Sprayer,49361.12,459.57,63,IN,0.9908,0,0,high_ltv;low_down_payment,1,0.0652
63138.09,768.0,4238,Planter,273954.03,12912.49,56,ND,0.955,0,0,high_ltv;low_down_payment,1,0.0969
129803.63,707.0,3331,Tractor,132740.99,17374.48,41,SD,0.8843,0,0,,1,0.0274
139719.0,730.0,3331,Baler,222036.24,30769.25,58,MN,0.8783,0,0,,1,0.0345
112292.68,725.0,1113,Planter,118009.15,11234.09,40,KS,0.9131,0,0,low_down_payment,1,0.0332
106324.06,742.0,1152,Baler,276033.36,23680.01,36,NE,0.921,1,0,low_down_payment;prior_default,1,0.0981
30000.0,737.0,1111,Planter,157215.12,8331.45,48,ND,0.9497,0,0,low_down_payment;low_income,0,0.1557
125364.23,703.0,3331,Tractor,201841.61,53730.99,62,MN,0.7898,0,0,,1,0.0268
166115.45,713.0,1121,Planter,89713.74,16457.82,62,IN,0.845,0,0,,1,0.0326
74486.78,714.0,1111,Combine,99836.08,22856.06,84,NE,0.8137,0,0,long_term,1,0.0643
113658.95,747.0,1151,Planter,206017.21,77768.89,36,KS,0.726,0,0,,1,0.0143
104233.29,701.0,1112,Planter,188961.71,44807.78,73,WI,0.8083,0,0,long_term,0,0.0374
134177.73,603.0,1152,Baler,295254.31,0.0,60,NE,1.0,0,0,high_ltv;low_down_payment;low_credit,0,0.1914
129133.36,664.0,1111,Sprayer,232336.34,91175.56,57,SD,0.7182,0,0,,0,0.0308
100380.21,784.0,3331,Tractor,313424.01,31752.5,74,IN,0.908,0,0,low_down_payment;long_term,1,0.0581
33087.64,692.0,1113,Sprayer,235965.48,49311.34,65,WI,0.8271,0,0,low_income,0,0.1221
58856.54,655.0,4238,Baler,49312.87,3144.64,74,IA,0.9401,0,0,low_down_payment;low_income;long_term,0,0.1792
80933.49,599.0,1121,Planter,124460.58,41452.47,43,MN,0.7502,0,0,low_credit,1,0.1021
114163.49,623.0,4238,Tractor,115023.01,4915.42,54,MN,0.959,0,0,high_ltv;low_down_payment;low_credit,0,0.1414
151121.48,676.0,1113,Loader,145542.98,36564.35,53,IL,0.7992,0,0,,1,0.0311
132283.1,611.0,3331,Tractor,281255.48,44923.26,72,IA,0.8623,0,0,low_credit,0,0.1315
81182.75,689.0,3331,Sprayer,76476.38,8948.95,60,MN,0.8952,0,0,,1,0.0478
96470.0,640.0,1121,Sprayer,139930.72,10618.74,61,KS,0.9295,0,0,low_down_payment;low_credit,0,0.1083
79035.16,702.0,1112,Harvester,224237.19,30008.02,54,WI,0.882,0,0,,0,0.0437
181947.48,810.0,1151,Planter,102677.03,30722.38,47,ND,0.7697,0,0,,1,0.0199
98507.2,618.0,4238,Baler,61112.94,6478.58,70,MN,0.9042,0,0,low_down_payment;low_credit,1,0.1413
181774.13,747.0,1121,Loader,255778.83,21149.79,63,NE,0.9236,0,0,low_down_payment,1,0.0478
30000.0,631.0,1151,Combine,54358.87,12555.48,68,MN,0.8124,0,0,low_income;low_credit,0,0.2035
117322.91,668.0,1112,Tractor,60753.22,13278.98,37,WI,0.8206,1,0,prior_default,1,0.0922
124910.46,668.0,3331,Planter,79063.08,16983.25,55,IL,0.8232,0,0,,0,0.0398
30000.0,700.0,1152,Tractor,296936.19,7231.51,59,WI,0.9762,0,0,high_ltv;low_down_payment;low_income,0,0.1862
30000.0,727.0,3331,Skid Steer,172937.47,32728.37,74,IN,0.8409,0,0,low_income;long_term,1,0.1504
138627.24,688.0,3331,Planter,289518.28,55920.96,46,ND,0.8381,0,0,,1,0.0259
64468.85,653.0,1111,Combine,118971.57,50566.95,60,IL,0.7017,0,0,,1,0.0671
134762.02,650.0,1152,Loader,182033.08,31931.17,62,MO,0.8508,0,0,,1,0.0645
122701.96,608.0,1151,Loader,38022.32,13603.33,67,IL,0.7365,0,0,low_credit,0,0.0946
88314.98,698.0,1111,Loader,76169.25,23305.02,70,WI,0.7657,0,0,,1,0.029
186401.15,763.0,1119,Tractor,149039.73,46649.67,40,KS,0.7616,0,0,,1,0.0173
113983.58,599.0,1119,Sprayer,218508.16,22914.7,66,IN,0.9051,0,0,low_down_payment;low_credit,0,0.1634
35204.13,710.0,1151,Loader,50239.8,7738.51,54,MO,0.8665,0,0,low_income,1,0.1173
106456.65,693.0,1111,Baler,298613.12,28500.44,54,IA,0.9129,0,0,low_down_payment,1,0.0406
30000.0,651.0,1152,Sprayer,220466.36,83719.35,72,IL,0.7248,0,0,low_income,1,0.153
51342.21,653.0,4238,Sprayer,155898.01,33204.93,47,MN,0.8244,0,0,low_income,1,0.1144
44245.54,773.0,1121,Loader,238230.71,94252.65,59,IL,0.7165,0,0,low_income,1,0.0685
87914.56,586.0,1113,Baler,254914.6,1428.01,50,NE,0.9944,0,0,high_ltv;low_down_payment;low_credit,0,0.2054
75571.66,697.0,1112,Tractor,126962.53,4999.81,47,KS,0.9621,0,0,high_ltv;low_down_payment,0,0.0679
94374.15,645.0,4238,Sprayer,163474.39,30751.49,65,MN,0.8417,0,0,,1,0.0704
109711.05,778.0,1121,Combine,172430.82,31741.49,43,KS,0.8445,0,0,,1,0.0245
106397.12,671.0,1121,Baler,142863.94,22328.01,50,MN,0.8648,1,0,prior_default,1,0.1146
129539.55,698.0,1121,Sprayer,59619.16,15968.5,71,IN,0.7887,0,0,,1,0.0305
75035.5,709.0,3331,Tractor,294694.46,49512.01,63,MN,0.8562,0,0,,1,0.0502
48095.61,783.0,3331,Harvester,232531.12,69478.54,67,NE,0.7699,0,0,low_income,0,0.0812
126447.13,686.0,1121,Combine,56202.14,16461.9,50,MN,0.7735,0,0,,1,0.0228
114243.47,659.0,1119,Skid Steer,130243.65,0.0,75,MO,1.0,0,0,high_ltv;low_down_payment;long_term,1,0.1277
60283.6,701.0,1112,Sprayer,186853.45,65557.2,71,KS,0.7403,0,0,,1,0.0546
127406.53,691.0,3331,Combine,234023.51,71026.42,46,ND,0.7672,1,0,prior_default,1,0.0647
82821.31,585.0,1152,Planter,65641.52,19237.78,52,IL,0.7734,0,0,low_credit,1,0.1309
97220.8,738.0,3331,Tractor,171770.8,31575.2,59,NE,0.8447,0,0,,1,0.0311
47124.15,683.0,1113,Planter,104822.96,23718.42,60,IA,0.8155,0,0,low_income,1,0.0955
151008.33,728.0,1111,Baler,86096.97,20547.89,58,NE,0.8073,0,0,,1,0.0269
109256.66,728.0,4238,Skid Steer,240027.9,78101.0,70,NE,0.7545,0,0,,0,0.0267
139734.34,670.0,1152,Harvester,64421.32,9026.3,53,WI,0.8771,0,0,,1,0.0453
113936.04,712.0,1119,Loader,43294.26,14655.42,56,MN,0.7471,0,0,,1,0.021
68589.33,689.0,1121,Skid Steer,118371.86,26609.5,59,MN,0.8165,0,0,,1,0.0499
87988.23,703.0,4238,Combine,78045.58,45254.55,50,SD,0.633,0,0,,1,0.0132
90052.42,830.0,1112,Baler,184694.42,38475.03,64,IA,0.8276,0,0,,1,0.0316
137917.16,638.0,1111,Tractor,166034.38,35199.73,47,MO,0.8251,0,0,low_credit,1,0.0641
81530.76,633.0,3331,Tractor,232198.27,31810.74,75,MO,0.8795,0,0,low_credit;long_term,1,0.1362
66713.12,626.0,3331,Skid Steer,290331.49,43653.89,56,NE,0.8693,0,0,low_credit,1,0.1436
88196.6,802.0,1119,Loader,50536.72,14945.76,62,MN,0.7718,0,0,,1,0.0264
129704.23,725.0,1112,Combine,94023.72,48625.38,48,IL,0.6591,0,0,,1,0.0134
95318.29,640.0,1113,Loader,102259.7,22618.69,53,IN,0.8189,0,0,,1,0.0602
132488.02,661.0,1121,Skid Steer,253149.27,69338.99,69,MO,0.785,0,0,,1,0.0479
100586.69,649.0,1151,Baler,68478.18,15123.78,42,MO,0.8191,0,0,,1,0.045
131067.69,805.0,4238,Sprayer,45333.72,10777.49,63,NE,0.8079,0,0,,1,0.029
103240.55,680.0,1151,Planter,96974.02,10355.65,49,IN,0.9035,0,0,low_down_payment,1,0.0434
33802.48,644.0,1113,Combine,118474.02,17759.15,59,MN,0.8696,0,0,low_income,0,0.1872
51789.72,703.0,4238,Tractor,142478.1,50765.71,62,KS,0.7373,0,0,low_income,0,0.0642
140521.5,718.0,1119,Loader,78269.32,21846.06,57,IA,0.7818,0,0,,1,0.0242
110709.01,520.0,4238,Planter,125550.03,42448.41,44,IL,0.7473,0,0,low_credit,0,0.1791
125635.16,705.0,1119,Harvester,237089.13,60073.39,68,IL,0.7978,0,0,,1,0.0302
85802.78,749.0,1113,Tractor,47832.81,18254.33,71,SD,0.7238,0,0,,1,0.0271
85438.52,705.0,1111,Skid Steer,305357.2,0.0,54,IL,1.0,0,0,high_ltv;low_down_payment,0,0.0664
166595.31,688.0,1111,Harvester,237993.79,60370.91,65,KS,0.7977,0,0,,1,0.0299
156311.4,686.0,1121,Planter,133789.52,52190.0,36,IL,0.7194,0,0,,1,0.0151
35137.16,699.0,1113,Tractor,228954.71,27672.38,59,KS,0.8922,1,0,low_income;prior_default,0,0.2188
96446.77,572.0,1152,Skid Steer,46952.52,19965.44,57,IL,0.7016,0,0,low_credit,1,0.1184
134319.33,719.0,1121,Planter,62929.62,19867.78,59,NE,0.76,0,0,,1,0.0231
175649.93,630.0,1113,Skid Steer,101078.35,44506.19,55,IN,0.6943,0,0,low_credit,1,0.0533
140500.85,624.0,3331,Sprayer,183411.97,22517.12,57,IL,0.8907,0,0,low_credit,0,0.1054
101098.29,670.0,1111,Combine,209057.82,46955.53,69,WI,0.8166,0,0,,1,0.046
155539.26,683.0,1119,Skid Steer,171848.3,52345.84,36,SD,0.7665,0,0,,1,0.0191
76010.63,717.0,1151,Baler,50052.77,9914.81,54,ND,0.8347,0,0,,1,0.0403
30862.67,701.0,1119,Planter,185805.01,23134.82,55,IL,0.8893,0,0,low_income,1,0.1342
166054.34,644.0,1112,Harvester,196602.09,72272.96,52,MO,0.7312,0,0,,1,0.042
109542.16,747.0,3331,Tractor,134478.53,22832.35,84,IN,0.8549,0,0,long_term,1,0.0509
94082.14,632.0,1119,Loader,238505.74,55292.1,48,SD,0.8118,0,0,low_credit,0,0.0683
138286.16,730.0,1121,Baler,183364.07,20889.07,84,NE,0.8977,1,0,long_term;prior_default,0,0.1459
67758.71,662.0,1113,Harvester,47584.45,13679.7,61,IA,0.7767,0,0,,1,0.0691
98042.52,620.0,4238,Harvester,107290.75,8692.55,51,NE,0.9251,0,0,low_down_payment;low_credit,0,0.1234
119748.59,717.0,1151,Planter,276245.0,46977.63,49,ND,0.8547,0,0,,1,0.0278
65344.27,697.0,1111,Skid Steer,33752.16,16274.91,59,MO,0.6747,1,0,prior_default,1,0.0943
104898.74,730.0,1119,Combine,97153.42,24043.54,51,MN,0.8016,0,0,,1,0.0237
80336.72,753.0,4238,Planter,240231.51,1109.33,66,ND,0.9954,0,0,high_ltv;low_down_payment,1,0.0853
145736.67,668.0,1152,Skid Steer,215828.58,56924.59,52,IA,0.7913,0,0,,0,0.0343
169619.73,716.0,1112,Loader,176162.67,38900.3,39,KS,0.8191,0,0,,1,0.021
135707.66,681.0,1111,Tractor,200594.19,99446.74,55,MN,0.6686,0,0,,1,0.0182
97126.44,743.0,1151,Loader,225642.54,53494.07,49,MN,0.8084,0,0,,1,0.0236
102949.88,658.0,1119,Tractor,188157.27,60398.78,56,KS,0.757,0,0,,1,0.0382
30000.0,706.0,1151,Baler,269592.28,45834.62,55,WI,0.8547,0,0,low_income,0,0.1254
180707.26,747.0,3331,Tractor,223139.21,89491.27,48,IN,0.7137,0,0,,1,0.0164
171303.59,695.0,1151,Combine,91180.96,27419.92,59,IN,0.7688,0,0,,1,0.0238
101086.8,704.0,4238,Loader,78345.14,27161.66,65,NE,0.7426,0,0,,1,0.0237
202139.66,711.0,1112,Skid Steer,219623.1,28073.71,68,MN,0.8867,0,0,,1,0.041
168509.26,680.0,1151,Skid Steer,66759.48,10552.94,62,SD,0.8635,0,0,,1,0.0411
30000.0,730.0,1113,Planter,61503.63,4881.27,52,IL,0.9265,0,0,low_down_payment;low_income,1,0.1529
74194.98,647.0,1121,Baler,202400.82,92038.95,78,NE,0.6874,0,0,long_term,1,0.0758
103090.48,690.0,1121,Baler,104319.6,13509.93,48,IL,0.8853,0,0,,0,0.0305
95372.11,722.0,1112,Planter,249665.75,45330.01,52,NE,0.8463,0,0,,1,0.0282
178815.93,657.0,4238,Combine,156399.04,31464.58,63,IA,0.8325,0,0,,1,0.0553
78633.68,700.0,4238,Sprayer,93710.95,20340.3,48,MN,0.8217,0,0,,1,0.033
85984.76,692.0,1112,Planter,89899.86,6321.22,55,IA,0.9343,0,1,low_down_payment;bankruptcy,0,0.1533
94217.23,705.0,1119,Planter,99971.09,28002.69,78,IL,0.7812,0,0,long_term,1,0.0366
73944.8,603.0,1111,Sprayer,206015.24,72252.42,61,MO,0.7403,0,0,low_credit,1,0.1248
88542.74,762.0,4238,Baler,57457.18,12182.35,71,WI,0.8251,0,0,,1,0.036
142591.96,750.0,1113,Combine,68771.46,6887.75,62,IN,0.909,0,0,low_down_payment,0,0.0449
101635.4,622.0,4238,Skid Steer,241002.32,74661.67,58,IL,0.7635,0,0,low_credit,1,0.0769
163046.84,590.0,1121,Skid Steer,61665.57,14847.9,62,MO,0.8059,0,0,low_credit,0,0.1322
46412.94,780.0,4238,Baler,62047.33,5870.19,54,NE,0.9136,0,0,low_down_payment;low_income,1,0.1165
66617.8,721.0,4238,Combine,247639.13,101820.56,50,WI,0.7086,0,0,,1,0.0314
122617.32,663.0,1112,Tractor,44623.81,14090.28,40,WI,0.76,0,0,,1,0.028
144238.9,647.0,4238,Baler,100912.55,31869.19,40,MO,0.76,0,0,,1,0.0374
139645.32,738.0,1152,Planter,84966.34,27729.65,66,KS,0.7539,0,0,,1,0.0251
125947.35,629.0,1151,Tractor,50506.57,8420.43,78,IA,0.8571,0,0,low_credit;long_term,1,0.1204
79048.57,660.0,1152,Loader,131776.65,28046.52,77,MN,0.8245,0,0,long_term,0,0.0848
130214.81,671.0,4238,Skid Steer,236436.75,36639.11,66,ND,0.8658,0,0,,1,0.0512
182675.96,580.0,1151,Tractor,266810.98,62055.93,63,IN,0.8113,0,0,low_credit,1,0.1479
105324.32,656.0,1113,Combine,144415.24,22983.19,42,MN,0.8627,0,0,,1,0.0469
105412.8,679.0,1111,Sprayer,299734.23,32382.67,82,IA,0.9025,0,0,low_down_payment;long_term,0,0.0753
60193.94,712.0,1121,Skid Steer,254052.55,88170.22,58,ND,0.7424,0,0,,0,0.0463
137931.6,648.0,1151,Tractor,263176.88,77034.67,47,MN,0.7736,0,0,,1,0.042
166581.12,698.0,1112,Sprayer,65099.27,27171.21,50,ND,0.7055,0,1,bankruptcy,1,0.07
69746.95,830.0,1111,Sprayer,173020.62,51865.33,46,SD,0.7694,0,0,,1,0.0337
74511.98,626.0,1112,Baler,240307.64,8076.51,37,WI,0.9675,1,0,high_ltv;low_down_payment;low_credit;prior_default,0,0.2402
145220.94,726.0,1112,Combine,104613.98,26884.37,73,IL,0.7956,0,0,long_term,1,0.0358
68209.87,708.0,1151,Loader,273942.39,49638.85,58,WI,0.8466,0,0,,1,0.0537
66174.0,729.0,1111,Combine,183584.92,42029.6,53,ND,0.8137,0,0,,1,0.0474
105901.68,619.0,1112,Planter,61271.4,22824.13,66,SD,0.7286,0,0,low_credit,0,0.0795
187392.94,629.0,1113,Planter,52287.66,23062.78,70,NE,0.6939,0,0,low_credit,1,0.0654
141032.36,700.0,1152,Tractor,221198.04,74475.58,43,ND,0.7481,0,0,,0,0.0173
30000.0,763.0,4238,Baler,226199.28,0.0,55,NE,1.0,0,0,high_ltv;low_down_payment;low_income,1,0.1897
115222.33,773.0,1151,Harvester,111583.05,22762.41,65,MN,0.8306,0,0,,1,0.0324
30000.0,629.0,1113,Tractor,164941.29,0.0,66,ND,1.0,0,0,high_ltv;low_down_payment;low_income;low_credit,0,0.2662
71867.71,687.0,3331,Tractor,127531.21,32755.33,40,KS,0.7956,0,0,,1,0.034
78718.68,692.0,1112,Harvester,196436.31,42403.79,63,ND,0.8225,0,0,,1,0.041
100962.12,770.0,1121,Planter,206831.3,118361.41,57,IL,0.636,0,0,,1,0.0141
167267.42,720.0,1112,Loader,88847.48,21901.58,79,MN,0.8022,0,0,long_term,1,0.0398
141875.14,667.0,1111,Loader,63663.87,36828.73,74,ND,0.6335,0,0,long_term,1,0.0308
92832.15,726.0,1119,Planter,170076.87,61265.52,84,KS,0.7352,0,0,long_term,1,0.034
152573.52,706.0,1113,Tractor,93667.02,13937.23,36,KS,0.8705,0,0,,1,0.0242
138108.0,610.0,1119,Planter,106733.27,16861.29,49,KS,0.8636,0,0,low_credit,1,0.1077
126906.83,693.0,1121,Sprayer,177424.35,64735.9,58,IL,0.7327,0,0,,1,0.0206
88191.87,712.0,1112,Sprayer,201276.54,49088.6,66,IL,0.8039,0,0,,1,0.0314
84697.11,622.0,1113,Sprayer,173663.17,36567.09,54,MO,0.8261,0,0,low_credit,1,0.0975
91947.04,685.0,1152,Harvester,243627.58,58505.19,63,SD,0.8064,0,0,,1,0.0314
139681.45,755.0,4238,Tractor,227008.39,13037.41,49,KS,0.9457,1,0,low_down_payment;prior_default,1,0.1198
81491.44,659.0,1112,Tractor,117187.04,28996.5,68,NE,0.8016,0,0,,1,0.0629
147181.96,642.0,1112,Sprayer,199305.09,28940.4,81,MO,0.8732,0,0,long_term,1,0.104
140153.15,743.0,3331,Baler,216990.39,34803.13,59,MN,0.8618,0,0,,1,0.033
159696.71,774.0,1151,Tractor,78518.22,19483.73,69,IN,0.8012,0,0,,1,0.031
113348.1,723.0,1121,Harvester,205053.37,53422.89,66,WI,0.7933,0,0,,1,0.0288
135078.8,648.0,1151,Harvester,256561.59,68025.9,60,IL,0.7904,0,0,,1,0.0532
96483.94,830.0,1152,Planter,189494.09,96653.8,57,SD,0.6622,0,0,,1,0.0156
115761.72,700.0,1112,Skid Steer,187617.1,89160.45,49,IN,0.6779,0,0,,1,0.0146
73580.03,682.0,1112,Sprayer,190198.99,12883.81,66,SD,0.9366,0,0,low_down_payment,1,0.0853
63703.1,620.0,1113,Skid Steer,188440.13,28264.47,72,IL,0.8696,0,0,low_credit,0,0.1754
133219.93,706.0,3331,Combine,172180.95,41488.01,48,IA,0.8058,0,0,,1,0.023
72454.39,665.0,1119,Loader,62167.87,7023.79,43,KS,0.8985,0,0,,0,0.0691
95709.94,741.0,1112,Combine,312085.44,25617.33,54,KS,0.9241,0,0,low_down_payment,1,0.0422
126586.07,703.0,1112,Skid Steer,65339.69,11763.88,72,IA,0.8474,0,0,,1,0.038
45738.37,751.0,1111,Loader,138676.92,38502.12,84,MN,0.7827,0,0,low_income;long_term,1,0.1129
78360.95,635.0,3331,Tractor,152852.6,38310.3,59,IN,0.7996,0,0,low_credit,1,0.0922
144139.25,658.0,1111,Combine,206467.95,21415.82,66,NE,0.906,0,0,low_down_payment,1,0.0771
116679.38,699.0,1112,Baler,67544.1,8500.63,65,WI,0.8882,0,0,,1,0.0394
41767.6,738.0,1119,Combine,250265.36,53610.13,55,KS,0.8236,1,0,low_income;prior_default,1,0.1839
55851.8,703.0,1152,Planter,166356.98,38666.61,79,MN,0.8114,0,0,low_income;long_term,1,0.0967
90319.03,675.0,1152,Combine,210975.8,76659.39,55,MN,0.7335,0,0,,1,0.0258
183462.98,727.0,4238,Planter,130929.22,22747.61,53,IL,0.852,0,0,,1,0.0292
95228.54,700.0,1113,Tractor,131504.61,14242.34,54,IL,0.9023,0,0,low_down_payment,0,0.0392
111819.34,715.0,1121,Loader,170814.79,28896.04,84,ND,0.8553,0,0,long_term,0,0.0509
85024.43,657.0,1151,Combine,96211.67,10605.06,67,WI,0.9007,0,0,low_down_payment,0,0.0868
156087.36,728.0,1121,Baler,46864.12,6780.73,40,MN,0.8736,0,0,,1,0.026
74676.67,671.0,1121,Loader,262139.46,59555.74,60,IL,0.8149,0,0,,1,0.058
126959.61,626.0,1113,Baler,168711.46,32196.29,40,MN,0.8397,0,0,low_credit,0,0.0743
112991.6,715.0,1119,Sprayer,196666.43,49329.81,48,MO,0.7995,0,0,,1,0.0225
77034.21,656.0,1113,Harvester,215067.57,0.0,47,NE,1.0,0,1,high_ltv;low_down_payment;bankruptcy,0,0.2344
106350.29,669.0,1112,Tractor,52891.29,4440.45,63,ND,0.9225,0,0,low_down_payment,0,0.0662
77628.84,719.0,1111,Baler,176909.27,38659.61,56,IN,0.8207,0,0,,1,0.0379
124175.58,684.0,1121,Baler,236048.61,49766.64,53,WI,0.8259,0,0,,1,0.0298
131270.39,718.0,1112,Loader,161737.94,17221.77,49,IN,0.9038,0,0,low_down_payment,1,0.0366
36793.86,616.0,1151,Baler,132346.82,47508.49,68,IN,0.7359,0,0,low_income;low_credit,0,0.1849
103184.59,564.0,1152,Baler,185904.08,11100.16,36,KS,0.9437,0,0,low_down_payment;low_credit,0,0.1894
160277.75,685.0,1119,Skid Steer,247197.14,58334.62,58,SD,0.8091,0,0,,1,0.0294
189471.14,729.0,3331,Planter,196690.99,56127.69,40,SD,0.778,0,0,,1,0.0184
92215.54,791.0,1112,Sprayer,171103.55,39618.63,83,IL,0.812,0,0,long_term,1,0.0435
149036.68,655.0,1113,Baler,78392.61,13433.52,59,ND,0.8537,0,0,,1,0.0574
62557.8,672.0,1113,Sprayer,180738.01,44875.96,69,MN,0.8011,0,0,,1,0.0791
166310.62,581.0,1113,Harvester,125361.64,66062.78,77,IA,0.6549,0,0,low_credit;long_term,1,0.1215
30000.0,673.0,4238,Harvester,151895.54,45079.61,73,WI,0.7711,0,0,low_income;long_term,1,0.1496
153661.87,725.0,3331,Skid Steer,219553.99,73164.13,63,IN,0.7501,0,0,,1,0.0236
103119.12,740.0,1113,Planter,114900.15,48140.07,72,NE,0.7047,0,0,,1,0.023
112268.61,776.0,1113,Baler,296644.62,27472.6,57,MN,0.9152,0,0,low_down_payment,1,0.0427
121054.03,668.0,1111,Skid Steer,42965.84,15575.34,65,WI,0.7339,0,0,,1,0.0338
33647.85,634.0,1111,Loader,39055.86,7165.11,78,WI,0.845,0,0,low_income;low_credit;long_term,0,0.2178
120836.88,711.0,1151,Combine,183748.25,73084.25,43,SD,0.7154,0,0,,1,0.0153
98068.5,707.0,1121,Planter,197069.35,51805.94,56,NE,0.7918,0,0,,0,0.0247
151521.42,591.0,1119,Tractor,205505.39,19145.96,71,SD,0.9148,0,0,low_down_payment;low_credit,1,0.1826
110101.67,616.0,3331,Combine,75358.61,23461.73,57,WI,0.7626,0,0,low_credit,1,0.0827
140322.94,705.0,1113,Skid Steer,81497.93,25462.69,59,SD,0.7619,0,0,,1,0.0232
134025.75,798.0,4238,Planter,233820.41,18412.09,60,NE,0.927,0,0,low_down_payment,1,0.0463
102768.44,759.0,1113,Tractor,129982.47,20501.94,81,IL,0.8638,0,0,long_term,1,0.0503
167824.12,738.0,1152,Tractor,168197.51,6644.8,84,IN,0.962,0,0,high_ltv;low_down_payment;long_term,1,0.085
103249.05,720.0,1151,Sprayer,55371.66,17766.92,50,SD,0.7571,0,0,,1,0.0199
158621.71,646.0,4238,Sprayer,89705.88,29733.26,64,NE,0.7511,0,0,,1,0.0508
107083.95,634.0,4238,Planter,181871.64,94431.91,74,MN,0.6582,0,0,low_credit;long_term,0,0.0622
46916.41,671.0,1151,Sprayer,199823.0,39854.54,76,IL,0.8337,0,0,low_income;long_term,1,0.1426
38521.15,763.0,1152,Loader,278309.02,52255.92,55,NE,0.8419,0,0,low_income,1,0.1049
133048.1,704.0,4238,Loader,136917.75,42652.98,57,NE,0.7625,0,0,,1,0.0226
97402.08,598.0,1113,Harvester,84316.61,21766.0,60,IN,0.7948,0,0,low_credit,1,0.1159
30000.0,610.0,4238,Planter,254072.49,73921.12,83,IN,0.7746,0,0,low_income;low_credit;long_term,0,0.222
84826.96,627.0,1119,Skid Steer,199776.77,47148.36,63,NE,0.8091,0,0,low_credit,1,0.096
30000.0,612.0,1152,Loader,56944.23,11924.76,75,IL,0.8268,0,0,low_income;low_credit;long_term,0,0.2306
71654.16,642.0,3331,Tractor,74874.76,9129.37,66,ND,0.8913,1,0,prior_default,0,0.2117
135068.9,677.0,1113,Tractor,190050.38,52867.73,60,IA,0.7824,0,0,,1,0.032
136338.54,736.0,1112,Sprayer,202574.23,45586.13,70,MN,0.8163,0,0,,1,0.0331
71891.16,724.0,1151,Tractor,131262.38,32766.5,84,MO,0.8002,0,0,long_term,1,0.0654
33562.82,643.0,1152,Planter,181211.05,30008.75,39,MN,0.8579,0,0,low_income,1,0.164
163470.61,669.0,1121,Sprayer,117272.48,16271.84,52,IA,0.8782,0,0,,1,0.0449
47766.52,707.0,1151,Loader,282140.24,55385.82,38,KS,0.8359,0,0,low_income,1,0.0706
146611.46,710.0,4238,Tractor,119309.44,44933.55,71,SD,0.7264,0,0,,1,0.0245
64210.6,710.0,1152,Baler,134085.13,15746.44,59,IN,0.8949,0,0,,1,0.0695
50295.46,667.0,1119,Sprayer,53256.21,25757.8,60,MO,0.674,0,0,low_income,1,0.0742
97294.53,594.0,3331,Baler,246204.63,16225.69,47,ND,0.9382,0,0,low_down_payment;low_credit,1,0.1597
149231.23,541.0,1119,Combine,161042.34,41294.79,50,NE,0.7959,0,0,low_credit,1,0.1773
156693.41,645.0,4238,Tractor,218295.02,41691.39,59,MN,0.8396,0,0,,1,0.0647
95517.65,667.0,1121,Combine,254920.29,54036.42,56,SD,0.8251,0,0,,1,0.0416
70135.26,764.0,4238,Sprayer,125576.27,24954.0,63,MO,0.8342,0,0,,1,0.0527
118321.49,787.0,4238,Tractor,185059.95,38703.41,61,KS,0.827,0,0,,1,0.0301
44078.66,666.0,1111,Baler,89365.59,12260.0,61,IN,0.8794,0,0,low_income,0,0.144
137135.12,620.0,1152,Tractor,160279.64,14474.26,79,IA,0.9172,0,0,low_down_payment;low_credit;long_term,0,0.1619
58812.07,658.0,1119,Combine,115617.59,25621.12,45,MN,0.8186,0,0,low_income,1,0.0903
118337.24,658.0,1151,Combine,81989.64,6729.74,76,ND,0.9241,0,0,low_down_payment;long_term,1,0.0992
72336.38,618.0,1121,Combine,205031.22,38772.51,43,MN,0.841,0,0,low_credit,1,0.1191
76357.68,703.0,1152,Tractor,234882.09,112202.78,67,SD,0.6767,0,0,,1,0.0278
58172.96,603.0,1121,Tractor,134306.06,14290.99,76,MN,0.9038,0,0,low_down_payment;low_income;low_credit;long_term,0,0.2342
75691.67,697.0,1113,Planter,77347.73,14154.56,64,ND,0.8453,0,0,,1,0.0483
41020.71,606.0,1113,Harvester,138565.48,44529.9,50,WI,0.7568,0,0,low_income;low_credit,0,0.1803
158987.84,711.0,4238,Tractor,195885.47,47963.04,60,IA,0.8033,0,0,,1,0.0273
102723.57,757.0,1119,Baler,101351.88,39212.37,36,MN,0.721,0,0,,1,0.014
106168.3,575.0,1151,Baler,105928.01,18310.46,50,KS,0.8526,0,0,low_credit,0,0.153
94223.8,641.0,4238,Combine,115081.29,19295.2,48,IL,0.8564,0,0,,1,0.063
181535.67,648.0,3331,Combine,228902.73,56785.6,63,IA,0.8012,0,0,,1,0.0572
43451.07,641.0,1111,Tractor,143424.36,25588.08,52,KS,0.8486,0,0,low_income,0,0.1592
91278.5,647.0,1151,Baler,189341.33,20401.96,67,MN,0.9027,0,0,low_down_payment,0,0.0906
117299.46,808.0,1112,Skid Steer,83727.45,28150.43,77,MO,0.7484,0,0,long_term,1,0.0322
116540.65,723.0,1151,Baler,109389.71,28890.64,80,SD,0.7911,0,0,long_term,1,0.0389
121281.58,610.0,1152,Planter,158940.41,38655.85,41,NE,0.8044,0,0,low_credit,0,0.0839
49906.35,660.0,1151,Sprayer,253790.72,61756.18,67,NE,0.8043,0,0,low_income,0,0.1243
109147.97,677.0,1151,Sprayer,146237.8,29128.1,59,KS,0.8339,0,0,,1,0.0378
107745.67,734.0,1111,Skid Steer,172118.16,34218.68,58,WI,0.8342,1,0,prior_default,1,0.0908
137105.72,717.0,1113,Combine,156932.27,52106.0,58,IN,0.7507,0,0,,1,0.022
67915.21,681.0,1119,Planter,161095.57,43658.05,58,ND,0.7868,0,0,,1,0.0515
30000.0,659.0,1121,Loader,299824.92,38589.46,55,ND,0.886,0,0,low_income,0,0.1775
104110.9,640.0,3331,Combine,235494.32,83644.83,39,IL,0.7379,0,0,low_credit,1,0.0424
30000.0,715.0,1111,Tractor,151630.63,43809.05,69,SD,0.7758,0,0,low_income,1,0.1174
89174.43,728.0,1113,Combine,66105.77,32270.74,36,ND,0.672,0,0,,1,0.0119
68611.63,652.0,1111,Tractor,141185.37,40700.58,73,ND,0.7762,0,0,long_term,1,0.0975
121052.07,726.0,1151,Baler,60035.76,6670.73,58,NE,0.9,0,0,,1,0.0371
101790.78,627.0,1151,Planter,78266.91,20552.67,52,IL,0.792,0,0,low_credit,1,0.0728
117830.57,664.0,1119,Harvester,88191.65,74021.88,77,MN,0.5437,0,0,long_term,1,0.0243
121923.13,639.0,4238,Sprayer,36124.79,15215.19,51,IA,0.7036,0,0,low_credit,1,0.0453
45243.04,714.0,3331,Sprayer,50307.59,3989.09,43,NE,0.9265,0,0,low_down_payment;low_income,0,0.1102
132317.4,689.0,1121,Planter,127895.88,46093.54,51,MN,0.7351,0,0,,1,0.019
159202.84,689.0,3331,Combine,270422.37,35882.32,42,WI,0.8829,0,0,,1,0.028
150144.26,730.0,3331,Skid Steer,72178.71,38820.03,66,MN,0.6503,0,0,,1,0.0171
119323.1,640.0,1152,Tractor,177651.98,3022.92,36,IN,0.9833,0,0,high_ltv;low_down_payment,1,0.0947
89540.89,687.0,1112,Harvester,156139.06,57682.77,63,IA,0.7302,0,0,,1,0.0236
126483.48,780.0,1152,Tractor,169238.93,64762.67,55,SD,0.7232,0,0,,1,0.019
192756.25,648.0,1112,Loader,167925.93,45118.22,70,MN,0.7882,0,0,,1,0.0601
114195.65,697.0,1152,Planter,232595.52,68681.04,59,IA,0.772,0,0,,1,0.0241
114995.95,684.0,1113,Sprayer,235632.98,32082.21,62,ND,0.8802,0,0,,1,0.0411
30000.0,642.0,1152,Planter,47545.24,13300.28,71,WI,0.7814,0,0,low_income,1,0.1801
144049.9,648.0,1151,Skid Steer,294528.78,49007.86,54,MO,0.8573,0,0,,1,0.061
122756.97,786.0,1152,Harvester,86598.28,8919.81,64,IN,0.9066,0,0,low_down_payment,1,0.0458
140903.66,659.0,1113,Tractor,188838.85,0.0,55,NE,1.0,0,0,high_ltv;low_down_payment,1,0.0951
34176.35,637.0,1152,Baler,173869.92,29403.87,75,NE,0.8553,0,0,low_income;low_credit;long_term,0,0.2154
154326.41,645.0,1152,Skid Steer,43563.89,7360.06,52,KS,0.8555,0,0,,1,0.0617
119683.45,687.0,1113,Harvester,60946.01,0.0,60,ND,1.0,1,1,high_ltv;low_down_payment;prior_default;bankruptcy,0,0.2611
72786.42,691.0,1112,Loader,134203.11,97943.05,42,KS,0.5781,0,0,,1,0.0145
30000.0,786.0,1119,Harvester,247923.21,72172.97,45,MN,0.7745,0,0,low_income,1,0.0924
93755.75,573.0,1111,Sprayer,115275.92,25703.88,73,IA,0.8177,0,0,low_credit;long_term,0,0.176
123320.84,714.0,1113,Tractor,301883.89,0.0,57,NE,1.0,0,0,high_ltv;low_down_payment,1,0.062
84846.01,793.0,4238,Loader,147199.52,26178.55,64,WI,0.849,0,0,,1,0.0389
96937.53,677.0,3331,Combine,91602.62,25217.31,68,ND,0.7841,0,0,,1,0.0358
99044.44,659.0,4238,Combine,320813.44,20078.2,44,IL,0.9411,0,0,low_down_payment,0,0.0645
92249.56,719.0,3331,Skid Steer,113072.04,19885.91,40,IA,0.8504,0,0,,1,0.0239
107969.25,659.0,1121,Baler,244904.31,61235.19,47,MN,0.8,0,0,,1,0.0381
162151.93,656.0,1113,Harvester,84521.2,17732.16,62,ND,0.8266,0,0,,1,0.0545
65991.64,753.0,1119,Tractor,113359.65,22695.73,63,MO,0.8332,0,0,,1,0.0579
59825.03,725.0,1121,Planter,232817.63,33060.84,62,IL,0.8757,0,0,low_income,1,0.0817
190857.68,732.0,1111,Planter,196016.2,52180.03,54,IN,0.7898,0,0,,1,0.0238
59088.15,691.0,1119,Harvester,283023.54,60880.32,47,IL,0.823,0,1,low_income;bankruptcy,0,0.1626
123276.18,717.0,1152,Tractor,259501.09,20272.71,84,IL,0.9275,0,0,low_down_payment;long_term,0,0.0703
153884.67,651.0,1152,Harvester,203164.44,43313.59,71,MN,0.8243,0,0,,1,0.0653
185352.93,734.0,4238,Sprayer,90770.32,12375.72,51,WI,0.88,0,0,,1,0.0313
103113.61,709.0,3331,Sprayer,200657.77,49307.03,62,IA,0.8027,0,0,,1,0.0281
64343.29,645.0,1112,Sprayer,74348.27,35110.37,48,WI,0.6792,0,0,,0,0.0611
38037.45,745.0,1119,Harvester,209644.77,34123.35,44,IA,0.86,0,0,low_income,0,0.0991
93192.98,676.0,1152,Sprayer,144621.29,42819.31,75,WI,0.7716,0,0,long_term,1,0.0432
30000.0,627.0,1151,Harvester,202153.34,37616.97,63,MO,0.8431,0,0,low_income;low_credit,0,0.2125
169416.47,735.0,1113,Tractor,212770.32,30025.93,63,MN,0.8763,0,0,,1,0.0368
55203.79,723.0,1121,Baler,45275.16,11607.27,72,MN,0.7959,0,0,low_income,0,0.0802
160927.37,693.0,1112,Baler,70040.89,12916.01,50,WI,0.8443,0,0,,1,0.0272
121187.02,710.0,1152,Combine,126776.96,56927.67,69,MN,0.6901,0,0,,1,0.0208
127554.37,691.0,1113,Sprayer,46645.11,9004.2,36,WI,0.8382,0,0,,1,0.0215
178897.28,702.0,1152,Combine,49030.8,10170.35,65,MN,0.8282,0,0,,1,0.0321
141053.03,693.0,1152,Loader,259250.54,46380.16,75,MN,0.8482,0,0,long_term,0,0.044
143183.22,770.0,1121,Combine,127992.1,21413.98,62,IN,0.8567,0,0,,1,0.0339
158123.73,789.0,1151,Combine,253833.3,66027.04,68,MO,0.7936,0,0,,1,0.0297
163367.57,622.0,1112,Harvester,114468.71,12067.77,54,MN,0.9046,0,0,low_down_payment;low_credit,1,0.1171
59876.79,830.0,3331,Planter,149694.82,0.0,67,IN,1.0,1,0,high_ltv;low_down_payment;low_income;prior_default,1,0.234
80709.53,728.0,3331,Tractor,89794.08,24025.51,51,WI,0.7889,0,0,,1,0.0291
30000.0,628.0,1112,Loader,189225.81,17363.38,54,WI,0.916,0,0,low_down_payment;low_income;low_credit,1,0.2321
67407.89,682.0,1152,Combine,163035.76,34971.11,50,MO,0.8234,0,0,,1,0.0521
101227.99,637.0,1152,Baler,195175.82,46270.67,60,IN,0.8084,0,0,low_credit,1,0.0727
218431.89,734.0,1152,Sprayer,214449.54,30475.33,75,KS,0.8756,0,0,long_term,1,0.0481
111818.26,700.0,1112,Skid Steer,196772.77,57015.42,75,MN,0.7753,0,0,long_term,1,0.0343
76954.69,651.0,1111,Skid Steer,245208.73,56799.29,52,NE,0.8119,0,0,,0,0.0667
116939.3,644.0,1151,Combine,141830.55,36224.64,58,IN,0.7966,0,0,,1,0.0563
82956.65,585.0,1113,Skid Steer,149563.05,48122.04,63,SD,0.7566,0,0,low_credit,1,0.1373
79759.54,746.0,1112,Sprayer,134595.36,36670.79,49,SD,0.7859,0,0,,1,0.0287
30000.0,635.0,1113,Skid Steer,54495.73,12981.5,59,IA,0.8076,0,0,low_income;low_credit,0,0.1906
97977.14,669.0,1113,Baler,73663.54,13395.84,84,IA,0.8461,0,0,long_term,1,0.0687
102851.04,670.0,3331,Baler,252617.59,82002.11,58,SD,0.7549,0,0,,1,0.0318
30000.0,733.0,1151,Combine,72466.71,7690.87,63,MO,0.9041,0,0,low_down_payment;low_income,0,0.1584
60585.91,655.0,1152,Planter,152878.49,50512.25,62,KS,0.7516,0,0,,1,0.0837
37585.03,773.0,1119,Skid Steer,225899.39,81354.87,62,MN,0.7352,0,0,low_income,1,0.0858
66748.91,613.0,1151,Harvester,96843.6,30114.53,59,SD,0.7628,0,0,low_credit,0,0.1305
45643.64,686.0,1112,Combine,295552.12,17354.66,83,MN,0.9445,0,0,low_down_payment;low_income;long_term,1,0.1767
65367.69,704.0,1151,Combine,118890.73,44264.12,70,NE,0.7287,0,0,,1,0.0459
84212.92,612.0,1113,Baler,232517.37,80814.45,83,ND,0.7421,0,0,low_credit;long_term,0,0.1257
103210.7,695.0,1119,Baler,234267.18,50939.4,36,KS,0.8214,0,0,,1,0.0203
78638.39,727.0,1111,Planter,159127.25,67413.53,52,IN,0.7024,0,0,,1,0.0229
56062.4,640.0,1152,Sprayer,264686.77,6568.61,40,IN,0.9758,0,0,high_ltv;low_down_payment;low_income,0,0.1787
35876.18,622.0,1112,Planter,84185.98,9330.9,59,ND,0.9002,0,0,low_down_payment;low_income;low_credit,1,0.2279
95946.46,797.0,1152,Baler,199696.75,36433.08,38,KS,0.8457,0,0,,1,0.0228
131787.87,722.0,3331,Combine,305865.01,16887.52,66,WI,0.9477,0,0,low_down_payment,1,0.0538
51561.3,695.0,3331,Skid Steer,62099.94,14345.4,43,WI,0.8123,0,0,low_income,1,0.0642
80640.85,700.0,1119,Sprayer,211221.79,21423.37,52,ND,0.9079,0,0,low_down_payment,0,0.0492
158070.2,716.0,4238,Planter,216002.55,43071.38,42,NE,0.8337,0,0,,1,0.0232
84944.42,570.0,1121,Baler,181544.93,46714.13,60,MN,0.7953,0,0,low_credit,0,0.1608
81915.24,680.0,1113,Combine,128483.52,14758.81,50,KS,0.897,0,0,,1,0.0479
117654.29,739.0,3331,Combine,84865.93,18113.28,55,WI,0.8241,0,0,,1,0.0273
119530.92,767.0,1121,Baler,83328.79,31715.17,72,MO,0.7243,0,0,,1,0.0247
30000.0,723.0,1113,Combine,169906.52,42620.8,48,WI,0.7995,0,0,low_income,1,0.102
167327.68,704.0,3331,Planter,134740.5,66710.61,59,MO,0.6688,0,0,,1,0.0165
108603.72,568.0,3331,Harvester,74066.43,39046.96,67,IA,0.6548,0,0,low_credit,1,0.1195
110662.62,662.0,4238,Harvester,287390.29,42197.66,46,MN,0.872,0,0,,1,0.0455
77091.07,693.0,1119,Sprayer,298147.12,50273.95,66,IA,0.8557,0,0,,1,0.0497
40255.12,708.0,1119,Planter,155228.47,77164.52,64,NE,0.668,0,0,low_income,1,0.0682
124293.65,744.0,1152,Planter,288912.94,41581.55,55,KS,0.8742,0,0,,1,0.0325
124281.73,698.0,1112,Harvester,154701.1,21952.21,40,WI,0.8757,0,0,,0,0.0262
180349.43,704.0,1112,Tractor,104439.58,7509.19,54,MO,0.9329,0,0,low_down_payment,1,0.0434
86971.7,628.0,1111,Sprayer,104226.75,38058.98,54,IL,0.7325,0,0,low_credit,1,0.066
161341.96,682.0,1111,Loader,142987.38,46562.55,72,WI,0.7544,0,0,,1,0.0316
67906.54,706.0,4238,Harvester,271728.5,59826.63,38,ND,0.8196,0,0,,1,0.0375
123864.03,693.0,1152,Loader,174148.57,61684.68,73,MO,0.7384,0,1,long_term;bankruptcy,1,0.1061
106548.34,627.0,1121,Loader,200006.69,45650.31,69,KS,0.8142,0,0,low_credit,1,0.0939
159898.35,659.0,1151,Sprayer,201552.36,29014.74,59,NE,0.8742,0,0,,1,0.0581
143153.32,647.0,1119,Loader,171494.33,39082.33,48,IL,0.8144,0,0,,1,0.0497
40369.23,797.0,1111,Planter,59155.25,8164.86,63,IA,0.8787,0,0,low_income,1,0.1206
209032.4,633.0,3331,Combine,98582.04,35736.25,47,IA,0.7339,0,0,low_credit,1,0.0522
87904.42,671.0,1111,Sprayer,77768.05,26089.16,67,IL,0.7488,0,0,,1,0.037
141149.14,674.0,4238,Sprayer,60186.87,17658.32,51,IA,0.7732,0,0,,1,0.0286
126592.76,761.0,1121,Planter,74666.51,31777.74,63,SD,0.7015,0,0,,1,0.0198
90452.28,708.0,4238,Harvester,197350.63,31286.16,65,IN,0.8632,0,0,,0,0.0362
110071.1,772.0,1111,Skid Steer,138412.46,6591.22,50,KS,0.9545,0,0,high_ltv;low_down_payment,1,0.0488
134766.53,637.0,1112,Skid Steer,196219.94,79503.09,52,WI,0.7117,0,0,low_credit,0,0.0487
64267.12,647.0,1112,Skid Steer,63861.99,15385.31,37,ND,0.8059,0,0,,0,0.0766
61957.69,798.0,1152,Sprayer,237167.32,40365.24,57,MO,0.8546,0,0,,1,0.063
239830.76,626.0,1119,Harvester,40200.6,8537.73,62,ND,0.8248,0,0,low_credit,1,0.0915
128012.95,703.0,4238,Baler,121911.68,28321.86,66,KS,0.8115,0,0,,1,0.0307
83475.03,634.0,1111,Harvester,71429.72,17878.38,45,IN,0.7998,0,0,low_credit,0,0.072
122088.85,726.0,1152,Tractor,87174.33,6877.71,53,ND,0.9269,0,0,low_down_payment,1,0.0419
146654.01,576.0,4238,Skid Steer,171851.3,50789.77,76,NE,0.7719,0,0,low_credit;long_term,0,0.1607
90971.34,733.0,1119,Sprayer,194190.74,51424.94,40,IA,0.7906,0,0,,1,0.0193
96647.51,732.0,1111,Planter,77665.63,10701.11,51,IL,0.8789,0,0,,1,0.0312
152454.02,703.0,1151,Baler,292694.6,56398.44,49,IN,0.8384,0,0,,1,0.0262
49136.89,603.0,1112,Harvester,201110.83,56384.51,62,WI,0.781,0,0,low_income;low_credit,0,0.1884
37179.74,575.0,1119,Sprayer,179242.77,37129.97,68,IA,0.8284,0,0,low_income;low_credit,0,0.2391
110548.92,659.0,1111,Baler,244776.17,8177.93,54,IN,0.9677,0,0,high_ltv;low_down_payment,1,0.0862
122070.5,633.0,1112,Loader,234478.42,60046.02,50,MN,0.7961,0,0,low_credit,1,0.066
170782.84,644.0,1112,Harvester,124035.16,28753.97,59,SD,0.8118,0,0,,0,0.0598
173046.46,784.0,1121,Baler,237686.94,90303.72,61,MN,0.7247,0,0,,1,0.0209
103810.65,744.0,1112,Combine,277702.53,55201.49,69,SD,0.8342,0,0,,1,0.0347
67178.17,686.0,1151,Planter,132928.38,19443.99,79,IL,0.8724,0,0,long_term,0,0.0891
180940.66,746.0,1112,Harvester,192570.69,49443.32,47,SD,0.7957,0,0,,1,0.0219
110455.82,574.0,3331,Sprayer,231400.83,56424.54,59,IA,0.804,0,0,low_credit,1,0.1486
149614.62,640.0,1112,Harvester,86739.2,22187.71,59,WI,0.7963,0,0,low_credit,0,0.067
111193.11,791.0,1121,Baler,269702.55,43857.56,56,KS,0.8601,0,0,,1,0.0314
118819.88,681.0,1113,Harvester,257724.87,81393.98,52,SD,0.76,0,0,,1,0.0242
93714.79,740.0,1152,Harvester,131506.49,24061.77,74,KS,0.8453,0,0,long_term,1,0.0429
63122.84,670.0,1111,Skid Steer,289548.52,54690.62,79,ND,0.8411,0,0,long_term,1,0.1083
124685.18,750.0,1119,Baler,100851.83,30066.83,38,KS,0.7703,0,0,,1,0.0173
33663.54,687.0,1152,Tractor,98837.63,37014.2,46,MO,0.7275,0,0,low_income,1,0.0795
31053.89,719.0,1151,Combine,94910.39,38554.2,71,IN,0.7111,0,0,low_income,1,0.0996
76801.58,647.0,1151,Harvester,238816.29,74279.89,61,IL,0.7628,0,0,,1,0.0677
62765.5,648.0,1152,Planter,243324.94,86162.61,52,KS,0.7385,0,0,,1,0.0757
157278.07,646.0,4238,Planter,119042.25,25385.01,40,KS,0.8242,0,0,,1,0.047
58667.88,645.0,1151,Baler,179133.39,84538.98,66,IN,0.6794,0,0,low_income,1,0.0907
98696.61,631.0,1151,Skid Steer,43331.98,4545.92,65,IA,0.9051,0,0,low_down_payment;low_credit,0,0.1173
126315.24,664.0,1151,Tractor,273503.71,45167.81,63,MN,0.8583,0,0,,1,0.0538
105742.73,763.0,1152,Sprayer,114299.25,18203.36,69,MN,0.8626,0,0,,1,0.0383
30000.0,674.0,1151,Harvester,117726.29,22364.0,53,IN,0.8404,0,0,low_income,1,0.1408
30000.0,625.0,1119,Combine,85798.41,14031.96,51,MO,0.8594,0,0,low_income;low_credit,1,0.2099
123106.44,686.0,3331,Loader,129202.59,35189.25,41,IL,0.7859,0,0,,1,0.0208
135528.13,720.0,1121,Sprayer,202442.53,22743.47,50,MN,0.899,0,0,,1,0.0329
103314.61,645.0,1152,Baler,41655.88,8040.1,67,WI,0.8382,0,0,,1,0.0705
50450.55,692.0,1151,Skid Steer,240193.71,69805.41,64,KS,0.7748,0,0,low_income,0,0.0758
120187.19,630.0,3331,Baler,229427.14,80185.22,68,IL,0.741,1,0,low_credit;prior_default,1,0.1569
78936.23,611.0,3331,Planter,165014.14,46406.33,79,IA,0.7805,0,0,low_credit;long_term,0,0.144
50419.92,678.0,1152,Tractor,211119.69,85101.03,62,ND,0.7127,0,0,low_income,0,0.0727
83647.89,638.0,1151,Combine,220949.14,59592.42,72,IA,0.7876,0,0,low_credit,0,0.0882
79605.9,728.0,3331,Harvester,61037.18,14563.27,57,MN,0.8074,0,0,,1,0.0349
96529.99,646.0,3331,Loader,108123.14,27987.53,63,ND,0.7944,0,0,,1,0.0583
48249.43,673.0,1111,Combine,267784.96,56003.52,61,WI,0.827,0,0,low_income,1,0.1101
87415.31,679.0,3331,Combine,258161.74,82276.65,58,IL,0.7583,0,0,,1,0.0294
83179.5,753.0,1152,Skid Steer,186618.55,8810.3,64,WI,0.9549,0,0,high_ltv;low_down_payment,1,0.0693
30000.0,737.0,1119,Harvester,162720.22,70253.44,59,IA,0.6984,0,0,low_income,1,0.0868
30000.0,723.0,1121,Combine,222519.17,38367.54,80,IA,0.8529,0,0,low_income;long_term,0,0.1609
40638.6,728.0,1152,Loader,246938.1,66225.79,67,NE,0.7885,0,0,low_income,1,0.0989
122049.46,698.0,1152,Planter,190145.77,45620.78,56,ND,0.8065,0,0,,1,0.026
80014.83,706.0,1121,Planter,207541.51,59163.21,60,NE,0.7782,0,0,,1,0.0326
143235.16,656.0,1121,Sprayer,164067.23,40639.06,82,IL,0.8015,0,0,long_term,0,0.0711
64676.0,785.0,1112,Baler,120960.13,35736.08,55,KS,0.7719,0,0,,1,0.044
77468.78,583.0,3331,Harvester,208065.22,36210.89,56,ND,0.8518,0,0,low_credit,0,0.1725
112503.08,641.0,1113,Baler,171294.61,46764.4,70,SD,0.7855,0,0,,0,0.0663
84183.77,742.0,1121,Planter,42859.77,9367.93,65,MO,0.8206,0,0,,1,0.0364
80544.74,748.0,1111,Planter,231586.79,10446.79,43,ND,0.9568,0,0,high_ltv;low_down_payment,1,0.0563
125351.44,721.0,3331,Harvester,129097.72,4174.21,38,IN,0.9687,0,0,high_ltv;low_down_payment,1,0.0432
30000.0,602.0,1113,Loader,84934.41,28232.67,51,IA,0.7505,0,0,low_income;low_credit,0,0.1979
115735.92,638.0,1121,Planter,302328.9,37446.36,57,WI,0.8898,0,0,low_credit,0,0.0877
110963.37,658.0,1111,Planter,253609.02,45530.72,79,IN,0.8478,0,0,long_term,1,0.076
219231.75,702.0,4238,Baler,62714.21,23058.35,61,NE,0.7312,0,0,,1,0.0214
102482.84,782.0,4238,Sprayer,115719.68,18615.65,66,SD,0.8614,0,0,,1,0.0365
155621.98,630.0,1111,Combine,267418.49,45204.64,64,MO,0.8554,0,0,low_credit,1,0.0958
136546.62,746.0,1119,Combine,228187.42,16772.59,56,IA,0.9315,0,0,low_down_payment,1,0.0445
125992.18,716.0,1112,Sprayer,166197.7,82368.13,70,SD,0.6686,0,0,,1,0.0195
45181.56,693.0,1121,Combine,57808.96,10152.58,57,IN,0.8506,0,0,low_income,0,0.0967
55076.05,696.0,1112,Loader,242273.76,38429.07,62,ND,0.8631,1,0,low_income;prior_default,0,0.1798
78794.09,670.0,1112,Planter,257342.59,18144.85,59,ND,0.9341,0,0,low_down_payment,1,0.0834
103348.18,741.0,1121,Loader,121343.16,35345.24,72,WI,0.7744,0,0,,0,0.0295
164185.65,751.0,1151,Planter,116477.21,43288.42,74,IL,0.7291,0,0,long_term,1,0.0287
92063.8,758.0,3331,Tractor,60535.11,3057.18,65,IL,0.9519,0,0,high_ltv;low_down_payment,1,0.0593
82404.37,649.0,1151,Sprayer,59769.69,21977.26,75,IL,0.7312,0,0,long_term,0,0.0682
174910.41,705.0,1111,Skid Steer,236995.11,75911.63,83,IN,0.7574,0,0,long_term,1,0.0362
106155.35,673.0,1112,Baler,37190.25,14103.2,66,IA,0.725,0,0,,1,0.0305
111094.17,779.0,1111,Baler,235457.68,47214.52,57,NE,0.833,0,0,,1,0.029
98090.24,714.0,1113,Harvester,41363.44,12074.13,63,IL,0.7741,0,0,,1,0.0258
226974.6,619.0,1111,Tractor,114425.28,53007.31,44,MN,0.6834,0,0,low_credit,1,0.0532
94014.48,684.0,1111,Combine,88247.16,12564.47,40,IA,0.8754,0,0,,1,0.0291
38239.5,721.0,1152,Tractor,212463.37,7211.4,36,IA,0.9672,0,0,high_ltv;low_down_payment;low_income,0,0.1376
136291.97,586.0,1112,Sprayer,232959.92,0.0,65,IL,1.0,0,0,high_ltv;low_down_payment;low_credit,0,0.2192
86583.74,608.0,1151,Tractor,218105.19,84537.47,79,MO,0.7207,0,0,low_credit;long_term,0,0.116
124688.3,695.0,1119,Combine,86997.93,37659.56,57,IA,0.6979,0,0,,1,0.0178
41905.68,644.0,1111,Tractor,134949.61,21187.63,77,IL,0.8643,0,1,low_income;long_term;bankruptcy,0,0.255
113143.2,658.0,1113,Combine,206526.91,34035.99,36,MN,0.8585,0,0,,1,0.041
177604.84,696.0,1152,Loader,82405.33,20333.11,43,SD,0.8021,0,0,,1,0.021
41022.21,675.0,1152,Harvester,261473.35,28962.77,64,IA,0.9003,0,0,low_down_payment;low_income,1,0.1567
151166.95,602.0,1152,Skid Steer,295653.51,33453.67,72,WI,0.8984,0,0,low_credit,0,0.156
127438.61,690.0,1119,Planter,239196.22,18860.65,52,KS,0.9269,0,0,low_down_payment,1,0.0414
91424.37,650.0,1111,Sprayer,124875.97,33432.25,56,IL,0.7888,0,0,,1,0.0487
139945.45,682.0,1113,Skid Steer,217959.65,17017.12,70,NE,0.9276,0,0,low_down_payment,1,0.0608
194521.18,680.0,1111,Harvester,82746.53,7611.36,67,WI,0.9158,0,0,low_down_payment,1,0.0581
127456.02,775.0,1111,Planter,244728.21,58317.19,64,MN,0.8076,0,0,,1,0.0294
140795.69,701.0,1113,Skid Steer,167357.16,13262.61,60,MN,0.9266,0,0,low_down_payment,1,0.0463
121295.62,624.0,1119,Tractor,320705.31,1214.3,47,SD,0.9962,0,0,high_ltv;low_down_payment;low_credit,0,0.1427
46979.92,667.0,1151,Loader,174626.04,42978.01,53,KS,0.8025,0,0,low_income,0,0.1055
73116.98,654.0,1151,Baler,135764.6,24719.77,80,IL,0.846,0,0,long_term,0,0.1121
92687.32,673.0,1112,Tractor,168575.9,23492.9,61,IL,0.8777,0,0,,0,0.0478
194930.96,740.0,4238,Sprayer,48207.79,8179.31,71,IN,0.8549,1,1,prior_default;bankruptcy,1,0.2147
95512.66,677.0,4238,Planter,175843.06,69364.17,62,IN,0.7171,0,0,,1,0.026
170147.08,777.0,3331,Harvester,122165.09,24859.17,64,SD,0.8309,0,0,,1,0.0319
30000.0,756.0,1121,Baler,211149.13,30384.79,52,IA,0.8742,0,0,low_income,1,0.1279
58453.9,739.0,1119,Harvester,221737.6,39635.74,63,NE,0.8484,0,0,low_income,1,0.0786
30000.0,681.0,4238,Baler,148734.81,45331.04,84,NE,0.7664,0,0,low_income;long_term,1,0.1488
106537.11,542.0,1151,Skid Steer,148017.37,19912.51,46,IL,0.8814,0,0,low_credit,0,0.1994
115313.23,689.0,1119,Sprayer,245928.8,16783.01,80,MO,0.9361,0,0,low_down_payment;long_term,0,0.07
84492.37,677.0,1121,Skid Steer,213678.57,41408.04,70,WI,0.8377,0,0,,1,0.0507
67588.54,693.0,1151,Skid Steer,140103.59,59825.99,57,IN,0.7008,0,0,,1,0.0329
159590.55,740.0,1112,Harvester,186002.85,27783.61,62,IN,0.87,0,0,,1,0.0355
171832.04,668.0,1112,Combine,162978.46,23181.99,60,WI,0.8755,0,0,,1,0.0513
105462.9,733.0,3331,Skid Steer,88405.69,18094.49,58,IL,0.8301,0,0,,1,0.0292
81119.99,747.0,1151,Loader,193991.25,20853.2,59,IL,0.9029,0,0,low_down_payment,1,0.0526
115851.29,670.0,1112,Tractor,163983.82,78990.77,68,MN,0.6749,0,0,,1,0.0276
54852.47,631.0,3331,Tractor,87537.68,19344.32,53,IN,0.819,0,0,low_income;low_credit,1,0.1492
101435.82,674.0,1112,Sprayer,120711.38,44762.49,64,KS,0.7295,0,0,,1,0.0297
179039.97,739.0,4238,Combine,151803.17,47803.52,36,IA,0.7605,0,0,,1,0.0162
61985.28,689.0,1112,Harvester,184296.66,71182.78,49,ND,0.7214,0,0,,1,0.037
48692.37,691.0,1152,Harvester,264498.23,8254.56,71,IA,0.9697,0,0,high_ltv;low_down_payment;low_income,0,0.1582
30000.0,666.0,1151,Tractor,199488.19,106381.87,75,IA,0.6522,0,0,low_income;long_term,1,0.1243
184240.61,792.0,1111,Loader,221965.62,64080.31,59,NE,0.776,0,0,,1,0.0244
117591.91,826.0,4238,Harvester,105497.19,17139.71,58,SD,0.8602,0,0,,1,0.0324
30000.0,596.0,1121,Loader,40931.19,7803.74,37,WI,0.8399,0,0,low_income;low_credit,0,0.2194
68797.6,631.0,1152,Combine,44228.8,13194.85,74,NE,0.7702,0,0,low_credit;long_term,1,0.1299
198167.94,653.0,1119,Tractor,80211.58,10387.37,78,WI,0.8853,0,0,long_term,1,0.0899
93358.82,687.0,1112,Baler,100468.06,48974.64,53,IA,0.6723,0,0,,1,0.0161
200416.66,660.0,1112,Loader,140030.65,41818.8,61,NE,0.77,0,0,,1,0.0414
64736.07,725.0,1121,Tractor,105505.3,18439.35,45,SD,0.8512,0,0,,1,0.0498
101837.31,608.0,1121,Harvester,54219.16,14737.05,64,IL,0.7863,0,0,low_credit,1,0.105
153767.89,632.0,1112,Tractor,253845.96,79168.51,60,MO,0.7623,0,0,low_credit,1,0.068
75823.87,782.0,3331,Planter,220114.12,21667.6,60,ND,0.9104,0,0,low_down_payment,1,0.062
100709.35,683.0,1152,Sprayer,66409.2,32895.53,67,ND,0.6687,0,0,,1,0.0212
160896.24,671.0,3331,Harvester,161752.54,15861.79,49,KS,0.9107,0,0,low_down_payment,1,0.052
140262.23,763.0,1112,Skid Steer,196554.85,71753.68,67,MO,0.7326,1,0,prior_default,1,0.075
104632.09,660.0,1119,Harvester,54559.05,24483.85,77,IN,0.6902,0,0,long_term,1,0.0437
116944.08,664.0,1111,Planter,142109.33,33404.36,70,IA,0.8097,0,0,,1,0.05
135272.82,693.0,1151,Tractor,288207.87,25450.33,84,NE,0.9189,0,0,low_down_payment;long_term,1,0.0684
102852.73,569.0,4238,Sprayer,95973.13,11885.51,53,ND,0.8898,1,0,low_credit;prior_default,0,0.2437
79786.47,681.0,1113,Skid Steer,265941.59,80775.16,59,MN,0.767,0,0,,1,0.0362
30000.0,683.0,1113,Loader,254902.33,59574.79,70,SD,0.8106,0,0,low_income,1,0.1382
112338.16,739.0,1151,Tractor,119285.93,37804.11,53,IL,0.7593,0,0,,1,0.021
30000.0,605.0,1121,Harvester,204814.3,41647.95,46,MO,0.831,0,0,low_income;low_credit,0,0.2156
132377.83,697.0,1121,Tractor,139524.66,50499.29,73,MN,0.7342,0,0,long_term,1,0.0289
175712.77,605.0,1152,Skid Steer,156316.88,58467.43,76,MO,0.7278,0,0,low_credit;long_term,1,0.1119
135573.11,743.0,1151,Sprayer,176506.36,53316.71,54,MN,0.768,0,0,,1,0.022
93375.58,678.0,4238,Harvester,213734.91,21955.6,52,IA,0.9068,0,0,low_down_payment,1,0.0473
30000.0,710.0,1151,Loader,105786.89,23127.99,54,IL,0.8206,0,0,low_income,1,0.1143
161344.74,767.0,1111,Harvester,198977.47,28058.13,46,IA,0.8764,0,1,bankruptcy,1,0.1084
30000.0,660.0,1121,Skid Steer,180622.65,50698.73,61,SD,0.7808,0,0,low_income,0,0.148
122242.61,780.0,1111,Sprayer,235791.07,52821.19,69,KS,0.817,0,0,,1,0.0327
161967.01,734.0,3331,Loader,217127.62,23953.32,56,IA,0.9006,0,0,low_down_payment,1,0.0401
76720.31,548.0,1121,Harvester,125125.3,37352.17,47,IA,0.7701,0,0,low_credit,0,0.1808
154688.25,653.0,1111,Sprayer,201438.83,43444.42,58,ND,0.8226,0,0,,1,0.0536
93717.65,656.0,1151,Harvester,185222.07,52477.4,52,MN,0.7792,0,0,,1,0.0407
90525.82,696.0,1151,Harvester,134166.75,26608.67,68,IA,0.8345,0,0,,1,0.0343
69617.12,690.0,1119,Loader,63244.29,14031.04,48,WI,0.8184,0,0,,1,0.0412
166870.85,663.0,1152,Skid Steer,152841.35,41574.43,57,MO,0.7862,0,0,,1,0.0396
93085.27,662.0,1151,Sprayer,108398.05,15130.27,69,NE,0.8775,0,0,,0,0.0636
194673.43,650.0,1119,Loader,330365.42,16766.95,58,SD,0.9517,0,0,high_ltv;low_down_payment,0,0.0982
92929.51,590.0,1119,Harvester,222618.6,38696.24,69,IN,0.8519,0,0,low_credit,1,0.1533
133065.43,658.0,1152,Planter,295091.46,26164.44,46,MO,0.9186,0,0,low_down_payment,1,0.063
177694.36,629.0,1152,Loader,201881.66,16131.97,59,IL,0.926,1,0,low_down_payment;low_credit;prior_default,0,0.2138
113291.49,642.0,4238,Planter,54707.85,9473.98,48,MN,0.8524,0,0,,1,0.0611
78666.72,608.0,1151,Baler,171473.13,63342.08,65,ND,0.7302,0,0,low_credit,1,0.1113
100477.1,667.0,4238,Baler,249331.83,84647.67,43,SD,0.7465,0,0,,1,0.0262
171295.1,642.0,3331,Tractor,146811.15,11138.73,77,ND,0.9295,0,0,low_down_payment;long_term,1,0.1235
104303.82,665.0,1119,Harvester,100103.82,30384.77,68,MO,0.7671,0,0,,1,0.042
183078.33,770.0,3331,Tractor,127641.51,11594.2,70,WI,0.9167,0,0,low_down_payment,1,0.0514
102854.5,782.0,1152,Baler,145342.97,71515.23,43,SD,0.6702,0,0,,1,0.0129
100733.61,617.0,1152,Tractor,231741.23,31120.09,78,MN,0.8816,0,0,low_credit;long_term,0,0.1448
30000.0,649.0,1152,Tractor,120731.77,12171.79,42,WI,0.9084,0,0,low_down_payment;low_income,0,0.1902
191440.54,666.0,1151,Harvester,179800.36,29242.8,64,MO,0.8601,0,0,,0,0.053
135195.56,660.0,1119,Baler,41081.02,12196.67,73,WI,0.7711,0,0,long_term,1,0.054
116140.06,687.0,1113,Harvester,214630.46,22274.91,53,MO,0.906,0,0,low_down_payment,0,0.0409
152660.34,700.0,1121,Planter,182147.18,105904.8,74,IL,0.6323,0,0,long_term,1,0.0202
53778.12,707.0,1121,Planter,236224.79,80274.79,60,IA,0.7464,0,0,low_income,0,0.0616
138427.23,682.0,1121,Loader,233204.49,30831.15,56,SD,0.8832,1,0,prior_default,0,0.1125
104211.23,614.0,1119,Skid Steer,128600.71,63623.9,54,IL,0.669,1,0,low_credit;prior_default,1,0.14
46726.49,770.0,1119,Tractor,78525.05,17135.82,60,MN,0.8209,0,0,low_income,1,0.0893
100301.5,749.0,1113,Planter,248056.13,90340.81,57,KS,0.733,0,0,,1,0.0203
110455.09,591.0,4238,Tractor,144270.92,31687.2,57,IA,0.8199,0,0,low_credit,1,0.1289
149733.29,627.0,1113,Baler,52549.1,11308.73,55,IN,0.8229,0,0,low_credit,1,0.0825
50837.99,628.0,1152,Baler,116984.43,20608.24,42,IN,0.8502,0,0,low_income;low_credit,0,0.1586
106765.26,688.0,4238,Skid Steer,259304.66,28145.2,84,MN,0.9021,0,0,low_down_payment;long_term,1,0.0671
94339.61,662.0,4238,Tractor,195230.46,24772.67,56,SD,0.8874,0,0,,1,0.0552
44309.6,672.0,1119,Skid Steer,110600.96,12514.5,50,IL,0.8984,0,0,low_income,1,0.1278
85299.2,645.0,4238,Combine,237605.23,99560.31,53,IN,0.7047,0,0,,1,0.043
158979.95,793.0,1151,Baler,134911.22,31831.25,69,SD,0.8091,0,0,,1,0.0319
95764.55,683.0,1121,Combine,105286.66,32615.23,55,IN,0.7635,0,0,,1,0.0251
170600.4,702.0,1152,Harvester,72595.01,20053.42,77,NE,0.7836,0,0,long_term,1,0.0363
92012.33,764.0,1119,Baler,244021.85,23109.3,37,SD,0.9135,0,0,low_down_payment,1,0.0318
50009.8,625.0,3331,Harvester,88905.31,14985.07,64,NE,0.8558,0,0,low_income;low_credit,0,0.1883
92519.1,687.0,1112,Tractor,83290.5,21733.26,68,KS,0.7931,0,0,,1,0.0314
72636.59,674.0,1112,Tractor,304614.09,37169.41,50,MN,0.8912,0,0,,1,0.0649
77696.3,663.0,1119,Baler,116559.19,7920.45,55,KS,0.9364,0,0,low_down_payment,1,0.09
159662.47,652.0,3331,Loader,68738.83,16115.67,69,MN,0.8101,1,0,prior_default,1,0.1445
96879.75,777.0,1121,Baler,164351.17,46498.32,60,SD,0.7795,0,0,,1,0.0251
110725.87,748.0,1111,Planter,236141.18,19579.29,36,ND,0.9234,0,0,low_down_payment,1,0.0324
149882.31,714.0,1151,Harvester,61491.88,15556.99,81,NE,0.7981,0,0,long_term,1,0.0404
106205.7,743.0,1151,Sprayer,198546.38,84946.93,51,SD,0.7004,0,0,,1,0.0164
101149.23,708.0,1113,Baler,185674.27,1285.13,62,KS,0.9931,0,0,high_ltv;low_down_payment,1,0.0648
63945.68,704.0,1151,Loader,176962.83,32037.5,74,MO,0.8467,0,0,long_term,0,0.0792
76414.47,731.0,1151,Loader,45377.6,6456.07,59,KS,0.8754,0,0,,1,0.049
102968.82,676.0,1111,Tractor,109139.82,8885.67,64,IA,0.9247,0,0,low_down_payment,0,0.0613
123830.22,704.0,1112,Harvester,77503.9,15762.4,66,IN,0.831,0,0,,1,0.0329
113748.26,622.0,1113,Combine,246949.56,50874.39,55,MN,0.8292,0,0,low_credit,1,0.0901
128238.64,663.0,1112,Skid Steer,203002.12,43204.09,50,IN,0.8245,0,0,,1,0.0404
217847.62,643.0,1119,Sprayer,110604.39,19808.05,53,KS,0.8481,0,0,,1,0.0636
95506.7,661.0,1112,Harvester,44449.44,15032.59,79,ND,0.7473,0,0,long_term,1,0.0535
186073.92,732.0,1119,Tractor,88626.43,20894.25,62,IL,0.8092,0,0,,1,0.0287
120195.47,686.0,1152,Skid Steer,273123.95,46960.63,69,MO,0.8533,0,0,,1,0.0396
83021.48,770.0,1113,Harvester,71754.03,12921.32,76,IL,0.8474,0,0,long_term,1,0.0528
85147.9,699.0,3331,Combine,102464.89,26754.72,62,SD,0.793,0,0,,1,0.0309
150704.8,632.0,4238,Tractor,293212.59,30505.89,51,IA,0.9058,0,0,low_down_payment;low_credit,1,0.1015
138252.57,715.0,1113,Baler,253475.76,83476.08,60,MN,0.7523,0,0,,1,0.0228
54230.52,695.0,1121,Loader,71068.71,13135.0,55,SD,0.844,0,0,low_income,0,0.0772
134283.27,681.0,1111,Loader,145896.11,18027.67,66,NE,0.89,0,0,,1,0.0466
89769.49,743.0,1151,Skid Steer,167742.82,56950.44,46,IN,0.7465,0,0,,1,0.0181
91965.1,745.0,1121,Combine,210426.56,102252.05,48,ND,0.673,0,0,,1,0.0141
82440.59,632.0,3331,Skid Steer,70460.91,23803.28,54,MN,0.7475,0,0,low_credit,1,0.0719
167614.49,628.0,1152,Tractor,63449.9,8853.37,60,NE,0.8776,0,0,low_credit,1,0.1008
188812.15,711.0,1151,Planter,185658.73,55230.0,66,NE,0.7707,0,0,,1,0.0266
93603.23,644.0,1119,Tractor,188377.56,102757.77,73,ND,0.647,1,0,long_term;prior_default,0,0.1171
174293.32,652.0,1112,Skid Steer,85137.0,14822.23,72,MO,0.8517,0,0,,1,0.0712
94878.59,672.0,1119,Harvester,152843.94,38599.52,60,IA,0.7984,0,0,,1,0.0371
85251.78,703.0,4238,Tractor,103456.62,22161.47,38,SD,0.8236,0,0,,1,0.024
105848.78,695.0,1119,Skid Steer,187486.4,84365.34,54,WI,0.6897,0,0,,1,0.0165
170876.69,731.0,1121,Sprayer,245170.88,24176.56,75,ND,0.9102,0,0,low_down_payment;long_term,1,0.0593
217231.03,665.0,1111,Skid Steer,214694.83,48787.89,83,WI,0.8148,1,0,long_term;prior_default,1,0.1521
135018.01,674.0,1112,Combine,94360.67,8384.46,60,KS,0.9184,0,0,low_down_payment,1,0.0583
166685.85,679.0,1151,Skid Steer,45365.84,13524.6,36,IN,0.7703,0,0,,1,0.0205
79632.37,663.0,1151,Planter,262618.87,80099.79,54,ND,0.7663,0,1,bankruptcy,0,0.1404
134153.74,723.0,4238,Loader,96832.71,39157.87,67,IA,0.7121,0,0,,1,0.0219
93456.35,681.0,1113,Tractor,75790.59,5904.75,50,ND,0.9277,0,0,low_down_payment,0,0.0468
41906.8,680.0,4238,Harvester,269034.05,65692.45,45,IL,0.8037,0,0,low_income,1,0.0906
145841.8,643.0,1113,Harvester,234828.01,68486.33,60,MN,0.7742,0,0,,1,0.0548
30000.0,653.0,1121,Skid Steer,133175.19,25018.72,36,MN,0.8418,0,0,low_income,0,0.1499
94734.82,644.0,1151,Skid Steer,323482.5,25954.16,56,KS,0.9257,0,0,low_down_payment,1,0.0894
39916.17,712.0,1121,Sprayer,255864.58,62586.93,56,IL,0.8035,0,0,low_income,1,0.0931
30000.0,744.0,1152,Planter,271861.5,30728.07,61,WI,0.8984,0,0,low_income,0,0.1459
100073.36,745.0,1152,Skid Steer,54476.91,5447.87,62,NE,0.9091,0,0,low_down_payment,1,0.0449
90298.83,704.0,3331,Skid Steer,207353.71,12295.96,77,IA,0.944,0,0,low_down_payment;long_term,1,0.0676
69038.53,692.0,1112,Baler,119554.39,42870.72,65,WI,0.7361,0,0,,1,0.0401
76615.27,752.0,1152,Baler,76984.93,11443.39,67,NE,0.8706,0,0,,1,0.0534
110306.07,520.0,1111,Planter,130475.01,26721.59,55,IN,0.83,0,0,low_credit,0,0.2123
48229.12,583.0,1113,Sprayer,283455.97,55459.55,46,SD,0.8364,0,0,low_income;low_credit,1,0.2123
30000.0,654.0,1113,Planter,146542.64,50129.6,59,KS,0.7451,0,0,low_income,1,0.1423
50387.87,702.0,1113,Baler,221402.2,76824.63,61,MO,0.7424,0,0,low_income,1,0.0664
30000.0,706.0,1112,Harvester,94202.69,5987.86,65,NE,0.9402,0,0,low_down_payment;low_income,1,0.1727
90733.67,649.0,1111,Baler,143103.51,66571.72,42,SD,0.6825,0,0,,1,0.0282
96184.34,631.0,1151,Combine,152415.68,12503.21,55,IA,0.9242,0,0,low_down_payment;low_credit,1,0.1115
126198.03,700.0,4238,Sprayer,126047.6,39937.95,68,WI,0.7594,0,0,,1,0.0263
83494.43,707.0,1112,Loader,198784.26,86183.24,64,MO,0.6976,0,0,,1,0.0237
161967.46,715.0,4238,Sprayer,139348.34,35120.12,36,IN,0.7987,0,0,,1,0.0187
103990.91,759.0,1113,Tractor,108301.02,22469.07,59,NE,0.8282,0,0,,1,0.0294
61236.02,620.0,1111,Combine,255937.86,79611.93,83,IN,0.7627,0,0,low_credit;long_term,0,0.1642
104381.05,625.0,1119,Sprayer,183892.5,15106.5,55,IA,0.9241,0,0,low_down_payment;low_credit,1,0.1196
97475.69,621.0,1121,Loader,75219.88,23719.03,82,IL,0.7603,0,0,low_credit;long_term,1,0.1079
74459.51,758.0,3331,Tractor,273900.43,16371.82,69,NE,0.9436,0,0,low_down_payment,0,0.0792
105202.73,702.0,1112,Sprayer,199101.65,25478.39,39,MN,0.8866,0,0,,0,0.0268
148203.19,683.0,1119,Baler,208372.81,34333.09,81,MO,0.8585,0,0,long_term,1,0.0557
125506.05,752.0,1112,Harvester,301189.27,38793.5,36,NE,0.8859,0,0,,1,0.0255
102034.59,720.0,3331,Harvester,118962.44,25835.34,53,MN,0.8216,0,0,,1,0.0263
65862.72,655.0,1112,Harvester,225665.46,33806.1,72,IN,0.8697,0,0,,1,0.1154
151623.51,652.0,1113,Tractor,217602.81,84081.71,60,WI,0.7213,0,0,,1,0.0399
92080.64,714.0,1112,Tractor,197623.1,26950.75,58,ND,0.88,0,0,,1,0.0347
69566.8,699.0,1151,Harvester,225495.22,56558.5,54,NE,0.7995,0,0,,1,0.0421
134407.56,657.0,1113,Baler,96176.91,15723.51,57,ND,0.8595,0,0,,1,0.0556
79638.84,635.0,1121,Loader,203730.03,19414.15,53,KS,0.913,0,0,low_down_payment;low_credit,0,0.122
100230.82,608.0,1112,Loader,170702.74,63034.28,44,WI,0.7303,0,0,low_credit,0,0.072
172033.71,721.0,3331,Planter,288079.7,55936.84,46,IA,0.8374,0,0,,1,0.025
85358.2,684.0,4238,Baler,76381.0,27719.3,66,IL,0.7337,0,0,,1,0.0296
143440.93,719.0,1111,Sprayer,196941.29,38030.76,44,IN,0.8381,0,0,,1,0.0243
119014.32,669.0,1121,Harvester,186520.27,40650.4,66,SD,0.8211,0,0,,1,0.0452
126560.59,763.0,1113,Harvester,54449.05,8405.73,59,IN,0.8663,0,0,,1,0.0336
152646.65,680.0,1152,Combine,219566.05,42030.44,46,IL,0.8393,0,0,,1,0.0301
96685.78,672.0,1152,Skid Steer,171303.21,33806.24,46,IL,0.8352,0,0,,1,0.0341
97772.05,663.0,3331,Combine,309360.17,18356.16,74,MO,0.944,0,0,low_down_payment;long_term,0,0.0966
65876.62,716.0,1151,Loader,234601.9,98356.81,71,WI,0.7046,0,0,,1,0.0424
121970.96,711.0,1151,Combine,258506.03,60301.85,48,MO,0.8109,0,0,,1,0.0234
126021.11,762.0,1113,Harvester,306632.35,32975.63,60,MO,0.9029,0,0,low_down_payment,1,0.0428
156849.85,661.0,1151,Harvester,87334.2,17228.49,84,WI,0.8352,0,0,long_term,1,0.0744
161538.85,700.0,1111,Skid Steer,208559.9,16920.01,57,WI,0.925,1,0,low_down_payment;prior_default,1,0.1228
122795.64,603.0,1111,Combine,232406.31,67912.4,67,WI,0.7739,0,0,low_credit,0,0.1114
112762.82,686.0,1111,Planter,186984.75,25647.41,57,KS,0.8794,0,0,,1,0.0367
97552.94,642.0,1113,Tractor,215393.7,46042.68,70,IL,0.8239,0,0,,1,0.0739
137050.41,662.0,1111,Skid Steer,140273.54,30674.23,66,NE,0.8206,0,0,,0,0.0506
38572.05,651.0,1111,Planter,108540.17,10430.72,43,SD,0.9123,0,0,low_down_payment;low_income,1,0.1739
179266.61,645.0,1119,Tractor,287729.81,43840.56,44,IA,0.8678,0,0,,0,0.0585
71568.57,726.0,4238,Combine,59132.94,9490.09,66,ND,0.8617,0,0,,1,0.0578
30000.0,625.0,1112,Sprayer,44121.5,8847.27,54,WI,0.833,0,0,low_income;low_credit,0,0.2047
30000.0,666.0,1112,Loader,293398.23,37602.39,40,IL,0.8864,0,0,low_income,0,0.1516
145417.73,645.0,1111,Baler,316680.14,16313.51,73,IL,0.951,0,0,high_ltv;low_down_payment;long_term,0,0.13
138553.29,696.0,4238,Harvester,96291.91,27522.66,58,IN,0.7777,0,0,,1,0.0242
178981.63,684.0,1112,Planter,138353.86,9740.67,63,ND,0.9342,0,0,low_down_payment,1,0.0547
35625.24,798.0,1151,Planter,313674.72,1448.56,46,MO,0.9954,0,0,high_ltv;low_down_payment;low_income,1,0.1651
108407.78,710.0,4238,Loader,80286.31,35630.05,56,NE,0.6926,0,0,,1,0.0172
56913.81,697.0,1152,Baler,176199.56,49445.39,60,IN,0.7809,0,0,low_income,1,0.0639
88453.52,693.0,1119,Baler,227788.94,47584.26,52,IL,0.8272,0,0,,1,0.0275
124166.5,699.0,1152,Loader,281632.53,22634.16,64,IN,0.9256,0,0,low_down_payment,1,0.0487
109459.19,641.0,4238,Sprayer,50106.72,1596.16,57,IN,0.9691,0,0,high_ltv;low_down_payment,1,0.1132
131456.31,748.0,3331,Tractor,127867.51,47866.06,78,MN,0.7276,0,0,long_term,1,0.0303
132651.14,737.0,1112,Combine,261753.22,30896.82,70,IA,0.8944,0,0,,1,0.0432
31775.65,678.0,3331,Harvester,184339.53,60604.78,43,MO,0.7526,0,0,low_income,0,0.0961
81505.03,705.0,1121,Combine,245239.64,3629.04,36,NE,0.9854,0,0,high_ltv;low_down_payment,1,0.0548
90795.58,691.0,1111,Planter,127454.72,36882.45,52,NE,0.7756,0,0,,1,0.0219
62080.17,755.0,1151,Loader,97425.33,23672.23,66,ND,0.8045,0,0,,1,0.0602
136883.58,609.0,3331,Sprayer,71954.87,32400.7,62,KS,0.6895,0,0,low_credit,1,0.0777
72020.88,631.0,1151,Tractor,108067.52,65789.77,74,ND,0.6216,0,0,low_credit;long_term,1,0.0843
159675.18,830.0,1112,Baler,142602.71,24733.17,68,ND,0.8522,1,0,prior_default,1,0.106
185010.72,754.0,4238,Tractor,106523.73,23179.81,58,MN,0.8213,0,0,,1,0.0283
67895.04,679.0,1152,Planter,248539.93,0.0,68,MO,1.0,1,0,high_ltv;low_down_payment;prior_default,0,0.2275
44145.01,727.0,1121,Baler,295596.69,29620.36,63,NE,0.9089,0,0,low_down_payment;low_income,0,0.1302
143704.03,647.0,1112,Combine,184524.41,73783.04,50,IN,0.7144,0,0,,1,0.0366
135425.49,710.0,3331,Harvester,229522.04,24383.58,78,MO,0.904,0,0,low_down_payment;long_term,1,0.0605
94031.25,709.0,4238,Sprayer,165241.68,35509.07,67,IL,0.8231,0,0,,1,0.0325
96284.06,589.0,1119,Harvester,185044.06,20220.83,60,KS,0.9015,0,0,low_down_payment;low_credit,0,0.169
103580.75,623.0,1121,Loader,252672.95,91653.24,43,MN,0.7338,0,0,low_credit,1,0.0582
49299.17,647.0,1113,Tractor,186609.93,52271.25,58,SD,0.7812,0,0,low_income,0,0.1246
50397.15,782.0,1113,Harvester,80865.41,16561.59,47,MN,0.83,0,0,low_income,1,0.0731
154769.65,650.0,1151,Combine,223892.7,35034.65,61,ND,0.8647,0,0,,1,0.066
162585.96,666.0,1151,Combine,265189.12,34272.04,46,MO,0.8856,0,0,,1,0.0452
59777.37,614.0,1113,Harvester,184879.37,54398.38,64,IA,0.7727,0,0,low_income;low_credit,1,0.1579
184934.37,735.0,4238,Combine,218634.04,26389.38,54,IA,0.8923,0,0,,1,0.0341
116160.61,689.0,1112,Combine,43601.5,9070.25,58,NE,0.8278,0,0,,0,0.0293
122949.68,766.0,1152,Harvester,124976.99,13899.57,61,NE,0.8999,0,0,,1,0.0388
113396.74,648.0,1121,Sprayer,237674.96,94605.33,57,NE,0.7153,0,0,,0,0.0398
117349.6,600.0,1121,Sprayer,261757.98,63607.99,63,MO,0.8045,0,0,low_credit,1,0.1199
89603.14,722.0,1121,Skid Steer,141775.01,13278.71,65,IA,0.9144,0,0,low_down_payment,1,0.0481
137038.21,707.0,1113,Baler,247006.41,45258.58,64,IA,0.8451,0,0,,0,0.0336
139305.42,649.0,1111,Combine,260034.13,28732.47,65,IL,0.9005,0,0,low_down_payment,1,0.0854
93003.68,657.0,3331,Harvester,177373.01,37408.87,54,MO,0.8258,0,0,,1,0.048
41391.91,720.0,1111,Planter,92076.17,26202.75,53,ND,0.7785,0,0,low_income,1,0.0815
126582.82,551.0,3331,Tractor,74176.39,20480.99,84,SD,0.7836,0,0,low_credit;long_term,1,0.1978
129476.93,673.0,1151,Combine,255553.67,39810.67,62,SD,0.8652,0,0,,1,0.0467
101195.32,749.0,1112,Planter,240101.05,94319.38,58,MO,0.718,0,0,,1,0.0195
30000.0,737.0,1112,Baler,236238.2,36272.21,40,SD,0.8669,0,0,low_income,1,0.1123
70920.84,554.0,1112,Skid Steer,231909.74,19780.75,36,KS,0.9214,0,0,low_down_payment;low_credit,0,0.2262
81852.49,698.0,1119,Loader,239218.02,79690.84,59,IN,0.7501,0,0,,1,0.0277
167278.32,676.0,1121,Planter,42017.9,9868.18,71,SD,0.8098,0,0,,1,0.042
170551.0,642.0,1119,Skid Steer,128613.55,26773.73,57,IN,0.8277,0,0,,1,0.0636
94842.46,621.0,1111,Harvester,246814.33,33898.28,65,WI,0.8792,0,0,low_credit,1,0.1153
157159.34,663.0,4238,Tractor,211965.09,35003.62,67,ND,0.8583,0,0,,1,0.057
136061.09,642.0,1112,Sprayer,180372.3,57951.0,49,ND,0.7568,0,0,,1,0.0451
117958.87,664.0,1119,Tractor,117637.27,32002.64,62,WI,0.7861,0,0,,1,0.0413
108573.17,697.0,1151,Combine,56376.67,21506.55,51,IA,0.7239,1,0,prior_default,0,0.0602
101005.18,631.0,1151,Loader,105649.35,36765.66,76,SD,0.7418,0,0,low_credit;long_term,1,0.0856
195441.35,744.0,3331,Skid Steer,75486.93,6013.5,53,IN,0.9262,0,0,low_down_payment,1,0.0419
54775.14,706.0,1111,Tractor,300782.83,46816.26,53,IA,0.8653,0,0,low_income,0,0.0794
105709.37,716.0,1119,Combine,315669.98,29905.72,64,IL,0.9135,0,0,low_down_payment,1,0.0468
196978.06,614.0,1111,Baler,185269.16,45238.52,60,NE,0.8037,0,0,low_credit,1,0.098
89243.85,648.0,1121,Combine,119952.2,24670.9,38,IL,0.8294,0,0,,1,0.0457
149308.87,795.0,1151,Tractor,108531.46,20742.43,77,IL,0.8395,0,0,long_term,1,0.0439
91860.35,604.0,1119,Tractor,215619.69,48614.95,59,MO,0.816,1,0,low_credit;prior_default,1,0.1992
30000.0,576.0,1152,Harvester,42578.76,14507.55,60,IL,0.7459,0,0,low_income;low_credit,0,0.2195
90409.77,682.0,1112,Baler,108414.85,47372.8,84,KS,0.6959,0,0,long_term,1,0.034
109515.04,653.0,1152,Sprayer,228808.24,55604.82,63,NE,0.8045,0,0,,1,0.0534
171922.52,643.0,4238,Combine,210241.12,72275.71,54,IN,0.7442,0,0,,1,0.0461
147414.98,760.0,1152,Skid Steer,80774.77,14880.15,47,IL,0.8444,0,0,,1,0.026
114556.49,619.0,4238,Tractor,295546.39,49729.63,49,IL,0.856,0,0,low_credit,0,0.0951
30000.0,629.0,1121,Sprayer,142418.79,39331.67,37,IL,0.7836,0,0,low_income;low_credit,1,0.1694
60496.29,619.0,1113,Planter,185415.21,47481.24,58,MO,0.7961,0,0,low_credit,0,0.1436
67924.88,689.0,3331,Combine,198714.64,27037.0,57,KS,0.8802,0,0,,1,0.06
142175.56,654.0,4238,Tractor,167577.95,45122.17,59,WI,0.7879,0,0,,1,0.0471
203456.71,657.0,1152,Sprayer,299625.23,34772.26,53,NE,0.896,0,0,,1,0.0588
151735.6,757.0,1152,Planter,256475.92,56843.9,57,IA,0.8186,0,0,,1,0.0276
168021.26,695.0,1119,Combine,182197.28,36043.02,77,KS,0.8348,0,0,long_term,1,0.0432
71736.7,733.0,1112,Combine,182161.65,45557.28,80,IL,0.7999,0,0,long_term,1,0.0623
84462.34,670.0,1151,Combine,66923.07,19372.96,58,NE,0.7755,0,0,,1,0.0393
133599.12,723.0,1119,Baler,288441.6,16792.68,55,MO,0.945,0,0,low_down_payment,1,0.0458
94177.55,713.0,1119,Skid Steer,258032.24,53767.97,55,IL,0.8276,0,0,,1,0.0276
96087.92,528.0,1152,Harvester,274468.1,56421.62,56,NE,0.8295,0,0,low_credit,1,0.2055
207618.73,698.0,4238,Combine,214114.96,46333.35,44,IA,0.8221,0,0,,1,0.023
141513.69,720.0,1112,Sprayer,273827.79,46120.68,73,IN,0.8558,0,0,long_term,1,0.0439
159107.02,652.0,1112,Baler,128954.72,28448.59,54,WI,0.8193,0,0,,1,0.0508
109091.67,644.0,1152,Baler,123484.57,46650.52,74,KS,0.7258,0,0,long_term,0,0.0604
122427.42,667.0,4238,Tractor,96756.98,55175.98,71,MO,0.6368,0,0,,1,0.0266
117645.42,677.0,1119,Skid Steer,271000.9,58749.83,56,MN,0.8218,0,0,,1,0.0346
105364.4,601.0,1152,Sprayer,73168.49,19989.31,44,MO,0.7854,0,0,low_credit,0,0.093
104894.64,793.0,1111,Skid Steer,225669.8,7964.68,51,KS,0.9659,0,0,high_ltv;low_down_payment,1,0.0513
168813.17,688.0,1111,Tractor,283080.01,40362.97,73,IL,0.8752,0,0,long_term,1,0.0487
85083.44,738.0,3331,Planter,216224.37,47420.6,57,IN,0.8201,0,0,,1,0.0316
111145.85,681.0,4238,Loader,272955.86,69956.47,65,IL,0.796,0,0,,1,0.0333
89262.36,599.0,4238,Baler,173312.19,13235.15,78,NE,0.9291,0,0,low_down_payment;low_credit;long_term,1,0.1941
125550.59,666.0,1112,Loader,58973.74,22105.82,69,IL,0.7274,0,0,,1,0.0365
120791.99,712.0,4238,Baler,204753.22,38690.47,53,NE,0.8411,0,0,,1,0.0281
48600.5,676.0,1111,Loader,169403.65,35419.06,42,KS,0.8271,0,0,low_income,1,0.0869
136477.94,587.0,1121,Sprayer,106968.13,26132.01,68,ND,0.8037,0,0,low_credit,1,0.1414
111000.85,662.0,1111,Loader,132153.97,6661.01,41,MO,0.952,0,0,high_ltv;low_down_payment,1,0.0669
98102.68,551.0,4238,Skid Steer,219567.32,80479.27,64,MN,0.7318,0,0,low_credit,0,0.1585
41247.17,622.0,1111,Harvester,189785.71,95479.85,71,ND,0.6653,0,0,low_income;low_credit,1,0.1545
103899.67,762.0,1151,Planter,165001.17,86445.48,70,KS,0.6562,1,0,prior_default,1,0.0616
99545.33,628.0,3331,Sprayer,62711.65,18100.5,63,IA,0.776,0,0,low_credit,1,0.0779
175793.06,712.0,1121,Skid Steer,76706.57,8405.18,81,KS,0.9012,0,0,low_down_payment;long_term,0,0.0624
49302.34,724.0,3331,Skid Steer,155269.31,48390.3,67,ND,0.7624,0,0,low_income,1,0.0775
40806.91,716.0,3331,Baler,147218.08,9041.88,79,SD,0.9421,0,0,low_down_payment;low_income;long_term,0,0.1753
35374.59,615.0,1119,Harvester,174851.07,55954.97,66,IN,0.7576,0,0,low_income;low_credit,0,0.1932
132589.31,734.0,1151,Baler,56995.74,16565.31,63,KS,0.7748,0,0,,1,0.0258
144997.97,607.0,1113,Skid Steer,78310.49,11164.66,48,IA,0.8752,0,0,low_credit,1,0.1142
30000.0,681.0,1119,Combine,72580.2,6836.1,73,IL,0.9139,0,0,low_down_payment;low_income;long_term,0,0.1923
156855.17,756.0,3331,Planter,98306.14,16890.49,71,MN,0.8534,0,0,,1,0.0382
96895.53,614.0,1112,Tractor,69696.32,24876.3,57,MN,0.737,0,0,low_credit,0,0.0785
91720.74,705.0,1112,Loader,166053.13,30034.74,46,MN,0.8468,0,0,,1,0.0258
114333.29,574.0,1152,Combine,187896.33,42577.24,52,IL,0.8153,0,0,low_credit,0,0.1441
75514.6,562.0,1111,Tractor,155973.45,61472.05,48,NE,0.7173,0,0,low_credit,1,0.1521
31119.07,597.0,4238,Tractor,176507.25,59372.09,77,IA,0.7483,0,0,low_income;low_credit;long_term,1,0.2187
227752.38,712.0,1111,Sprayer,197145.84,74760.57,52,KS,0.7251,0,0,,1,0.0182
96018.59,663.0,1111,Baler,208222.43,88637.33,60,WI,0.7014,0,0,,1,0.0308
156801.55,626.0,1151,Tractor,63080.75,17287.94,66,NE,0.7849,0,0,low_credit,1,0.0851
157976.04,727.0,1113,Planter,112266.26,46804.81,81,NE,0.7058,0,0,long_term,1,0.0293
53089.05,657.0,1119,Tractor,203614.67,78657.21,61,NE,0.7213,0,0,low_income,0,0.0927
62688.76,711.0,1152,Sprayer,257449.19,46856.97,65,NE,0.846,0,0,,1,0.0667
162490.94,709.0,1151,Loader,244104.55,81961.36,72,IN,0.7486,0,0,,1,0.0269
30000.0,712.0,3331,Loader,143516.54,46786.16,72,MN,0.7541,0,0,low_income,1,0.1143
71804.48,670.0,1121,Tractor,270424.65,38763.79,56,IN,0.8746,0,0,,1,0.0715
50685.08,695.0,4238,Loader,148820.42,8543.39,72,ND,0.9457,0,0,low_down_payment;low_income,1,0.1385
102861.74,765.0,3331,Baler,97710.59,16470.56,65,IL,0.8558,0,0,,1,0.0353
99709.2,715.0,1111,Planter,218269.69,52540.39,69,IA,0.806,0,0,,1,0.0315
101843.66,640.0,1111,Planter,228356.09,0.0,64,ND,1.0,0,0,high_ltv;low_down_payment;low_credit,0,0.1422
131782.11,737.0,1113,Loader,50522.93,10893.82,61,ND,0.8226,0,0,,1,0.0297
100348.72,629.0,1111,Sprayer,44190.95,7745.2,37,MO,0.8509,0,0,low_credit,0,0.07
62542.66,689.0,1151,Skid Steer,56587.55,9725.96,62,SD,0.8533,0,0,,1,0.0665
109994.71,777.0,1151,Loader,223767.25,54572.99,52,IA,0.8039,0,0,,1,0.0243
65522.74,664.0,1112,Baler,115294.17,32050.93,73,SD,0.7825,0,0,long_term,1,0.0893
115514.87,682.0,1112,Sprayer,185887.32,108528.87,74,KS,0.6314,0,0,long_term,1,0.0235
64958.03,716.0,1151,Harvester,271894.03,36423.51,52,ND,0.8819,0,0,,1,0.06
30000.0,669.0,1121,Baler,159289.27,35154.8,43,NE,0.8192,0,0,low_income,0,0.1298
91080.8,784.0,1151,Harvester,150223.19,17281.02,54,ND,0.8968,1,0,prior_default,1,0.1032
75251.52,732.0,1151,Skid Steer,233373.99,49960.04,74,WI,0.8237,0,0,long_term,1,0.0573
103491.92,696.0,1152,Skid Steer,182872.7,31578.0,48,IN,0.8527,0,0,,1,0.0272
124461.37,692.0,1151,Baler,223489.65,38326.66,83,MN,0.8536,0,0,long_term,1,0.05
71516.89,719.0,1152,Tractor,167245.2,40206.69,37,IN,0.8062,0,0,,1,0.0321
250507.21,752.0,3331,Tractor,66581.94,26381.59,53,IL,0.7162,0,0,,1,0.0179
72559.6,716.0,1111,Planter,66555.67,3580.84,60,KS,0.9489,0,0,low_down_payment,0,0.0751
53949.35,683.0,1151,Skid Steer,288412.97,61300.16,59,MN,0.8247,0,0,low_income,0,0.0849
30000.0,676.0,3331,Skid Steer,282490.53,32377.29,44,ND,0.8972,0,0,low_income,1,0.1459
58435.53,727.0,1111,Tractor,196934.48,42206.64,59,IL,0.8235,0,0,low_income,1,0.0695
152204.07,634.0,1151,Loader,146054.87,32004.22,66,IL,0.8203,0,0,low_credit,1,0.0841
99171.13,677.0,1121,Baler,264983.36,59496.63,55,IL,0.8166,0,0,,1,0.0337
81098.6,654.0,1113,Combine,169204.66,40948.07,67,NE,0.8052,0,0,,1,0.0688
180483.87,724.0,3331,Sprayer,46557.32,25469.34,64,MN,0.6464,0,0,,1,0.0164
30000.0,689.0,1121,Harvester,67586.75,22474.16,49,ND,0.7505,0,0,low_income,1,0.0912
83824.24,676.0,1121,Combine,178122.74,25948.25,50,ND,0.8728,0,0,,1,0.0446
58793.09,661.0,4238,Planter,55034.61,13049.63,56,IL,0.8083,0,0,low_income,1,0.0952
75182.32,571.0,1119,Baler,147641.73,105484.67,40,IA,0.5833,0,0,low_credit,0,0.0965
113139.16,733.0,1113,Combine,173258.11,32796.54,64,MN,0.8408,0,0,,1,0.0331
129294.82,700.0,4238,Combine,75282.11,25033.32,61,MO,0.7505,0,0,,1,0.023
225544.92,600.0,3331,Harvester,168571.95,31001.67,71,IA,0.8447,0,0,low_credit,1,0.1398
66875.24,734.0,1152,Baler,146639.87,31884.2,53,IL,0.8214,0,0,,1,0.0478
58304.1,708.0,1152,Harvester,107002.95,6541.97,52,ND,0.9424,0,0,low_down_payment;low_income,1,0.0986
125805.86,640.0,1152,Skid Steer,40012.54,12416.49,56,MO,0.7632,0,0,low_credit,0,0.0582
46582.84,637.0,1119,Skid Steer,180462.07,17239.77,48,SD,0.9128,0,0,low_down_payment;low_income;low_credit,0,0.19
64778.3,663.0,1121,Tractor,154301.04,20516.85,71,SD,0.8826,0,0,,0,0.1092
66227.08,654.0,1152,Planter,264031.06,75534.73,50,IL,0.7776,0,0,,1,0.0709
135211.06,662.0,1151,Combine,161031.92,64111.48,67,WI,0.7152,1,0,prior_default,1,0.1025
187722.95,675.0,1111,Loader,286347.15,20004.77,43,MO,0.9347,0,0,low_down_payment,1,0.0484
74759.24,670.0,1111,Harvester,117959.27,43792.15,44,MO,0.7293,0,0,,0,0.0352
86141.86,714.0,1113,Skid Steer,67817.77,15949.66,48,NE,0.8096,0,0,,1,0.0259
109927.46,592.0,1111,Skid Steer,43988.73,1537.29,68,IA,0.9662,1,0,high_ltv;low_down_payment;low_credit;prior_default,0,0.2647
187158.21,684.0,1119,Baler,210868.39,18910.66,71,WI,0.9177,0,0,low_down_payment,1,0.0572
178013.14,669.0,1121,Skid Steer,89325.91,9421.85,54,IL,0.9046,0,0,low_down_payment,1,0.0561
125842.24,720.0,1151,Loader,204943.17,36289.49,57,SD,0.8496,0,0,,0,0.0307
35601.81,628.0,1121,Tractor,114503.77,28379.02,36,IA,0.8014,1,0,low_income;low_credit;prior_default,0,0.2285
76759.41,685.0,1152,Planter,118120.76,15922.01,52,NE,0.8812,0,0,,1,0.0488
131959.0,748.0,1119,Combine,227222.14,37877.32,84,NE,0.8571,0,0,long_term,1,0.0512
110545.5,675.0,1121,Planter,246553.55,0.0,75,IN,1.0,0,0,high_ltv;low_down_payment;long_term,0,0.1046
93869.68,736.0,1112,Skid Steer,62959.21,18895.35,36,KS,0.7692,1,0,prior_default,1,0.0574
165078.64,628.0,1111,Harvester,195627.84,34672.4,47,NE,0.8494,0,0,low_credit,1,0.0808
107522.2,713.0,1151,Skid Steer,115319.5,24503.15,52,IA,0.8248,0,0,,1,0.0262
83759.12,591.0,4238,Baler,252378.7,42648.73,59,MN,0.8554,1,0,low_credit;prior_default,0,0.2294
137905.37,746.0,1119,Skid Steer,150287.48,51838.61,71,IA,0.7435,0,1,bankruptcy,1,0.0982
192546.26,719.0,4238,Skid Steer,243490.17,95870.48,62,KS,0.7175,0,0,,1,0.0207
100620.12,736.0,3331,Sprayer,125501.33,34932.69,36,IN,0.7823,0,0,,1,0.0176
128823.7,685.0,1151,Planter,166535.58,36613.33,50,IA,0.8198,0,0,,1,0.0274
127727.54,728.0,1121,Combine,246426.45,38349.43,46,IN,0.8653,0,0,,1,0.0276
136896.43,809.0,1119,Combine,89364.44,28070.43,36,MO,0.761,0,0,,1,0.0162
92639.64,656.0,1113,Loader,160807.3,37852.55,53,IA,0.8095,0,0,,1,0.0452
104811.64,830.0,1113,Baler,101943.88,4696.65,75,SD,0.956,0,0,high_ltv;low_down_payment;long_term,1,0.0748
100919.36,686.0,1119,Tractor,64872.46,12968.83,73,NE,0.8334,0,0,long_term,1,0.0433
151906.02,719.0,3331,Combine,83112.83,24313.54,84,NE,0.7737,0,0,long_term,1,0.0388
81113.28,762.0,1111,Harvester,136570.52,63535.03,67,NE,0.6825,0,0,,1,0.025
30000.0,731.0,1152,Sprayer,220479.57,39886.62,45,IN,0.8468,0,0,low_income,0,0.112
107340.72,759.0,1112,Sprayer,186157.1,51524.52,50,IN,0.7832,0,0,,1,0.0219
210119.82,639.0,1112,Tractor,166838.13,14298.92,61,KS,0.9211,0,0,low_down_payment;low_credit,1,0.1072
82749.18,738.0,3331,Tractor,201337.35,32877.44,81,MO,0.8596,0,0,long_term,1,0.059
104855.93,709.0,1152,Baler,266461.02,34878.17,56,WI,0.8843,0,0,,1,0.0342
183189.41,796.0,1119,Harvester,264184.99,34583.93,66,WI,0.8842,0,0,,1,0.0395
30000.0,708.0,1121,Sprayer,117542.2,21808.73,37,KS,0.8435,0,0,low_income,1,0.1025
53373.33,719.0,1111,Combine,74401.41,18525.16,40,KS,0.8006,0,0,low_income,1,0.0571
115479.68,696.0,3331,Tractor,61719.11,14746.22,72,WI,0.8072,0,0,,1,0.0331
96104.68,717.0,4238,Sprayer,91236.55,19208.0,60,WI,0.8261,0,0,,1,0.0296
120673.95,604.0,1111,Harvester,261903.48,87933.69,55,ND,0.7486,0,1,low_credit;bankruptcy,0,0.1901
30000.0,691.0,1151,Tractor,231178.19,14727.2,66,KS,0.9401,0,0,low_down_payment;low_income,1,0.1738
66967.55,690.0,1152,Tractor,158163.44,12693.31,58,MN,0.9257,0,0,low_down_payment,0,0.0775
143019.6,660.0,1151,Planter,248318.95,44590.32,57,MO,0.8478,0,0,,1,0.0507
93652.07,590.0,3331,Skid Steer,117377.29,22562.87,66,MO,0.8388,0,0,low_credit,0,0.1458
120691.59,668.0,1112,Skid Steer,93441.44,20326.19,53,ND,0.8213,0,0,,1,0.0388
111802.08,581.0,1152,Skid Steer,61445.46,15088.45,60,IN,0.8029,1,0,low_credit;prior_default,1,0.2158
50850.63,642.0,1121,Baler,269481.73,72883.29,62,IN,0.7871,0,0,low_income,0,0.1351
172863.47,798.0,1119,Harvester,141658.16,17188.4,62,MN,0.8918,0,0,,1,0.0382
57943.05,644.0,1112,Loader,98921.57,41351.22,60,ND,0.7052,0,0,low_income,1,0.0942
173735.36,655.0,1112,Skid Steer,133260.28,28600.12,44,ND,0.8233,0,0,,1,0.0428
102373.38,753.0,1152,Tractor,145496.85,9969.85,45,IA,0.9359,0,0,low_down_payment,1,0.0386
30930.73,699.0,1111,Harvester,154659.37,17539.34,53,MN,0.8981,0,0,low_income,1,0.1346
139125.94,666.0,4238,Loader,214687.15,71438.85,75,SD,0.7503,0,0,long_term,1,0.0475
113142.15,682.0,3331,Sprayer,237994.46,59056.42,69,ND,0.8012,0,0,,1,0.0353
117749.96,680.0,1119,Tractor,65031.28,7083.11,36,NE,0.9018,0,0,low_down_payment,1,0.0361
30000.0,780.0,1111,Baler,163778.87,58065.59,67,IA,0.7383,0,0,low_income,1,0.1048
153371.78,680.0,1121,Skid Steer,250188.55,75702.17,57,ND,0.7677,0,0,,1,0.0274
30000.0,677.0,1152,Tractor,182002.43,36367.72,50,MO,0.8335,1,0,low_income;prior_default,1,0.2133
61365.41,685.0,1151,Sprayer,187572.14,72156.63,71,SD,0.7222,0,0,,1,0.0543
81216.01,723.0,1152,Skid Steer,261639.51,8935.42,52,KS,0.967,0,0,high_ltv;low_down_payment,0,0.0645
145460.56,604.0,1152,Harvester,103888.86,25021.85,56,IN,0.8059,0,1,low_credit;bankruptcy,1,0.2077
96303.75,707.0,1113,Loader,213655.12,70939.31,68,KS,0.7507,0,0,,1,0.0255
94009.35,708.0,1112,Tractor,213917.92,42015.02,59,IA,0.8358,0,0,,0,0.0302
119427.09,718.0,1113,Baler,106498.17,30263.44,66,ND,0.7787,0,0,,1,0.0274
109214.74,754.0,1113,Baler,137402.35,15616.12,78,NE,0.8979,0,0,long_term,1,0.0539
128405.05,679.0,1119,Tractor,296174.37,40234.41,57,NE,0.8804,0,0,,1,0.0411
68568.24,707.0,1112,Planter,278725.66,24301.88,64,MN,0.9198,0,0,low_down_payment,1,0.079
60544.48,693.0,1151,Skid Steer,187084.22,25393.47,84,MN,0.8805,0,0,long_term,1,0.1041
182844.33,769.0,3331,Baler,219595.81,0.0,64,NE,1.0,0,0,high_ltv;low_down_payment,1,0.0679
167113.76,681.0,1121,Baler,108849.19,4459.18,38,KS,0.9606,0,0,high_ltv;low_down_payment,1,0.0488
108546.1,743.0,1113,Sprayer,229459.35,73322.87,55,MN,0.7578,0,0,,1,0.0215
30000.0,694.0,1152,Harvester,272849.37,69739.01,43,SD,0.7964,0,0,low_income,1,0.0961
65855.84,646.0,1112,Sprayer,110197.73,15326.41,69,SD,0.8779,0,0,,0,0.1273
68916.89,729.0,1152,Tractor,251493.98,44612.46,40,MN,0.8493,0,0,,1,0.0416
101269.97,729.0,1119,Harvester,269176.45,76979.61,46,WI,0.7776,0,0,,1,0.0202
142443.38,696.0,1121,Baler,36922.57,12639.48,54,ND,0.745,0,0,,1,0.0202
73253.37,741.0,1112,Tractor,69515.53,19154.45,69,MN,0.784,0,0,,1,0.0449
64314.36,646.0,1119,Tractor,239182.34,80394.59,59,NE,0.7484,0,0,,1,0.0845
95402.42,687.0,1151,Loader,214356.77,35558.06,55,WI,0.8577,0,0,,1,0.0323
83899.52,708.0,1121,Skid Steer,58959.42,11527.65,42,MN,0.8365,0,0,,1,0.0277
144872.31,619.0,1152,Harvester,67854.35,11138.08,59,MO,0.859,0,0,low_credit,1,0.106
128748.66,733.0,3331,Loader,101708.58,13698.33,52,MO,0.8813,0,0,,1,0.0319
184441.03,641.0,1113,Combine,55954.95,0.0,57,IL,1.0,0,0,high_ltv;low_down_payment,0,0.1231
118748.64,659.0,1119,Planter,223824.85,59148.43,60,NE,0.791,0,0,,1,0.0451
102717.46,667.0,1111,Baler,108805.07,12708.69,65,ND,0.8954,0,0,,1,0.0591
150576.41,700.0,4238,Skid Steer,125537.82,40751.49,50,NE,0.7549,0,0,,1,0.0197
99657.27,682.0,1152,Skid Steer,202310.37,39633.18,74,IN,0.8362,0,0,long_term,1,0.0474
188195.19,741.0,3331,Sprayer,151732.45,27078.69,66,IA,0.8486,0,0,,1,0.035
130507.71,682.0,1111,Planter,90560.41,6606.56,42,MN,0.932,0,0,low_down_payment,1,0.0419
85520.32,656.0,4238,Harvester,81383.55,13266.93,73,WI,0.8598,0,0,long_term,0,0.0836
152002.93,666.0,1152,Planter,229550.81,44025.46,49,IL,0.8391,0,0,,1,0.04
87433.93,716.0,1152,Skid Steer,54855.23,10082.3,69,WI,0.8447,0,0,,1,0.0385
68717.8,672.0,1112,Planter,298035.79,29190.12,67,MO,0.9108,0,0,low_down_payment,1,0.1018
41460.33,712.0,1121,Loader,279418.98,47624.54,58,SD,0.8544,0,0,low_income,1,0.1059
108409.87,722.0,1152,Baler,217438.69,84635.09,64,WI,0.7198,0,0,,1,0.0215
88892.91,643.0,1113,Skid Steer,236150.32,93849.64,57,MN,0.7156,0,0,,1,0.0442
73138.41,708.0,1112,Planter,108003.17,16735.18,59,IL,0.8658,0,0,,1,0.0514
61105.99,658.0,3331,Baler,76532.19,10833.5,81,IN,0.876,0,0,long_term,0,0.1412
94917.72,560.0,1152,Tractor,164659.52,24453.21,58,MN,0.8707,0,0,low_credit,0,0.1862
111557.46,618.0,1119,Tractor,293059.24,36836.6,80,KS,0.8883,0,0,low_credit;long_term,0,0.1481
43327.41,651.0,3331,Skid Steer,120668.51,16444.85,84,IL,0.8801,0,0,low_income;long_term,0,0.1965
192952.09,789.0,1152,Tractor,101458.19,15873.72,54,ND,0.8647,0,0,,1,0.031
96116.01,716.0,1151,Loader,50066.02,16943.9,51,MO,0.7471,0,0,,1,0.0195
57078.77,670.0,1151,Planter,135200.55,7773.21,42,IL,0.9456,0,0,low_down_payment;low_income,0,0.1175
80894.97,692.0,1121,Loader,117300.64,30086.78,68,IN,0.7959,0,0,,1,0.038
131862.0,650.0,4238,Loader,76465.57,36583.68,46,IN,0.6764,0,0,,1,0.0287
158670.25,742.0,1121,Baler,212533.59,63363.59,60,MO,0.7703,0,0,,1,0.0243
84250.07,719.0,4238,Planter,272361.74,31359.19,80,MO,0.8967,0,0,long_term,0,0.0632
95777.37,645.0,1111,Baler,50177.58,15955.14,68,NE,0.7587,0,0,,0,0.0559
146624.25,699.0,1119,Combine,76099.66,12286.36,72,SD,0.861,0,0,,1,0.0398
118954.63,723.0,1119,Planter,108685.63,68983.48,63,IA,0.6117,0,0,,1,0.0142
90291.57,612.0,1112,Tractor,111595.67,18616.25,79,SD,0.857,0,0,low_credit;long_term,0,0.1448
61415.91,780.0,1111,Sprayer,179596.51,23791.54,61,ND,0.883,0,0,,1,0.0731
131437.8,658.0,1119,Baler,277191.94,54838.72,56,MN,0.8348,0,0,,1,0.0501
92495.59,722.0,1152,Skid Steer,81580.6,12055.41,68,ND,0.8713,0,0,,1,0.0389
68296.59,599.0,3331,Planter,249342.05,70301.04,36,MN,0.7801,0,0,low_credit,1,0.1268
121674.11,626.0,1152,Loader,205937.67,83282.84,65,IL,0.712,0,0,low_credit,1,0.0675
182607.05,568.0,1121,Sprayer,231869.2,40094.48,61,NE,0.8526,0,0,low_credit,0,0.1735
74230.46,698.0,1119,Planter,73999.47,12829.62,44,NE,0.8522,0,0,,1,0.0388
46765.16,633.0,1112,Harvester,125070.88,13389.85,66,IN,0.9033,0,0,low_down_payment;low_income;low_credit,0,0.2089
113394.66,600.0,1151,Sprayer,99278.66,15590.52,53,IA,0.8643,0,0,low_credit,1,0.1264
52392.17,722.0,1152,Planter,85636.37,40189.04,72,ND,0.6806,0,0,low_income,1,0.06
128519.47,676.0,1111,Tractor,147565.44,57982.93,61,WI,0.7179,0,0,,1,0.0261
59089.92,667.0,1119,Planter,232513.68,29492.23,60,WI,0.8874,0,0,low_income,1,0.1129
118493.36,677.0,1121,Loader,230189.17,30337.77,65,IN,0.8836,0,0,,1,0.0487
148790.66,762.0,1113,Skid Steer,178241.21,59145.55,65,MO,0.7508,0,0,,1,0.0244
135554.84,617.0,1121,Harvester,98704.89,27916.42,48,ND,0.7795,0,0,low_credit,1,0.0778
178542.77,738.0,3331,Sprayer,203199.57,13596.0,58,SD,0.9373,0,0,low_down_payment,1,0.0466
94556.49,830.0,1152,Baler,297821.19,20151.9,60,IA,0.9366,0,0,low_down_payment,1,0.0478
66825.58,694.0,1121,Sprayer,182424.81,71056.18,63,MN,0.7197,0,0,,1,0.039
142410.36,664.0,1119,Planter,190489.85,0.0,56,KS,1.0,0,0,high_ltv;low_down_payment,0,0.0899
47152.7,738.0,1151,Baler,195329.73,48597.99,36,ND,0.8008,0,1,low_income;bankruptcy,1,0.1663
74137.75,659.0,1112,Harvester,192978.39,70769.28,44,ND,0.7317,0,0,,1,0.0434
88229.8,794.0,4238,Loader,219779.19,46339.72,60,MN,0.8259,0,0,,1,0.031
77776.2,754.0,3331,Loader,168352.7,15305.74,52,ND,0.9167,0,0,low_down_payment,1,0.0543
187797.21,650.0,1119,Loader,209600.14,66198.68,48,IL,0.76,0,0,,1,0.0397
129653.44,681.0,1111,Planter,296078.91,42691.69,62,IN,0.874,0,0,,1,0.0418
63236.64,706.0,4238,Tractor,253338.59,70080.25,69,KS,0.7833,0,0,,1,0.057
99499.38,623.0,1119,Loader,103016.74,24979.35,46,MO,0.8048,0,0,low_credit,1,0.0745
111745.65,604.0,1151,Combine,236328.58,26767.82,44,WI,0.8983,0,0,low_credit,0,0.12
106629.09,625.0,4238,Harvester,245498.28,44363.16,43,IA,0.847,0,0,low_credit,1,0.0796
78953.02,722.0,4238,Combine,149457.92,68039.92,73,IL,0.6872,0,0,long_term,1,0.0326
129931.63,658.0,3331,Baler,235571.28,18723.65,64,KS,0.9264,0,0,low_down_payment,1,0.08
112378.06,736.0,1121,Skid Steer,272079.45,58626.15,54,MN,0.8227,0,0,,1,0.0268
31661.59,741.0,1152,Loader,150718.12,62912.1,36,ND,0.7055,0,0,low_income,1,0.0659
107889.59,787.0,1121,Combine,128465.91,29309.57,45,IN,0.8142,0,0,,1,0.0227
81696.93,654.0,1111,Harvester,106471.55,16695.92,54,KS,0.8644,0,0,,1,0.0688
98513.96,804.0,3331,Skid Steer,152705.83,23928.31,84,KS,0.8645,0,0,long_term,1,0.0525
194863.53,684.0,1111,Harvester,56279.4,13997.28,68,SD,0.8008,0,0,,1,0.0336
56018.05,634.0,3331,Skid Steer,230169.95,38019.18,54,IA,0.8582,0,0,low_income;low_credit,1,0.1562
73156.32,660.0,3331,Planter,231051.97,62846.88,57,WI,0.7862,0,0,,1,0.0624
162724.28,742.0,4238,Baler,78515.36,19168.78,84,MN,0.8038,0,0,long_term,1,0.043
53739.41,704.0,4238,Tractor,187255.38,56598.89,62,IL,0.7679,0,0,low_income,1,0.0675
135087.45,582.0,3331,Combine,141138.65,0.0,53,WI,1.0,0,0,high_ltv;low_down_payment;low_credit,1,0.2111
176147.19,709.0,1119,Sprayer,243868.33,39347.29,45,IA,0.8611,0,0,,1,0.0268
30000.0,648.0,1111,Harvester,76226.05,12096.83,76,IN,0.863,0,0,low_income;long_term,1,0.2091
78081.89,671.0,1112,Sprayer,200721.06,73306.71,60,KS,0.7325,0,0,,1,0.0407
154293.62,689.0,1113,Harvester,291561.61,37530.57,58,NE,0.886,0,0,,1,0.036
50590.29,678.0,1112,Combine,211963.59,78436.2,74,SD,0.7299,0,0,low_income;long_term,1,0.0942
133433.81,704.0,1111,Tractor,158529.31,75300.19,55,MN,0.678,0,0,,1,0.016
39003.14,690.0,1113,Tractor,71290.33,9482.97,39,SD,0.8826,1,0,low_income;prior_default,1,0.1925
120651.39,607.0,1152,Loader,68468.61,13173.24,71,IL,0.8386,0,0,low_credit,0,0.1288
157838.97,747.0,1121,Planter,195411.35,37525.61,52,SD,0.8389,0,0,,1,0.0275
43622.41,774.0,1152,Combine,132161.11,26145.91,79,ND,0.8348,0,0,low_income;long_term,1,0.1269
30000.0,742.0,1111,Baler,238854.54,34004.89,78,NE,0.8754,0,0,low_income;long_term,1,0.1659
98912.85,675.0,1152,Planter,66890.14,19949.25,48,IN,0.7703,0,0,,1,0.0265
133915.87,782.0,4238,Harvester,185319.26,20941.98,41,IA,0.8985,0,0,,1,0.0288
108790.52,650.0,1121,Sprayer,97437.08,29741.12,63,ND,0.7661,0,0,,1,0.0495
119109.28,708.0,4238,Combine,53375.71,6773.02,71,MO,0.8874,0,0,,1,0.0428
157731.39,746.0,1112,Harvester,123460.14,45812.31,60,WI,0.7294,0,0,,1,0.0209
168481.65,766.0,1121,Baler,283980.15,45139.13,48,WI,0.8628,0,0,,1,0.0282
99600.58,685.0,1152,Harvester,287029.04,25193.51,47,MO,0.9193,0,0,low_down_payment,1,0.0408
114779.47,746.0,4238,Tractor,101909.47,22315.31,63,WI,0.8204,0,0,,1,0.0303
139348.91,605.0,1113,Sprayer,122530.52,28825.66,65,IL,0.8096,0,0,low_credit,0,0.1165
81731.62,632.0,3331,Skid Steer,117257.56,31664.21,84,IL,0.7874,0,0,low_credit;long_term,1,0.1191
213942.23,695.0,1111,Harvester,55811.32,0.0,64,IL,1.0,0,0,high_ltv;low_down_payment,1,0.0679
169422.66,649.0,4238,Tractor,205363.17,52119.23,51,MN,0.7976,0,0,,1,0.0473
115366.56,697.0,1112,Planter,160606.29,25464.28,73,SD,0.8631,0,0,long_term,1,0.0449
131351.04,730.0,1152,Skid Steer,113263.53,25104.07,67,SD,0.8186,0,0,,1,0.032
74345.21,699.0,1112,Skid Steer,300193.16,37631.89,66,IL,0.8886,0,0,,1,0.059
72446.09,688.0,1152,Harvester,156212.09,28743.1,64,MN,0.8446,0,0,,1,0.054
45671.18,666.0,1121,Loader,221283.93,37999.53,79,NE,0.8534,0,0,low_income;long_term,0,0.1607
124321.31,778.0,1111,Combine,182894.83,36785.31,53,IA,0.8326,0,0,,1,0.0273
82122.16,707.0,1112,Loader,49969.37,18102.29,40,NE,0.7341,0,0,,1,0.0195
248952.39,635.0,1152,Loader,64100.92,13103.71,73,ND,0.8303,0,0,low_credit;long_term,1,0.1006
79480.55,703.0,1112,Loader,40808.72,14892.54,69,SD,0.7326,0,0,,1,0.0321
90758.8,637.0,1119,Sprayer,119712.63,23267.02,63,MN,0.8373,1,0,low_credit;prior_default,0,0.1733
30000.0,652.0,1121,Sprayer,235973.55,64452.86,46,IA,0.7855,0,0,low_income,0,0.1446
109369.97,662.0,1113,Skid Steer,166425.35,28861.01,54,ND,0.8522,0,0,,1,0.0482
148861.01,701.0,1119,Planter,43150.34,13710.5,67,ND,0.7589,0,0,,1,0.0259
63393.01,645.0,1111,Sprayer,159676.98,75662.27,56,SD,0.6785,0,0,,1,0.0681
125960.32,602.0,1111,Skid Steer,44460.51,8695.95,49,KS,0.8364,1,0,low_credit;prior_default,0,0.1995
60184.86,585.0,3331,Baler,175624.91,27624.3,61,ND,0.8641,0,0,low_credit,1,0.2086
135724.54,617.0,1113,Skid Steer,126794.05,951.5,60,IN,0.9926,0,0,high_ltv;low_down_payment;low_credit,0,0.1684
122826.46,587.0,1113,Sprayer,173607.49,45160.45,56,WI,0.7936,0,0,low_credit,1,0.1253
142250.41,591.0,1152,Sprayer,189984.02,38719.64,40,NE,0.8307,0,0,low_credit,1,0.1134
79640.36,678.0,1151,Harvester,254607.79,36642.51,77,KS,0.8742,0,0,long_term,1,0.0751
60957.85,675.0,1113,Harvester,202670.45,41416.19,46,WI,0.8303,0,0,,1,0.0649
51076.14,651.0,1152,Skid Steer,250156.56,14336.02,75,NE,0.9458,0,0,low_down_payment;low_income;long_term,0,0.203
122856.82,540.0,1152,Sprayer,128007.93,51828.0,45,KS,0.7118,0,0,low_credit,1,0.1479
127553.61,650.0,1112,Loader,87602.16,24205.94,62,ND,0.7835,0,0,,1,0.0518
49038.87,697.0,1152,Loader,107209.82,3996.83,81,IN,0.9641,0,0,high_ltv;low_down_payment;low_income;long_term,0,0.1762
137592.12,597.0,1151,Combine,140587.44,20514.17,70,NE,0.8727,0,0,low_credit,0,0.1526
65421.06,683.0,1111,Tractor,191226.29,48487.32,43,SD,0.7977,0,0,,1,0.0445
95485.31,669.0,3331,Sprayer,69290.43,19883.64,82,IA,0.777,0,0,long_term,1,0.0537
30000.0,651.0,4238,Baler,125563.16,11305.61,66,IL,0.9174,0,0,low_down_payment;low_income,0,0.214
82451.42,620.0,1111,Skid Steer,159910.13,33629.8,52,IL,0.8262,0,0,low_credit,1,0.1032
70738.86,767.0,1151,Loader,168042.28,56967.22,49,MO,0.7468,0,0,,1,0.0317
68792.48,739.0,1111,Skid Steer,157419.83,59294.19,54,IA,0.7264,0,0,,1,0.0334
82926.49,634.0,1113,Combine,127845.98,35433.64,62,ND,0.783,0,0,low_credit,1,0.0841
101563.6,594.0,3331,Skid Steer,148634.93,41186.28,47,WI,0.783,0,0,low_credit,1,0.1042
149996.83,577.0,1121,Sprayer,282308.67,27379.6,49,IN,0.9116,0,0,low_down_payment;low_credit,0,0.1764
116940.13,712.0,1113,Baler,253099.36,19516.61,49,WI,0.9284,0,0,low_down_payment,1,0.0398
103020.87,754.0,1119,Baler,206277.05,77061.32,66,ND,0.728,0,0,,1,0.0228
167284.76,616.0,1112,Planter,208743.13,23553.78,70,MO,0.8986,0,0,low_credit,0,0.1342
60108.79,752.0,3331,Skid Steer,65263.96,8602.44,57,NE,0.8835,0,0,,1,0.0718
105755.47,600.0,1112,Baler,72877.06,27318.75,38,SD,0.7273,0,0,low_credit,0,0.0749
84179.34,778.0,1119,Combine,234612.92,27956.72,56,IL,0.8935,0,0,,1,0.041
229490.97,735.0,1119,Loader,113062.36,26487.56,47,KS,0.8102,0,0,,1,0.023
127619.0,732.0,1119,Skid Steer,100982.83,35446.08,64,MO,0.7402,0,0,,1,0.0231
176613.26,684.0,1151,Tractor,228192.95,46952.44,60,SD,0.8294,0,0,,1,0.0334
78203.3,725.0,1111,Harvester,113827.13,36554.03,63,IA,0.7569,0,0,,1,0.0331
130916.03,708.0,1111,Sprayer,211761.72,25954.87,75,WI,0.8908,0,0,long_term,1,0.0506
121948.03,658.0,1152,Planter,139761.37,54508.76,61,ND,0.7194,0,0,,1,0.036
109382.52,625.0,1111,Loader,167629.83,82799.39,50,IA,0.6694,0,0,low_credit,0,0.05
129293.84,725.0,1121,Skid Steer,211061.15,54867.23,51,ND,0.7937,0,0,,1,0.0231
45743.16,748.0,1111,Skid Steer,224219.13,32920.98,54,MN,0.872,0,0,low_income,1,0.0982
130656.87,695.0,1113,Sprayer,260802.56,46836.73,61,MO,0.8478,0,0,,1,0.0324
92226.33,696.0,1112,Harvester,112759.33,70383.12,66,NE,0.6157,0,0,,1,0.0151
140683.69,720.0,3331,Tractor,80161.14,37760.46,39,SD,0.6798,0,0,,0,0.0126
151662.45,714.0,1113,Planter,210528.89,80086.43,49,MO,0.7244,0,0,,1,0.0174
104306.82,623.0,1152,Baler,37369.54,8655.95,51,SD,0.8119,0,0,low_credit,1,0.0808
46786.24,669.0,1113,Skid Steer,173094.55,52546.85,82,IL,0.7671,0,0,low_income;long_term,1,0.1313
85591.7,689.0,1112,Sprayer,179247.91,48404.91,60,MN,0.7874,0,0,,1,0.0297
94871.14,621.0,1113,Loader,155655.17,28757.7,37,IL,0.8441,0,0,low_credit,1,0.0772
30000.0,724.0,4238,Sprayer,270297.83,55309.3,61,NE,0.8301,0,0,low_income,1,0.1247
106211.67,618.0,1111,Baler,201635.39,56502.05,42,MN,0.7811,0,0,low_credit,1,0.0711
106917.42,696.0,4238,Baler,181194.18,45596.16,62,NE,0.799,0,0,,1,0.0277
197933.79,611.0,1151,Planter,178564.32,31123.06,54,MO,0.8516,0,0,low_credit,1,0.109
168337.43,677.0,1119,Tractor,206427.36,99326.14,59,MN,0.6751,0,0,,1,0.0213
47798.46,688.0,1112,Harvester,81769.78,17514.97,37,SD,0.8236,0,0,low_income,1,0.0687
155627.41,787.0,1152,Sprayer,87655.23,26422.29,51,SD,0.7684,0,0,,1,0.021
177934.41,625.0,1151,Loader,175903.96,26820.27,68,WI,0.8677,0,0,low_credit,1,0.111
39405.87,813.0,1152,Skid Steer,269499.52,56436.79,60,SD,0.8268,0,0,low_income,1,0.1043
50482.32,663.0,1119,Loader,186058.59,47182.82,52,IA,0.7977,0,0,low_income,1,0.1014
78249.37,672.0,1152,Tractor,128944.82,55540.77,52,WI,0.6989,0,0,,0,0.0315
116199.2,771.0,1152,Loader,152487.21,70876.47,69,IN,0.6827,1,0,prior_default,1,0.066
54866.46,685.0,1121,Skid Steer,120795.06,29341.17,61,MO,0.8046,0,0,low_income,0,0.0785
96975.26,745.0,1111,Sprayer,189745.5,17464.67,71,MN,0.9157,0,0,low_down_payment,1,0.052
69672.62,680.0,1151,Baler,124378.86,37288.82,57,MO,0.7693,0,0,,0,0.0467
98920.01,688.0,1112,Harvester,119960.39,34296.73,75,IN,0.7777,0,0,long_term,1,0.0358
170818.91,713.0,1119,Tractor,92308.43,4035.8,49,MO,0.9581,0,0,high_ltv;low_down_payment,1,0.0487
162455.87,683.0,1111,Sprayer,264082.3,84373.84,56,SD,0.7579,0,0,,1,0.0246
114466.62,601.0,4238,Harvester,228487.74,50409.89,67,KS,0.8193,0,0,low_credit,1,0.1266
101956.63,631.0,3331,Skid Steer,157784.33,38349.53,78,MN,0.8045,0,0,low_credit;long_term,1,0.1037
50320.97,754.0,1151,Sprayer,194305.43,36399.8,53,NE,0.8422,1,0,low_income;prior_default,1,0.1727
90193.71,679.0,1121,Sprayer,79468.43,16502.24,40,IN,0.828,0,0,,1,0.0269
170321.43,737.0,1112,Tractor,295745.49,38215.47,54,IL,0.8856,0,0,,1,0.0333
64469.81,698.0,1119,Skid Steer,126661.86,18200.19,51,MO,0.8744,0,0,,1,0.0585
112196.92,734.0,1151,Planter,241718.02,64776.76,67,IA,0.7887,0,0,,1,0.0288
88057.96,776.0,1112,Loader,249626.21,69157.04,84,IA,0.7831,0,0,long_term,1,0.0421
31103.91,748.0,1111,Harvester,197843.76,38852.06,84,ND,0.8359,0,0,low_income;long_term,1,0.1576
89160.53,660.0,4238,Harvester,132377.78,70794.93,73,MO,0.6516,0,0,long_term,0,0.037
154034.92,691.0,1119,Combine,121820.9,15935.34,84,IL,0.8843,0,1,long_term;bankruptcy,1,0.1622
93466.79,597.0,1152,Harvester,67428.04,12915.97,59,MO,0.8392,0,0,low_credit,1,0.1287
105486.74,688.0,1121,Tractor,243825.6,32393.56,49,KS,0.8827,0,0,,1,0.0317
92434.46,662.0,1152,Skid Steer,123077.89,23094.2,48,MN,0.842,0,0,,1,0.0429
144300.09,696.0,1119,Skid Steer,296182.36,49407.14,78,IA,0.857,0,0,long_term,1,0.0472
174470.4,685.0,4238,Loader,164586.71,35904.55,52,KS,0.8209,0,0,,1,0.0282
112333.3,660.0,1152,Harvester,112704.99,7318.66,84,MO,0.939,0,0,low_down_payment;long_term,0,0.1104
120133.46,721.0,1112,Tractor,180594.23,23857.89,67,MN,0.8833,0,0,,1,0.0399
68243.85,677.0,3331,Skid Steer,211797.52,47921.6,69,NE,0.8155,0,0,,1,0.0684
87020.47,671.0,1112,Combine,62047.74,14369.19,63,KS,0.812,0,0,,1,0.0444
86018.21,701.0,1152,Planter,154348.51,26513.49,58,IN,0.8534,0,0,,0,0.0351
42551.09,695.0,1121,Combine,217524.72,19105.4,50,SD,0.9193,0,0,low_down_payment;low_income,0,0.1216
30000.0,622.0,1151,Planter,204964.63,39938.87,58,MN,0.8369,0,0,low_income;low_credit,0,0.2109
138457.57,744.0,1113,Combine,204473.24,44413.29,65,IA,0.8216,0,0,,1,0.0314
138872.46,712.0,1121,Tractor,187558.67,63224.66,68,IL,0.7479,0,0,,1,0.0253
79642.4,716.0,1113,Sprayer,124366.27,31193.75,63,KS,0.7995,0,0,,1,0.037
47572.25,691.0,1152,Planter,110604.8,26288.78,84,IL,0.808,0,0,low_income;long_term,0,0.1166
96795.28,660.0,4238,Planter,233618.24,79782.22,56,IL,0.7454,0,0,,0,0.0358
80015.55,654.0,1121,Harvester,220758.55,13192.38,84,MO,0.9436,0,0,low_down_payment;long_term,1,0.1414
168310.39,695.0,1113,Loader,62132.32,35272.57,49,NE,0.6379,0,0,,1,0.0126
137879.55,664.0,1112,Tractor,77120.01,14837.46,44,NE,0.8386,0,0,,1,0.0388
167574.58,642.0,1121,Baler,137083.07,36677.12,61,MO,0.7889,0,0,,1,0.059
129978.79,620.0,1119,Sprayer,166117.01,37090.08,60,MO,0.8175,0,0,low_credit,1,0.0949
83258.4,701.0,3331,Sprayer,195885.55,53995.31,50,ND,0.7839,0,0,,1,0.0263
128828.03,670.0,1151,Loader,199599.75,53815.9,60,ND,0.7876,0,0,,1,0.0368
114390.53,657.0,1113,Loader,84998.31,14434.86,58,IN,0.8548,0,0,,1,0.0553
60304.58,728.0,3331,Baler,147336.03,34473.82,43,IA,0.8104,0,0,,1,0.0472
71802.34,678.0,1119,Sprayer,182490.79,28591.53,54,MN,0.8645,0,0,,1,0.0599
111029.43,653.0,1151,Combine,269837.67,22234.09,53,IN,0.9239,0,0,low_down_payment,0,0.0752
100907.95,734.0,1151,Baler,147891.12,19624.94,40,KS,0.8828,0,0,,1,0.0268
146404.03,579.0,1113,Harvester,57474.81,23015.66,42,ND,0.7141,0,0,low_credit,1,0.0989
127114.81,615.0,1152,Planter,220310.44,24004.15,75,SD,0.9017,0,0,low_down_payment;low_credit;long_term,0,0.1592
108840.85,602.0,1151,Baler,85428.46,14540.91,59,ND,0.8545,0,0,low_credit,0,0.127
97289.63,639.0,1119,Loader,273049.91,52264.45,48,IL,0.8393,0,0,low_credit,1,0.0671
102832.57,656.0,1151,Combine,50693.54,8515.68,47,NE,0.8562,1,0,prior_default,1,0.1291
98726.88,663.0,1121,Loader,197145.51,3195.31,48,ND,0.9841,0,0,high_ltv;low_down_payment,1,0.0796
141429.55,693.0,1113,Combine,213266.97,34888.93,61,KS,0.8594,0,0,,1,0.0337
160436.77,662.0,1112,Planter,158240.95,30507.12,71,IA,0.8384,0,0,,1,0.058
101785.08,655.0,1111,Tractor,188152.79,23281.56,64,KS,0.8899,0,0,,1,0.0691
66416.21,703.0,1121,Harvester,197231.62,39479.54,56,MN,0.8332,0,0,,1,0.0523
65391.54,697.0,1119,Tractor,195755.11,76818.14,52,ND,0.7182,0,0,,1,0.0344
182872.81,569.0,1111,Skid Steer,263962.53,59742.83,64,WI,0.8154,0,0,low_credit,1,0.164
104428.64,692.0,1112,Baler,72016.69,27439.29,39,NE,0.7241,0,0,,1,0.0148
85626.61,773.0,1151,Sprayer,154899.38,85388.93,61,SD,0.6446,0,0,,1,0.0175
159917.22,648.0,1119,Combine,213247.4,56790.19,50,KS,0.7897,0,0,,1,0.0464
169173.52,686.0,4238,Skid Steer,257803.94,45842.41,67,KS,0.849,0,0,,1,0.0383
118817.23,695.0,1113,Baler,263821.44,81251.47,66,IN,0.7645,0,0,,1,0.026
72008.42,608.0,1152,Tractor,93787.76,37141.69,69,NE,0.7163,0,0,low_credit,0,0.1234
51639.58,670.0,4238,Sprayer,191106.01,14218.19,44,IL,0.9308,0,0,low_down_payment;low_income,0,0.127
89524.47,695.0,1111,Skid Steer,112367.46,31685.74,62,IL,0.78,0,0,,1,0.0263
138507.06,608.0,1112,Sprayer,242906.73,24811.49,48,MN,0.9073,0,0,low_down_payment;low_credit,1,0.1311
143191.94,672.0,3331,Harvester,50069.18,15618.21,57,IA,0.7622,0,0,,1,0.031
185744.21,646.0,1112,Tractor,58047.11,15603.73,37,IL,0.7881,0,0,,1,0.0398
85456.35,663.0,1112,Harvester,175156.58,11144.89,61,ND,0.9402,0,0,low_down_payment,0,0.0825
103978.52,696.0,1121,Skid Steer,220020.88,71056.75,51,ND,0.7559,0,0,,1,0.0201
30000.0,666.0,4238,Sprayer,147083.43,14467.66,77,MN,0.9104,0,0,low_down_payment;low_income;long_term,0,0.2121
112655.47,627.0,1121,Sprayer,73709.83,17787.44,63,IA,0.8056,0,0,low_credit,1,0.0865
131035.12,648.0,1151,Baler,313812.54,27991.9,62,IA,0.9181,0,0,low_down_payment,1,0.0886
45100.63,615.0,4238,Sprayer,266465.06,81783.24,50,MO,0.7652,0,0,low_income;low_credit,1,0.1672
194311.3,634.0,1151,Planter,252312.72,50053.84,48,MO,0.8345,0,0,low_credit,1,0.0717
225796.95,715.0,1112,Baler,261372.09,66849.27,58,MN,0.7963,0,0,,1,0.0259
105949.81,728.0,1112,Harvester,191165.7,73264.92,63,IN,0.7229,0,0,,1,0.0214
56276.89,728.0,1152,Skid Steer,42082.18,11537.94,63,NE,0.7848,0,0,low_income,1,0.0681
200999.88,648.0,1113,Sprayer,184248.06,38931.5,65,NE,0.8256,0,0,,1,0.0636
145459.21,688.0,1112,Combine,161187.81,34915.18,73,ND,0.822,0,0,long_term,0,0.0404
111569.94,779.0,1151,Sprayer,64301.4,12123.58,66,IA,0.8414,0,0,,1,0.0341
137265.02,597.0,1151,Harvester,46613.91,9245.25,79,IL,0.8345,0,0,low_credit;long_term,0,0.1576
116502.21,710.0,1121,Combine,108786.32,20831.05,72,MN,0.8393,0,0,,1,0.0369
113155.54,713.0,1119,Combine,174721.33,27517.33,59,WI,0.8639,0,0,,1,0.0333
67952.39,623.0,1121,Tractor,183803.19,34022.83,55,NE,0.8438,0,0,low_credit,0,0.1354
88016.55,691.0,1151,Combine,191133.01,70624.13,65,MO,0.7302,0,0,,1,0.0239
91698.36,606.0,1121,Combine,286915.46,26443.56,60,MO,0.9156,0,0,low_down_payment;low_credit,1,0.1507
123442.93,772.0,3331,Sprayer,68043.78,12935.54,56,KS,0.8403,0,0,,1,0.0293
125629.45,815.0,3331,Loader,54496.25,22305.63,52,MO,0.7096,0,0,,1,0.0172
97650.32,567.0,1121,Tractor,236597.63,24262.99,57,IN,0.907,0,0,low_down_payment;low_credit,0,0.1955
140951.9,666.0,1121,Tractor,206391.12,59734.25,62,KS,0.7755,0,0,,1,0.0386
100959.93,734.0,1121,Loader,116769.68,15389.98,59,MO,0.8836,0,0,,1,0.0356
191732.9,592.0,1151,Planter,288472.19,38398.47,80,MO,0.8825,0,0,low_credit;long_term,1,0.1807
65071.87,802.0,1121,Baler,147380.23,72392.77,64,KS,0.6706,0,0,,1,0.0349
56651.39,726.0,1112,Harvester,211440.03,39964.77,57,MN,0.841,0,0,low_income,1,0.0744
53724.11,669.0,4238,Baler,134818.15,28785.37,66,WI,0.8241,0,0,low_income,1,0.1092
172390.48,694.0,1113,Combine,254375.68,48416.32,56,KS,0.8401,0,0,,1,0.0293
93791.21,641.0,1111,Baler,131410.66,26286.74,84,MN,0.8333,1,0,long_term;prior_default,0,0.1883
151150.13,593.0,4238,Tractor,78439.37,12114.94,46,IL,0.8662,0,0,low_credit,0,0.1285
138118.34,674.0,1151,Combine,105604.57,5936.45,71,KS,0.9468,0,0,low_down_payment,0,0.0735
110846.9,643.0,1121,Planter,260893.84,40218.73,56,IN,0.8664,0,0,,1,0.0691
67728.28,774.0,1119,Baler,221009.93,55077.24,84,ND,0.8005,0,0,long_term,1,0.0717
209042.99,670.0,1152,Tractor,152413.89,29559.98,49,MO,0.8376,0,0,,1,0.0375
135996.35,689.0,1119,Baler,129112.0,60118.41,82,ND,0.6823,0,0,long_term,1,0.0281
37932.61,590.0,1119,Loader,308939.09,20102.47,73,IL,0.9389,0,0,low_down_payment;low_income;low_credit;long_term,0,0.2665
168083.95,635.0,4238,Planter,168838.87,66543.0,56,IN,0.7173,0,0,low_credit,1,0.0537
136658.34,674.0,1121,Loader,103327.14,15923.5,56,WI,0.8665,0,0,,1,0.0427
72043.97,666.0,1119,Loader,36577.62,9120.69,59,IN,0.8004,0,0,,1,0.0628
157335.86,674.0,3331,Harvester,48666.26,1351.51,84,NE,0.973,0,0,high_ltv;low_down_payment;long_term,1,0.1088
145284.26,689.0,1151,Loader,141268.48,51995.83,84,MN,0.731,0,0,long_term,1,0.034
80586.43,660.0,1152,Combine,223693.18,53403.31,50,WI,0.8073,0,0,,1,0.0509
241199.32,766.0,1119,Harvester,249092.84,14870.66,76,IA,0.9437,0,0,low_down_payment;long_term,1,0.0667
142833.54,632.0,1152,Combine,43563.24,17457.8,56,MN,0.7139,0,0,low_credit,1,0.0561
80206.14,623.0,1121,Planter,141763.13,20754.14,41,ND,0.8723,0,0,low_credit,1,0.1045
92823.85,776.0,1151,Baler,279175.52,9545.49,66,KS,0.9669,0,0,high_ltv;low_down_payment,1,0.063
105142.1,654.0,1152,Skid Steer,40681.47,6457.94,57,IN,0.863,0,0,,1,0.059
112279.31,727.0,1121,Loader,225147.88,44780.26,63,NE,0.8341,0,0,,1,0.0318
137463.56,661.0,1111,Tractor,37447.95,14509.58,52,MN,0.7207,0,0,,1,0.0305
75457.49,790.0,3331,Harvester,75752.16,38821.17,64,IN,0.6612,0,0,,1,0.0257
61927.56,638.0,1113,Baler,307742.56,29733.88,75,IA,0.9119,0,0,low_down_payment;low_credit;long_term,1,0.1875
125833.47,638.0,3331,Baler,55692.29,12570.27,52,MN,0.8159,0,0,low_credit,1,0.0672
78007.15,685.0,4238,Loader,40420.82,7615.86,53,KS,0.8415,0,0,,1,0.042
85134.85,727.0,1112,Combine,268031.27,49013.52,38,SD,0.8454,0,0,,1,0.026
93881.94,723.0,3331,Tractor,200399.7,21629.77,52,KS,0.9026,0,0,low_down_payment,1,0.0381
75442.06,520.0,1113,Sprayer,212094.02,27200.22,47,WI,0.8863,0,0,low_credit,0,0.2397
46615.24,650.0,1112,Sprayer,60623.88,18045.45,59,IN,0.7706,0,0,low_income,1,0.124
35089.92,688.0,1111,Combine,244361.75,81462.17,56,WI,0.75,0,1,low_income;bankruptcy,0,0.1897
126290.92,660.0,1152,Planter,46840.58,3056.54,54,KS,0.9387,0,0,low_down_payment,1,0.0712
98363.11,723.0,1151,Loader,88023.44,17480.97,51,ND,0.8343,0,0,,1,0.0267
123654.68,597.0,1112,Harvester,181700.59,52369.14,58,IN,0.7763,0,1,low_credit;bankruptcy,0,0.2066
89078.29,635.0,1119,Sprayer,270181.53,71614.57,46,IN,0.7905,0,0,low_credit,1,0.0611
42517.34,665.0,1112,Loader,39432.06,8932.89,62,WI,0.8153,0,0,low_income,0,0.1294
132972.11,745.0,1121,Sprayer,230677.2,85984.78,52,MN,0.7285,0,0,,1,0.0185
144841.99,741.0,1111,Baler,244205.5,38091.29,68,IA,0.8651,0,0,,1,0.0381
126356.29,616.0,1152,Harvester,261587.13,20794.21,54,SD,0.9264,0,0,low_down_payment;low_credit,1,0.132
207958.85,679.0,1121,Combine,162279.46,21892.0,45,IA,0.8811,0,0,,1,0.0349
134403.88,736.0,4238,Loader,53765.0,9247.32,63,NE,0.8532,0,0,,1,0.034
69264.42,648.0,1152,Baler,193291.92,76328.17,50,IA,0.7169,0,0,,1,0.0602
107369.06,625.0,1151,Tractor,130155.69,6407.23,56,SD,0.9531,0,0,high_ltv;low_down_payment;low_credit,0,0.1395
135671.36,674.0,1121,Combine,49847.78,6193.13,54,IN,0.8895,0,0,,1,0.0447
83763.22,701.0,1119,Loader,136238.7,46265.93,52,NE,0.7465,0,0,,1,0.0234
207215.97,670.0,4238,Combine,250117.53,59991.89,63,MN,0.8065,0,0,,1,0.0408
141601.77,596.0,3331,Baler,137028.81,18044.19,67,KS,0.8836,0,0,low_credit,1,0.153
53492.74,654.0,1113,Planter,231170.37,38634.55,59,KS,0.8568,0,0,low_income,0,0.132
113354.41,635.0,1119,Loader,197305.86,88704.38,38,MN,0.6899,0,0,low_credit,1,0.0386
150856.77,570.0,3331,Sprayer,127478.63,50417.51,49,IL,0.7166,0,0,low_credit,1,0.1173
111658.92,693.0,1119,Tractor,213538.03,68941.2,55,IL,0.7559,0,0,,1,0.0214
88128.39,606.0,1119,Tractor,174074.86,63600.07,65,MN,0.7324,0,0,low_credit,0,0.0979
62904.61,744.0,1152,Sprayer,51993.1,9680.27,46,SD,0.843,0,0,,1,0.0514
141213.72,721.0,1152,Skid Steer,49685.99,11018.24,73,KS,0.8185,0,0,long_term,1,0.0387
114264.33,690.0,1111,Loader,79353.68,15393.27,50,WI,0.8375,0,0,,1,0.0267
67918.96,794.0,1112,Loader,248678.48,33573.38,47,NE,0.8811,0,0,,1,0.0521
73072.82,758.0,1119,Harvester,257305.65,40598.22,59,IN,0.8637,0,0,,1,0.0511
104597.14,682.0,4238,Tractor,114314.51,43079.38,51,MN,0.7263,0,0,,1,0.0208
64092.06,664.0,1121,Tractor,207707.75,12350.59,55,IL,0.9439,0,0,low_down_payment,0,0.1179
84568.6,732.0,1151,Tractor,173508.2,53560.76,62,WI,0.7641,0,0,,1,0.0283
37234.85,766.0,1112,Loader,105736.57,19481.37,68,WI,0.8444,0,0,low_income,1,0.1223
114275.54,706.0,1113,Skid Steer,120595.77,23715.88,70,MO,0.8357,0,0,,1,0.0354
41884.58,666.0,3331,Sprayer,241744.75,106074.92,44,KS,0.695,0,0,low_income,1,0.0792
159886.52,735.0,1119,Baler,73708.01,15023.42,46,SD,0.8307,0,0,,1,0.0244
163672.2,714.0,1152,Planter,151875.97,18528.04,46,WI,0.8913,0,0,,1,0.0302
117880.66,691.0,3331,Planter,146712.89,42331.08,63,NE,0.7761,0,0,,1,0.0259
92021.62,656.0,1112,Combine,136082.99,51350.2,36,IL,0.726,0,0,,1,0.0265
136121.64,690.0,1112,Harvester,202455.36,42308.02,71,ND,0.8271,0,0,,1,0.0351
153580.6,788.0,3331,Baler,255109.87,55670.56,58,IN,0.8209,0,0,,1,0.0282
138676.53,628.0,3331,Harvester,38638.69,20661.49,62,WI,0.6516,0,0,low_credit,1,0.0521
52127.7,681.0,1113,Sprayer,61887.99,13464.06,62,IA,0.8213,0,0,low_income,1,0.0927
114905.33,742.0,1119,Skid Steer,60095.18,30193.07,58,IN,0.6656,0,0,,1,0.016
152933.03,736.0,3331,Planter,78651.8,17950.84,79,IA,0.8142,0,0,long_term,1,0.0415
95253.12,706.0,1121,Planter,282860.08,46378.36,42,SD,0.8591,0,0,,1,0.0254
147870.4,645.0,4238,Tractor,324589.5,2664.93,46,IL,0.9919,0,0,high_ltv;low_down_payment,1,0.1027
204989.65,591.0,1112,Combine,75927.72,14493.01,61,KS,0.8397,0,0,low_credit,1,0.1393
30000.0,639.0,1121,Combine,32777.64,13437.33,77,IA,0.7092,0,0,low_income;low_credit;long_term,1,0.1784
223315.67,696.0,1111,Loader,270991.06,39530.65,36,WI,0.8727,0,0,,1,0.0244
147275.31,639.0,3331,Harvester,65421.56,28064.01,58,IN,0.6998,0,0,low_credit,1,0.0487
30000.0,630.0,1151,Tractor,57695.95,14345.71,38,WI,0.8009,0,0,low_income;low_credit,1,0.1746
121940.48,682.0,1119,Loader,203111.98,29689.68,69,IA,0.8725,0,0,,1,0.0452
108138.85,819.0,1151,Baler,190654.11,20160.18,54,IL,0.9044,0,0,low_down_payment,1,0.0395
85769.64,668.0,1119,Skid Steer,157093.46,63786.53,80,NE,0.7112,0,0,long_term,0,0.0473
117097.36,697.0,1112,Tractor,166141.44,7059.06,64,KS,0.9592,0,0,high_ltv;low_down_payment,1,0.0599
146178.18,696.0,1113,Skid Steer,94562.1,53057.23,65,MO,0.6406,0,0,,1,0.0163
96525.7,655.0,4238,Baler,88299.16,5792.92,66,MO,0.9384,1,0,low_down_payment;prior_default,0,0.1868
103392.01,724.0,1151,Sprayer,93737.38,23281.81,53,IN,0.801,0,0,,1,0.0244
162263.99,638.0,1111,Skid Steer,130079.47,34391.3,55,IA,0.7909,0,0,low_credit,1,0.0639
57441.44,756.0,4238,Planter,44465.05,11510.59,71,NE,0.7944,0,0,low_income,1,0.0752
113429.2,666.0,3331,Tractor,153758.11,44283.31,36,IA,0.7764,0,0,,1,0.0265
114217.87,694.0,4238,Baler,185795.7,65905.1,58,KS,0.7382,0,0,,1,0.021
81737.85,688.0,1152,Planter,244947.0,40671.22,44,NE,0.8576,0,0,,1,0.0334
163477.18,684.0,1152,Harvester,67702.32,13559.52,79,MO,0.8331,0,0,long_term,1,0.0491
148700.62,680.0,1112,Baler,173722.97,45157.74,84,MN,0.7937,0,0,long_term,1,0.0487
111515.45,704.0,1119,Planter,68654.47,24303.72,40,IL,0.7386,0,0,,1,0.0159
84110.86,805.0,1113,Planter,81787.64,15653.9,70,MO,0.8394,0,0,,1,0.0417
94333.84,653.0,1151,Skid Steer,213931.25,4902.07,62,IN,0.9776,0,0,high_ltv;low_down_payment,0,0.1047
187615.0,694.0,1112,Planter,222321.99,52770.99,53,MO,0.8082,0,0,,1,0.025
79417.14,635.0,1112,Baler,48672.15,12789.69,67,KS,0.7919,0,0,low_credit,1,0.0963
78505.54,747.0,1111,Skid Steer,285555.24,64357.43,50,MN,0.8161,0,0,,1,0.0335
110111.32,663.0,3331,Planter,293370.23,55369.77,65,IA,0.8412,0,0,,0,0.053
96583.17,736.0,1151,Skid Steer,157687.79,32905.94,71,KS,0.8274,0,0,,1,0.0349
55452.35,730.0,1112,Loader,221769.49,38663.91,44,IL,0.8515,1,0,low_income;prior_default,1,0.1562
143259.68,683.0,4238,Harvester,239050.99,80648.34,39,WI,0.7477,0,0,,1,0.0184
63577.62,660.0,1113,Baler,88123.01,19487.06,83,SD,0.8189,0,0,long_term,1,0.119
82972.75,665.0,4238,Harvester,112620.87,22429.07,50,WI,0.8339,0,0,,0,0.0485
81200.58,736.0,4238,Baler,190203.19,37679.23,48,ND,0.8347,0,0,,0,0.0323
155176.33,787.0,1112,Tractor,218628.17,47688.33,61,IN,0.8209,0,0,,1,0.0295
167224.69,715.0,1151,Loader,169273.37,17990.81,48,WI,0.9039,1,0,low_down_payment;prior_default,0,0.1065
158988.18,726.0,3331,Planter,198572.42,39740.86,39,IN,0.8332,0,0,,1,0.0221
71261.58,682.0,1121,Sprayer,116425.08,40529.3,54,IA,0.7418,0,0,,1,0.0381
61677.38,607.0,1152,Combine,130917.57,33349.26,43,SD,0.797,0,0,low_credit,1,0.142
152871.53,741.0,1152,Loader,110880.23,29012.66,44,NE,0.7926,0,0,,0,0.0206
135611.43,638.0,1119,Harvester,45762.53,13636.36,53,KS,0.7704,0,0,low_credit,1,0.0583
111941.83,744.0,1119,Loader,55357.12,27149.46,60,MN,0.6709,0,0,,1,0.0169
64362.11,743.0,1152,Loader,222568.64,19373.7,80,IN,0.9199,0,0,low_down_payment;long_term,1,0.1112
160832.07,706.0,1111,Tractor,131298.34,22041.69,59,KS,0.8563,0,0,,1,0.0324
124807.95,697.0,1121,Planter,102491.13,0.0,59,MO,1.0,0,0,high_ltv;low_down_payment,0,0.0637
129413.7,712.0,1112,Skid Steer,55459.89,17736.66,73,IL,0.7577,0,0,long_term,1,0.0313
209881.98,569.0,1152,Baler,296264.57,44250.34,67,ND,0.87,0,0,low_credit,1,0.1838
91240.04,667.0,1111,Planter,112562.4,15770.22,50,KS,0.8771,0,0,,1,0.0455
129802.85,771.0,3331,Skid Steer,101687.05,31833.65,71,WI,0.7616,0,0,,1,0.0278
101585.17,724.0,1112,Harvester,94800.41,26791.36,56,IN,0.7797,0,0,,1,0.0236
96054.16,746.0,3331,Planter,187971.81,54765.82,48,NE,0.7744,0,0,,1,0.0205
76746.56,767.0,3331,Planter,202961.69,101783.28,36,ND,0.666,0,0,,1,0.0165
187346.58,679.0,1152,Baler,176452.93,34335.18,84,MO,0.8371,0,0,long_term,1,0.0572
113336.2,570.0,1121,Combine,205114.36,89174.31,44,IN,0.697,0,0,low_credit,0,0.1063
125595.1,705.0,1113,Combine,162341.26,15984.82,56,KS,0.9104,0,0,low_down_payment,1,0.0414
119442.81,718.0,1112,Tractor,243923.85,86653.66,58,WI,0.7379,0,0,,1,0.021
84834.34,694.0,1113,Baler,244298.18,42862.18,51,NE,0.8507,0,0,,1,0.0324
168746.49,762.0,1152,Harvester,37814.13,11324.75,66,SD,0.7695,0,0,,1,0.0265
146917.46,668.0,1152,Sprayer,116183.95,38646.43,71,MO,0.7504,0,0,,0,0.0388
67855.28,702.0,1152,Planter,198719.66,39965.38,75,IA,0.8326,0,0,long_term,1,0.0706
190739.54,691.0,1119,Sprayer,39820.83,6490.73,66,MN,0.8598,0,1,bankruptcy,1,0.1258
175319.62,729.0,1113,Baler,270216.68,31557.74,53,KS,0.8954,0,0,,1,0.034
76914.99,677.0,1151,Planter,166519.57,42680.66,45,IL,0.796,0,0,,1,0.0378
145153.88,761.0,1119,Planter,166408.83,72738.49,77,KS,0.6958,0,0,long_term,1,0.0267
100135.5,667.0,1111,Skid Steer,137213.65,11294.82,42,IL,0.9239,0,0,low_down_payment,0,0.0526
125540.27,647.0,1121,Skid Steer,102980.66,53296.5,67,NE,0.659,0,0,,0,0.0386
187150.93,722.0,1113,Skid Steer,269768.42,76480.08,65,IA,0.7791,0,0,,1,0.027
177099.44,705.0,3331,Skid Steer,209737.28,23125.47,55,NE,0.9007,0,0,low_down_payment,1,0.0395
162566.79,699.0,1151,Baler,120149.22,20686.64,42,IA,0.8531,0,0,,1,0.0249
133626.76,756.0,1112,Skid Steer,70715.89,11879.53,55,MN,0.8562,0,0,,1,0.0305
96825.7,744.0,1119,Loader,132753.63,30706.28,84,IA,0.8121,1,0,long_term;prior_default,1,0.1196
86078.84,735.0,1112,Loader,258577.88,70944.15,60,KS,0.7847,0,0,,1,0.0284
105078.47,705.0,1151,Baler,106404.58,17643.77,65,WI,0.8578,0,0,,1,0.0356
54263.16,695.0,4238,Skid Steer,62508.58,19852.87,69,NE,0.759,0,0,low_income,1,0.0707
94985.29,647.0,1152,Sprayer,58830.76,16879.32,54,MN,0.7771,0,0,,1,0.0481
73290.6,576.0,1113,Combine,151973.54,28833.22,64,ND,0.8405,0,0,low_credit,0,0.1932
136714.85,679.0,1113,Tractor,219713.45,99194.93,68,KS,0.689,0,0,,1,0.0249
118904.58,665.0,1121,Combine,32908.28,12493.52,39,IL,0.7248,0,0,,1,0.0237
62657.68,607.0,3331,Harvester,184326.14,33425.77,36,ND,0.8465,0,0,low_credit,1,0.147
148049.13,686.0,3331,Harvester,115308.73,33053.92,56,WI,0.7772,0,0,,1,0.0252
105187.16,710.0,1152,Combine,94230.84,15985.55,39,ND,0.855,0,0,,1,0.0239
67985.35,698.0,1112,Harvester,211242.2,56572.67,48,WI,0.7888,0,0,,1,0.0388
156606.59,653.0,1151,Sprayer,121064.69,35617.33,60,IN,0.7727,0,0,,1,0.0465
130738.65,702.0,1151,Skid Steer,126632.13,10162.24,57,MN,0.9257,1,0,low_down_payment;prior_default,0,0.1231
96766.19,655.0,4238,Skid Steer,51609.84,7886.6,78,IL,0.8674,0,0,long_term,0,0.0837
139767.66,706.0,1119,Sprayer,256276.53,37544.52,36,IN,0.8722,0,0,,1,0.0243
117701.12,520.0,3331,Baler,107190.65,12170.35,49,ND,0.898,0,0,low_credit,0,0.228
105958.8,673.0,3331,Planter,211373.89,69386.76,71,IL,0.7529,0,0,,1,0.0361
160406.38,627.0,1151,Tractor,198337.89,33358.08,77,WI,0.856,0,0,low_credit;long_term,0,0.1217
99018.95,737.0,1112,Harvester,203107.95,33358.25,66,WI,0.8589,0,0,,1,0.0362
76849.06,645.0,3331,Sprayer,175209.0,56880.37,57,SD,0.7549,0,0,,1,0.0648
107621.73,707.0,1111,Skid Steer,48848.92,15923.53,67,NE,0.7542,1,0,prior_default,1,0.0799
120588.37,611.0,4238,Sprayer,177861.37,54356.72,57,WI,0.7659,0,0,low_credit,0,0.0887
94530.14,667.0,1151,Harvester,267459.65,16251.86,58,WI,0.9427,0,0,low_down_payment,0,0.0685
214637.76,664.0,1113,Harvester,113097.36,1905.65,75,KS,0.9834,0,0,high_ltv;low_down_payment;long_term,1,0.1157
68145.74,715.0,1152,Loader,161040.53,27558.58,49,MN,0.8539,0,0,,1,0.0488
97119.37,710.0,3331,Loader,238595.7,42511.85,47,NE,0.8488,0,0,,1,0.0264
54490.81,698.0,1152,Loader,274217.6,35967.5,42,NE,0.884,0,0,low_income,0,0.0739
117244.13,745.0,1111,Planter,122454.97,22314.96,53,IL,0.8459,0,0,,1,0.0286
40616.82,556.0,1112,Sprayer,194745.35,36564.66,84,ND,0.8419,0,0,low_income;low_credit;long_term,0,0.2544
70638.11,618.0,1121,Combine,84237.12,25542.08,53,KS,0.7673,0,0,low_credit,0,0.1127
47375.4,707.0,1119,Baler,250590.98,63097.53,74,KS,0.7989,0,0,low_income;long_term,1,0.1038
192286.51,729.0,3331,Loader,217246.26,26376.94,38,KS,0.8917,0,0,,0,0.0268
95572.98,616.0,1113,Tractor,124244.22,27424.19,64,WI,0.8192,0,0,low_credit,1,0.1036
88202.83,724.0,4238,Baler,48193.86,31471.86,70,MO,0.605,0,0,,1,0.0162
99802.77,762.0,4238,Planter,216112.45,48609.44,68,IL,0.8164,0,0,,1,0.0322
170620.75,733.0,1152,Sprayer,250086.53,60959.23,54,SD,0.804,0,0,,1,0.025
138095.11,668.0,4238,Harvester,147693.62,38151.96,53,MN,0.7947,1,0,prior_default,1,0.1025
139169.93,805.0,1119,Sprayer,152865.53,53885.14,73,MO,0.7394,0,0,long_term,1,0.0294
129526.54,681.0,1152,Sprayer,228565.78,42603.69,46,SD,0.8429,0,0,,1,0.0298
30000.0,830.0,1121,Harvester,60988.0,18179.87,37,IN,0.7704,0,0,low_income,1,0.0837
156630.41,639.0,1151,Loader,225513.68,47102.77,43,SD,0.8272,0,0,low_credit,1,0.0611
63273.59,693.0,4238,Harvester,139632.55,14614.65,48,WI,0.9053,0,0,low_down_payment,0,0.0698
98242.93,711.0,1119,Combine,241682.82,48030.96,68,ND,0.8342,0,0,,1,0.0342
59741.55,747.0,1112,Baler,234827.1,55260.71,61,SD,0.8095,0,0,low_income,1,0.0663
103074.65,648.0,1111,Skid Steer,57323.26,13844.26,36,MN,0.8055,0,0,,1,0.0407
69769.6,678.0,4238,Baler,223548.03,92516.23,59,MN,0.7073,0,0,,1,0.0405
30000.0,759.0,1113,Sprayer,59302.3,21675.95,65,SD,0.7323,0,0,low_income,1,0.1012
111065.28,648.0,1121,Skid Steer,40727.94,5994.78,59,MN,0.8717,0,1,bankruptcy,1,0.1779
116097.14,596.0,1113,Skid Steer,243451.11,32924.14,68,KS,0.8809,0,0,low_credit,0,0.1539
169143.27,674.0,1152,Skid Steer,235413.47,68290.74,64,SD,0.7751,0,0,,1,0.0351
165566.01,652.0,1113,Planter,121080.13,45013.54,51,ND,0.729,0,0,,1,0.0357
39198.35,776.0,1111,Baler,66806.11,29332.83,63,IN,0.6949,0,0,low_income,1,0.0748
213695.08,634.0,1112,Harvester,288957.91,16647.77,44,WI,0.9455,0,0,low_down_payment;low_credit,1,0.1015
85088.83,682.0,1112,Skid Steer,74685.0,16557.23,50,SD,0.8185,0,0,,0,0.0329
51252.28,676.0,1113,Baler,197535.2,23275.91,84,MO,0.8946,0,0,low_income;long_term,1,0.1543
143061.24,717.0,1111,Skid Steer,60746.51,16771.55,70,KS,0.7836,0,0,,0,0.0296
136969.58,791.0,3331,Skid Steer,73197.95,24111.92,48,IN,0.7522,0,0,,1,0.0189
114272.68,693.0,1111,Skid Steer,120220.55,38687.44,83,MN,0.7565,0,0,long_term,1,0.0361
79472.41,788.0,4238,Skid Steer,189199.94,42977.01,56,SD,0.8149,0,0,,1,0.0354
133323.07,717.0,1152,Skid Steer,117471.08,44433.44,49,IN,0.7256,0,0,,1,0.0174
185137.37,703.0,1111,Combine,77850.02,27975.49,52,IA,0.7356,0,0,,1,0.019
66116.04,657.0,1151,Tractor,256474.06,68042.0,53,MN,0.7903,1,0,prior_default,0,0.1598
114900.37,642.0,1121,Loader,256683.06,19637.5,79,ND,0.9289,0,0,low_down_payment;long_term,1,0.1266
139254.74,649.0,1113,Sprayer,96230.05,20432.91,62,NE,0.8249,0,0,,1,0.0606
62505.82,718.0,1152,Planter,306912.76,31339.93,54,IN,0.9073,0,0,low_down_payment,1,0.077
65192.12,724.0,3331,Tractor,193681.6,35849.37,61,KS,0.8438,0,0,,0,0.0595
126331.88,704.0,1112,Planter,128894.72,60725.16,65,WI,0.6798,0,0,,1,0.0188
169279.4,782.0,1112,Loader,105592.4,32050.81,63,KS,0.7671,0,0,,1,0.0251
139393.51,698.0,3331,Loader,286960.45,48881.84,66,NE,0.8545,0,0,,1,0.0357
30000.0,762.0,1119,Skid Steer,259473.04,49147.48,65,NE,0.8408,0,0,low_income,1,0.1324
119748.3,751.0,4238,Baler,117515.82,5021.57,61,IL,0.959,0,0,high_ltv;low_down_payment,1,0.0575
111346.66,660.0,1111,Tractor,244740.38,65344.38,47,MO,0.7893,0,0,,1,0.0362
83922.24,674.0,1121,Planter,251403.52,65311.4,73,IA,0.7938,0,0,long_term,1,0.0542
162377.08,688.0,4238,Baler,274143.16,36092.64,72,IL,0.8837,0,0,,1,0.0442
34275.12,723.0,3331,Combine,166624.38,31807.59,62,SD,0.8397,0,0,low_income,0,0.1202
30000.0,759.0,1151,Loader,179564.74,39473.86,60,KS,0.8198,0,0,low_income,1,0.1205
143740.43,696.0,1112,Sprayer,207927.16,68973.76,56,SD,0.7509,0,0,,1,0.0213
213229.93,776.0,1112,Combine,227073.04,60526.93,80,KS,0.7895,0,0,long_term,1,0.0387
56249.07,707.0,4238,Combine,215825.79,56030.46,46,NE,0.7939,0,0,low_income,0,0.0565
76576.96,660.0,1119,Harvester,278805.87,68246.47,53,IN,0.8034,0,0,,1,0.0573
157494.31,604.0,1111,Skid Steer,173999.14,44490.65,54,KS,0.7964,0,0,low_credit,1,0.1028
105277.62,656.0,4238,Skid Steer,49093.62,13762.77,53,MN,0.781,0,0,,1,0.0411
148136.73,713.0,1119,Harvester,172860.29,43097.39,52,MN,0.8004,0,0,,1,0.024
70632.55,773.0,3331,Combine,35835.84,19892.11,79,ND,0.643,0,0,long_term,1,0.0376
30000.0,689.0,1113,Sprayer,78198.21,11665.48,51,IN,0.8702,0,0,low_income,1,0.1271
51440.05,726.0,1119,Combine,206049.73,43687.9,62,IN,0.8251,0,0,low_income,1,0.084
80908.85,708.0,1152,Combine,141550.53,43506.42,75,WI,0.7649,0,0,long_term,1,0.0418
78165.25,651.0,1112,Skid Steer,58276.25,8076.78,53,IL,0.8783,0,0,,1,0.0799
176543.98,762.0,1152,Baler,205534.69,19367.28,55,KS,0.9139,0,0,low_down_payment,1,0.0413
93321.74,689.0,1152,Sprayer,75080.24,42874.09,52,MO,0.6365,0,0,,1,0.0134
136692.74,684.0,3331,Combine,81163.63,20060.32,62,KS,0.8018,0,0,,1,0.0309
106369.98,682.0,1152,Harvester,202857.96,41921.06,53,NE,0.8287,0,0,,1,0.0311
142306.94,605.0,4238,Harvester,128128.42,3591.88,48,KS,0.9727,0,0,high_ltv;low_down_payment;low_credit,0,0.1651
87960.47,730.0,1151,Baler,67306.36,14343.18,70,IL,0.8243,0,0,,1,0.0359
219810.7,692.0,3331,Tractor,109274.09,28993.42,54,IL,0.7903,1,0,prior_default,1,0.0765
146939.79,622.0,1111,Sprayer,116388.44,25760.62,73,SD,0.8188,0,0,low_credit;long_term,0,0.1139
147866.26,697.0,1112,Combine,301191.73,41635.93,50,WI,0.8786,0,0,,1,0.0307
164750.32,779.0,1152,Baler,155951.07,12653.01,57,IL,0.925,0,0,low_down_payment,1,0.0441
127530.97,658.0,1111,Baler,58292.68,10672.8,81,ND,0.8452,0,0,long_term,1,0.0777
65019.09,541.0,1151,Harvester,98836.41,34069.08,40,IA,0.7437,0,0,low_credit,0,0.1905
63174.87,624.0,3331,Harvester,168486.98,15272.62,53,SD,0.9169,0,0,low_down_payment;low_credit,0,0.1739
152281.35,622.0,1111,Combine,184024.84,37067.89,59,ND,0.8323,0,0,low_credit,1,0.0954
45949.58,605.0,1121,Loader,89245.18,18253.7,50,IA,0.8302,0,0,low_income;low_credit,0,0.1965
89018.44,701.0,1119,Baler,162265.05,12465.33,50,MN,0.9287,0,0,low_down_payment,1,0.0415
90179.29,651.0,1111,Sprayer,34029.81,12585.44,76,IN,0.73,0,0,long_term,0,0.0567
79696.29,708.0,3331,Baler,220800.64,70659.3,59,NE,0.7576,0,0,,1,0.0301
124804.98,708.0,1152,Planter,110701.91,34957.16,63,IA,0.76,0,0,,1,0.0245
30000.0,771.0,1113,Harvester,76068.33,34548.84,61,WI,0.6877,0,0,low_income,1,0.086
128204.52,673.0,1113,Planter,245208.66,50774.78,67,NE,0.8285,0,0,,1,0.0442
30000.0,651.0,3331,Skid Steer,104535.96,13930.99,74,IN,0.8824,0,0,low_income;long_term,0,0.2101
43364.27,598.0,1113,Tractor,66041.7,21858.58,60,MN,0.7513,0,0,low_income;low_credit,0,0.1907
66538.3,700.0,1121,Sprayer,136298.44,28752.14,62,SD,0.8258,0,0,,0,0.0551
63985.58,690.0,1112,Sprayer,90755.61,21008.48,49,MN,0.812,0,0,,0,0.0471
97569.62,610.0,1113,Combine,218823.6,102662.79,72,SD,0.6807,0,0,low_credit,1,0.0829
35769.01,653.0,1112,Planter,55860.5,24179.15,49,NE,0.6979,0,0,low_income,1,0.11
70608.83,690.0,1152,Planter,52688.44,8832.43,71,MN,0.8564,0,0,,1,0.0621
94254.95,661.0,1113,Tractor,202241.72,42680.29,63,IN,0.8257,0,0,,1,0.0509
143611.23,724.0,1112,Harvester,183866.63,40045.74,74,NE,0.8212,0,0,long_term,1,0.0396
122155.32,740.0,1152,Combine,50907.6,12218.62,65,SD,0.8064,0,0,,1,0.0298
65293.38,660.0,1151,Planter,294317.95,42539.31,64,KS,0.8737,0,0,,1,0.1025
170973.25,770.0,1151,Baler,50438.74,20689.33,58,ND,0.7091,0,0,,1,0.0189
103259.03,679.0,1111,Skid Steer,201851.91,33175.38,52,IN,0.8588,0,0,,1,0.0356
67267.95,734.0,1111,Planter,259128.88,76719.51,63,SD,0.7716,0,0,,1,0.046
82223.1,655.0,3331,Loader,128697.72,28606.25,47,NE,0.8181,0,0,,1,0.0525
102946.34,731.0,1113,Combine,196899.74,62222.05,58,IN,0.7599,0,0,,1,0.0227
124839.12,561.0,1111,Baler,239535.99,99027.57,52,MO,0.7075,0,0,low_credit,0,0.1284
105666.32,771.0,1151,Loader,128273.71,27539.99,62,IN,0.8233,0,0,,1,0.0302
31153.14,775.0,1111,Planter,158077.87,64455.65,37,IL,0.7104,0,0,low_income,1,0.0684
95277.83,651.0,1152,Tractor,107922.21,24556.25,59,NE,0.8146,0,0,,1,0.0546
121174.46,672.0,1111,Baler,144149.96,7407.31,42,MN,0.9511,0,0,high_ltv;low_down_payment,1,0.0582
39591.94,638.0,3331,Planter,95086.21,22835.27,56,IN,0.8064,0,0,low_income;low_credit,1,0.1676
161836.11,698.0,1152,Harvester,244944.08,91658.35,57,IA,0.7277,0,0,,1,0.0199
72115.87,697.0,1152,Loader,149672.89,62715.54,62,IN,0.7047,0,0,,1,0.0319
97246.44,662.0,1152,Combine,105366.7,14299.3,53,IL,0.8805,0,1,bankruptcy,0,0.1561
168500.39,662.0,3331,Tractor,155567.11,42223.3,45,KS,0.7865,0,0,,1,0.0339
132153.48,670.0,1151,Combine,89628.09,24231.31,52,IL,0.7872,0,0,,1,0.0325
50350.7,589.0,1113,Planter,209295.97,79493.02,74,IN,0.7247,0,0,low_income;low_credit;long_term,0,0.1972
91417.82,563.0,1112,Tractor,85538.01,9824.11,74,SD,0.897,0,0,low_credit;long_term,1,0.2125
61742.2,621.0,1152,Skid Steer,65750.96,17589.74,58,IA,0.7889,0,0,low_credit,1,0.1375
117228.57,689.0,4238,Baler,259790.37,54939.1,43,KS,0.8254,0,0,,0,0.0234
166073.82,748.0,1111,Skid Steer,245025.62,52425.48,72,ND,0.8238,0,1,bankruptcy,0,0.1217
69388.15,575.0,1119,Skid Steer,174853.23,87493.46,55,IA,0.6665,0,0,low_credit,0,0.1386
64598.83,733.0,1113,Skid Steer,251210.71,55901.8,49,IN,0.818,0,0,,0,0.0473
70758.89,642.0,1121,Sprayer,83851.54,13166.51,80,MO,0.8643,0,0,long_term,0,0.1393
157641.65,642.0,1119,Harvester,173320.06,35316.66,67,KS,0.8307,0,0,,1,0.0722
97555.74,659.0,1111,Harvester,216412.18,68281.5,79,WI,0.7602,0,0,long_term,1,0.0573
110173.88,704.0,1151,Loader,135520.17,27152.66,59,MO,0.8331,0,0,,1,0.0299
150856.72,735.0,1111,Planter,185567.0,65320.08,67,IA,0.7396,0,0,,1,0.0242
166868.92,629.0,1119,Baler,219300.23,4680.81,62,IA,0.9791,0,0,high_ltv;low_down_payment;low_credit,1,0.1496
79162.84,694.0,1152,Combine,276843.78,39166.73,69,WI,0.8761,0,0,,1,0.0525
90691.48,750.0,1119,Tractor,239144.23,24897.45,83,KS,0.9057,0,0,low_down_payment;long_term,1,0.0649
46073.3,767.0,1112,Sprayer,170420.95,74420.41,53,IA,0.696,0,0,low_income,1,0.0573
128460.8,674.0,3331,Loader,222621.23,44357.66,70,KS,0.8339,0,0,,1,0.0464
171585.43,631.0,1152,Combine,71509.14,7193.35,44,SD,0.9086,1,0,low_down_payment;low_credit;prior_default,1,0.1922
124143.67,653.0,1152,Harvester,250594.21,83646.54,65,IL,0.7497,0,0,,1,0.0461
74423.74,676.0,1112,Loader,318707.7,28976.82,44,NE,0.9167,0,0,low_down_payment,0,0.0664
49731.16,593.0,1112,Tractor,68886.59,3540.32,60,MN,0.9511,0,0,high_ltv;low_down_payment;low_income;low_credit,0,0.254
138214.69,759.0,1121,Sprayer,50178.74,9988.53,36,ND,0.834,0,0,,1,0.0212
92183.37,714.0,1121,Sprayer,290117.54,29078.67,62,KS,0.9089,0,0,low_down_payment,0,0.0449
144197.73,830.0,1151,Combine,245161.76,83963.64,74,NE,0.7449,0,0,long_term,1,0.0304
158647.97,609.0,1111,Loader,260786.29,36907.99,40,ND,0.876,0,0,low_credit,0,0.1036
80738.95,685.0,4238,Planter,39305.67,5892.09,72,ND,0.8696,0,0,,1,0.0561
164663.15,581.0,1152,Tractor,264493.72,70825.25,57,IN,0.7888,0,1,low_credit;bankruptcy,0,0.2205
143545.78,710.0,1151,Skid Steer,225090.5,9283.06,58,IA,0.9604,0,0,high_ltv;low_down_payment,1,0.0554
103801.03,658.0,3331,Sprayer,292782.78,43663.6,67,IA,0.8702,0,0,,1,0.0647
44208.67,677.0,1113,Tractor,233641.35,25315.83,62,IL,0.9022,0,0,low_down_payment;low_income,0,0.1453
132299.66,676.0,1112,Baler,198554.79,19724.09,69,KS,0.9096,0,0,low_down_payment,1,0.0623
179453.58,727.0,1151,Planter,168510.05,66431.81,56,IN,0.7172,0,0,,1,0.0188
154950.35,642.0,4238,Loader,230310.86,26810.03,59,MO,0.8957,0,0,,1,0.0793
127910.42,678.0,1111,Baler,85123.19,23346.2,55,MN,0.7848,0,0,,1,0.0295
80443.7,604.0,1113,Sprayer,95079.56,13513.84,54,MO,0.8756,0,0,low_credit,1,0.1444
74318.41,677.0,1121,Baler,160462.24,86070.06,49,NE,0.6509,0,0,,1,0.0257
61285.05,611.0,1152,Sprayer,117079.56,35444.5,62,KS,0.7676,0,1,low_credit;bankruptcy,0,0.2246
189704.02,665.0,3331,Baler,70130.63,30079.08,39,ND,0.6998,0,0,,0,0.0216
74156.9,612.0,1113,Harvester,169160.89,27441.1,70,NE,0.8604,0,0,low_credit,1,0.1596
43383.89,735.0,1121,Combine,60704.89,7511.55,55,KS,0.8899,0,0,low_income,1,0.1088
145598.28,646.0,1113,Loader,267753.07,51955.66,67,MN,0.8375,0,0,,0,0.0701
103367.58,642.0,1152,Skid Steer,213106.35,65827.46,45,IL,0.764,0,0,,0,0.0437
69417.15,706.0,3331,Skid Steer,256752.97,41388.97,56,IA,0.8612,0,0,,1,0.0532
157644.76,635.0,1111,Loader,150154.8,1006.92,63,MO,0.9933,0,0,high_ltv;low_down_payment;low_credit,0,0.1461
112995.45,709.0,1121,Loader,114077.86,26268.82,59,MO,0.8128,0,0,,1,0.0278
95201.69,751.0,1113,Skid Steer,129529.83,35463.29,39,ND,0.7851,0,0,,1,0.0186
141784.25,755.0,1119,Loader,96046.64,26560.63,63,KS,0.7834,0,0,,1,0.0266
30677.76,662.0,1111,Baler,156200.37,14489.59,56,IL,0.9151,0,0,low_down_payment;low_income,1,0.1904
100418.0,661.0,4238,Harvester,174821.28,58325.22,57,ND,0.7498,0,0,,1,0.036
159527.81,793.0,1112,Loader,118228.67,51576.43,66,IL,0.6963,0,0,,1,0.0203
48786.83,709.0,1121,Tractor,243251.41,105299.18,49,WI,0.6979,0,0,low_income,1,0.0514
64475.18,689.0,1119,Tractor,146959.36,46330.2,58,IN,0.7603,0,0,,1,0.0452
70984.79,638.0,3331,Baler,199395.31,35873.54,36,NE,0.8475,0,0,low_credit,0,0.0913
154910.7,629.0,1111,Planter,124870.98,44356.47,65,WI,0.7379,0,0,low_credit,0,0.0704
74995.96,710.0,1121,Combine,245394.41,25149.68,62,IL,0.907,0,0,low_down_payment,0,0.0642
118088.07,770.0,1113,Planter,59565.85,1934.74,47,IN,0.9685,0,0,high_ltv;low_down_payment,1,0.049
123878.14,787.0,1152,Sprayer,101761.44,18620.39,42,MN,0.8453,0,0,,1,0.0242
50757.18,686.0,1111,Planter,220812.9,48948.81,75,ND,0.8185,0,0,low_income;long_term,1,0.1094
100535.16,697.0,1119,Loader,171649.09,47608.02,44,MO,0.7829,0,0,,0,0.0199
50111.13,764.0,1113,Skid Steer,270581.59,52057.8,69,MN,0.8387,0,0,low_income,1,0.0968
134541.72,690.0,1119,Planter,58865.74,19986.63,45,WI,0.7465,1,0,prior_default,1,0.0599
133427.85,620.0,1111,Sprayer,118714.09,44920.82,76,ND,0.7255,0,0,low_credit;long_term,1,0.0941
83570.7,745.0,3331,Harvester,51626.73,20007.21,61,KS,0.7207,0,0,,1,0.0245
183778.58,567.0,1151,Skid Steer,75569.82,22748.98,84,IL,0.7686,0,0,low_credit;long_term,1,0.1774
68744.34,750.0,1152,Sprayer,81699.34,8683.27,41,NE,0.9039,0,0,low_down_payment,1,0.0559
70414.86,685.0,1152,Baler,155502.27,30737.4,61,MN,0.835,0,0,,1,0.055
171599.72,678.0,1151,Loader,80421.95,13130.09,73,SD,0.8596,0,0,long_term,1,0.0538
137346.31,698.0,1152,Skid Steer,202208.54,1353.35,69,IA,0.9934,0,0,high_ltv;low_down_payment,0,0.071
70236.35,635.0,1112,Combine,290087.5,59100.85,64,IA,0.8307,0,0,low_credit,0,0.1207
97113.93,757.0,1121,Loader,185911.0,37043.58,59,NE,0.8339,0,0,,1,0.03
92759.47,685.0,1111,Tractor,104197.74,41523.13,36,KS,0.7151,0,0,,1,0.0151
83932.72,623.0,1151,Tractor,50206.61,7022.52,67,SD,0.8773,1,0,low_credit;prior_default,0,0.2145
109447.87,624.0,1119,Loader,206961.0,55047.47,58,IN,0.7899,0,0,low_credit,1,0.0806
95488.67,685.0,1121,Baler,113260.31,28695.79,63,SD,0.7979,0,0,,1,0.0308
133990.26,702.0,1113,Harvester,194968.29,48182.83,65,WI,0.8018,0,0,,0,0.0293
68060.89,750.0,4238,Tractor,51557.17,19605.04,36,WI,0.7245,0,0,,1,0.026
167511.62,666.0,3331,Harvester,177732.42,14244.89,59,WI,0.9258,0,0,low_down_payment,0,0.0671
85768.24,720.0,4238,Tractor,203537.47,11652.7,64,NE,0.9458,0,0,low_down_payment,1,0.0577
118118.78,654.0,1119,Loader,183883.24,63447.66,42,NE,0.7435,0,0,,1,0.0319
153193.94,686.0,1152,Harvester,199045.97,31584.9,64,NE,0.863,0,0,,1,0.0379
79771.79,741.0,1151,Skid Steer,85623.66,28705.47,40,NE,0.7489,0,0,,1,0.022
142700.45,627.0,1113,Skid Steer,284706.79,35897.75,56,IN,0.888,0,0,low_credit,1,0.0999
51060.94,664.0,1112,Loader,274890.9,3937.86,51,NE,0.9859,0,0,high_ltv;low_down_payment;low_income,0,0.1716
93079.68,709.0,1119,Sprayer,95511.84,27120.98,50,KS,0.7788,0,0,,0,0.0215
84804.5,586.0,4238,Skid Steer,105562.82,23570.61,43,IA,0.8175,0,0,low_credit,0,0.1304
135717.74,729.0,1152,Planter,134072.72,22159.05,74,WI,0.8582,0,0,long_term,1,0.0448
30000.0,664.0,1112,Sprayer,162708.51,35644.36,76,MN,0.8203,0,0,low_income;long_term,1,0.1789
177054.76,712.0,4238,Loader,281904.2,63785.25,58,IN,0.8155,0,0,,1,0.0277
30000.0,707.0,1113,Planter,83506.27,26517.86,58,MO,0.759,0,0,low_income,1,0.1013
79062.7,733.0,1151,Harvester,209129.84,0.0,56,MO,1.0,0,0,high_ltv;low_down_payment,1,0.0787
39557.66,641.0,1112,Harvester,98015.12,7248.56,52,IA,0.9311,0,0,low_down_payment;low_income,0,0.201
85133.74,789.0,1112,Skid Steer,141361.02,28570.6,36,WI,0.8319,0,0,,1,0.024
63401.74,734.0,1121,Loader,177731.42,18793.94,74,IN,0.9044,0,0,low_down_payment;long_term,0,0.1021
123775.1,689.0,4238,Loader,51093.66,20177.47,62,MO,0.7169,0,0,,1,0.0209
85839.56,698.0,1151,Sprayer,265539.27,77509.39,58,MN,0.7741,0,0,,1,0.0267
77280.77,722.0,1112,Harvester,237149.45,84570.5,39,IA,0.7371,0,0,,1,0.0222
89170.89,638.0,1152,Sprayer,280647.15,11406.97,84,KS,0.9609,0,0,high_ltv;low_down_payment;low_credit;long_term,0,0.1664
30000.0,654.0,1113,Sprayer,92224.58,21192.95,72,IN,0.8131,0,0,low_income,1,0.1772
105148.7,572.0,1151,Harvester,58237.1,25844.96,70,IA,0.6926,0,0,low_credit,0,0.1283
63251.47,758.0,1119,Tractor,69367.66,11811.63,59,ND,0.8545,0,0,,1,0.0627
86079.91,689.0,1113,Tractor,160619.9,25470.79,77,NE,0.8631,0,0,long_term,1,0.0534
108498.97,736.0,1111,Combine,78529.13,14720.2,64,MN,0.8421,0,0,,1,0.0332
217419.5,657.0,4238,Baler,160371.29,16074.8,55,WI,0.9089,0,0,low_down_payment,1,0.0695
150011.01,807.0,3331,Loader,108237.69,26656.99,78,ND,0.8024,0,0,long_term,1,0.0393
156666.87,754.0,1121,Sprayer,157569.8,20696.32,57,IN,0.8839,0,0,,1,0.0346
110277.7,741.0,1121,Baler,187657.52,18483.13,36,KS,0.9103,0,0,low_down_payment,1,0.031
89328.27,629.0,4238,Loader,259148.86,56145.31,42,IA,0.8219,0,0,low_credit,0,0.0699
88173.83,726.0,1113,Planter,181135.82,19417.26,66,IL,0.9032,0,0,low_down_payment,1,0.0487
141744.76,683.0,3331,Skid Steer,89225.95,15369.94,71,KS,0.8531,0,0,,1,0.043
150667.33,661.0,1119,Planter,147202.26,39787.01,47,IL,0.7872,0,0,,1,0.0353
103591.49,796.0,1152,Baler,172635.95,34088.52,74,MO,0.8351,0,0,long_term,1,0.0415
105989.22,737.0,1119,Skid Steer,238995.98,85100.48,79,KS,0.7374,0,0,long_term,1,0.0319
174825.81,614.0,1151,Planter,280443.87,52427.98,50,NE,0.8425,0,0,low_credit,0,0.0985
131180.12,699.0,1111,Baler,207341.51,15340.36,51,ND,0.9311,0,0,low_down_payment,1,0.0414
88466.42,704.0,1151,Tractor,209906.1,19438.89,84,NE,0.9152,0,0,low_down_payment;long_term,1,0.0701
115636.89,715.0,3331,Planter,285680.25,61883.49,64,IL,0.822,0,0,,0,0.031
89231.31,725.0,1151,Tractor,163284.73,31752.25,64,IA,0.8372,1,0,prior_default,0,0.0991
33266.62,706.0,1112,Tractor,155723.74,47263.25,67,MN,0.7672,0,0,low_income,1,0.1067
58204.21,586.0,1152,Skid Steer,190428.61,34609.69,73,WI,0.8462,0,0,low_income;low_credit;long_term,0,0.224
134844.34,777.0,1112,Baler,215500.41,50575.16,57,SD,0.8099,0,0,,1,0.0267
94245.65,685.0,1152,Loader,159499.2,58694.72,68,WI,0.731,0,0,,1,0.0261
68023.04,701.0,1152,Harvester,262832.9,59233.99,63,ND,0.8161,0,0,,1,0.0522
48617.69,805.0,1119,Harvester,62177.69,22747.13,59,IL,0.7321,0,0,low_income,1,0.0653
123825.63,695.0,1119,Tractor,114840.45,21634.02,59,NE,0.8415,0,0,,1,0.0308
104933.99,706.0,1152,Baler,158955.97,51237.5,57,IN,0.7562,0,0,,1,0.0221
73014.65,770.0,4238,Planter,287618.87,28216.84,40,ND,0.9107,0,0,low_down_payment,1,0.0508
165801.78,731.0,3331,Harvester,257964.29,75286.07,72,IA,0.7741,0,0,,1,0.0294
223511.8,690.0,1151,Loader,82881.75,27881.13,56,IA,0.7483,0,0,,1,0.0211
147733.59,746.0,1152,Loader,236186.32,48640.88,48,IL,0.8292,0,0,,1,0.025
109851.66,697.0,3331,Loader,143192.32,34373.62,42,SD,0.8064,0,0,,1,0.021
61273.61,787.0,1111,Harvester,168272.71,14487.81,66,SD,0.9207,0,0,low_down_payment,1,0.0943
116914.02,656.0,1112,Planter,41456.44,3961.31,48,WI,0.9128,0,0,low_down_payment,0,0.0653
123252.1,662.0,1151,Planter,104853.49,22144.91,75,WI,0.8256,0,0,long_term,1,0.0641
46772.78,610.0,4238,Skid Steer,153235.9,66130.54,48,SD,0.6985,0,0,low_income;low_credit,0,0.1476
62004.11,720.0,1119,Sprayer,264079.37,58957.45,82,SD,0.8175,0,0,long_term,0,0.0832
128409.93,715.0,1112,Sprayer,63973.0,31305.5,54,MO,0.6714,0,0,,1,0.0154
117223.03,672.0,1119,Tractor,215252.82,53360.51,57,IA,0.8013,0,0,,0,0.0354
74893.38,736.0,3331,Planter,70156.96,20434.65,68,MN,0.7744,0,0,,1,0.0411
62489.79,740.0,4238,Harvester,60215.6,18115.9,51,WI,0.7687,0,0,,1,0.0435
53542.44,720.0,1111,Baler,274162.69,59272.93,69,MO,0.8222,0,0,low_income,0,0.0864
54030.58,673.0,1111,Planter,79989.07,23400.81,52,IA,0.7737,0,0,low_income,0,0.0769
30000.0,705.0,4238,Skid Steer,43345.14,8218.32,36,NE,0.8406,0,0,low_income,1,0.1007
125794.57,671.0,3331,Planter,68912.41,14049.49,76,IN,0.8307,0,0,long_term,1,0.057
57748.14,667.0,1121,Sprayer,124970.08,26804.38,63,IL,0.8234,0,0,low_income,0,0.101
73221.58,605.0,3331,Harvester,48105.32,9051.23,53,NE,0.8416,0,0,low_credit,0,0.1459
162221.84,706.0,1152,Baler,125626.23,7162.11,48,IL,0.9461,0,0,low_down_payment,0,0.0417
103384.38,667.0,1151,Loader,267356.14,24272.81,64,NE,0.9168,0,0,low_down_payment,1,0.0688
89532.09,700.0,1113,Tractor,40050.42,11024.3,48,NE,0.7842,0,0,,1,0.0216
64551.01,673.0,1151,Sprayer,131599.33,23635.88,60,IL,0.8477,0,0,,1,0.0772
137006.11,552.0,1111,Planter,259615.3,65936.25,84,WI,0.7975,0,0,low_credit;long_term,0,0.2015
47269.25,807.0,4238,Skid Steer,101614.39,29114.21,42,MN,0.7773,0,0,low_income,1,0.0627
58914.57,669.0,1151,Sprayer,149849.01,55730.54,56,WI,0.7289,0,0,low_income,1,0.0671
122495.94,773.0,3331,Sprayer,252447.87,30619.67,39,MN,0.8918,0,0,,1,0.0273
87541.44,612.0,1119,Tractor,62343.1,8597.83,77,IL,0.8788,0,0,low_credit;long_term,0,0.1554
30000.0,707.0,1111,Harvester,201723.7,23864.76,49,IN,0.8942,0,0,low_income,0,0.1306
170979.79,683.0,1113,Tractor,58131.9,23781.49,44,WI,0.7097,0,0,,1,0.0174
86530.05,680.0,1151,Tractor,340739.26,0.0,65,NE,1.0,0,0,high_ltv;low_down_payment,0,0.0868
47770.59,786.0,1113,Planter,229868.06,38431.03,68,ND,0.8568,0,0,low_income,1,0.1051
120922.49,578.0,1112,Planter,261267.91,10605.82,67,SD,0.961,0,0,high_ltv;low_down_payment;low_credit,0,0.2171
108621.4,693.0,1113,Harvester,243435.64,97507.87,56,SD,0.714,0,0,,1,0.0186
114335.64,705.0,1113,Combine,215496.75,3206.5,58,ND,0.9853,0,0,high_ltv;low_down_payment,1,0.06
123749.46,637.0,4238,Sprayer,244174.85,73858.19,61,KS,0.7678,0,0,low_credit,1,0.0658
177863.44,673.0,4238,Harvester,215241.84,80599.69,55,MN,0.7276,0,0,,1,0.0263
92858.95,739.0,1119,Planter,188266.82,23161.95,59,IA,0.8905,0,0,,1,0.0365
127938.12,680.0,3331,Baler,217383.43,44625.67,45,NE,0.8297,0,0,,1,0.0286
127039.51,764.0,1113,Combine,59204.22,10801.37,60,ND,0.8457,0,0,,1,0.0317
165180.36,772.0,1112,Planter,122960.49,64327.1,70,MN,0.6565,0,0,,1,0.0187
124892.15,711.0,1152,Sprayer,177925.17,37454.47,57,IL,0.8261,0,0,,1,0.0283
163767.93,574.0,4238,Tractor,203573.36,30958.28,65,IA,0.868,0,0,low_credit,0,0.1756
144113.7,576.0,3331,Tractor,88924.19,9133.62,63,IN,0.9069,0,0,low_down_payment;low_credit,0,0.1909
130206.79,710.0,1111,Planter,35422.69,12730.54,63,ND,0.7356,1,0,prior_default,1,0.0722
41879.22,737.0,1121,Sprayer,247329.56,65776.48,53,IL,0.7899,0,0,low_income,1,0.0834
92417.82,728.0,1113,Sprayer,266554.35,55584.37,73,WI,0.8275,0,0,long_term,1,0.0399
94559.19,723.0,3331,Skid Steer,65488.45,11276.37,59,KS,0.8531,0,0,,1,0.0321
118558.96,675.0,1119,Planter,105563.97,6438.01,69,IN,0.9425,0,0,low_down_payment,1,0.0697
105979.19,677.0,1119,Skid Steer,91683.72,23176.46,66,IN,0.7982,0,0,,1,0.0368
109270.71,771.0,1112,Tractor,167387.01,45076.08,65,MN,0.7878,0,0,,1,0.0279
93100.78,710.0,1112,Combine,62923.74,17384.3,57,MN,0.7835,0,0,,1,0.0243
64881.86,726.0,3331,Loader,200238.91,73173.54,66,IN,0.7324,0,0,,1,0.0446
92076.56,703.0,1121,Harvester,289177.03,39560.14,43,MO,0.8797,0,0,,0,0.0277
91285.78,641.0,1121,Tractor,115824.99,35284.47,62,IN,0.7665,1,0,prior_default,0,0.1376
69759.24,696.0,4238,Loader,187896.21,89985.1,44,NE,0.6762,0,0,,1,0.0235
110492.28,741.0,1119,Tractor,200405.47,69097.12,58,NE,0.7436,0,0,,1,0.0214
150152.16,674.0,1121,Harvester,175658.92,40892.7,61,MO,0.8112,0,0,,1,0.0378
128759.18,740.0,1119,Skid Steer,119350.79,22007.81,69,MN,0.8443,0,0,,1,0.036
191728.95,763.0,1112,Harvester,238622.09,73524.61,71,IN,0.7645,0,0,,1,0.028
135394.37,677.0,4238,Sprayer,158198.17,60070.7,53,MO,0.7248,0,0,,1,0.0237
118344.97,685.0,1151,Planter,240359.26,6188.98,55,IL,0.9749,0,0,high_ltv;low_down_payment,1,0.0606
128979.02,659.0,1152,Sprayer,125523.54,30169.24,50,NE,0.8062,0,0,,1,0.0406
212131.93,718.0,1152,Harvester,206485.39,27310.52,79,IA,0.8832,0,0,long_term,1,0.0521
81138.79,737.0,1113,Loader,173139.1,37791.64,53,IN,0.8208,0,0,,1,0.0332
150917.49,642.0,4238,Harvester,56872.99,20928.19,42,ND,0.731,0,0,,1,0.0379
158376.08,648.0,1152,Harvester,88857.27,29523.13,50,ND,0.7506,0,0,,1,0.0411
155679.56,734.0,1151,Harvester,40419.6,7080.87,73,MN,0.8509,0,0,long_term,1,0.0431
100881.46,634.0,1152,Combine,115832.78,40736.49,78,MO,0.7398,0,0,low_credit;long_term,0,0.0832
119208.09,643.0,1121,Combine,257326.56,20766.45,53,NE,0.9253,0,0,low_down_payment,1,0.0869
97998.31,688.0,1152,Loader,168307.97,42018.4,84,KS,0.8002,0,0,long_term,1,0.0442
78606.74,658.0,4238,Baler,36803.02,8983.54,60,IN,0.8038,0,0,,1,0.0623
134946.11,744.0,1111,Planter,159079.13,38198.47,44,SD,0.8064,0,0,,1,0.0217
81944.24,749.0,4238,Sprayer,31105.35,17175.05,67,WI,0.6443,0,0,,1,0.0212
157632.01,704.0,1152,Loader,262968.97,43126.7,74,IL,0.8591,0,0,long_term,1,0.045
92749.07,635.0,1119,Loader,46688.32,13807.39,54,IA,0.7718,0,0,low_credit,1,0.0626
103569.29,658.0,1119,Planter,155438.58,44540.02,48,IN,0.7773,1,0,prior_default,1,0.1052
144924.99,703.0,1119,Planter,196106.72,52161.23,69,ND,0.7899,0,0,,1,0.0298
118481.65,671.0,1121,Combine,233195.88,107908.53,48,MN,0.6836,0,0,,1,0.0208
146996.55,667.0,3331,Harvester,301366.68,48498.81,72,MO,0.8614,0,0,,0,0.0579
134297.98,693.0,1152,Sprayer,263976.07,51786.59,51,MO,0.836,0,0,,1,0.0268
30000.0,759.0,1111,Planter,223643.7,79844.12,57,IN,0.7369,0,0,low_income,1,0.0945
30000.0,733.0,1119,Planter,80406.01,6047.3,76,MN,0.9301,0,0,low_down_payment;low_income;long_term,0,0.1895
224588.4,606.0,1121,Combine,138452.38,26699.38,66,WI,0.8383,0,0,low_credit,1,0.1246
92441.17,626.0,1152,Harvester,147436.83,26149.81,67,IN,0.8494,0,0,low_credit,0,0.1033
150980.39,763.0,1111,Loader,36976.72,13958.77,64,WI,0.726,0,0,,1,0.022
57918.38,674.0,1112,Loader,89539.23,16646.02,51,SD,0.8432,0,0,low_income,0,0.0854
155154.59,632.0,1121,Sprayer,285711.2,57141.13,84,NE,0.8333,0,0,low_credit;long_term,1,0.1169
123295.61,693.0,1111,Skid Steer,44915.57,11976.06,44,MN,0.7895,0,0,,0,0.0204
124754.15,718.0,1119,Combine,55129.67,13976.75,36,MO,0.7978,0,0,,1,0.0186
127292.76,690.0,1121,Planter,73931.33,25838.95,65,KS,0.741,0,0,,1,0.0236
69095.3,686.0,1119,Loader,176238.71,9712.5,51,IN,0.9478,0,0,low_down_payment,0,0.0762
106786.03,716.0,1151,Planter,44485.69,10074.49,65,WI,0.8154,0,0,,1,0.0307
142080.26,664.0,1113,Combine,167652.44,45193.12,78,KS,0.7877,0,0,long_term,1,0.0573
138635.56,689.0,1119,Skid Steer,56939.22,8618.5,58,NE,0.8685,0,0,,1,0.0337
144660.79,632.0,1112,Combine,215368.57,83904.83,73,WI,0.7196,0,0,low_credit;long_term,1,0.0765
95068.28,719.0,1121,Loader,118753.15,37931.98,63,IL,0.7579,0,0,,1,0.0243
121787.93,609.0,1112,Loader,274834.2,23254.99,60,MO,0.922,0,0,low_down_payment;low_credit,0,0.1488
126378.41,610.0,1112,Planter,139811.68,94677.75,65,KS,0.5962,0,0,low_credit,1,0.0597
104724.57,665.0,3331,Tractor,103868.21,12052.66,44,ND,0.896,0,0,,1,0.046
166163.0,631.0,1119,Planter,252732.25,45493.43,83,WI,0.8475,0,0,low_credit;long_term,0,0.1216
154254.67,611.0,1152,Sprayer,120466.33,35556.65,65,IN,0.7721,0,0,low_credit,1,0.0982
167434.31,703.0,1112,Tractor,219421.69,54056.73,37,IA,0.8023,0,0,,1,0.0192
131571.02,752.0,1121,Sprayer,218349.95,105217.9,71,KS,0.6748,0,0,,1,0.0203
71435.88,697.0,1121,Harvester,156301.84,72880.63,57,WI,0.682,0,0,,1,0.0278
54633.61,662.0,1121,Skid Steer,37969.6,7881.62,67,MN,0.8281,0,0,low_income,1,0.1193
34950.77,646.0,4238,Skid Steer,302680.41,36052.78,70,WI,0.8936,0,0,low_income,0,0.2008
117467.4,681.0,1121,Harvester,304367.98,35985.35,60,NE,0.8943,0,0,,0,0.0435
30000.0,720.0,1111,Harvester,219054.48,49249.44,64,IA,0.8164,0,0,low_income,1,0.1239
32863.5,627.0,1113,Baler,243650.68,84387.77,68,NE,0.7428,0,0,low_income;low_credit,0,0.182
51269.88,762.0,1151,Skid Steer,149424.08,21462.79,78,ND,0.8744,0,0,low_income;long_term,1,0.1222
99841.6,818.0,1152,Tractor,169859.74,36295.75,53,IN,0.8239,0,0,,1,0.0265
105904.08,627.0,3331,Loader,270008.85,43526.34,69,NE,0.8612,0,0,low_credit,0,0.1075
125353.37,672.0,1152,Harvester,187895.26,42807.09,53,MO,0.8144,0,0,,0,0.0352
66614.74,635.0,1119,Planter,108174.69,31338.66,59,ND,0.7754,0,0,low_credit,0,0.1072
45833.93,621.0,3331,Harvester,223035.5,88780.22,56,IA,0.7153,0,0,low_income;low_credit,1,0.149
210451.07,686.0,1113,Tractor,119876.47,9528.08,72,IL,0.9264,0,0,low_down_payment,1,0.058
147721.82,692.0,1151,Sprayer,212702.4,13729.84,47,NE,0.9394,0,0,low_down_payment,1,0.0402
173198.83,757.0,4238,Tractor,253472.65,69560.87,63,SD,0.7847,0,0,,1,0.0267
94219.26,705.0,1151,Harvester,277307.06,47873.37,57,SD,0.8528,0,0,,1,0.0311
133388.77,757.0,3331,Loader,236230.24,92495.82,66,MN,0.7186,0,0,,1,0.0221
106897.14,566.0,1119,Harvester,35209.94,9959.08,57,IN,0.7795,0,0,low_credit,0,0.1486
135646.42,708.0,1121,Tractor,238577.13,80574.75,72,IA,0.7475,0,0,,1,0.0268
127009.26,738.0,1112,Combine,51583.31,17687.29,41,NE,0.7447,1,0,prior_default,1,0.0566
96827.09,630.0,1111,Skid Steer,204571.3,62138.9,62,MN,0.767,0,0,low_credit,1,0.0727
49959.54,730.0,1121,Planter,255415.9,36341.07,66,ND,0.8754,0,0,low_income,0,0.1039
162004.15,700.0,1121,Harvester,284497.03,53030.19,64,WI,0.8429,0,0,,1,0.0333
41455.51,670.0,1119,Planter,139095.78,30461.27,54,IL,0.8203,0,0,low_income,0,0.1179
117538.82,763.0,1119,Loader,119712.59,41416.26,73,MN,0.743,0,0,long_term,1,0.0298
70317.65,721.0,1152,Baler,107275.8,44227.04,60,KS,0.7081,0,0,,1,0.0328
103004.63,691.0,1121,Planter,127847.86,72260.61,66,IN,0.6389,0,0,,1,0.0164
163432.57,703.0,1111,Skid Steer,74915.49,25545.95,64,ND,0.7457,0,0,,1,0.0236
152208.69,646.0,1113,Baler,154632.88,41739.32,65,WI,0.7874,0,0,,1,0.0583
135025.45,795.0,1152,Harvester,70615.58,17817.69,50,MN,0.7985,0,0,,1,0.0231
141143.23,695.0,1121,Baler,207772.04,76874.9,52,IA,0.7299,1,0,prior_default,1,0.0621
148135.7,710.0,4238,Baler,221253.01,48154.12,60,SD,0.8213,1,1,prior_default;bankruptcy,1,0.1958
120319.59,681.0,1111,Planter,259656.76,43864.66,65,IA,0.8555,0,0,,1,0.0413
202864.73,625.0,1121,Skid Steer,261476.0,36867.38,61,IA,0.8764,0,0,low_credit,1,0.1049
149260.38,721.0,1111,Baler,275554.56,25145.69,55,WI,0.9164,0,1,low_down_payment;bankruptcy,1,0.139
87381.76,675.0,3331,Harvester,51067.64,12715.96,56,ND,0.8006,0,0,,0,0.0359
184611.71,630.0,1112,Baler,77405.89,17618.31,52,WI,0.8146,0,0,low_credit,1,0.075
68615.63,660.0,1111,Planter,128528.34,26448.92,43,ND,0.8293,0,0,,1,0.066
55454.44,704.0,1151,Combine,203566.47,40059.08,70,WI,0.8356,1,0,low_income;prior_default,0,0.1784
130555.48,710.0,4238,Baler,227223.21,32560.64,62,SD,0.8747,0,0,,1,0.0361
80449.41,746.0,1121,Skid Steer,135623.66,2190.82,69,IN,0.9841,0,0,high_ltv;low_down_payment,1,0.0853
74796.98,715.0,1121,Skid Steer,215523.29,48019.75,54,KS,0.8178,0,0,,1,0.0392
91178.27,764.0,1119,Loader,99096.31,18426.78,71,MO,0.8432,0,0,,1,0.0369
34285.33,621.0,1119,Combine,195139.47,86948.72,62,WI,0.6918,0,0,low_income;low_credit,1,0.1661
86347.61,676.0,1151,Combine,99448.5,49208.6,49,IN,0.669,0,0,,1,0.0204
86976.73,585.0,1112,Combine,140243.03,57411.24,55,KS,0.7095,0,0,low_credit,1,0.1082
137873.46,738.0,1111,Loader,210936.91,16711.64,66,ND,0.9266,0,0,low_down_payment,1,0.0503
30000.0,673.0,1151,Tractor,250765.26,43539.39,65,IA,0.8521,0,0,low_income,1,0.159
30000.0,682.0,1119,Skid Steer,197301.75,86016.71,74,IA,0.6964,0,0,low_income;long_term,0,0.117
122454.34,658.0,1119,Combine,247991.3,24157.85,62,KS,0.9112,0,0,low_down_payment,1,0.0751
135441.96,639.0,4238,Tractor,146875.93,22047.41,70,IN,0.8695,1,1,low_credit;prior_default;bankruptcy,0,0.2532
137953.94,650.0,1112,Harvester,208664.27,20171.31,57,IA,0.9119,0,0,low_down_payment,1,0.0798
153075.43,735.0,1152,Skid Steer,131500.15,19535.61,70,WI,0.8707,1,0,prior_default,1,0.1134
124413.01,712.0,3331,Harvester,268320.28,51769.03,47,KS,0.8383,0,0,,1,0.0255
196037.9,701.0,3331,Skid Steer,273638.56,16642.27,71,KS,0.9427,0,0,low_down_payment,1,0.0566
75244.15,788.0,3331,Loader,171521.74,7953.19,57,MN,0.9557,0,0,high_ltv;low_down_payment,1,0.076
119632.54,698.0,1119,Baler,48028.21,28044.1,63,IL,0.6313,0,0,,1,0.0152
78482.69,677.0,1111,Skid Steer,284327.47,40460.68,55,MO,0.8754,0,0,,0,0.0543
46876.66,704.0,4238,Loader,161810.21,38613.08,70,IA,0.8073,0,0,low_income,1,0.0955
39617.72,647.0,1112,Loader,84117.82,11256.49,50,IA,0.882,0,0,low_income,0,0.1666
101228.16,704.0,3331,Sprayer,160702.04,15048.76,61,MN,0.9144,0,0,low_down_payment,0,0.045
118104.72,690.0,1113,Baler,249192.5,48631.95,67,IN,0.8367,0,0,,1,0.034
92423.96,615.0,1119,Combine,66775.12,4882.81,61,NE,0.9319,0,0,low_down_payment;low_credit,0,0.1441
30000.0,681.0,3331,Tractor,166450.66,51765.33,47,KS,0.7628,0,0,low_income,0,0.1024
139305.78,666.0,1151,Harvester,282287.5,29049.74,63,IA,0.9067,0,1,low_down_payment;bankruptcy,0,0.1778
87286.28,656.0,1152,Baler,61021.0,11953.08,77,ND,0.8362,0,0,long_term,1,0.0782
128165.03,675.0,1121,Combine,203793.73,43926.31,76,MO,0.8227,0,0,long_term,0,0.0521
30000.0,671.0,1119,Sprayer,213617.09,63147.39,64,IL,0.7718,0,0,low_income,0,0.1355
111604.83,729.0,1112,Tractor,176786.6,34653.03,59,MO,0.8361,1,0,prior_default,0,0.0923
128032.04,711.0,4238,Sprayer,124434.56,20779.66,67,NE,0.8569,0,0,,1,0.0365
94125.98,685.0,1112,Harvester,162175.09,47725.2,68,MO,0.7726,0,0,,1,0.03
188636.4,684.0,1112,Sprayer,193600.1,63362.11,77,NE,0.7534,0,0,long_term,1,0.0366
157697.77,776.0,3331,Baler,115399.54,23982.71,59,IN,0.8279,0,0,,1,0.0294
128571.2,676.0,1151,Combine,129217.38,42684.22,62,IN,0.7517,0,0,,1,0.0301
184575.63,693.0,1112,Tractor,253410.49,26987.4,70,KS,0.9038,0,0,low_down_payment,1,0.0493
30000.0,621.0,1113,Planter,117932.07,21756.52,69,KS,0.8442,0,0,low_income;low_credit,1,0.2217
90369.46,680.0,1111,Loader,270565.69,55711.46,84,ND,0.8293,0,0,long_term,0,0.055
89609.84,672.0,3331,Loader,169459.78,53735.95,70,MO,0.7592,0,1,bankruptcy,0,0.1241
53463.47,674.0,3331,Combine,221327.13,71295.41,44,KS,0.7564,0,0,low_income,1,0.0661
135194.41,605.0,1112,Skid Steer,268376.96,22180.64,63,SD,0.9237,0,0,low_down_payment;low_credit,0,0.1572
87613.49,657.0,1112,Harvester,195037.01,27641.73,68,SD,0.8759,0,0,,1,0.0709
127536.86,725.0,3331,Sprayer,74912.66,13410.59,50,SD,0.8482,0,0,,1,0.0276
89694.72,652.0,1111,Planter,61978.46,3920.74,84,SD,0.9405,0,0,low_down_payment;long_term,0,0.1213
117197.86,732.0,1113,Baler,230052.04,80450.54,56,IA,0.7409,0,0,,1,0.0205
81781.64,698.0,1152,Loader,202266.06,33844.2,69,ND,0.8567,0,0,,1,0.0462
106479.8,635.0,1113,Planter,65312.09,4971.32,54,MN,0.9293,0,0,low_down_payment;low_credit,1,0.1064
91412.61,573.0,1121,Harvester,235134.08,55880.05,54,MN,0.808,0,0,low_credit,0,0.1459
151704.52,694.0,1111,Baler,152715.85,23065.69,57,MO,0.8688,0,0,,1,0.0329
106103.26,722.0,1119,Baler,182142.2,44560.66,70,NE,0.8034,0,0,,1,0.0317
118921.99,611.0,4238,Baler,68138.23,6030.34,58,WI,0.9187,0,0,low_down_payment;low_credit,0,0.1412
45948.07,638.0,1113,Loader,32927.57,13547.08,70,SD,0.7085,0,0,low_income;low_credit,1,0.1406
165278.49,591.0,1119,Tractor,273964.08,49161.55,45,IA,0.8479,0,0,low_credit,0,0.1237
143993.48,699.0,1121,Sprayer,63047.58,11920.63,58,IA,0.841,0,0,,1,0.0303
137662.45,679.0,1113,Combine,151059.39,24124.2,73,IN,0.8623,0,0,long_term,1,0.0537
78613.03,678.0,1151,Loader,182880.72,28295.59,55,MO,0.866,1,0,prior_default,0,0.1348
130186.59,758.0,1112,Planter,56014.99,5901.69,59,WI,0.9047,0,0,low_down_payment,1,0.0424
110191.14,589.0,1111,Combine,173346.83,63211.27,65,MO,0.7328,0,0,low_credit,1,0.1148
112281.85,701.0,1111,Skid Steer,69965.96,20466.3,64,NE,0.7737,1,0,prior_default,1,0.0817
154574.25,704.0,1152,Baler,216745.29,59133.37,50,IL,0.7857,0,0,,1,0.0221
126738.67,790.0,1113,Loader,159720.17,78190.27,68,MN,0.6713,0,0,,1,0.0191
59948.59,708.0,1119,Tractor,272048.44,40560.11,47,NE,0.8703,0,0,low_income,1,0.0668
75262.83,613.0,1121,Combine,196766.97,57439.29,53,WI,0.774,0,0,low_credit,0,0.1112
171895.35,671.0,3331,Loader,64897.76,10682.67,72,SD,0.8587,0,0,,1,0.0543
93404.74,732.0,1113,Sprayer,189900.52,100246.2,77,ND,0.6545,0,0,long_term,1,0.023
124235.84,682.0,1112,Tractor,60857.01,16860.34,40,IN,0.7831,0,0,,1,0.0216
101423.3,618.0,1111,Harvester,125548.12,67519.06,69,ND,0.6503,0,0,low_credit,1,0.0662
136824.19,695.0,1151,Loader,251433.22,32667.23,36,SD,0.885,0,0,,1,0.0254
103845.78,665.0,3331,Baler,197040.61,26056.54,76,IN,0.8832,0,0,long_term,1,0.0737
152708.44,635.0,1113,Harvester,81151.11,15727.58,36,NE,0.8377,0,0,low_credit,1,0.0614
123882.46,614.0,1152,Sprayer,40702.75,10892.94,63,WI,0.7889,0,0,low_credit,1,0.0979
61954.15,756.0,1113,Sprayer,188170.4,40971.83,73,WI,0.8212,0,0,long_term,1,0.0758
30000.0,694.0,1112,Loader,252724.22,56627.39,67,SD,0.8169,0,0,low_income,1,0.1274
117345.4,652.0,4238,Sprayer,188987.82,64085.1,61,IA,0.7468,0,0,,1,0.0441
64645.45,729.0,4238,Planter,140830.95,33837.17,67,MN,0.8063,0,0,,1,0.0578
128463.39,693.0,1112,Tractor,280966.9,60001.86,70,IN,0.824,0,0,,1,0.034
85449.86,718.0,1151,Harvester,86933.84,17099.82,63,SD,0.8356,0,0,,1,0.036
59437.5,680.0,1152,Baler,145124.8,44884.75,62,WI,0.7638,0,0,low_income,1,0.0683
48231.73,700.0,1119,Baler,222074.12,93936.69,69,IN,0.7027,1,0,low_income;prior_default,0,0.149
87803.41,620.0,1121,Planter,181951.14,33416.78,61,MN,0.8448,0,0,low_credit,0,0.1077
203700.45,721.0,1151,Harvester,96311.53,6412.07,51,ND,0.9376,0,0,low_down_payment,1,0.0423
100653.92,724.0,1119,Baler,182969.8,19071.3,43,WI,0.9056,1,0,low_down_payment;prior_default,1,0.1015
115925.63,686.0,1152,Harvester,271015.74,25450.56,73,KS,0.9142,0,0,low_down_payment;long_term,1,0.0619
85928.29,638.0,3331,Skid Steer,207652.08,56867.05,50,NE,0.785,0,0,low_credit,1,0.0653
104949.33,694.0,1112,Skid Steer,196224.98,34968.35,76,MN,0.8487,0,0,long_term,1,0.0447
157326.84,686.0,4238,Planter,207734.38,84907.28,68,WI,0.7099,0,0,,1,0.0238
33034.35,693.0,1121,Loader,291335.32,41193.99,59,KS,0.8761,0,0,low_income,1,0.1303
146883.46,761.0,1113,Harvester,207794.15,14550.99,78,SD,0.9346,0,0,low_down_payment;long_term,1,0.0665
78572.45,628.0,1119,Loader,226426.77,76595.02,66,IA,0.7472,0,0,low_credit,1,0.0928
63369.77,572.0,4238,Planter,107142.96,20935.54,53,MN,0.8365,1,0,low_credit;prior_default,0,0.2479
199288.33,677.0,4238,Loader,107462.52,105.84,36,IN,0.999,0,0,high_ltv;low_down_payment,1,0.0573
52859.27,730.0,1119,Combine,220613.04,28579.11,74,WI,0.8853,1,0,low_income;long_term;prior_default,0,0.2087
118891.9,627.0,1113,Skid Steer,98657.04,26492.38,74,SD,0.7883,0,0,low_credit;long_term,0,0.0998
72460.19,646.0,1119,Loader,240600.5,59465.66,66,IN,0.8018,0,0,,0,0.0892
127544.8,751.0,1152,Loader,225711.88,79286.75,71,SD,0.74,0,0,,0,0.0257
30000.0,617.0,4238,Sprayer,212381.87,37329.05,64,NE,0.8505,0,0,low_income;low_credit,1,0.2231
131743.6,694.0,1121,Loader,266281.19,35618.49,53,SD,0.882,0,0,,1,0.0324
113466.49,688.0,1119,Skid Steer,81920.21,33536.96,42,KS,0.7095,0,0,,1,0.0153
84703.61,672.0,4238,Tractor,193304.16,59257.29,67,SD,0.7654,0,0,,1,0.0414
107849.26,767.0,1151,Harvester,243511.79,88262.75,39,IN,0.734,0,0,,1,0.0154
102794.46,716.0,1151,Tractor,142172.28,21456.73,65,WI,0.8689,0,0,,1,0.0369
79827.41,700.0,4238,Tractor,154993.21,42378.87,65,SD,0.7853,0,0,,1,0.0361
146885.04,649.0,1119,Tractor,169393.79,59409.38,36,NE,0.7403,0,0,,1,0.0319
46709.35,713.0,3331,Sprayer,176563.19,41909.07,48,ND,0.8082,0,0,low_income,1,0.075
157595.52,566.0,4238,Skid Steer,202588.3,57554.71,61,MN,0.7788,0,0,low_credit,1,0.1529
120945.67,737.0,1151,Combine,91039.42,32094.69,60,MO,0.7394,0,0,,1,0.0217
126509.14,753.0,1121,Baler,172732.77,45048.67,51,IA,0.7931,0,0,,1,0.023
197529.14,651.0,1113,Planter,55223.73,4177.04,70,IL,0.9297,1,1,low_down_payment;prior_default;bankruptcy,0,0.2632
106322.22,648.0,1151,Baler,124635.03,60027.88,42,IN,0.6749,0,0,,1,0.028
204717.79,564.0,1112,Planter,69881.65,16775.8,62,IL,0.8064,0,0,low_credit,1,0.1645
122161.47,724.0,1119,Planter,290546.95,23529.12,53,IL,0.9251,0,0,low_down_payment,1,0.0417
175683.96,729.0,1152,Planter,172384.05,64182.93,53,SD,0.7287,0,0,,1,0.0188
62640.07,612.0,1112,Tractor,207894.57,21623.96,48,WI,0.9058,0,0,low_down_payment;low_credit,1,0.1811
204814.82,761.0,1151,Combine,41382.09,3826.54,64,MN,0.9154,0,0,low_down_payment,1,0.0471
200942.65,698.0,4238,Harvester,310453.12,21102.51,65,MN,0.9364,0,0,low_down_payment,1,0.0512
139426.33,739.0,1113,Loader,212564.12,71797.35,81,IA,0.7475,1,0,long_term;prior_default,1,0.0985
69404.54,718.0,1111,Combine,92240.19,22846.37,71,IA,0.8015,0,0,,1,0.0536
115100.16,687.0,1112,Sprayer,228579.53,80630.09,59,MN,0.7392,0,0,,1,0.0227
117515.4,698.0,1119,Sprayer,161825.87,30793.65,67,NE,0.8401,1,0,prior_default,1,0.1016
95182.55,713.0,1119,Skid Steer,47698.19,9509.53,67,IL,0.8338,0,0,,1,0.0337
117626.2,721.0,1121,Harvester,153368.59,17272.1,74,NE,0.8988,0,0,long_term,0,0.0512
154963.35,596.0,1119,Tractor,182055.19,27278.47,69,IA,0.8697,0,0,low_credit,0,0.1507
124524.76,627.0,1119,Sprayer,165525.17,37535.93,67,SD,0.8151,0,0,low_credit,0,0.0921
171293.52,668.0,1113,Harvester,253647.92,70082.07,67,IL,0.7835,0,0,,0,0.0416
119900.06,699.0,3331,Loader,179342.42,46395.84,56,IA,0.7945,0,0,,1,0.0249
115810.81,683.0,1112,Loader,81219.32,10792.61,51,IL,0.8827,0,0,,0,0.036
64346.9,653.0,4238,Tractor,53655.55,7934.0,58,KS,0.8712,0,0,,0,0.1069
35090.67,740.0,1112,Sprayer,71940.85,2008.9,78,IA,0.9728,0,0,high_ltv;low_down_payment;low_income;long_term,0,0.2038
72634.5,740.0,1113,Tractor,128791.71,33245.29,70,IN,0.7948,0,0,,1,0.0479
60128.05,601.0,3331,Sprayer,147390.07,42360.06,42,MO,0.7768,0,0,low_credit,0,0.1449
65454.1,704.0,1112,Tractor,242899.88,78397.98,63,SD,0.756,0,0,,1,0.0456
123379.27,620.0,4238,Sprayer,93231.9,21073.26,69,IN,0.8156,0,0,low_credit,1,0.1035
49745.96,631.0,1151,Loader,85319.0,21673.27,68,IA,0.7974,0,0,low_income;low_credit,1,0.1677
146406.59,638.0,1119,Baler,78911.87,13365.23,67,IL,0.8552,1,0,low_credit;prior_default,0,0.1823
97081.16,679.0,1112,Loader,256054.91,4820.94,46,SD,0.9815,0,0,high_ltv;low_down_payment,0,0.0602
76809.7,641.0,1112,Combine,223350.79,60262.14,55,SD,0.7875,0,0,,1,0.0749
48109.46,749.0,4238,Combine,191328.97,35427.0,78,IN,0.8438,0,0,low_income;long_term,1,0.1195
102347.77,643.0,1113,Skid Steer,96612.43,19530.12,64,IL,0.8318,0,0,,1,0.0695
201068.88,793.0,1111,Tractor,198219.56,27228.27,53,IL,0.8792,0,0,,1,0.0321
124411.27,672.0,1121,Harvester,221708.73,49495.83,46,KS,0.8175,0,0,,1,0.0319
146333.68,645.0,1151,Loader,78294.16,7842.34,56,MO,0.909,0,0,low_down_payment,1,0.084
149727.3,714.0,1119,Planter,219925.69,85554.13,36,NE,0.7199,0,0,,0,0.0139
93198.25,784.0,1111,Planter,152636.37,65273.49,63,KS,0.7005,0,0,,1,0.0197
102883.26,718.0,1151,Baler,116088.06,27978.13,77,KS,0.8058,0,0,long_term,1,0.0392
41200.42,705.0,1111,Combine,37819.76,7786.81,84,MN,0.8293,0,0,low_income;long_term,0,0.1356
126635.11,764.0,1119,Skid Steer,76621.17,19031.09,74,IA,0.801,0,0,long_term,1,0.037
72347.17,685.0,1113,Loader,79037.58,13095.19,53,IN,0.8579,0,1,bankruptcy,0,0.1534
65781.88,623.0,1152,Loader,179491.05,40639.96,57,WI,0.8154,0,0,low_credit,1,0.1333
138136.63,727.0,1121,Loader,161268.83,22857.83,55,KS,0.8759,0,0,,1,0.0327
36797.91,666.0,1121,Combine,278648.98,41284.38,75,WI,0.871,0,0,low_income;long_term,1,0.1794
77676.86,762.0,4238,Harvester,195159.17,23521.23,72,ND,0.8924,0,0,,1,0.0597
104149.21,697.0,1151,Planter,232208.79,95980.79,62,SD,0.7075,0,1,bankruptcy,1,0.0808
154913.44,705.0,1112,Skid Steer,207883.41,47179.11,68,IA,0.815,0,0,,1,0.032
174966.97,693.0,3331,Skid Steer,164829.36,66222.43,41,NE,0.7134,0,0,,1,0.0147
30000.0,810.0,4238,Planter,117212.23,24748.09,61,ND,0.8257,0,0,low_income,1,0.1234
124938.82,689.0,1113,Harvester,88551.73,23242.9,50,NE,0.7921,0,0,,1,0.023
46407.12,600.0,1119,Loader,188447.38,100842.1,59,NE,0.6514,0,0,low_income;low_credit,1,0.1546
199660.05,699.0,1111,Sprayer,42725.76,11950.84,51,KS,0.7814,0,0,,1,0.0221
154646.54,763.0,1121,Skid Steer,215053.66,64941.94,65,NE,0.7681,0,0,,1,0.026
148431.84,671.0,1119,Harvester,42458.59,6063.07,59,MN,0.875,1,0,prior_default,1,0.1282
60223.72,734.0,1111,Baler,73208.8,24509.67,61,WI,0.7492,0,0,,1,0.0493
114046.21,719.0,1112,Sprayer,190172.14,81478.15,64,IL,0.7001,0,0,,1,0.02
91073.86,570.0,1112,Sprayer,166944.23,61059.9,72,IL,0.7322,0,0,low_credit,0,0.1449
150000.32,698.0,4238,Combine,157457.56,94037.33,84,MO,0.6261,0,0,long_term,1,0.023
41110.3,721.0,1113,Combine,127322.83,33102.3,50,MO,0.7937,1,0,low_income;prior_default,1,0.1709
111838.94,766.0,4238,Loader,257668.41,85812.97,60,IN,0.7502,0,0,,1,0.0226
95357.88,642.0,1121,Sprayer,143408.69,54957.29,44,SD,0.723,0,0,,1,0.0378
46397.97,677.0,1113,Combine,162806.16,75828.62,83,MO,0.6822,0,0,low_income;long_term,1,0.0984
99805.19,631.0,1152,Baler,235200.87,38588.75,59,MN,0.8591,0,0,low_credit,0,0.0912
89009.46,767.0,1111,Tractor,282852.14,25479.44,58,IN,0.9174,0,0,low_down_payment,1,0.0447
100816.96,671.0,1152,Combine,270465.02,65038.01,49,KS,0.8061,0,0,,1,0.0327
126394.71,651.0,1119,Skid Steer,55379.26,19364.92,62,WI,0.7409,0,0,,1,0.0446
121504.36,720.0,1152,Harvester,231485.44,67679.52,51,IN,0.7738,0,0,,1,0.0215
186022.77,743.0,1152,Combine,199186.7,10987.55,81,KS,0.9477,0,0,low_down_payment;long_term,1,0.0719
95553.56,654.0,4238,Baler,99334.23,12752.3,64,SD,0.8862,0,0,,0,0.0687
181818.72,610.0,1113,Planter,190261.21,36038.06,71,IA,0.8408,0,0,low_credit,0,0.1258
159981.23,632.0,1111,Skid Steer,61783.21,24077.35,69,ND,0.7196,0,0,low_credit,0,0.0666
78868.61,724.0,3331,Baler,69650.96,11298.2,49,IN,0.8604,0,0,,0,0.038
30000.0,735.0,1151,Sprayer,179745.52,13064.61,49,ND,0.9322,0,0,low_down_payment;low_income,0,0.1512
165599.85,751.0,4238,Combine,65025.72,34158.04,63,IL,0.6556,0,1,bankruptcy,1,0.0701
108737.43,649.0,3331,Tractor,240952.14,59792.53,69,KS,0.8012,0,0,,1,0.061
69953.67,674.0,1121,Planter,79508.51,19698.98,61,MO,0.8014,0,0,,1,0.0595
72621.59,735.0,1119,Combine,159399.72,48997.19,44,ND,0.7649,0,0,,1,0.0299
87239.02,589.0,1112,Baler,85094.89,2989.43,84,IL,0.9661,0,0,high_ltv;low_down_payment;low_credit;long_term,0,0.2327
161062.14,681.0,1111,Harvester,128295.68,51092.22,58,NE,0.7152,0,0,,1,0.0226
191664.27,740.0,1112,Combine,191334.17,40289.22,55,WI,0.8261,0,0,,1,0.0275
103470.92,685.0,1152,Baler,98627.44,31805.78,60,KS,0.7562,0,0,,1,0.0255
101649.77,612.0,1152,Baler,63267.23,26134.97,50,SD,0.7077,0,0,low_credit,1,0.0682
79349.5,665.0,1112,Planter,72009.79,16026.39,52,SD,0.818,0,0,,1,0.0515
210429.76,733.0,1151,Planter,270222.31,72341.22,70,MN,0.7888,1,1,prior_default;bankruptcy,1,0.1942
142682.37,570.0,1121,Planter,197117.6,54407.15,48,ND,0.7837,0,0,low_credit,1,0.1361
176207.98,690.0,4238,Loader,44928.3,12896.17,55,WI,0.777,0,0,,1,0.0233
108387.23,760.0,1112,Combine,121004.09,47551.27,51,SD,0.7179,1,0,prior_default,1,0.059
131746.92,754.0,1111,Planter,129215.41,4164.92,70,WI,0.9688,0,0,high_ltv;low_down_payment,1,0.0667
108160.95,667.0,1121,Tractor,212892.12,41758.81,41,KS,0.836,0,0,,1,0.035
63610.69,709.0,3331,Baler,139098.8,19919.68,75,SD,0.8747,0,0,long_term,0,0.0875
119470.56,600.0,3331,Baler,104694.1,13181.01,78,NE,0.8882,0,0,low_credit;long_term,1,0.1702
59990.61,748.0,1112,Baler,91805.89,21602.91,84,WI,0.8095,0,1,low_income;long_term;bankruptcy,0,0.1982
67309.94,660.0,1111,Sprayer,223943.95,45680.76,72,SD,0.8306,0,0,,0,0.0954
163807.18,678.0,1111,Skid Steer,190688.28,76126.31,71,IA,0.7147,0,0,,1,0.029
119200.75,747.0,1152,Tractor,158517.45,39266.82,65,ND,0.8015,0,0,,1,0.0292
124352.48,748.0,4238,Sprayer,128244.82,44050.87,52,MO,0.7443,0,0,,1,0.0196
134765.22,616.0,4238,Baler,244186.41,75384.49,76,ND,0.7641,0,0,low_credit;long_term,1,0.1089
134619.36,579.0,1121,Harvester,241148.16,5419.87,56,IL,0.978,0,0,high_ltv;low_down_payment;low_credit,0,0.2106
52472.46,660.0,1112,Loader,231994.3,91117.27,70,WI,0.718,0,0,low_income,1,0.0983
83444.45,683.0,1151,Loader,212618.77,42876.43,68,ND,0.8322,0,0,,0,0.0456
169367.54,680.0,1111,Combine,234133.72,47064.33,55,MN,0.8326,0,0,,1,0.0334
89466.16,739.0,1151,Baler,61116.48,18975.26,40,IA,0.7631,0,0,,0,0.0177
87206.26,681.0,1121,Loader,253692.57,37886.38,76,IA,0.8701,0,0,long_term,1,0.0588
166577.97,751.0,1121,Skid Steer,133605.37,40730.75,64,MN,0.7664,1,0,prior_default,1,0.08
49243.97,669.0,1112,Skid Steer,296539.41,33034.04,68,NE,0.8998,0,0,low_income,1,0.144
104727.24,602.0,1112,Harvester,49560.07,18745.41,60,IL,0.7256,0,0,low_credit,1,0.092
59639.08,658.0,1112,Baler,69307.68,9685.95,49,SD,0.8774,0,0,low_income,1,0.1081
138315.18,711.0,1111,Harvester,226025.89,62260.29,60,MO,0.784,0,0,,1,0.0255
161101.1,544.0,1113,Loader,285294.59,42601.53,83,IN,0.8701,0,0,low_credit;long_term,1,0.2281
90272.04,673.0,3331,Loader,320308.16,2699.87,36,ND,0.9916,0,0,high_ltv;low_down_payment,1,0.06
95411.78,596.0,1151,Combine,160930.05,43927.97,57,IL,0.7856,0,0,low_credit,0,0.1129
142953.49,670.0,1111,Sprayer,180731.08,49077.72,39,WI,0.7864,0,0,,1,0.027
75968.89,680.0,1121,Planter,80069.33,12202.54,48,SD,0.8678,0,0,,0,0.0492
217069.79,660.0,1111,Tractor,203865.89,26233.21,84,SD,0.886,0,0,long_term,1,0.0882
127589.87,633.0,1111,Skid Steer,90973.83,10037.13,62,IN,0.9006,0,0,low_down_payment;low_credit,1,0.1101
85637.85,728.0,1111,Skid Steer,263548.55,33538.49,64,ND,0.8871,0,0,,1,0.0433
130334.69,652.0,1152,Skid Steer,111447.02,22993.6,72,SD,0.829,0,0,,1,0.0664
144655.33,703.0,1119,Combine,174710.9,19556.95,59,MO,0.8993,0,0,,1,0.0376
130900.15,786.0,1151,Tractor,258921.35,73570.73,48,WI,0.7787,1,0,prior_default,1,0.0687
72650.4,666.0,1121,Combine,157263.12,65743.89,61,WI,0.7052,0,0,,0,0.0464
139267.51,654.0,1152,Baler,229241.88,67869.85,80,SD,0.7716,0,0,long_term,1,0.0645
218365.61,812.0,1111,Loader,213521.37,29717.25,58,ND,0.8778,0,0,,1,0.0344
116836.05,683.0,1119,Tractor,187334.29,11607.58,63,MO,0.9417,0,0,low_down_payment,1,0.0571
96107.71,719.0,4238,Tractor,83751.07,23564.09,36,ND,0.7804,0,0,,1,0.0174
120221.01,695.0,1119,Planter,73779.0,19494.4,52,NE,0.791,0,0,,1,0.0232
194449.17,739.0,1111,Loader,135009.03,36857.17,77,NE,0.7855,0,0,long_term,1,0.0366
60955.05,727.0,1113,Sprayer,241996.5,81305.45,66,KS,0.7485,0,0,,1,0.0517
128857.11,644.0,1119,Combine,57745.54,12339.38,48,KS,0.8239,0,0,,1,0.0536
102388.56,652.0,1151,Baler,116530.2,39112.47,56,WI,0.7487,0,0,,1,0.0412
47501.59,679.0,1113,Harvester,51760.66,16367.2,84,MO,0.7598,0,0,low_income;long_term,0,0.1175
111441.0,830.0,1112,Baler,35098.95,13239.37,54,ND,0.7261,0,0,,1,0.0189
171232.56,759.0,1121,Skid Steer,274793.56,53364.08,44,IL,0.8374,0,0,,1,0.0242
94933.54,757.0,3331,Loader,199384.83,25356.23,73,MO,0.8872,0,0,long_term,1,0.0487
185856.9,687.0,1112,Skid Steer,39565.54,13971.09,56,ND,0.739,0,0,,1,0.0214
97426.72,691.0,1152,Sprayer,330807.59,18357.67,47,NE,0.9474,0,0,low_down_payment,1,0.0413
39470.42,604.0,3331,Planter,180433.45,66830.2,65,IL,0.7297,0,0,low_income;low_credit,1,0.188
46251.42,612.0,1151,Baler,209823.2,34325.08,37,KS,0.8594,0,0,low_income;low_credit,1,0.1852
105328.25,676.0,3331,Combine,193197.35,59858.38,52,IN,0.7635,0,0,,1,0.0269
67611.43,723.0,1112,Baler,171905.88,53812.47,84,MO,0.7616,0,0,long_term,1,0.0638
127184.49,654.0,3331,Skid Steer,205244.11,120125.19,57,IN,0.6308,0,1,bankruptcy,0,0.097
82542.96,744.0,1151,Planter,150522.45,31745.23,42,KS,0.8258,0,0,,1,0.0276
125835.67,686.0,1121,Sprayer,76848.76,38617.9,84,ND,0.6655,0,0,long_term,1,0.0284
31614.5,724.0,1121,Tractor,38276.89,14883.46,71,WI,0.72,0,0,low_income,1,0.101
70860.04,672.0,1113,Planter,119938.83,12819.85,54,SD,0.9034,0,0,low_down_payment,0,0.0826
112522.23,661.0,4238,Baler,45843.26,18598.72,54,ND,0.7114,0,0,,0,0.0304
89808.29,739.0,1111,Skid Steer,124273.28,76304.97,81,WI,0.6196,0,0,long_term,1,0.0216
221637.62,731.0,1113,Planter,235237.71,90881.57,46,WI,0.7213,0,0,,1,0.0164
89216.65,694.0,1111,Sprayer,38319.75,9987.39,62,IN,0.7933,0,0,,1,0.0277
150531.95,741.0,1121,Baler,249875.86,32912.91,66,IL,0.8836,0,0,,1,0.0394
126278.02,754.0,1119,Loader,100958.0,35355.37,63,SD,0.7406,0,0,,1,0.0228
124804.79,614.0,3331,Planter,207746.35,4091.09,63,SD,0.9807,0,0,high_ltv;low_down_payment;low_credit,0,0.1729
121395.53,673.0,1112,Tractor,158137.38,16407.64,69,MO,0.906,0,0,low_down_payment,0,0.0642
125687.43,667.0,1113,Combine,165904.11,20874.71,67,MN,0.8882,0,0,,0,0.0594
175516.04,630.0,1119,Baler,231202.29,57208.89,61,MN,0.8016,0,0,low_credit,1,0.0802
127586.55,694.0,1113,Tractor,130514.46,62188.45,54,ND,0.6773,0,0,,1,0.0158
39562.2,675.0,1113,Planter,213621.58,63024.89,83,MN,0.7722,0,0,low_income;long_term,0,0.1396
90349.99,685.0,1113,Tractor,71949.35,0.0,54,IL,1.0,0,0,high_ltv;low_down_payment,0,0.0647
62610.92,687.0,3331,Planter,54894.74,16352.49,71,MO,0.7705,0,0,,0,0.0598
64137.51,701.0,4238,Sprayer,112558.59,37418.24,43,IN,0.7505,0,0,,1,0.035
97411.23,644.0,1121,Harvester,140190.29,5571.18,66,NE,0.9618,0,0,high_ltv;low_down_payment,1,0.1182
93688.78,643.0,1152,Sprayer,76444.36,17769.47,38,WI,0.8114,0,0,,1,0.0461
138211.98,631.0,1111,Planter,221339.35,16052.3,53,ND,0.9324,0,0,low_down_payment;low_credit,1,0.1121
150897.49,683.0,3331,Skid Steer,253121.06,35776.79,61,MN,0.8762,0,0,,1,0.0402
30000.0,805.0,1152,Skid Steer,111469.87,17402.35,69,ND,0.865,0,0,low_income,1,0.1444
82326.35,690.0,1111,Tractor,229888.46,34227.37,44,ND,0.8704,0,0,,1,0.0335
117833.91,765.0,1121,Sprayer,126872.41,41891.83,66,MO,0.7518,0,0,,1,0.0249
125753.13,630.0,1151,Skid Steer,204829.54,45172.35,63,IL,0.8193,0,0,low_credit,0,0.0865
147110.1,675.0,1119,Skid Steer,57604.82,21379.05,55,ND,0.7293,0,0,,1,0.0255
124606.73,705.0,1113,Loader,174298.02,41393.76,65,NE,0.8081,0,0,,1,0.0299
163613.65,800.0,1151,Combine,45462.24,8435.87,45,NE,0.8435,0,0,,1,0.0252
170915.0,733.0,1111,Planter,210341.26,95745.39,44,MO,0.6872,0,0,,1,0.014
140957.36,702.0,1112,Tractor,65357.99,8866.35,49,NE,0.8805,0,0,,1,0.0304
97182.27,646.0,1152,Planter,146686.19,40084.04,48,MO,0.7854,1,0,prior_default,1,0.1224
106812.04,689.0,1151,Tractor,34284.24,12275.08,56,MN,0.7364,0,0,,1,0.0207
120278.82,645.0,4238,Baler,250839.13,64145.57,56,IN,0.7964,0,0,,1,0.0544
42876.41,673.0,1119,Tractor,209499.95,81139.2,59,KS,0.7208,0,0,low_income,0,0.09
30000.0,628.0,1111,Tractor,294719.92,50309.26,63,KS,0.8542,0,0,low_income;low_credit,0,0.2144
84635.5,719.0,3331,Skid Steer,250672.67,62681.73,45,MO,0.8,0,0,,1,0.0249
88827.16,769.0,1113,Combine,50422.35,14518.75,60,ND,0.7764,0,0,,1,0.0256
134098.51,620.0,1111,Sprayer,152243.3,40570.25,38,SD,0.7896,0,0,low_credit,1,0.0681
173516.79,681.0,1113,Loader,143996.01,54537.17,57,WI,0.7253,0,0,,1,0.0234
103043.56,575.0,1113,Combine,224394.53,58779.57,79,IL,0.7924,0,0,low_credit;long_term,0,0.1713
101359.75,756.0,1113,Skid Steer,303210.75,29111.76,51,KS,0.9124,0,0,low_down_payment,1,0.0388
146455.44,625.0,1121,Planter,179499.04,0.0,52,IA,1.0,0,0,high_ltv;low_down_payment;low_credit,0,0.1487
118655.48,572.0,1119,Loader,197630.61,76076.31,48,ND,0.7221,0,0,low_credit,0,0.1155
104602.41,724.0,1121,Combine,67928.26,4457.8,48,IN,0.9384,0,0,low_down_payment,1,0.0406
116122.59,690.0,1152,Harvester,257986.76,24331.06,48,ND,0.9138,0,0,low_down_payment,1,0.0374
195201.68,660.0,1152,Skid Steer,59410.93,2845.56,49,WI,0.9543,0,0,high_ltv;low_down_payment,1,0.0767
100175.71,673.0,1151,Tractor,120914.92,34931.94,66,SD,0.7759,0,0,,1,0.0367
117114.26,586.0,4238,Sprayer,267447.17,27504.48,54,MN,0.9067,0,0,low_down_payment;low_credit,0,0.1681
168860.87,667.0,1113,Tractor,262827.74,47989.34,59,MO,0.8456,0,0,,0,0.0462
152508.23,611.0,3331,Skid Steer,197013.99,70634.66,45,MN,0.7361,0,0,low_credit,1,0.0711
85134.75,656.0,1112,Sprayer,71188.29,25618.97,71,MO,0.7354,0,0,,1,0.0507
37065.08,720.0,1152,Planter,112611.59,37538.53,51,MN,0.75,0,1,low_income;bankruptcy,1,0.1812
106127.22,678.0,1121,Planter,237008.51,94741.91,52,KS,0.7144,1,0,prior_default,1,0.0705
92427.41,653.0,4238,Loader,187546.28,42477.2,70,KS,0.8153,0,0,,1,0.0611
76475.32,596.0,3331,Tractor,131329.16,37582.35,84,WI,0.7775,0,1,low_credit;long_term;bankruptcy,0,0.2346
89210.76,660.0,1111,Combine,302809.3,4016.55,58,KS,0.9869,0,0,high_ltv;low_down_payment,1,0.0957
92114.06,731.0,1119,Sprayer,124788.93,56197.28,68,MN,0.6895,0,0,,1,0.0204
102550.99,662.0,1151,Baler,236443.09,62008.19,67,IL,0.7922,0,0,,1,0.0469
70763.55,669.0,1151,Planter,41885.74,8919.71,41,NE,0.8244,0,0,,1,0.0526
58566.8,644.0,1119,Planter,236013.22,88557.38,38,WI,0.7272,0,0,low_income,0,0.0781
99708.09,707.0,1151,Skid Steer,64673.83,13956.47,48,NE,0.8225,0,0,,1,0.0244
147461.07,682.0,1119,Baler,56267.36,8720.08,61,MO,0.8658,0,0,,1,0.0398
94185.91,667.0,1152,Harvester,151132.26,18846.44,69,IN,0.8891,0,0,,1,0.061
103733.36,749.0,4238,Harvester,37688.25,17107.74,46,IL,0.6878,0,0,,1,0.0145
129625.69,619.0,1121,Skid Steer,133070.87,39375.96,69,WI,0.7717,0,0,low_credit,0,0.0926
117784.72,754.0,1112,Tractor,163546.57,32008.03,58,ND,0.8363,0,0,,1,0.0298
78692.98,687.0,1111,Loader,301159.74,44656.41,80,NE,0.8709,0,0,long_term,1,0.0689
134247.61,643.0,1112,Baler,104518.91,35576.42,66,MN,0.7461,0,0,,1,0.0544
65391.08,742.0,1111,Planter,112977.29,21898.98,52,IL,0.8376,0,0,,1,0.0515
96248.79,662.0,1119,Sprayer,208457.49,60054.87,60,KS,0.7763,0,1,bankruptcy,1,0.1309
54720.64,663.0,1152,Planter,143539.91,24001.43,83,MO,0.8567,0,0,low_income;long_term,0,0.1525
85783.57,632.0,1111,Tractor,82408.78,26128.86,49,KS,0.7593,0,0,low_credit,0,0.0646
30000.0,677.0,4238,Harvester,186162.71,78833.83,52,IL,0.7025,0,0,low_income,1,0.0963
137403.29,693.0,1151,Loader,134274.63,40027.8,61,NE,0.7704,0,0,,1,0.0247
101071.58,642.0,3331,Loader,258310.4,55202.03,50,SD,0.8239,0,0,,1,0.0572
142931.85,659.0,1152,Planter,161522.93,48508.07,64,WI,0.769,0,0,,1,0.0441
90445.5,679.0,1151,Loader,181101.95,53213.11,71,SD,0.7729,0,0,,1,0.0351
100199.6,629.0,1111,Planter,222532.4,43008.84,36,IL,0.838,0,0,low_credit,0,0.0666
121877.61,673.0,1121,Loader,259011.07,32915.04,70,NE,0.8872,0,0,,0,0.0556
127468.8,634.0,3331,Harvester,189408.1,42794.87,70,NE,0.8157,0,0,low_credit,1,0.0875
98745.55,731.0,1152,Planter,73864.71,21017.56,73,MO,0.7785,0,0,long_term,1,0.0337
111004.63,673.0,3331,Skid Steer,182168.07,34548.11,55,WI,0.8406,0,0,,1,0.039
106668.54,673.0,3331,Harvester,241506.71,41122.88,73,WI,0.8545,0,0,long_term,1,0.0577
171195.76,701.0,1119,Loader,253951.78,92390.42,74,SD,0.7332,0,0,long_term,1,0.0292
55617.33,589.0,1111,Combine,258052.35,10085.36,63,IN,0.9624,0,0,high_ltv;low_down_payment;low_income;low_credit,0,0.2551
101641.26,665.0,1112,Planter,164499.58,23050.66,56,NE,0.8771,0,0,,1,0.0506
132481.1,807.0,4238,Combine,166751.04,35552.33,39,WI,0.8243,0,0,,1,0.0214
191100.29,703.0,4238,Baler,185206.11,71650.15,39,MN,0.721,0,0,,1,0.0147
106618.24,664.0,4238,Planter,231825.6,77669.28,50,NE,0.749,0,0,,1,0.0307
95969.68,691.0,1112,Planter,64892.76,19002.19,60,MN,0.7735,0,0,,1,0.0246
125945.99,646.0,1112,Loader,251391.9,75471.86,54,KS,0.7691,0,0,,1,0.0474
94167.75,706.0,1121,Harvester,215426.08,52493.31,52,NE,0.8041,0,0,,1,0.0243
67750.17,668.0,1151,Loader,227614.44,49134.36,61,NE,0.8225,0,0,,1,0.073
97326.42,676.0,1152,Sprayer,214419.76,66382.71,77,SD,0.7636,0,0,long_term,1,0.0432
48139.62,791.0,1119,Skid Steer,251088.98,50852.55,40,KS,0.8316,0,0,low_income,1,0.0709
165777.35,661.0,1111,Combine,120776.78,26262.56,40,SD,0.8214,0,0,,1,0.0359
89351.92,711.0,1111,Loader,254652.52,78922.37,36,IL,0.7634,0,0,,1,0.0167
104578.95,732.0,1112,Sprayer,187725.14,49017.19,63,SD,0.793,0,0,,1,0.0275
94848.16,765.0,1151,Baler,189536.71,38484.93,46,NE,0.8312,0,0,,1,0.0244
174108.55,687.0,1119,Skid Steer,95667.27,34727.85,50,IN,0.7337,0,0,,0,0.0194
58239.56,702.0,1111,Skid Steer,154962.96,1723.68,51,MN,0.989,0,0,high_ltv;low_down_payment;low_income,0,0.1191
93795.18,724.0,1113,Harvester,117206.68,33288.32,61,MO,0.7788,0,0,,1,0.0254
157132.53,734.0,1119,Planter,257061.42,32186.31,36,IL,0.8887,0,0,,1,0.0258
97013.06,729.0,1111,Tractor,155291.93,28051.0,63,SD,0.847,0,0,,1,0.0333
130054.61,645.0,3331,Skid Steer,255760.51,70344.74,62,NE,0.7843,0,0,,1,0.0563
88557.32,738.0,1111,Harvester,206772.8,21805.56,50,KS,0.9046,0,0,low_down_payment,1,0.0387
172714.42,731.0,1151,Loader,125959.17,52642.68,73,MN,0.7053,0,0,long_term,1,0.026
122026.74,705.0,1112,Planter,73957.34,23302.78,59,SD,0.7604,0,0,,0,0.0231
139555.15,746.0,1151,Combine,77440.72,21022.13,48,IN,0.7865,0,0,,1,0.0215
145088.54,724.0,1113,Baler,65538.58,22381.89,72,IN,0.7454,0,0,,1,0.0266
63306.52,668.0,1121,Sprayer,206563.75,98512.11,66,MN,0.6771,0,0,,1,0.0548
30000.0,763.0,1119,Combine,223813.58,69829.69,36,IA,0.7622,0,0,low_income,1,0.0809
137127.79,805.0,1152,Loader,171423.78,35881.2,43,NE,0.8269,0,0,,1,0.023
42840.17,710.0,1119,Planter,220221.33,73326.77,67,MN,0.7502,0,0,low_income,1,0.0853
145035.65,591.0,3331,Loader,131547.92,38857.41,57,MN,0.772,0,0,low_credit,1,0.1153
99004.1,763.0,1152,Tractor,162823.7,48021.48,81,MO,0.7722,0,0,long_term,1,0.037
104713.36,710.0,3331,Harvester,153426.1,21661.86,43,ND,0.8763,0,0,,1,0.0274
63969.6,682.0,4238,Skid Steer,187276.0,16488.24,66,KS,0.9191,0,0,low_down_payment,0,0.0994
72898.3,685.0,1121,Sprayer,263589.91,28616.69,63,KS,0.9021,0,0,low_down_payment,1,0.072
46873.33,595.0,4238,Tractor,297424.14,46610.75,55,MO,0.8645,0,0,low_income;low_credit,1,0.2188
109097.06,712.0,1121,Baler,239663.12,32874.17,57,IN,0.8794,0,0,,1,0.0341
123309.5,657.0,1151,Combine,158351.26,26291.3,36,MN,0.8576,0,0,,1,0.0412
41600.62,728.0,4238,Sprayer,207179.7,54499.99,72,NE,0.7917,0,0,low_income,1,0.1031
96226.19,625.0,1121,Planter,54388.03,26026.25,70,MO,0.6763,0,0,low_credit,1,0.0656
63459.94,548.0,4238,Loader,91942.88,14742.29,55,IL,0.8618,0,0,low_credit,0,0.2309
99748.95,778.0,1113,Harvester,82066.88,22049.89,68,NE,0.7882,0,0,,1,0.0292
158162.5,770.0,1119,Skid Steer,139730.59,54495.75,84,ND,0.7194,0,0,long_term,1,0.0322
128361.12,687.0,1119,Combine,221213.64,48845.43,37,MO,0.8191,0,0,,1,0.0214
87997.83,695.0,1119,Sprayer,81379.86,37772.21,62,KS,0.683,0,0,,1,0.0192
94414.68,560.0,1112,Loader,85097.93,23861.29,59,NE,0.781,0,0,low_credit,0,0.1583
95290.04,718.0,1119,Loader,218551.98,67395.52,55,KS,0.7643,0,0,,1,0.022
48192.85,599.0,1113,Combine,201740.94,68898.13,62,SD,0.7454,0,0,low_income;low_credit,0,0.1836
54120.34,706.0,4238,Harvester,167114.04,27586.44,79,IL,0.8583,0,0,low_income;long_term,0,0.1129
99759.53,718.0,3331,Tractor,83425.72,18420.59,81,IA,0.8191,0,0,long_term,1,0.0434
111129.65,679.0,1151,Tractor,168322.6,71801.12,50,WI,0.701,0,0,,1,0.0197
76897.48,641.0,3331,Planter,101765.62,20621.18,64,IA,0.8315,1,0,prior_default,1,0.1835
118882.07,760.0,1152,Sprayer,138172.5,26520.56,65,IA,0.839,0,0,,1,0.0333
120427.61,704.0,1119,Planter,202395.88,11996.48,56,IL,0.944,0,0,low_down_payment,0,0.0463
149311.01,738.0,1119,Planter,252162.1,34331.62,48,MO,0.8802,0,0,,1,0.0299
80316.78,745.0,3331,Sprayer,94766.85,399.01,84,MN,0.9958,1,0,high_ltv;low_down_payment;long_term;prior_default,1,0.2141
122800.98,676.0,1113,Skid Steer,149959.12,25606.61,49,IL,0.8541,0,0,,1,0.0357
30000.0,741.0,1113,Combine,58929.49,11356.39,65,WI,0.8384,0,0,low_income,1,0.1317
38393.95,762.0,1111,Planter,72789.61,14369.43,67,KS,0.8351,0,0,low_income,0,0.1162
99324.52,653.0,1113,Sprayer,86612.71,61046.43,48,WI,0.5866,0,0,,1,0.0202
183510.91,681.0,1151,Loader,222713.07,26277.15,52,IN,0.8945,0,0,,1,0.0389
167809.88,703.0,1111,Loader,138929.23,61569.48,84,NE,0.6929,1,0,long_term;prior_default,0,0.0875
147833.33,711.0,1151,Combine,63764.41,37643.85,50,MN,0.6288,0,0,,1,0.0123
173530.32,693.0,1113,Harvester,118355.25,53943.84,66,MN,0.6869,0,0,,1,0.0196
150995.77,685.0,1111,Skid Steer,235243.3,68745.61,36,MN,0.7739,0,0,,1,0.0188
142330.63,646.0,1151,Harvester,106543.62,13802.63,50,ND,0.8853,0,0,,1,0.0649
30000.0,683.0,1119,Harvester,67018.94,33373.1,59,IL,0.6676,0,0,low_income,1,0.0869
51037.61,641.0,1111,Sprayer,181457.21,73820.13,51,KS,0.7108,0,0,low_income,0,0.1027
128844.96,622.0,1112,Tractor,249785.08,49157.93,71,ND,0.8356,0,0,low_credit,0,0.108
127645.04,647.0,1152,Tractor,232158.18,100408.47,71,KS,0.6981,0,0,,0,0.0463
193116.16,656.0,4238,Loader,60256.61,8437.84,71,NE,0.8772,0,0,,1,0.0715
82514.36,627.0,4238,Baler,143169.22,48859.06,52,MN,0.7456,0,0,low_credit,0,0.074
194091.14,612.0,1151,Skid Steer,178069.68,42828.8,68,ND,0.8061,0,0,low_credit,1,0.1093
82901.84,671.0,1121,Combine,244857.14,42425.81,53,IA,0.8523,0,0,,0,0.0485
170738.29,734.0,1152,Baler,111397.2,30520.91,76,IA,0.7849,0,0,long_term,1,0.036
164107.13,723.0,1113,Tractor,154770.83,53474.77,49,WI,0.7432,0,0,,1,0.0186
112701.37,621.0,1113,Harvester,63345.36,17778.48,60,ND,0.7808,0,0,low_credit,1,0.0845
145269.33,656.0,1119,Tractor,227612.86,103765.46,45,MN,0.6869,0,0,,1,0.0264
217343.15,718.0,4238,Combine,73262.03,13814.7,46,IA,0.8414,0,0,,1,0.0253
59125.91,648.0,1112,Tractor,128451.05,2808.75,65,IA,0.9786,0,1,high_ltv;low_down_payment;low_income;bankruptcy,0,0.2695
68246.93,767.0,3331,Baler,187769.47,46838.56,57,IL,0.8004,0,0,,1,0.0455
82734.03,655.0,1112,Baler,217390.47,70279.59,64,NE,0.7557,0,0,,1,0.0537
97754.91,623.0,1112,Harvester,189746.13,57596.13,52,IA,0.7671,0,0,low_credit,1,0.0714
138872.26,733.0,1111,Baler,111226.24,21544.4,56,IL,0.8377,0,0,,1,0.0291
110145.8,694.0,1151,Sprayer,185095.21,33824.81,63,IL,0.8455,0,0,,1,0.0331
108846.05,656.0,1113,Baler,98633.62,14112.87,39,IL,0.8748,0,0,,1,0.0464
37887.56,601.0,1151,Loader,250013.53,42385.83,63,WI,0.855,1,0,low_income;low_credit;prior_default,0,0.259
82894.57,704.0,4238,Combine,233092.43,43543.38,45,MN,0.8426,0,0,,1,0.0304
85024.68,668.0,1113,Tractor,97204.63,34768.19,76,NE,0.7366,0,0,long_term,0,0.0497
110271.83,745.0,1151,Baler,270495.06,51053.34,71,KS,0.8412,0,0,,1,0.0366
183234.87,697.0,1111,Skid Steer,239023.96,25890.18,36,KS,0.9023,0,0,low_down_payment,1,0.0301
79039.21,655.0,3331,Loader,267552.69,32706.95,56,IN,0.8911,0,0,,0,0.0803
100810.76,629.0,1151,Baler,195080.05,57892.25,81,IN,0.7712,0,0,low_credit;long_term,0,0.1001
133643.49,679.0,1111,Loader,215897.97,19201.08,54,IA,0.9183,0,0,low_down_payment,0,0.0494
58688.61,634.0,1152,Combine,139616.33,46045.74,62,KS,0.752,0,0,low_income;low_credit,1,0.1274
30651.73,704.0,4238,Sprayer,107087.19,6455.72,48,IN,0.9431,0,0,low_down_payment;low_income,0,0.1522
117424.09,712.0,3331,Sprayer,277345.16,33075.9,54,ND,0.8934,0,0,,1,0.0342
134738.63,689.0,1111,Harvester,107855.7,40321.17,59,IN,0.7279,0,0,,1,0.0207
108251.59,631.0,1119,Loader,47911.3,18138.02,59,ND,0.7254,0,0,low_credit,1,0.0611
148378.95,611.0,1121,Loader,149591.6,20536.59,63,IN,0.8793,0,0,low_credit,0,0.1271
75311.29,735.0,1111,Tractor,171415.11,35792.11,63,NE,0.8273,0,0,,1,0.0453
75365.11,610.0,3331,Sprayer,83601.32,9353.38,58,IL,0.8994,0,0,low_credit,0,0.1594
58200.25,691.0,1119,Tractor,222598.45,53642.29,38,SD,0.8058,0,0,low_income,1,0.0504
51002.94,701.0,1111,Combine,109864.59,5644.02,67,IA,0.9511,0,0,high_ltv;low_down_payment;low_income,1,0.1422
103889.98,679.0,1121,Harvester,277394.14,7190.23,72,SD,0.9747,0,0,high_ltv;low_down_payment,0,0.0824
125604.22,785.0,3331,Loader,199344.03,55010.43,61,IN,0.7837,0,0,,1,0.0259
126413.19,655.0,1151,Combine,260242.9,42075.61,71,KS,0.8608,0,0,,1,0.069
103713.38,759.0,3331,Sprayer,30859.01,15070.25,67,ND,0.6719,0,0,,0,0.0189
117643.11,720.0,1151,Sprayer,126571.73,76680.83,73,IA,0.6227,1,0,long_term;prior_default,1,0.0627
97335.57,719.0,1151,Skid Steer,102860.14,28261.56,47,WI,0.7845,0,0,,1,0.021
90985.95,576.0,3331,Harvester,134402.56,31389.28,70,NE,0.8107,0,0,low_credit,0,0.1597
117024.9,599.0,3331,Planter,211226.13,45383.54,53,NE,0.8231,0,0,low_credit,0,0.1153
145256.67,595.0,1119,Baler,182746.18,24980.21,58,NE,0.8797,0,0,low_credit,0,0.1429
150335.47,665.0,1113,Skid Steer,216298.82,61761.12,69,MN,0.7779,0,0,,1,0.0437
36029.29,668.0,1113,Baler,125868.97,35803.2,70,MO,0.7785,0,0,low_income,0,0.136
94867.51,683.0,1111,Sprayer,46839.6,16602.9,59,IA,0.7383,1,0,prior_default,1,0.0764
109394.21,656.0,1113,Baler,279500.93,205.31,37,IN,0.9993,0,0,high_ltv;low_down_payment,0,0.0806
76736.91,682.0,4238,Harvester,42262.46,17314.57,80,MN,0.7094,0,0,long_term,1,0.0466
51756.95,691.0,1151,Baler,282448.97,50463.31,48,IA,0.8484,0,0,low_income,1,0.0759
64391.04,625.0,3331,Baler,128059.9,47807.77,83,IN,0.7282,0,0,low_credit;long_term,1,0.1424
106304.27,629.0,1151,Baler,131097.35,47314.23,51,IA,0.7348,0,0,low_credit,0,0.059
120995.06,617.0,1113,Sprayer,181485.87,24007.55,46,ND,0.8832,0,0,low_credit,1,0.1013
71561.34,646.0,1119,Skid Steer,83386.38,19973.23,57,ND,0.8068,0,0,,1,0.0837
154817.29,658.0,1152,Skid Steer,107672.03,14345.53,61,SD,0.8824,0,0,,1,0.0615
143488.66,739.0,4238,Sprayer,201557.29,77639.55,57,IL,0.7219,0,0,,1,0.0195
103037.97,706.0,4238,Baler,39806.37,8986.66,80,IN,0.8158,0,0,long_term,1,0.0423
30000.0,781.0,1113,Tractor,116858.44,23477.07,48,MN,0.8327,0,0,low_income,1,0.1112
103405.53,603.0,4238,Baler,165869.61,15705.28,61,MO,0.9135,0,0,low_down_payment;low_credit,1,0.1543
59202.54,684.0,1113,Sprayer,197223.47,53893.25,69,NE,0.7854,0,0,low_income,0,0.0747
97756.71,710.0,4238,Planter,192658.07,19910.14,36,KS,0.9063,0,0,low_down_payment,1,0.0305
129540.62,706.0,1113,Planter,143717.38,26202.99,54,ND,0.8458,0,0,,1,0.029
219618.56,693.0,1113,Combine,209516.85,41568.45,62,IL,0.8344,0,0,,1,0.0314
73861.38,666.0,1152,Harvester,201373.74,59562.88,36,IL,0.7717,0,0,,1,0.0398
91601.39,752.0,4238,Harvester,279983.76,42873.35,59,MO,0.8672,0,0,,1,0.0337
86094.26,769.0,1111,Combine,81975.15,44188.23,61,MN,0.6498,0,0,,1,0.0177
100766.26,745.0,1121,Combine,119045.45,7400.74,66,MN,0.9415,0,0,low_down_payment,1,0.0527
30000.0,599.0,3331,Tractor,98025.82,21442.18,69,IN,0.8205,0,0,low_income;low_credit,0,0.2302
87782.67,665.0,4238,Planter,37573.9,7617.39,62,IA,0.8314,0,0,,1,0.0502
87923.59,651.0,1119,Sprayer,97873.95,11423.56,52,SD,0.8955,0,0,,1,0.0668
145628.07,657.0,1121,Skid Steer,177224.98,28925.71,36,IA,0.8597,0,0,,0,0.0416
106652.89,673.0,1152,Tractor,91445.78,42950.71,58,IL,0.6804,0,0,,1,0.0233
107772.33,573.0,1121,Skid Steer,217116.99,33398.6,54,IL,0.8667,0,0,low_credit,0,0.1648
109184.76,774.0,1152,Skid Steer,182700.78,45956.17,71,NE,0.799,0,0,,0,0.0317
39840.3,718.0,1121,Loader,93474.44,17462.14,76,IN,0.8426,0,0,low_income;long_term,1,0.1335
111015.5,656.0,4238,Combine,117395.77,17021.12,55,IL,0.8734,0,0,,1,0.0575
181850.75,744.0,1113,Sprayer,143569.99,45610.75,63,ND,0.7589,0,0,,1,0.0244
124052.47,706.0,1121,Combine,62551.05,6106.21,42,IN,0.9111,0,0,low_down_payment,0,0.0339
108266.65,701.0,1111,Sprayer,252827.49,67985.02,45,NE,0.7881,0,0,,1,0.0206
80294.67,666.0,1152,Sprayer,230956.7,41913.33,40,MN,0.8464,0,0,,1,0.0466
144854.36,688.0,1113,Tractor,138541.54,23879.42,50,ND,0.853,0,0,,1,0.0289
110592.21,673.0,1119,Planter,123687.69,60799.97,61,SD,0.6704,0,0,,1,0.0233
32766.91,671.0,3331,Harvester,109678.81,38388.08,40,IA,0.7407,0,0,low_income,0,0.0958
137189.29,641.0,1113,Skid Steer,54494.31,14241.32,53,MO,0.7928,0,0,,1,0.0547
62139.0,749.0,1121,Combine,173897.74,63813.49,44,SD,0.7316,0,0,,1,0.035
71933.94,759.0,1112,Harvester,261904.25,27853.48,65,KS,0.9039,0,0,low_down_payment,1,0.0708
41369.68,737.0,4238,Loader,72246.05,14421.81,65,IN,0.8336,0,0,low_income,1,0.1078
96513.67,794.0,1112,Sprayer,227030.14,58002.4,51,IA,0.7965,0,0,,1,0.0233
116950.08,650.0,1113,Tractor,217400.94,64260.09,75,SD,0.7719,0,0,long_term,1,0.0651
83414.25,727.0,1111,Tractor,41375.72,13073.54,67,SD,0.7599,0,0,,1,0.031
172131.76,691.0,1151,Harvester,292449.35,2372.54,42,KS,0.992,0,0,high_ltv;low_down_payment,1,0.0493
127920.57,719.0,3331,Planter,175417.66,29024.89,73,IA,0.858,0,0,long_term,1,0.0442
86144.98,701.0,4238,Skid Steer,154353.41,26403.58,60,ND,0.8539,0,0,,1,0.0361
114203.37,697.0,1111,Tractor,43599.38,8129.92,79,IL,0.8428,0,0,long_term,1,0.0457
96221.03,696.0,1151,Tractor,156110.76,9605.16,50,NE,0.942,1,0,low_down_payment;prior_default,1,0.1198
103522.41,717.0,4238,Planter,119141.52,62118.6,61,SD,0.6573,0,0,,1,0.0163
112418.29,711.0,3331,Skid Steer,138813.88,17427.3,65,MN,0.8885,0,0,,1,0.0395
122732.82,672.0,1112,Planter,195482.16,33315.07,76,IN,0.8544,0,0,long_term,1,0.0606
113586.96,697.0,1112,Planter,94406.25,12906.59,39,IL,0.8797,0,0,,1,0.0261
173064.63,636.0,1111,Planter,281927.77,57195.32,77,NE,0.8313,0,0,low_credit;long_term,0,0.1036
103176.37,625.0,1121,Skid Steer,245244.46,76261.88,36,IN,0.7628,0,0,low_credit,0,0.0562
104107.12,751.0,1151,Combine,159920.82,22498.01,61,IL,0.8767,0,0,,1,0.0358
94799.81,714.0,4238,Skid Steer,216763.44,16882.52,60,NE,0.9277,0,0,low_down_payment,1,0.0464
126927.94,786.0,1112,Combine,324309.84,20998.05,45,IA,0.9392,0,0,low_down_payment,1,0.039
90377.04,757.0,1152,Tractor,55520.11,11790.4,58,MO,0.8248,0,0,,1,0.0286
159181.76,698.0,1119,Skid Steer,66975.73,18056.67,54,NE,0.7876,0,0,,1,0.0236
117138.09,676.0,1111,Harvester,218970.22,62320.21,50,IA,0.7784,0,0,,1,0.0279
127102.34,685.0,1152,Baler,118992.32,26620.99,36,IA,0.8172,0,0,,1,0.0218
56471.12,728.0,3331,Baler,246970.72,19716.7,65,ND,0.9261,0,0,low_down_payment;low_income,0,0.1121
155175.3,716.0,1152,Planter,204198.02,50267.91,84,MO,0.8025,0,0,long_term,1,0.0428
141118.7,523.0,1121,Combine,153915.59,28383.32,59,NE,0.8443,0,0,low_credit,0,0.2169
127516.39,764.0,3331,Planter,139424.32,29991.09,62,IN,0.823,0,0,,1,0.0302
109799.34,641.0,1152,Sprayer,126824.85,36915.82,57,IL,0.7745,0,0,,1,0.0542
114868.96,672.0,1119,Harvester,177454.27,43298.86,57,SD,0.8039,1,0,prior_default,0,0.1034
158291.47,627.0,1121,Planter,175808.63,57323.9,53,KS,0.7541,0,0,low_credit,1,0.0657
74861.69,830.0,3331,Sprayer,113375.11,55604.7,74,SD,0.6709,0,0,long_term,1,0.0347
121093.26,678.0,1111,Baler,108952.54,7903.18,53,IL,0.9324,0,0,low_down_payment,1,0.0525
30000.0,668.0,3331,Combine,253989.45,41411.1,68,SD,0.8598,0,0,low_income,1,0.1711
30000.0,734.0,1152,Harvester,288468.25,58917.69,54,SD,0.8304,0,0,low_income,1,0.1171
149636.94,630.0,1113,Tractor,282408.66,42978.99,52,SD,0.8679,0,0,low_credit,1,0.0871
116706.13,725.0,4238,Loader,216213.77,49422.29,62,IA,0.8139,0,0,,1,0.0292
62503.45,713.0,4238,Loader,309237.29,0.0,75,NE,1.0,1,0,high_ltv;low_down_payment;long_term;prior_default,1,0.2367
189421.69,802.0,4238,Combine,101640.94,54283.99,64,SD,0.6519,0,0,,1,0.0167
160839.89,651.0,1111,Baler,178821.17,23973.44,61,MO,0.8818,0,0,,1,0.0687
161858.55,582.0,1121,Baler,76073.11,26985.28,81,IN,0.7382,0,0,low_credit;long_term,1,0.1483
92127.99,613.0,1112,Skid Steer,76316.73,21764.93,47,KS,0.7781,0,0,low_credit,0,0.0804
91976.78,686.0,1112,Harvester,58537.61,12028.98,76,MO,0.8295,0,0,long_term,0,0.0448
80636.35,738.0,1111,Tractor,74086.35,18853.18,51,IN,0.7971,0,0,,1,0.03
30000.0,644.0,3331,Harvester,199811.71,22557.39,70,IA,0.8986,0,0,low_income,0,0.213
110592.48,610.0,1111,Baler,185073.57,38394.43,43,WI,0.8282,0,0,low_credit,1,0.0924
118433.48,753.0,1152,Sprayer,212859.3,37088.77,36,MO,0.8516,0,0,,1,0.0226
110741.97,672.0,1111,Tractor,249876.78,21632.97,60,ND,0.9203,0,0,low_down_payment,1,0.0611
91646.67,760.0,1111,Skid Steer,65276.86,21581.74,54,MN,0.7515,0,0,,1,0.0207
125812.15,762.0,1113,Tractor,294612.03,42256.96,67,IA,0.8746,0,0,,1,0.0388
56180.48,729.0,1119,Harvester,56166.19,21734.82,63,WI,0.721,0,0,low_income,1,0.0559
78856.97,690.0,1152,Sprayer,185209.55,57575.92,47,MN,0.7629,0,0,,1,0.0265
112380.3,682.0,1112,Planter,234246.4,66353.6,58,ND,0.7793,0,0,,1,0.028
87724.74,701.0,1119,Sprayer,107527.93,56600.41,65,KS,0.6551,0,0,,1,0.0183
49698.19,674.0,3331,Tractor,184361.74,48714.93,76,WI,0.791,0,0,low_income;long_term,1,0.1194
49982.49,694.0,1121,Sprayer,75448.77,35229.53,65,IL,0.6817,0,0,low_income,1,0.0582
30000.0,706.0,3331,Combine,45926.11,6121.28,49,IA,0.8824,0,0,low_income,0,0.127
53504.57,724.0,1111,Baler,128535.15,24338.4,56,KS,0.8408,0,0,low_income,1,0.0786
213076.51,748.0,1119,Combine,106575.52,31105.24,40,IL,0.7741,0,0,,1,0.0181
79576.55,668.0,1113,Skid Steer,159730.0,24252.32,45,KS,0.8682,0,0,,1,0.0526
177634.88,682.0,1111,Loader,213899.35,86259.91,49,IL,0.7126,0,0,,0,0.0193
148695.2,694.0,1112,Baler,79738.26,27501.42,46,IN,0.7436,0,0,,1,0.0178
127733.53,582.0,1151,Combine,142970.0,41181.32,76,MN,0.7764,0,0,low_credit;long_term,1,0.1547
127988.03,624.0,3331,Tractor,60883.25,15503.99,64,IA,0.797,0,0,low_credit,1,0.0884
115895.85,652.0,1112,Sprayer,118084.67,44309.73,64,NE,0.7271,0,0,,1,0.0428
105120.99,764.0,1121,Combine,59968.83,7346.51,61,MO,0.8909,0,0,,1,0.0376
137600.45,662.0,1113,Loader,95899.8,18082.31,43,ND,0.8414,0,0,,1,0.0399
111228.53,711.0,1119,Tractor,228075.48,47931.35,59,IN,0.8263,0,0,,0,0.0292
59837.36,732.0,1121,Combine,248225.22,37105.1,58,MO,0.87,0,0,low_income,1,0.0766
44835.88,777.0,4238,Loader,67166.74,21126.94,65,IN,0.7607,0,0,low_income,1,0.0826
59876.53,713.0,1121,Combine,241122.88,53696.36,57,MN,0.8179,1,0,low_income;prior_default,1,0.151
74435.67,660.0,3331,Tractor,245178.46,57352.86,36,MO,0.8104,0,0,,1,0.0495
167373.35,752.0,3331,Combine,40491.7,8685.15,59,IA,0.8234,0,0,,1,0.0289
123203.3,662.0,1119,Combine,200492.23,34714.98,68,SD,0.8524,0,0,,1,0.0578
121741.09,728.0,1112,Harvester,162894.16,15928.58,53,ND,0.9109,0,0,low_down_payment,1,0.0398
177482.9,680.0,1152,Sprayer,199552.7,78466.08,51,SD,0.7178,0,0,,1,0.0212
62586.21,694.0,1113,Tractor,161417.3,66444.98,53,SD,0.7084,0,0,,1,0.0363
110299.44,624.0,1111,Sprayer,114953.64,29296.37,79,IN,0.7969,0,0,low_credit;long_term,0,0.111
177486.09,698.0,1151,Skid Steer,194305.94,65337.8,81,IN,0.7484,0,0,long_term,1,0.0341
108710.82,694.0,1113,Skid Steer,302742.18,40494.73,71,IA,0.882,0,0,,1,0.0421
30000.0,786.0,4238,Tractor,231315.11,31701.09,71,ND,0.8795,0,0,low_income,1,0.1513
56884.69,667.0,1121,Tractor,213099.18,33469.59,75,MO,0.8643,0,0,low_income;long_term,0,0.136
125768.96,650.0,1152,Skid Steer,185440.44,64880.27,75,MN,0.7408,0,0,long_term,1,0.0586
138757.1,723.0,1151,Baler,106693.32,5556.79,36,IL,0.9505,0,0,high_ltv;low_down_payment,1,0.0395
155442.62,637.0,1112,Planter,178573.55,81295.65,64,WI,0.6872,0,0,low_credit,1,0.0528
42493.42,656.0,1113,Planter,70107.02,11620.56,67,ND,0.8578,0,0,low_income,1,0.1602
136608.55,655.0,1112,Loader,260847.96,68471.29,61,IL,0.7921,0,0,,1,0.0483
126208.25,815.0,1113,Harvester,159834.92,44189.42,55,IN,0.7834,0,0,,1,0.0236
118305.59,669.0,3331,Baler,219562.17,68954.63,54,MO,0.761,0,0,,1,0.0314
117271.14,696.0,4238,Loader,151392.39,38594.05,52,WI,0.7969,0,0,,1,0.0237
61667.53,743.0,1111,Baler,80858.71,22118.79,36,MN,0.7852,0,0,,1,0.038
97281.35,801.0,1121,Skid Steer,110421.43,34946.22,76,WI,0.7596,0,0,long_term,1,0.033
30000.0,663.0,1151,Combine,88440.43,11700.12,72,IN,0.8832,1,0,low_income;prior_default,0,0.2486
149017.41,755.0,1119,Harvester,206985.39,53218.14,67,IL,0.7955,0,0,,1,0.0295
100884.25,724.0,1119,Planter,58259.47,7289.23,60,KS,0.8888,0,0,,1,0.0368
117255.71,744.0,1112,Sprayer,123379.29,11514.18,56,KS,0.9146,0,0,low_down_payment,1,0.042
106491.56,724.0,1111,Sprayer,64999.81,4357.4,63,ND,0.9372,0,0,low_down_payment,1,0.0499
42036.65,750.0,1113,Combine,159457.86,50598.52,48,ND,0.7591,1,0,low_income;prior_default,1,0.1566
122903.36,653.0,1111,Skid Steer,120616.33,58739.97,65,IN,0.6725,0,0,,1,0.0352
103995.72,691.0,1119,Skid Steer,248498.55,35691.42,52,MO,0.8744,0,0,,1,0.0311
149072.46,716.0,1113,Tractor,103526.71,27532.01,59,MN,0.7899,0,0,,1,0.0257
63545.18,613.0,1119,Sprayer,126769.87,61703.51,63,WI,0.6726,0,0,low_credit,0,0.115
76012.8,673.0,1152,Combine,236218.93,26372.93,68,ND,0.8996,0,0,,0,0.0775
123666.04,784.0,1119,Sprayer,229241.72,80144.47,63,SD,0.741,0,0,,1,0.0229
165764.31,737.0,4238,Skid Steer,173444.94,9673.17,56,SD,0.9472,0,0,low_down_payment,1,0.0468
109641.95,642.0,1151,Tractor,153949.39,46461.91,50,SD,0.7682,0,0,,1,0.0479
108228.63,727.0,1113,Sprayer,299578.71,27497.76,60,MO,0.9159,0,0,low_down_payment,0,0.0447
116543.58,622.0,1119,Harvester,85832.11,28404.56,63,MO,0.7514,0,0,low_credit,0,0.0793
30000.0,694.0,1111,Planter,165752.24,7195.98,62,IN,0.9584,0,0,high_ltv;low_down_payment;low_income,0,0.1836
30000.0,635.0,1151,Baler,196800.95,53939.97,55,SD,0.7849,0,0,low_income;low_credit,0,0.1801
75919.23,732.0,4238,Tractor,37994.11,14083.39,76,KS,0.7296,0,0,long_term,1,0.0426
88709.6,712.0,1112,Sprayer,119473.34,44580.6,66,IL,0.7283,0,0,,1,0.0237
163944.27,617.0,1119,Combine,166468.35,29600.99,75,MN,0.849,0,0,low_credit;long_term,1,0.131
146937.67,610.0,3331,Harvester,140129.32,10199.05,74,SD,0.9322,0,0,low_down_payment;low_credit;long_term,1,0.1741
165700.09,628.0,1112,Planter,112980.74,10435.34,65,NE,0.9154,0,0,low_down_payment;low_credit,1,0.1244
37289.74,676.0,1152,Combine,221987.61,37475.73,82,NE,0.8556,0,0,low_income;long_term,0,0.1678
123000.3,719.0,3331,Baler,183738.76,25525.05,66,MN,0.878,0,0,,1,0.0387
65948.27,706.0,3331,Tractor,139848.04,6400.19,75,IN,0.9562,0,0,high_ltv;low_down_payment;long_term,1,0.1212
98237.0,612.0,1151,Skid Steer,220818.81,111793.95,84,IL,0.6639,0,0,low_credit;long_term,1,0.095
103462.9,684.0,1119,Tractor,151748.81,47579.35,61,SD,0.7613,0,0,,1,0.0266
152368.34,674.0,1112,Tractor,78262.57,40317.7,65,IN,0.66,0,0,,0,0.0236
46368.92,735.0,1113,Combine,100093.29,21368.15,44,IA,0.8241,0,0,low_income,1,0.0756
100881.66,758.0,1111,Planter,140883.52,45401.87,58,NE,0.7563,0,0,,1,0.0224
190379.21,709.0,1112,Planter,31315.77,15608.21,42,ND,0.6674,0,0,,1,0.0126
112526.58,559.0,1119,Sprayer,113093.47,0.0,56,IN,1.0,0,0,high_ltv;low_down_payment;low_credit,0,0.24
100297.77,666.0,1113,Loader,252032.94,27188.83,59,WI,0.9026,0,0,low_down_payment,1,0.0624
106334.52,721.0,1112,Baler,266131.7,49945.11,53,IN,0.842,0,0,,1,0.0282
79442.6,701.0,1121,Combine,66390.74,43225.17,72,IA,0.6057,1,0,prior_default,1,0.0676
139660.49,682.0,3331,Loader,200565.35,84345.52,48,IL,0.704,0,0,,1,0.0183
114901.76,791.0,4238,Planter,97934.17,34230.96,69,IA,0.741,0,0,,1,0.025
80991.67,656.0,1152,Baler,236351.28,60833.35,58,MN,0.7953,0,0,,0,0.058
87746.44,654.0,1113,Sprayer,128597.99,41212.64,84,WI,0.7573,0,0,long_term,1,0.0685
106587.68,572.0,1111,Harvester,268732.48,33658.11,74,NE,0.8887,0,0,low_credit;long_term,0,0.2002
84086.4,708.0,1111,Combine,121016.14,21537.54,72,KS,0.8489,0,0,,1,0.0443
94084.2,665.0,4238,Loader,141822.53,73973.87,54,SD,0.6572,0,0,,1,0.0232
119921.99,562.0,1151,Harvester,85580.61,45828.52,43,NE,0.6513,0,0,low_credit,1,0.1027
95662.53,697.0,1152,Combine,105807.53,10809.65,64,MN,0.9073,0,0,low_down_payment,1,0.0459
119092.39,759.0,3331,Planter,173388.07,43148.77,73,MO,0.8007,0,0,long_term,1,0.0364
30000.0,649.0,3331,Sprayer,265329.97,46857.91,64,MO,0.8499,0,0,low_income,1,0.1865
55921.07,657.0,1111,Loader,198464.8,66122.67,80,NE,0.7501,0,0,low_income;long_term,1,0.1212
104161.28,667.0,1112,Sprayer,40104.46,12424.27,45,IA,0.7635,0,0,,0,0.0285
109554.4,762.0,1113,Sprayer,227531.63,75883.77,47,MO,0.7499,0,0,,1,0.0185
183763.25,683.0,1112,Baler,89878.38,26085.04,53,MN,0.7751,0,0,,1,0.0253
46462.26,670.0,1112,Sprayer,38332.78,16681.02,55,MO,0.6968,0,0,low_income,1,0.0777
136433.54,629.0,4238,Loader,162605.39,13674.81,57,MN,0.9224,0,0,low_down_payment;low_credit,0,0.1166
159108.33,699.0,1152,Skid Steer,251617.57,94470.86,64,KS,0.727,0,0,,1,0.0221
114001.01,638.0,3331,Planter,193865.6,48310.22,51,IL,0.8005,0,0,low_credit,1,0.0631
65838.68,715.0,1151,Harvester,233950.64,60815.82,53,IN,0.7937,0,0,,1,0.0447
94843.6,640.0,3331,Sprayer,95246.19,23904.24,49,MN,0.7994,0,0,low_credit,1,0.0597
55742.19,683.0,3331,Loader,250949.39,37140.66,59,KS,0.8711,0,0,low_income,1,0.0929
205180.26,758.0,1119,Combine,210175.08,53241.83,83,MO,0.7979,0,0,long_term,1,0.0415
126821.87,588.0,1151,Tractor,218744.66,68156.09,58,WI,0.7624,0,0,low_credit,0,0.1174
95844.6,648.0,4238,Planter,76614.54,15947.81,70,KS,0.8277,0,0,,1,0.0686
57338.82,698.0,3331,Harvester,74787.95,13379.07,36,IA,0.8483,0,0,low_income,1,0.0575
89823.71,632.0,1113,Skid Steer,129719.92,53202.74,66,ND,0.7092,0,0,low_credit,1,0.0631
103451.63,732.0,1112,Loader,237571.34,66058.93,60,MO,0.7824,0,0,,1,0.0254
172721.77,625.0,1151,Tractor,143099.73,48350.29,62,IL,0.7475,1,0,low_credit;prior_default,1,0.1586
129011.89,687.0,1111,Baler,238577.94,107573.7,61,IA,0.6892,0,0,,0,0.0194
143651.17,743.0,1111,Sprayer,83154.38,3636.94,52,IL,0.9581,0,0,high_ltv;low_down_payment,1,0.0507
87550.22,679.0,1119,Loader,230896.72,48584.0,76,SD,0.8262,0,0,long_term,0,0.0527
167206.34,715.0,1113,Baler,281471.82,52286.41,57,ND,0.8433,0,0,,1,0.0301
93685.02,747.0,1121,Harvester,74539.64,15248.18,62,IA,0.8302,0,0,,1,0.0309
129394.83,643.0,3331,Baler,118059.26,47771.2,47,NE,0.7119,0,0,,1,0.0371
95532.03,722.0,3331,Planter,307808.04,20547.94,68,SD,0.9374,0,0,low_down_payment,1,0.0535
73643.48,627.0,4238,Loader,210479.53,50206.16,52,IA,0.8074,0,0,low_credit,1,0.1053
155635.55,761.0,1121,Loader,206753.66,51736.17,63,NE,0.7999,0,0,,1,0.0282
78418.07,774.0,1152,Baler,222610.55,68363.22,57,SD,0.7651,0,0,,1,0.0311
72012.49,626.0,1151,Tractor,253301.96,86829.88,39,IN,0.7447,0,0,low_credit,0,0.0811
230445.15,734.0,1151,Loader,86343.53,17739.49,64,WI,0.8296,0,0,,1,0.0318
61006.1,761.0,1152,Skid Steer,79612.81,10869.83,49,KS,0.8799,0,0,,1,0.0629
97714.63,775.0,1119,Baler,296132.41,45674.53,48,MO,0.8664,0,0,,1,0.0285
89856.3,693.0,1121,Harvester,97720.54,23871.75,71,ND,0.8037,0,0,,0,0.0323
147439.91,633.0,1121,Skid Steer,94179.92,20658.8,53,MO,0.8201,0,0,low_credit,1,0.0738
120530.23,702.0,1151,Loader,211824.17,41581.49,55,IL,0.8359,0,0,,0,0.0285
130403.7,662.0,1119,Planter,334873.89,8809.29,49,SD,0.9744,0,0,high_ltv;low_down_payment,1,0.0794
148629.72,661.0,4238,Sprayer,209486.06,35871.25,64,WI,0.8538,0,0,,1,0.0559
176709.61,776.0,1151,Combine,137251.89,43649.89,53,MO,0.7587,0,0,,1,0.0209
30000.0,679.0,1152,Sprayer,216781.43,48880.58,48,WI,0.816,0,0,low_income,1,0.1201
117942.48,594.0,4238,Planter,254966.41,33076.75,76,KS,0.8852,0,0,low_credit;long_term,1,0.1741
130708.72,688.0,1121,Skid Steer,67679.14,13586.24,65,IA,0.8328,0,0,,1,0.0335
180672.1,587.0,1151,Combine,78511.34,53421.63,58,IA,0.5951,0,0,low_credit,1,0.0753
107261.0,630.0,1113,Loader,150362.94,80037.2,62,SD,0.6526,0,0,low_credit,1,0.0509
125882.07,720.0,1152,Harvester,149620.32,55242.47,59,KS,0.7303,0,0,,1,0.0207
161405.27,757.0,4238,Sprayer,101262.58,20282.05,52,WI,0.8331,0,0,,1,0.0269
71047.29,604.0,3331,Combine,259083.79,27994.14,61,MO,0.9025,0,0,low_down_payment;low_credit,0,0.1883
80764.07,595.0,1113,Combine,191426.53,65836.69,69,IL,0.7441,0,0,low_credit,0,0.1312
169539.95,650.0,1119,Combine,252380.24,20695.76,61,WI,0.9242,0,0,low_down_payment,1,0.0865
157152.63,741.0,3331,Baler,195303.92,32192.98,64,SD,0.8585,0,0,,1,0.0351
172904.47,540.0,1111,Loader,254372.14,9099.0,62,WI,0.9655,0,0,high_ltv;low_down_payment;low_credit,0,0.2497
165670.58,603.0,1111,Skid Steer,215469.45,50673.12,72,MN,0.8096,0,0,low_credit,1,0.1272
77282.79,730.0,1152,Baler,180214.33,23941.39,65,MN,0.8827,0,0,,1,0.0532
173351.08,707.0,1121,Baler,183126.07,28927.33,75,IL,0.8636,0,0,long_term,1,0.0463
104171.32,715.0,1119,Planter,272079.86,35493.78,68,IL,0.8846,0,0,,1,0.0407
112961.17,714.0,1152,Tractor,39480.74,8114.07,65,NE,0.8295,0,0,,1,0.0323
103709.38,704.0,1151,Tractor,53151.53,3372.11,36,MN,0.9403,0,0,low_down_payment,1,0.0343
85201.86,704.0,4238,Skid Steer,85535.33,20723.14,72,IL,0.805,1,0,prior_default,1,0.1063
91576.11,637.0,1113,Baler,156680.63,3454.15,45,WI,0.9784,0,0,high_ltv;low_down_payment;low_credit,1,0.1166
84531.36,671.0,1112,Skid Steer,86622.25,12967.54,67,ND,0.8698,0,0,,1,0.0593
122491.77,662.0,1119,Baler,203662.23,72774.42,59,IL,0.7367,0,0,,0,0.0347
239351.69,658.0,3331,Baler,164793.0,71378.68,45,KS,0.6978,0,0,,1,0.0266
72970.37,547.0,1112,Loader,35892.92,10067.34,59,ND,0.781,0,0,low_credit,0,0.1995
189030.53,771.0,1113,Combine,237888.65,50882.96,51,NE,0.8238,0,0,,1,0.0257
80444.95,758.0,1151,Combine,73666.3,10852.18,65,WI,0.8716,0,0,,1,0.0475
113863.05,693.0,4238,Sprayer,82297.95,27746.08,72,IN,0.7479,0,0,,1,0.0268
107928.04,779.0,1112,Baler,147513.27,60008.15,51,ND,0.7108,0,0,,1,0.017
90945.67,744.0,1121,Planter,56022.49,20916.32,84,ND,0.7281,0,0,long_term,1,0.0332
158289.75,683.0,4238,Harvester,93166.35,31420.45,54,MN,0.7478,0,0,,1,0.0233
143451.89,623.0,1113,Skid Steer,223705.7,28192.88,61,IN,0.8881,0,0,low_credit,0,0.1113
93182.64,639.0,1152,Combine,143434.1,16976.69,60,NE,0.8942,0,0,low_credit,0,0.0912
78601.19,700.0,1111,Skid Steer,68952.16,30446.36,54,MO,0.6937,0,0,,0,0.0229
34317.01,722.0,1151,Planter,220333.17,52924.37,55,MO,0.8063,0,0,low_income,1,0.1031
142603.6,659.0,1113,Baler,44396.83,15878.73,74,IA,0.7366,0,0,long_term,1,0.0495
102536.38,661.0,1112,Tractor,113634.43,38145.02,73,MN,0.7487,0,0,long_term,1,0.0494
30000.0,661.0,1151,Loader,34886.68,13240.15,64,NE,0.7249,0,0,low_income,1,0.1338
169899.15,639.0,3331,Tractor,280519.17,2417.77,63,ND,0.9915,0,1,high_ltv;low_down_payment;low_credit;bankruptcy,0,0.2478
65387.36,708.0,1111,Sprayer,176023.3,12090.09,47,ND,0.9357,0,0,low_down_payment,1,0.0721
47705.98,697.0,1152,Sprayer,74197.82,19950.9,51,MO,0.7881,0,0,low_income,1,0.0717
154534.51,706.0,1152,Baler,42910.14,11561.55,39,KS,0.7878,0,0,,1,0.0188
100389.38,685.0,1121,Planter,213042.77,110090.4,51,SD,0.6593,0,0,,1,0.0155
141688.3,676.0,3331,Loader,165020.82,34551.0,66,IA,0.8269,0,0,,1,0.0416
114409.5,646.0,1119,Baler,77583.16,18168.75,53,KS,0.8103,0,0,,0,0.0536
83525.87,635.0,1119,Skid Steer,174211.27,37748.59,47,SD,0.8219,0,0,low_credit,1,0.0766
104781.42,653.0,1151,Skid Steer,87825.6,11895.66,84,ND,0.8807,0,0,long_term,0,0.0955
73790.98,830.0,4238,Loader,108600.19,33816.84,66,IA,0.7626,0,0,,1,0.0395
144067.7,638.0,1113,Combine,187235.07,64871.77,84,ND,0.7427,0,0,low_credit;long_term,1,0.0847
173861.86,750.0,1113,Sprayer,242700.9,1233.64,39,KS,0.9949,0,0,high_ltv;low_down_payment,1,0.0477
108576.65,689.0,1151,Combine,279890.57,61065.2,43,ND,0.8209,0,0,,1,0.0227
115947.32,796.0,4238,Loader,263977.11,84220.74,64,IL,0.7581,0,0,,1,0.0247
115489.35,674.0,1119,Baler,93596.07,32305.05,76,MN,0.7434,0,0,long_term,1,0.0412
151043.27,678.0,1121,Baler,118646.16,24518.24,64,IN,0.8287,0,0,,0,0.039
107172.92,663.0,1112,Skid Steer,101620.04,24747.74,53,SD,0.8042,0,0,,1,0.0396
165389.97,621.0,1113,Skid Steer,241256.72,56119.18,38,WI,0.8113,0,0,low_credit,1,0.0715
117655.79,757.0,4238,Harvester,164569.81,10796.98,62,SD,0.9384,0,0,low_down_payment,1,0.0494
127847.72,717.0,1151,Tractor,114037.69,13439.03,57,IA,0.8946,0,0,,1,0.0359
169150.78,731.0,1111,Planter,155726.87,41518.25,66,IN,0.7895,0,0,,1,0.0285
56644.38,692.0,1152,Skid Steer,239972.33,33480.67,55,IN,0.8776,0,0,low_income,1,0.0809
111821.02,670.0,1112,Combine,175253.66,9110.16,62,IA,0.9506,0,0,high_ltv;low_down_payment,0,0.0776
166897.51,714.0,1113,Harvester,54362.31,9502.26,61,MN,0.8512,0,0,,1,0.0328
74289.22,695.0,1113,Tractor,190920.82,88515.54,39,MN,0.6832,0,0,,0,0.0198
176083.43,698.0,1151,Baler,160538.78,44584.64,69,SD,0.7826,0,0,,1,0.029
91377.96,746.0,1113,Baler,224864.93,66531.73,63,IN,0.7717,0,0,,1,0.0255
134596.24,706.0,4238,Planter,151260.6,58577.29,61,ND,0.7208,0,0,,1,0.0206
108756.48,652.0,1113,Skid Steer,214142.85,52734.72,65,SD,0.8024,0,0,,0,0.0554
80336.51,570.0,1113,Sprayer,68148.48,13448.75,49,KS,0.8352,0,0,low_credit,0,0.1712
156739.77,771.0,1112,Skid Steer,67415.17,44145.85,81,MO,0.6043,0,0,long_term,1,0.0203
99087.16,576.0,1151,Harvester,188789.74,20871.63,42,ND,0.9005,0,0,low_down_payment;low_credit,0,0.1663
95695.21,739.0,1151,Loader,82643.46,22958.01,65,MN,0.7826,0,0,,0,0.0274
116627.87,696.0,1152,Combine,291590.44,22342.77,62,IA,0.9288,0,0,low_down_payment,1,0.0479
147139.38,718.0,1151,Planter,60686.15,18535.56,57,ND,0.766,0,0,,1,0.0229
122069.44,696.0,3331,Harvester,108702.6,27738.24,84,NE,0.7967,0,0,long_term,0,0.0419
153195.38,728.0,1111,Tractor,161768.71,44154.95,72,MO,0.7856,0,0,,1,0.0307
126741.35,602.0,4238,Combine,196709.51,31329.73,61,IL,0.8626,0,0,low_credit,1,0.1313
62502.62,640.0,1151,Sprayer,161715.01,34230.89,63,IN,0.8253,0,0,low_credit,0,0.1278
95596.21,754.0,1152,Loader,307054.52,31794.71,56,IN,0.9062,0,0,low_down_payment,1,0.0408
84105.81,705.0,1152,Harvester,301037.38,29604.07,75,IL,0.9105,0,0,low_down_payment;long_term,1,0.0681
122232.99,709.0,1151,Tractor,73876.63,12768.92,45,IA,0.8526,0,0,,1,0.026
193597.06,661.0,1113,Tractor,274388.87,48970.17,36,ND,0.8486,1,0,prior_default,1,0.1082
143631.6,592.0,1112,Sprayer,305630.82,29252.77,75,WI,0.9126,0,0,low_down_payment;low_credit;long_term,0,0.1928
106939.65,753.0,1152,Skid Steer,136377.8,5164.03,69,MO,0.9635,0,0,high_ltv;low_down_payment,1,0.0648
102465.34,763.0,1151,Tractor,266530.37,64295.44,53,IA,0.8057,1,0,prior_default,1,0.0791
127798.07,699.0,1119,Tractor,174234.53,18820.77,74,IL,0.9025,0,0,low_down_payment;long_term,1,0.0571
32322.24,718.0,1152,Loader,189777.78,6134.96,84,MN,0.9687,0,0,high_ltv;low_down_payment;low_income;long_term,1,0.2135
93745.98,828.0,1119,Harvester,136846.35,40246.92,61,IN,0.7727,0,0,,1,0.0249
141700.37,653.0,1152,Harvester,193185.05,39004.17,62,SD,0.832,0,0,,0,0.0578
44299.8,678.0,4238,Sprayer,258513.57,19014.56,66,KS,0.9315,0,0,low_down_payment;low_income,1,0.1573
99316.22,694.0,1121,Harvester,127771.81,24950.5,80,IN,0.8366,1,0,long_term;prior_default,1,0.1225
182553.2,550.0,1152,Tractor,95340.99,36985.09,84,IA,0.7205,0,0,low_credit;long_term,1,0.1802
120097.74,682.0,1112,Planter,224028.91,0.0,77,IA,1.0,0,0,high_ltv;low_down_payment;long_term,1,0.0971
81521.98,686.0,1112,Loader,43016.61,14767.23,68,SD,0.7444,0,0,,1,0.0336
115891.49,685.0,1113,Tractor,210038.9,57859.59,63,NE,0.784,0,0,,1,0.0294
113102.16,678.0,1152,Tractor,305306.02,13610.08,75,KS,0.9573,0,0,high_ltv;low_down_payment;long_term,1,0.0897
112467.77,657.0,1121,Combine,134113.92,31882.42,56,KS,0.8079,0,0,,1,0.0462
118095.85,802.0,1113,Loader,216078.18,1182.18,57,IL,0.9946,1,1,high_ltv;low_down_payment;prior_default;bankruptcy,1,0.2557
142450.27,663.0,1151,Tractor,280907.05,7900.35,60,WI,0.9726,0,0,high_ltv;low_down_payment,1,0.0883
212862.31,613.0,4238,Loader,236482.53,47801.65,72,IL,0.8319,0,0,low_credit,1,0.1207
169269.88,690.0,3331,Sprayer,95326.16,30168.47,54,WI,0.7596,0,0,,1,0.0213
71152.99,614.0,1112,Skid Steer,172156.89,48746.01,46,NE,0.7793,0,0,low_credit,1,0.1119
30000.0,623.0,1121,Planter,108499.25,34120.3,66,ND,0.7608,0,0,low_income;low_credit,1,0.1939
106614.48,711.0,1152,Skid Steer,137577.04,32971.27,58,KS,0.8067,0,0,,1,0.0268
116468.92,598.0,1151,Tractor,227578.13,39335.77,59,KS,0.8526,0,0,low_credit,1,0.1321
76562.12,673.0,1113,Baler,165368.88,37804.24,74,MN,0.8139,0,0,long_term,1,0.0694
94153.57,762.0,1119,Planter,82869.26,18261.11,59,IL,0.8194,0,0,,1,0.0285
103619.26,684.0,1152,Skid Steer,178874.32,33692.16,64,SD,0.8415,0,0,,1,0.0368
132549.56,691.0,1121,Loader,81887.38,8060.95,70,NE,0.9104,0,0,low_down_payment,1,0.0504
126542.89,636.0,1152,Skid Steer,267751.64,12736.6,52,IA,0.9546,0,0,high_ltv;low_down_payment;low_credit,0,0.1192
193331.56,744.0,4238,Skid Steer,175643.43,67523.51,82,ND,0.7223,0,0,long_term,1,0.0316
68307.22,705.0,1152,Combine,100879.42,11946.39,62,ND,0.8941,0,0,,1,0.0656
136066.88,684.0,4238,Planter,145123.44,19036.08,57,MO,0.884,0,0,,1,0.0387
118842.61,580.0,1151,Skid Steer,189771.34,40179.07,43,MO,0.8253,0,0,low_credit,1,0.1303
102934.28,630.0,1152,Harvester,249557.7,38351.53,63,NE,0.8668,1,0,low_credit;prior_default,0,0.1913
72546.63,727.0,1111,Baler,70540.13,18239.79,66,KS,0.7946,0,0,,1,0.0454
55979.64,728.0,1121,Skid Steer,54971.29,22861.27,61,MO,0.7063,0,0,low_income,1,0.0521
100181.02,605.0,1151,Baler,111901.41,32495.92,53,KS,0.775,0,0,low_credit,0,0.0939
170325.02,693.0,1119,Sprayer,313673.76,30211.92,39,NE,0.9121,0,0,low_down_payment,1,0.0326
83292.46,687.0,1121,Harvester,204369.53,66419.04,71,NE,0.7547,0,0,,1,0.0343
87143.73,618.0,4238,Baler,334723.67,8549.28,61,IA,0.9751,0,0,high_ltv;low_down_payment;low_credit,0,0.1684
148686.85,662.0,1151,Planter,216992.49,59267.35,55,WI,0.7855,0,0,,1,0.0389
92874.87,792.0,1152,Baler,247442.5,56519.5,75,MN,0.8141,0,0,long_term,1,0.0392
30000.0,751.0,1121,Combine,221134.29,50582.79,55,IL,0.8138,0,0,low_income,0,0.1134
50848.45,645.0,1121,Baler,36503.2,23349.63,68,IA,0.6099,0,0,low_income,0,0.0879
73853.1,671.0,1111,Harvester,277405.58,67003.38,59,IA,0.8055,0,0,,0,0.0563
66430.34,791.0,3331,Planter,116175.91,11298.87,42,IN,0.9114,0,0,low_down_payment,1,0.0613
83909.29,678.0,1152,Loader,238769.09,72278.11,66,NE,0.7676,0,0,,1,0.0383
138416.8,701.0,1111,Planter,239683.86,36316.39,36,KS,0.8684,0,0,,1,0.024
249104.67,550.0,1112,Harvester,305285.82,39812.29,63,MN,0.8846,0,0,low_credit,1,0.2068
125766.21,695.0,4238,Skid Steer,153602.69,44473.01,52,IL,0.7755,0,0,,1,0.0219
30000.0,646.0,1119,Combine,136143.83,32879.97,51,ND,0.8055,0,0,low_income,0,0.1638
88032.7,607.0,1112,Tractor,57360.0,6198.74,63,ND,0.9025,0,0,low_down_payment;low_credit,1,0.1521
75151.25,641.0,1152,Harvester,202111.95,49010.61,40,MO,0.8048,0,0,,0,0.0682
136916.64,775.0,4238,Baler,124730.35,12606.02,65,SD,0.9082,0,0,low_down_payment,1,0.0467
106171.58,659.0,1119,Planter,158728.14,40073.15,54,IL,0.7984,0,0,,1,0.0422
85951.26,677.0,1119,Harvester,140571.49,17935.8,52,IN,0.8868,0,0,,1,0.0452
84620.51,641.0,1151,Skid Steer,250907.37,73684.28,81,IN,0.773,0,0,long_term,0,0.0891
30000.0,605.0,1111,Combine,228930.12,72583.14,62,KS,0.7593,0,0,low_income;low_credit,0,0.2056
30000.0,742.0,1152,Planter,245725.36,81103.62,72,SD,0.7518,0,0,low_income,1,0.1137
38753.21,701.0,1112,Harvester,240407.99,29484.98,59,NE,0.8908,0,0,low_income,0,0.123
117237.82,694.0,3331,Combine,165453.69,40951.39,55,IL,0.8016,0,0,,1,0.0252
72932.42,646.0,1151,Loader,108662.5,64465.84,66,ND,0.6276,0,0,,1,0.0521
66547.79,655.0,1112,Baler,62938.5,13419.26,65,IN,0.8243,0,0,,0,0.0947
143981.52,807.0,1119,Tractor,160334.07,77144.55,65,IL,0.6752,0,0,,1,0.0185
103606.91,696.0,1151,Sprayer,89519.47,29137.51,69,NE,0.7544,0,0,,1,0.0263
136587.13,648.0,1111,Combine,58030.73,18985.89,58,MN,0.7535,0,0,,1,0.0461
97615.32,687.0,3331,Loader,82702.87,41224.57,48,SD,0.6673,0,0,,1,0.0147
123444.18,600.0,1121,Tractor,291907.22,47523.8,60,MO,0.86,0,0,low_credit,0,0.1329
179405.85,700.0,1111,Tractor,266048.45,55814.71,58,IL,0.8266,0,0,,1,0.0288
126537.08,659.0,1152,Skid Steer,62722.28,1540.51,37,IL,0.976,0,0,high_ltv;low_down_payment,1,0.0722
121987.66,725.0,1152,Skid Steer,311695.7,18582.37,62,ND,0.9437,0,0,low_down_payment,0,0.0503
175369.75,651.0,1151,Loader,144037.76,12139.03,70,IA,0.9223,0,1,low_down_payment;bankruptcy,1,0.2081
113012.25,540.0,1113,Sprayer,182171.8,34372.02,55,NE,0.8413,0,0,low_credit,0,0.1971
143481.34,736.0,1119,Loader,45059.21,6566.36,67,WI,0.8728,0,0,,1,0.0385
74613.06,644.0,1113,Sprayer,163466.14,24360.97,36,KS,0.8703,0,0,,1,0.0767
91589.94,717.0,1111,Skid Steer,169257.01,30321.32,54,MO,0.8481,0,0,,1,0.0293
31429.75,719.0,1151,Sprayer,104074.09,44024.42,52,MO,0.7027,0,0,low_income,1,0.0791
68995.27,719.0,1111,Tractor,187576.27,28538.95,78,ND,0.8679,0,0,long_term,1,0.0794
167029.74,708.0,1121,Tractor,135713.86,53393.84,61,IN,0.7177,0,0,,1,0.0204
108721.43,748.0,4238,Planter,240567.06,72063.32,78,IA,0.7695,0,0,long_term,1,0.0351
192431.87,615.0,1111,Combine,243743.24,68039.61,59,SD,0.7818,0,0,low_credit,1,0.0906
104049.11,592.0,1113,Combine,192191.62,58010.87,72,MN,0.7681,0,0,low_credit,0,0.129
46395.58,722.0,1152,Tractor,286829.92,27914.68,68,WI,0.9113,0,0,low_down_payment;low_income,1,0.1321
130545.6,639.0,1119,Skid Steer,73500.36,24111.04,44,MO,0.753,0,0,low_credit,1,0.0484
104240.99,685.0,1152,Tractor,258614.78,33824.53,73,IN,0.8843,1,0,long_term;prior_default,1,0.1364
54515.32,661.0,1152,Harvester,317404.88,32441.77,56,WI,0.9073,0,0,low_down_payment;low_income,0,0.1402
108553.51,609.0,1151,Loader,43951.28,11678.87,65,NE,0.7901,0,0,low_credit,0,0.1063
30000.0,712.0,1121,Combine,199207.14,105960.37,71,SD,0.6528,0,0,low_income,1,0.0866
49300.56,679.0,1113,Combine,108706.46,55141.28,54,IA,0.6635,0,0,low_income,1,0.0577
98595.37,738.0,1151,Sprayer,68546.29,12262.46,62,KS,0.8483,0,0,,1,0.0329
153782.12,636.0,3331,Baler,282648.63,57106.6,51,NE,0.8319,0,0,low_credit,1,0.0718
127922.21,677.0,1113,Combine,150040.41,25370.11,49,MO,0.8554,0,0,,1,0.0352
154897.78,717.0,1119,Combine,84560.86,26493.97,52,IA,0.7614,0,0,,1,0.0208
152841.89,715.0,1152,Harvester,67929.61,26288.59,42,WI,0.721,0,0,,1,0.0154
155582.53,663.0,1152,Sprayer,109162.86,17423.92,53,IN,0.8624,0,0,,0,0.0484
76472.19,684.0,1152,Harvester,153874.44,39497.93,75,IN,0.7957,0,0,long_term,1,0.0566
63016.44,640.0,1151,Sprayer,168915.91,39266.35,57,MN,0.8114,0,0,,1,0.1075
171893.99,790.0,1121,Baler,115933.96,53512.84,60,MN,0.6842,0,0,,1,0.0177
38969.13,657.0,1121,Baler,120855.0,23234.05,57,MO,0.8388,0,0,low_income,1,0.1489
79734.57,666.0,1111,Sprayer,211934.09,82620.69,72,MN,0.7195,0,0,,1,0.0475
107995.56,756.0,1112,Tractor,102553.79,21889.88,72,KS,0.8241,0,0,,1,0.0351
163643.28,657.0,1121,Tractor,46572.23,10544.91,65,NE,0.8154,0,0,,1,0.0536
58207.12,679.0,1121,Tractor,115022.5,41596.97,84,NE,0.7344,0,0,low_income;long_term,1,0.0907
126997.33,650.0,1112,Skid Steer,302874.14,42158.32,55,NE,0.8778,0,0,,1,0.0641
163137.35,667.0,1112,Planter,145740.92,43535.63,47,NE,0.77,0,0,,1,0.03
86552.52,644.0,1121,Planter,153668.43,50120.98,61,IL,0.7541,0,0,,1,0.0552
155806.86,623.0,1151,Baler,91459.4,15481.79,72,IL,0.8552,0,0,low_credit,1,0.1141
143821.44,639.0,1113,Baler,190235.62,72894.98,49,MN,0.723,0,0,low_credit,1,0.0468
100328.67,674.0,1121,Harvester,154880.66,41467.57,60,IN,0.7888,0,0,,1,0.0346
53794.54,778.0,1121,Loader,215590.85,27877.77,78,NE,0.8855,0,0,low_income;long_term,0,0.1204
55219.4,678.0,1112,Planter,277544.99,61911.26,78,MO,0.8176,0,0,low_income;long_term,0,0.1138
115916.55,656.0,1152,Tractor,227185.78,50758.73,59,NE,0.8174,0,0,,0,0.0508
66917.58,734.0,1152,Skid Steer,127494.13,60733.89,51,SD,0.6773,0,0,,1,0.0282
30000.0,652.0,3331,Tractor,160389.98,28171.16,84,MN,0.8506,0,0,low_income;long_term,0,0.2078
135878.9,675.0,1152,Baler,179708.39,41635.79,50,IL,0.8119,0,0,,1,0.0316
129829.51,703.0,3331,Loader,116901.08,31494.98,71,IA,0.7878,0,0,,1,0.0304
89998.87,699.0,1113,Combine,105086.06,50853.98,45,IN,0.6739,0,0,,1,0.0135
144083.85,658.0,1111,Loader,127735.09,48030.14,68,IL,0.7267,0,0,,1,0.0407
217401.94,695.0,4238,Loader,271794.93,76745.71,60,SD,0.7798,1,0,prior_default,1,0.0795
106419.63,654.0,1113,Skid Steer,136866.98,20169.58,63,MO,0.8716,0,0,,1,0.065
30000.0,677.0,1152,Tractor,268812.78,42780.76,84,MN,0.8627,0,0,low_income;long_term,1,0.1848
176751.9,661.0,1121,Sprayer,81975.29,22036.81,78,SD,0.7881,0,0,long_term,1,0.0602
113628.75,671.0,4238,Baler,165818.97,51155.79,57,NE,0.7642,0,0,,1,0.032
89957.3,678.0,1152,Planter,191035.42,3774.01,56,MN,0.9806,0,0,high_ltv;low_down_payment,0,0.0696
123963.91,659.0,1112,Sprayer,192407.38,76288.91,53,KS,0.7161,0,0,,1,0.0313
30000.0,671.0,1113,Tractor,248995.6,38034.69,42,MO,0.8675,1,0,low_income;prior_default,0,0.2222
210900.79,687.0,1151,Sprayer,100517.13,16869.03,64,IA,0.8563,0,0,,1,0.0368
106615.15,779.0,1119,Baler,230535.19,64936.06,81,NE,0.7802,0,0,long_term,1,0.038
153883.26,671.0,3331,Tractor,301918.28,5442.55,38,IL,0.9823,0,0,high_ltv;low_down_payment,1,0.0617
36912.74,708.0,3331,Combine,102509.36,38446.92,64,MN,0.7272,0,0,low_income,0,0.0869
78974.94,708.0,1152,Baler,250892.68,18816.77,80,SD,0.9302,0,0,low_down_payment;long_term,1,0.0858
100041.86,674.0,1151,Combine,71409.4,16326.66,55,MN,0.8139,0,0,,1,0.0352
121628.31,662.0,1119,Combine,167574.5,82584.3,52,IN,0.6699,1,1,prior_default;bankruptcy,0,0.1714
38137.93,700.0,1152,Tractor,151028.62,47490.21,62,ND,0.7608,0,0,low_income,1,0.0912
54420.88,675.0,1151,Tractor,251688.59,95862.5,36,SD,0.7242,0,0,low_income,1,0.0526
112749.55,719.0,1112,Skid Steer,117639.63,6260.54,44,IN,0.9495,0,0,low_down_payment,1,0.0398
122511.74,760.0,4238,Baler,265634.67,23396.71,50,IL,0.9191,0,0,low_down_payment,1,0.0391
89671.44,698.0,1152,Planter,75885.48,16015.69,51,SD,0.8257,0,0,,1,0.0261
173631.79,648.0,1151,Sprayer,168757.51,38086.29,71,SD,0.8159,0,0,,1,0.0667
92552.16,759.0,1119,Loader,160520.03,17121.01,66,ND,0.9036,0,0,low_down_payment,1,0.0466
102464.57,716.0,1111,Baler,262518.75,23139.91,62,MN,0.919,0,0,low_down_payment,1,0.0464
119159.85,622.0,1119,Tractor,105448.66,30745.53,73,ND,0.7743,0,0,low_credit;long_term,1,0.1016
80589.92,620.0,1152,Combine,176760.39,100432.47,55,IN,0.6377,0,0,low_credit,1,0.0642
177855.78,704.0,1152,Tractor,116857.61,36308.0,57,SD,0.7629,0,0,,1,0.0226
66643.24,756.0,1112,Loader,150311.91,52024.9,68,IL,0.7429,1,0,prior_default,0,0.1194
38876.15,701.0,1111,Combine,152422.57,26055.95,70,NE,0.854,0,0,low_income,1,0.1241
157190.15,636.0,1112,Skid Steer,127989.32,1356.41,46,MN,0.9895,0,0,high_ltv;low_down_payment;low_credit,1,0.1226
117568.16,634.0,4238,Planter,34958.53,10055.87,63,SD,0.7766,0,0,low_credit,1,0.0719
83631.04,725.0,1151,Tractor,230335.59,61472.09,67,ND,0.7893,0,0,,1,0.0341
30000.0,722.0,1151,Sprayer,265814.2,59976.73,49,WI,0.8159,0,0,low_income,1,0.1076
109655.03,657.0,4238,Harvester,154257.22,44028.74,49,KS,0.778,0,0,,1,0.0382
127746.88,756.0,1112,Planter,125259.57,28745.8,84,IA,0.8133,0,0,long_term,1,0.0444
74595.52,724.0,3331,Tractor,185941.11,0.0,60,MN,1.0,0,0,high_ltv;low_down_payment,1,0.0909
124517.33,683.0,1112,Planter,300087.78,49151.28,62,MN,0.8593,0,0,,1,0.0383
135708.38,714.0,1121,Skid Steer,121443.7,33892.66,61,WI,0.7818,1,0,prior_default,1,0.0809
48443.05,706.0,1111,Baler,64585.35,50351.45,45,SD,0.5619,0,0,low_income,1,0.0307
133201.91,687.0,4238,Tractor,324014.39,5272.16,54,KS,0.984,1,1,high_ltv;low_down_payment;prior_default;bankruptcy,0,0.2533
112278.54,699.0,1119,Sprayer,220137.87,90950.44,55,KS,0.7076,0,0,,1,0.0179
90489.45,745.0,1121,Tractor,74230.61,30264.36,51,MN,0.7104,0,0,,1,0.017
70687.45,650.0,1113,Combine,84580.02,26834.04,68,MO,0.7592,0,0,,1,0.0795
201885.15,621.0,1111,Planter,191512.71,63794.9,51,MO,0.7501,0,0,low_credit,1,0.0688
151345.53,632.0,1121,Sprayer,222188.19,51642.13,58,NE,0.8114,0,0,low_credit,1,0.0777
104782.96,661.0,1152,Harvester,103828.45,16816.16,57,MN,0.8606,0,0,,1,0.0526
116519.32,691.0,1152,Loader,267949.56,57027.32,58,IA,0.8245,0,0,,1,0.0286
210723.73,661.0,1121,Loader,71224.11,27039.76,49,ND,0.7248,0,0,,1,0.0292
131633.79,660.0,4238,Planter,84275.46,28630.29,66,MO,0.7464,0,0,,1,0.0409
141590.11,732.0,1113,Skid Steer,101884.5,34688.58,78,IA,0.746,1,0,long_term;prior_default,0,0.0951
148292.04,741.0,1152,Harvester,271932.22,31924.92,52,IL,0.8949,0,0,,1,0.0334
121494.9,681.0,1111,Skid Steer,105676.67,5086.86,76,MN,0.9541,0,0,high_ltv;low_down_payment;long_term,1,0.0853
134415.75,699.0,3331,Combine,105679.77,21452.43,52,SD,0.8313,0,0,,1,0.0268
193695.37,737.0,3331,Tractor,180532.78,52806.25,64,MO,0.7737,0,0,,1,0.0261
38385.77,659.0,1121,Combine,240267.27,58139.32,36,MN,0.8052,0,0,low_income,0,0.1142
99905.35,666.0,1152,Baler,182621.96,51024.35,66,KS,0.7816,0,0,,1,0.0421
61011.39,670.0,4238,Sprayer,169448.35,37627.07,84,NE,0.8183,0,0,long_term,0,0.1115
119356.85,739.0,1152,Harvester,61818.16,9690.09,62,NE,0.8645,0,0,,1,0.0348
171650.51,804.0,1121,Loader,181145.64,67216.35,69,WI,0.7294,0,0,,1,0.024
75250.54,711.0,1121,Loader,206438.97,81152.4,66,MN,0.7178,0,0,,1,0.0326
184458.14,704.0,1152,Planter,90283.02,15819.52,39,IL,0.8509,0,0,,1,0.0236
67459.21,617.0,1113,Sprayer,239515.16,21938.4,52,IL,0.9161,0,0,low_down_payment;low_credit,0,0.1721
139461.84,650.0,3331,Sprayer,125472.63,16061.11,68,IA,0.8865,0,0,,1,0.077
82854.56,684.0,1112,Baler,250411.74,37869.18,61,SD,0.8686,0,0,,1,0.0462
125812.17,732.0,4238,Harvester,136111.88,57869.76,77,WI,0.7017,0,0,long_term,1,0.0273
143537.5,713.0,1151,Sprayer,121480.3,81553.01,70,NE,0.5983,0,0,,1,0.015
31811.73,734.0,3331,Tractor,48756.35,8951.58,38,WI,0.8449,0,0,low_income,1,0.1005
79925.64,589.0,1151,Combine,220475.06,12861.61,52,IN,0.9449,0,0,low_down_payment;low_credit,0,0.1948
133221.58,679.0,1121,Sprayer,181965.39,41414.39,46,NE,0.8146,0,0,,1,0.0279
155519.73,629.0,1121,Harvester,114967.98,24967.26,81,MN,0.8216,0,0,low_credit;long_term,1,0.1141
186981.8,770.0,1113,Skid Steer,111403.51,65171.92,61,MO,0.6309,0,0,,1,0.0148
84260.75,666.0,1152,Baler,171049.46,75695.53,54,WI,0.6932,0,0,,1,0.0302
204824.78,747.0,1119,Baler,270290.81,61844.93,84,MN,0.8138,0,0,long_term,1,0.0444
151109.1,583.0,1112,Combine,138584.09,602.35,71,MO,0.9957,0,0,high_ltv;low_down_payment;low_credit,1,0.2267
155453.11,682.0,1111,Tractor,208764.76,42594.52,40,IL,0.8305,0,0,,1,0.0256
138021.6,674.0,1151,Sprayer,31788.96,19732.44,67,MN,0.617,0,1,bankruptcy,1,0.0811
156309.03,654.0,3331,Baler,89545.45,2608.35,61,NE,0.9717,0,0,high_ltv;low_down_payment,1,0.1013
80850.4,592.0,1121,Baler,84587.07,18829.56,69,IL,0.8179,0,0,low_credit,0,0.1583
75493.89,713.0,1113,Sprayer,110387.63,28801.49,61,MN,0.7931,0,0,,1,0.0391
30017.5,639.0,1121,Tractor,131999.89,48865.55,39,MO,0.7298,0,0,low_income;low_credit,0,0.1433
118959.27,733.0,1151,Harvester,212546.57,19204.19,54,IA,0.9171,0,0,low_down_payment,1,0.0412
111014.66,586.0,1121,Harvester,88701.88,38442.5,71,IL,0.6976,0,0,low_credit,1,0.1143
138960.68,707.0,1151,Skid Steer,92924.32,4907.18,48,ND,0.9498,0,0,low_down_payment,1,0.0422
116145.01,766.0,1152,Sprayer,186682.72,22694.95,42,SD,0.8916,0,0,,1,0.0285
114459.01,587.0,3331,Tractor,210706.11,64744.83,84,WI,0.7649,0,0,low_credit;long_term,1,0.1541
95377.0,590.0,1119,Combine,51492.26,17548.1,65,WI,0.7458,0,0,low_credit,1,0.1168
137223.67,651.0,1113,Harvester,212849.26,27909.32,69,MO,0.8841,0,0,,1,0.0766
92789.74,715.0,1151,Sprayer,223638.09,69198.68,59,SD,0.7637,0,0,,1,0.0234
43186.59,653.0,1111,Sprayer,150944.93,34357.37,48,MO,0.8146,0,0,low_income,0,0.1287
128392.42,723.0,3331,Combine,35104.92,11628.87,57,WI,0.7512,0,0,,0,0.0217
65346.58,761.0,1121,Baler,284365.27,32441.21,37,MO,0.8976,0,0,,0,0.0512
90143.35,666.0,1121,Baler,58368.54,34398.28,51,KS,0.6292,0,0,,0,0.0196
97689.76,762.0,1119,Sprayer,195378.18,23736.12,42,WI,0.8917,0,0,,1,0.0285
73747.25,642.0,1111,Skid Steer,229199.21,63739.19,53,NE,0.7824,0,0,,1,0.0753
93673.25,604.0,1152,Tractor,167440.7,30484.53,59,SD,0.846,0,0,low_credit,0,0.1224
30000.0,753.0,4238,Planter,161477.07,21150.54,70,KS,0.8842,0,0,low_income,1,0.1517
139476.51,800.0,1152,Harvester,308061.11,37344.11,59,ND,0.8919,0,0,,1,0.0366
101833.16,729.0,1111,Harvester,235338.76,82684.1,40,MO,0.74,0,0,,1,0.016
90870.5,646.0,1111,Sprayer,306081.7,42100.63,72,IA,0.8791,0,0,,1,0.0839
43728.91,717.0,3331,Harvester,179998.93,75812.84,36,SD,0.7036,1,0,low_income;prior_default,0,0.1248
87878.56,681.0,1113,Planter,270737.83,61240.59,46,IN,0.8155,0,0,,1,0.0288
91145.44,705.0,1111,Skid Steer,188457.94,0.0,36,MN,1.0,0,0,high_ltv;low_down_payment,1,0.0465
120596.82,640.0,1151,Skid Steer,150363.56,34428.2,72,MO,0.8137,0,0,low_credit,1,0.0821
215998.92,631.0,1121,Sprayer,187481.38,32791.44,60,WI,0.8511,0,0,low_credit,1,0.0899
86875.05,659.0,1152,Tractor,196618.34,53781.07,77,MO,0.7852,0,0,long_term,1,0.0654
104731.37,560.0,4238,Skid Steer,150397.66,80836.95,71,SD,0.6504,0,0,low_credit,1,0.1312
205811.32,672.0,1151,Tractor,69346.37,22891.02,65,IL,0.7518,0,0,,1,0.034
117085.71,698.0,1111,Planter,132423.95,18566.01,61,ND,0.877,0,0,,1,0.0358
225876.1,692.0,1112,Skid Steer,290453.39,37853.39,73,ND,0.8847,0,0,long_term,1,0.0483
145648.79,710.0,1151,Sprayer,168921.4,82732.89,78,MO,0.6712,0,0,long_term,1,0.0248
87321.2,700.0,1152,Skid Steer,154586.53,30230.25,54,KS,0.8364,0,0,,1,0.0302
30000.0,678.0,4238,Sprayer,191474.54,35779.27,48,IN,0.8426,1,0,low_income;prior_default,0,0.2132
181415.24,622.0,1121,Combine,265546.21,42455.16,62,KS,0.8622,0,0,low_credit,1,0.1066
128297.39,760.0,1113,Tractor,90168.17,19519.96,68,IA,0.822,0,0,,1,0.0328
65342.42,638.0,3331,Tractor,163704.12,17832.35,59,KS,0.9018,0,0,low_down_payment;low_credit,0,0.151
143104.25,666.0,1111,Planter,116640.67,51551.77,75,WI,0.6935,0,0,long_term,1,0.0391
99088.14,638.0,1119,Loader,193077.22,44779.25,36,MO,0.8117,0,0,low_credit,1,0.0536
96905.66,631.0,4238,Skid Steer,185338.01,26618.78,36,IA,0.8744,0,0,low_credit,1,0.0722
132532.77,731.0,1112,Sprayer,288189.75,57821.79,68,IN,0.8329,0,0,,1,0.0341
114000.01,715.0,1119,Sprayer,306036.25,40839.44,57,IA,0.8823,0,0,,1,0.0344
113814.21,609.0,1151,Combine,110292.89,40293.52,61,IN,0.7324,0,0,low_credit,1,0.0865
64326.95,738.0,4238,Skid Steer,65011.63,20512.79,68,MN,0.7602,0,0,,1,0.0509
67649.12,630.0,1121,Skid Steer,201170.72,58135.41,66,KS,0.7758,0,0,low_credit,1,0.1192
30000.0,628.0,4238,Loader,116255.85,41786.14,54,SD,0.7356,0,0,low_income;low_credit,0,0.1715
66900.64,622.0,1121,Sprayer,216916.82,72057.27,49,MO,0.7506,0,0,low_credit,0,0.1058
116700.8,663.0,1121,Baler,120005.25,27821.86,68,IA,0.8118,0,0,,1,0.0501
86030.33,642.0,1151,Planter,260274.37,36125.46,68,IN,0.8781,0,0,,0,0.0911
188858.29,711.0,1111,Harvester,152582.7,11591.94,65,IA,0.9294,0,0,low_down_payment,1,0.05
57440.09,774.0,1112,Loader,42701.8,9441.56,67,WI,0.8189,0,0,low_income,1,0.0772
119666.05,693.0,1152,Skid Steer,150866.58,35382.68,74,SD,0.81,0,0,long_term,1,0.0381
124151.42,602.0,4238,Sprayer,209182.62,91133.15,61,MO,0.6965,0,0,low_credit,1,0.0859
117423.61,736.0,1119,Loader,87323.94,27977.92,78,NE,0.7574,0,0,long_term,1,0.0337
89964.22,742.0,1152,Harvester,46088.03,8068.6,58,WI,0.851,0,0,,1,0.0314
78252.23,626.0,3331,Baler,124882.12,46687.27,78,NE,0.7279,0,0,low_credit;long_term,0,0.1096
167824.38,701.0,1151,Planter,150236.33,27848.88,84,IN,0.8436,0,0,long_term,1,0.049
107435.97,710.0,1151,Harvester,88884.98,9019.93,53,IL,0.9079,0,0,low_down_payment,1,0.0394
45796.3,731.0,3331,Baler,161099.34,61166.02,60,IN,0.7248,0,0,low_income,1,0.0687
56811.3,673.0,1152,Baler,170589.51,52982.06,60,MO,0.763,0,0,low_income,1,0.0777
182544.4,636.0,3331,Tractor,66828.31,28514.5,43,NE,0.7009,0,0,low_credit,1,0.0422
123095.9,676.0,1113,Combine,157293.67,46115.17,43,MN,0.7733,0,0,,1,0.0243
147444.48,705.0,4238,Skid Steer,244634.68,54756.12,60,MO,0.8171,0,0,,1,0.0287
142186.69,733.0,1121,Skid Steer,159521.09,59370.83,63,NE,0.7288,0,0,,1,0.0219
101505.19,683.0,1113,Tractor,52926.04,11079.12,44,WI,0.8269,0,0,,1,0.0266
118443.36,647.0,1113,Loader,255704.77,79331.04,68,IA,0.7632,0,0,,1,0.0547
79324.1,745.0,1152,Loader,140866.59,38502.36,48,MO,0.7853,0,0,,1,0.0285
163588.04,690.0,4238,Baler,292769.54,57217.37,36,MN,0.8365,0,0,,1,0.0216
93896.29,638.0,1121,Combine,51525.04,7147.76,66,MO,0.8782,0,0,low_credit,0,0.0939
99497.43,689.0,1151,Skid Steer,84226.59,28299.95,72,NE,0.7485,0,0,,1,0.0271
85023.96,698.0,1121,Baler,143856.63,35938.25,57,IA,0.8001,0,0,,1,0.0295
134631.24,672.0,3331,Skid Steer,85839.09,6538.41,75,MN,0.9292,0,0,low_down_payment;long_term,1,0.0818
199226.3,710.0,1121,Planter,218919.63,49812.62,48,MN,0.8146,0,0,,1,0.0238
65886.57,736.0,1111,Skid Steer,165963.26,56382.23,63,MO,0.7464,0,0,,1,0.0437
108689.38,698.0,1121,Harvester,224504.37,77705.58,53,KS,0.7429,0,0,,1,0.0198
107975.78,759.0,1113,Planter,247059.5,30477.46,70,WI,0.8902,0,0,,1,0.0426
143211.04,691.0,1151,Harvester,84448.87,10114.7,64,KS,0.893,0,0,,1,0.0395
120674.68,558.0,1151,Planter,227023.3,69300.98,50,NE,0.7661,0,0,low_credit,1,0.1472
145838.53,798.0,1113,Planter,145028.04,23096.81,68,IL,0.8626,0,0,,1,0.0378
112585.21,623.0,1152,Combine,88840.12,28825.01,51,MO,0.755,0,0,low_credit,1,0.0683
115218.72,733.0,1119,Planter,79432.19,22311.34,63,ND,0.7807,0,0,,1,0.0264
136229.0,736.0,1151,Sprayer,176562.79,23590.56,54,SD,0.8821,0,0,,0,0.0329
95771.67,674.0,1152,Baler,207888.73,86664.47,56,IA,0.7058,0,0,,1,0.0242
99900.45,743.0,1121,Baler,110280.92,24670.85,59,KS,0.8172,0,0,,0,0.0283
90779.87,712.0,1152,Harvester,126398.52,39828.51,84,SD,0.7604,0,0,long_term,0,0.0371
98206.66,671.0,1111,Combine,171972.62,50797.41,51,IL,0.772,0,0,,1,0.0299
106035.08,826.0,1151,Harvester,143868.64,49379.52,53,IL,0.7445,0,0,,1,0.0199
144239.95,706.0,4238,Skid Steer,87348.51,5355.86,69,IL,0.9422,0,0,low_down_payment,1,0.0551
124129.34,685.0,1113,Loader,209835.32,33326.42,51,ND,0.8629,0,0,,1,0.0323
61585.32,650.0,1111,Tractor,245816.49,12720.27,50,IL,0.9508,0,0,high_ltv;low_down_payment,0,0.1479
156670.11,649.0,1113,Harvester,267570.84,57692.36,60,MN,0.8226,0,0,,1,0.0586
92855.79,669.0,3331,Sprayer,74623.49,13772.15,81,MO,0.8442,0,0,long_term,1,0.0662
100129.25,663.0,4238,Baler,159378.39,54716.44,79,ND,0.7444,0,0,long_term,1,0.051
43907.54,586.0,1121,Planter,134838.43,23123.95,57,MN,0.8536,0,0,low_income;low_credit,0,0.2275
96259.63,744.0,1152,Loader,239259.2,89555.25,45,IL,0.7276,0,0,,1,0.0165
124937.36,691.0,1119,Sprayer,130762.17,33547.83,77,IA,0.7958,0,0,long_term,1,0.0379
255687.15,741.0,4238,Sprayer,162362.11,35133.55,63,NE,0.8221,0,0,,1,0.0305
109545.43,781.0,1152,Skid Steer,175325.02,42673.98,58,KS,0.8042,0,0,,1,0.0266
95258.33,725.0,4238,Sprayer,73508.11,11341.38,51,IN,0.8663,0,0,,1,0.0298
67231.38,633.0,1113,Loader,190484.15,16709.83,50,IN,0.9194,0,0,low_down_payment;low_credit,1,0.1494
88322.32,636.0,1119,Baler,88554.75,4207.94,63,MN,0.9546,0,0,high_ltv;low_down_payment;low_credit,0,0.1352
107449.5,787.0,3331,Sprayer,91827.58,23648.15,84,MN,0.7952,0,1,long_term;bankruptcy,1,0.1341
125520.09,701.0,1151,Sprayer,89101.08,4806.4,52,MO,0.9488,0,0,low_down_payment,1,0.0445
86357.74,718.0,1151,Combine,95478.25,12215.03,43,KS,0.8866,0,0,,1,0.0313
100935.9,757.0,1113,Baler,317947.78,29821.74,72,MN,0.9142,0,0,low_down_payment,1,0.0524
206826.42,639.0,1119,Sprayer,233611.68,84053.82,67,ND,0.7354,0,0,low_credit,1,0.0614
97923.02,622.0,1119,Combine,279622.14,37058.43,60,MN,0.883,0,0,low_credit,1,0.1094
70831.43,707.0,4238,Baler,286197.6,39007.14,55,IN,0.8801,0,0,,0,0.0539
191134.67,724.0,1113,Skid Steer,269475.66,11169.36,54,KS,0.9602,0,0,high_ltv;low_down_payment,1,0.0525
86490.51,674.0,1151,Combine,221479.91,36721.47,57,ND,0.8578,0,0,,1,0.0453
148204.33,680.0,3331,Harvester,301321.04,21950.09,71,NE,0.9321,0,0,low_down_payment,1,0.0645
151483.99,734.0,1111,Harvester,47132.2,13427.3,64,WI,0.7783,0,0,,1,0.0265
134471.62,629.0,1152,Harvester,241400.26,11473.25,46,IN,0.9546,0,0,high_ltv;low_down_payment;low_credit,1,0.1219
128256.51,711.0,1112,Tractor,80564.82,24474.11,57,ND,0.767,0,0,,1,0.0229
30334.85,664.0,1151,Combine,197326.97,14280.43,47,IA,0.9325,0,0,low_down_payment;low_income,0,0.1841
57514.56,800.0,1111,Harvester,117876.11,33624.72,63,IL,0.7781,0,1,low_income;bankruptcy,0,0.1675
131223.32,718.0,1152,Skid Steer,101771.63,23757.07,61,ND,0.8107,0,0,,1,0.0285
115698.48,685.0,1151,Planter,112141.42,22104.96,59,KS,0.8353,0,0,,0,0.0328
98298.87,773.0,1113,Loader,84850.61,13167.29,56,MO,0.8657,0,0,,1,0.032
134610.87,758.0,1151,Harvester,206836.4,45154.83,42,NE,0.8208,0,0,,1,0.0222
128584.19,687.0,1119,Skid Steer,158355.95,28720.65,56,ND,0.8465,0,1,bankruptcy,1,0.1151
126643.19,725.0,1119,Loader,273366.33,38814.14,63,IA,0.8757,0,0,,1,0.0367
144832.28,708.0,1151,Skid Steer,87182.24,12804.43,84,IN,0.8719,0,0,long_term,1,0.0538
51342.73,775.0,1119,Tractor,117481.16,27397.43,73,MO,0.8109,0,0,low_income;long_term,1,0.0987
124403.63,657.0,1121,Skid Steer,215590.91,39822.14,65,IL,0.8441,0,0,,1,0.0589
72275.5,714.0,1152,Harvester,275880.72,51157.19,61,KS,0.8436,0,0,,1,0.0502
117957.36,637.0,4238,Skid Steer,313142.1,8398.89,55,IA,0.9739,0,0,high_ltv;low_down_payment;low_credit,0,0.1266
156289.92,658.0,1152,Skid Steer,201264.34,54376.65,60,SD,0.7873,0,0,,1,0.045
47698.94,756.0,1112,Sprayer,184559.05,47623.17,44,IL,0.7949,0,0,low_income,0,0.0672
59192.99,599.0,1113,Loader,144323.83,67311.37,54,IA,0.6819,0,0,low_income;low_credit,0,0.1392
121394.23,739.0,1112,Combine,213784.07,59124.85,44,IN,0.7834,0,0,,1,0.02
34152.64,657.0,3331,Tractor,70885.28,13833.98,66,IN,0.8367,0,0,low_income,1,0.1673
121283.46,649.0,1151,Skid Steer,129068.6,18949.97,62,WI,0.872,0,0,,1,0.0695
30000.0,652.0,1151,Baler,83493.93,5165.9,84,MO,0.9417,0,0,low_down_payment;low_income;long_term,0,0.2398
157969.4,723.0,1151,Skid Steer,76096.03,21168.84,74,KS,0.7824,0,0,long_term,1,0.0347
51939.14,641.0,1152,Combine,55861.51,9802.62,48,KS,0.8507,0,0,low_income,0,0.1386
52557.59,643.0,1152,Harvester,267605.12,0.0,36,MO,1.0,0,0,high_ltv;low_down_payment;low_income,1,0.1863
120312.08,737.0,1119,Combine,77245.65,18079.21,61,IL,0.8103,0,0,,1,0.0284
62496.98,556.0,3331,Planter,108890.45,29184.5,62,IN,0.7886,0,0,low_credit,0,0.2098
165711.22,632.0,1151,Harvester,252502.83,59566.96,69,KS,0.8091,0,0,low_credit,0,0.0871
71827.26,654.0,1112,Loader,56460.47,20048.8,57,ND,0.738,0,0,,1,0.0605
101171.0,683.0,1119,Skid Steer,303516.16,36410.89,43,KS,0.8929,0,0,,1,0.0328
81450.4,695.0,3331,Planter,207330.59,93001.6,54,SD,0.6903,0,0,,1,0.0209
48399.3,683.0,1119,Planter,45948.8,16630.02,61,WI,0.7343,0,0,low_income,1,0.0748
90055.9,653.0,1151,Loader,177810.31,13833.79,79,NE,0.9278,0,0,low_down_payment;long_term,0,0.1101
45959.43,659.0,1151,Sprayer,88648.67,29485.41,61,SD,0.7504,0,0,low_income,1,0.1101
110168.5,673.0,1119,Baler,116515.55,47726.88,47,ND,0.7094,0,0,,1,0.0218
30000.0,739.0,3331,Loader,172969.8,30025.34,53,SD,0.8521,0,0,low_income,1,0.1224
30000.0,706.0,4238,Skid Steer,91194.03,9839.36,48,MO,0.9026,0,0,low_down_payment;low_income,1,0.1405
71852.43,684.0,1121,Sprayer,88713.78,13850.69,61,MN,0.865,0,0,,1,0.0595
132667.77,687.0,1152,Baler,269475.01,44131.22,70,WI,0.8593,0,0,,1,0.0405
86416.51,653.0,1152,Combine,77029.44,13099.74,52,KS,0.8547,0,0,,1,0.0594
108100.42,671.0,1111,Skid Steer,233721.05,43897.25,69,MO,0.8419,0,0,,1,0.0488
53754.02,618.0,4238,Skid Steer,87318.77,10464.61,54,IN,0.893,0,0,low_income;low_credit,1,0.1922
92669.64,751.0,1121,Combine,261757.66,44862.83,67,MN,0.8537,0,0,,1,0.0361
81047.64,626.0,1151,Sprayer,49988.96,18827.02,60,KS,0.7264,0,0,low_credit,0,0.081
30000.0,670.0,1113,Harvester,72692.78,6685.81,59,IL,0.9158,0,0,low_down_payment;low_income,1,0.1847
116192.86,654.0,1111,Combine,236030.7,41855.83,54,IA,0.8494,0,0,,1,0.0542
127461.52,801.0,1151,Planter,167700.11,33737.07,63,IL,0.8325,0,0,,1,0.0317
64267.01,636.0,1152,Tractor,132000.28,56172.55,61,NE,0.7015,0,0,low_credit,1,0.0928
100490.82,683.0,1121,Sprayer,50020.57,19097.55,67,MO,0.7237,0,0,,1,0.0259
206118.99,816.0,1113,Combine,49479.28,4911.67,57,MN,0.9097,0,0,low_down_payment,1,0.0419
107276.32,640.0,1119,Harvester,219553.93,47185.89,62,ND,0.8231,0,0,,1,0.0682
30000.0,636.0,1113,Sprayer,210448.48,19716.57,54,SD,0.9143,0,0,low_down_payment;low_income;low_credit,1,0.2241
123617.03,730.0,1119,Combine,131474.78,20119.56,52,IA,0.8673,0,0,,1,0.0304
188866.27,717.0,1121,Planter,252168.69,24197.19,40,SD,0.9124,0,0,low_down_payment,1,0.0331
140423.28,743.0,1119,Planter,48432.89,8867.52,70,KS,0.8452,0,0,,1,0.0366
172489.86,619.0,1152,Tractor,168869.7,14101.51,60,KS,0.9229,0,0,low_down_payment;low_credit,0,0.1335
47510.51,711.0,1152,Sprayer,109789.38,24774.16,51,NE,0.8159,0,0,low_income,1,0.0782
127427.33,737.0,1119,Combine,308820.25,35133.11,74,ND,0.8979,0,0,long_term,1,0.0511
227589.31,691.0,3331,Baler,235795.31,66035.96,71,NE,0.7812,0,0,,1,0.0297
84909.64,581.0,1119,Baler,281136.76,62547.21,40,WI,0.818,0,0,low_credit,0,0.1327
109812.66,734.0,1121,Baler,44864.24,7718.08,69,ND,0.8532,0,0,,1,0.0371
89190.29,704.0,1121,Skid Steer,182001.55,37679.01,54,MN,0.8285,0,0,,0,0.0279
106734.14,612.0,1111,Combine,52279.04,7254.91,75,MN,0.8781,1,0,low_credit;long_term;prior_default,0,0.2275
30000.0,594.0,1113,Skid Steer,242402.9,58197.55,50,IA,0.8064,0,0,low_income;low_credit,0,0.2195
103880.37,703.0,1111,Combine,191461.78,45598.17,64,MN,0.8077,0,0,,1,0.0294
84837.97,679.0,3331,Baler,39737.33,5994.25,46,IA,0.8689,0,0,,1,0.0387
133340.1,710.0,1112,Baler,177098.16,85664.64,52,IL,0.674,0,0,,1,0.0151
45439.47,674.0,1121,Harvester,53200.12,3450.36,49,WI,0.9391,0,0,low_down_payment;low_income,1,0.1431
155874.06,719.0,1119,Combine,144323.83,51287.71,63,WI,0.7378,0,0,,1,0.0226
73772.46,650.0,1151,Skid Steer,163487.05,46672.24,69,IN,0.7779,0,0,,1,0.0796
105533.39,745.0,1151,Planter,89471.15,7652.5,65,IN,0.9212,0,0,low_down_payment,1,0.0487
30000.0,620.0,1119,Sprayer,69811.81,17016.65,59,KS,0.804,0,0,low_income;low_credit,0,0.2041
75866.86,668.0,4238,Skid Steer,214151.65,44495.3,61,ND,0.828,0,0,,0,0.0621
137432.75,565.0,1152,Baler,77487.44,17613.25,52,SD,0.8148,0,0,low_credit,1,0.1554
117892.08,635.0,1121,Tractor,136573.27,66505.4,42,IN,0.6725,1,0,low_credit;prior_default,1,0.1046
155470.62,553.0,1111,Harvester,146869.74,36693.34,45,IN,0.8001,0,0,low_credit,0,0.1588
102316.69,583.0,1112,Planter,256153.46,60786.01,55,NE,0.8082,0,0,low_credit,1,0.1337
96631.28,658.0,1112,Baler,258646.91,34081.97,54,KS,0.8836,0,0,,1,0.057
75383.7,692.0,1151,Baler,156744.91,68462.05,36,MN,0.696,0,0,,1,0.0192
194086.66,631.0,1112,Loader,216716.98,64159.11,84,NE,0.7716,0,0,low_credit;long_term,1,0.1007
134878.6,767.0,1152,Harvester,188389.35,44572.96,68,IN,0.8087,0,0,,1,0.0313
126475.46,598.0,1152,Combine,104814.79,28020.23,55,NE,0.7891,0,0,low_credit,1,0.1084
156265.54,668.0,4238,Skid Steer,69035.55,24914.14,84,IN,0.7348,0,0,long_term,0,0.0489
99122.87,788.0,1113,Combine,296392.48,32589.24,50,MO,0.9009,0,0,low_down_payment,1,0.0368
115429.11,689.0,4238,Tractor,172625.75,63300.94,64,MO,0.7317,0,0,,1,0.023
94359.75,708.0,1112,Skid Steer,270739.86,67595.04,67,KS,0.8002,0,0,,1,0.03
99303.34,618.0,3331,Sprayer,138919.72,99.54,75,MN,0.9993,0,0,high_ltv;low_down_payment;low_credit;long_term,1,0.1955
158006.75,746.0,3331,Sprayer,27050.97,18118.72,84,ND,0.5989,1,0,long_term;prior_default,1,0.0663
97986.73,601.0,1112,Tractor,250327.55,61857.35,58,SD,0.8019,0,0,low_credit,0,0.1122
112923.51,635.0,1112,Loader,73774.27,24805.92,51,KS,0.7484,0,0,low_credit,1,0.056
59856.57,646.0,1113,Baler,132503.59,47942.43,54,IA,0.7343,0,0,low_income,1,0.0905
46388.33,596.0,1119,Tractor,127811.61,28979.58,79,MO,0.8152,0,0,low_income;low_credit;long_term,0,0.224
81381.06,635.0,3331,Sprayer,235925.51,84806.62,39,IN,0.7356,0,0,low_credit,1,0.0558
174672.02,744.0,1111,Planter,277543.59,40709.17,44,MN,0.8721,0,0,,1,0.0274
30000.0,648.0,4238,Loader,172823.56,27832.59,66,IA,0.8613,0,0,low_income,0,0.1929
124813.32,652.0,1113,Skid Steer,120225.15,11297.06,50,WI,0.9141,0,0,low_down_payment,0,0.0712
43239.5,727.0,1119,Combine,193520.32,30168.56,61,WI,0.8651,0,0,low_income,1,0.1087
104791.62,745.0,1112,Baler,110383.9,38423.44,71,ND,0.7418,0,0,,1,0.0259
81343.3,768.0,4238,Sprayer,65585.5,20366.04,39,WI,0.7631,1,0,prior_default,1,0.071
44155.26,633.0,1121,Tractor,95959.17,52161.3,47,NE,0.6478,0,0,low_income;low_credit,1,0.1101
115263.34,746.0,1112,Harvester,83516.48,15403.53,39,SD,0.8443,0,1,bankruptcy,1,0.0924
30000.0,690.0,1113,Baler,74265.93,10566.17,51,KS,0.8754,0,0,low_income,0,0.1272
133040.55,585.0,1113,Planter,197815.7,48145.28,54,ND,0.8043,0,0,low_credit,0,0.1292
48667.41,827.0,1121,Tractor,155876.45,29785.63,43,SD,0.8396,0,0,low_income,1,0.0744
161736.34,745.0,3331,Loader,117459.97,3363.87,66,KS,0.9722,0,0,high_ltv;low_down_payment,1,0.064
142158.64,651.0,1111,Tractor,220604.73,30169.73,68,ND,0.8797,0,0,,1,0.0742
128810.15,732.0,3331,Skid Steer,56640.9,16246.89,55,IA,0.7771,0,0,,1,0.0231
93544.89,646.0,4238,Baler,188967.98,40005.28,58,MN,0.8253,1,0,prior_default,1,0.145
148025.21,627.0,1111,Sprayer,116376.96,41752.42,66,IN,0.736,0,0,low_credit,0,0.0725
59340.06,726.0,1152,Planter,105014.72,14022.46,51,MN,0.8822,0,0,low_income,1,0.0738
139463.93,754.0,1121,Baler,206205.23,63517.83,44,WI,0.7645,1,0,prior_default,1,0.0626
128095.49,651.0,3331,Harvester,125153.3,35794.06,52,MO,0.7776,0,0,,1,0.0436
101377.05,709.0,1112,Planter,203849.31,37242.14,54,ND,0.8455,0,0,,1,0.029
49076.19,741.0,1152,Tractor,226107.87,45342.08,51,WI,0.833,0,0,low_income,1,0.0795
120646.74,685.0,1151,Planter,164327.34,19864.24,62,KS,0.8922,0,0,,0,0.0416
36033.82,615.0,1152,Planter,193391.88,32085.86,49,IL,0.8577,0,0,low_income;low_credit,0,0.2085
155279.62,561.0,1112,Skid Steer,206048.59,16475.2,58,SD,0.926,0,0,low_down_payment;low_credit,0,0.2097
88991.39,693.0,1119,Planter,89823.1,25188.87,49,WI,0.781,0,0,,1,0.022
130812.13,659.0,1121,Combine,195515.26,44781.27,59,IN,0.8136,0,0,,1,0.048
100527.06,655.0,1119,Loader,266619.12,26796.54,69,WI,0.9087,0,0,low_down_payment,0,0.0848
66128.78,684.0,3331,Skid Steer,109504.21,17202.0,76,KS,0.8642,0,0,long_term,0,0.0886
33883.12,661.0,1111,Planter,102463.91,25779.74,63,MN,0.799,0,0,low_income,0,0.1483
91967.58,690.0,4238,Baler,337054.91,0.0,76,KS,1.0,0,0,high_ltv;low_down_payment;long_term,0,0.0862
33245.37,722.0,1112,Sprayer,87667.24,6371.29,62,KS,0.9322,0,0,low_down_payment;low_income,0,0.1597
63891.29,611.0,4238,Skid Steer,113632.64,4593.75,43,IA,0.9611,0,0,high_ltv;low_down_payment;low_credit,0,0.201
164395.94,783.0,1113,Skid Steer,83011.99,21036.34,56,WI,0.7978,0,0,,1,0.0252
169648.21,714.0,3331,Planter,170161.5,4929.16,67,IL,0.9718,0,0,high_ltv;low_down_payment,1,0.0648
135562.11,714.0,1112,Sprayer,123307.16,30390.63,58,ND,0.8023,0,0,,1,0.0264
106451.4,669.0,1119,Loader,117093.73,21072.02,68,SD,0.8475,0,0,,1,0.0511
108454.2,645.0,1152,Planter,149818.51,35892.1,53,IA,0.8067,0,0,,1,0.0538
129894.85,739.0,1151,Sprayer,231849.1,69834.36,72,WI,0.7685,0,0,,1,0.0289
48156.27,755.0,3331,Baler,105935.43,10735.7,50,MO,0.908,0,0,low_down_payment;low_income,1,0.1069
49126.37,756.0,3331,Skid Steer,202252.21,49275.64,60,ND,0.8041,0,0,low_income,1,0.0811
198809.16,731.0,4238,Loader,238030.66,65309.18,55,MN,0.7847,0,0,,1,0.0237
53720.27,652.0,1113,Baler,70725.59,2314.86,78,IL,0.9683,0,0,high_ltv;low_down_payment;low_income;long_term,0,0.2139
30000.0,624.0,1119,Planter,165098.53,18237.89,53,IL,0.9005,1,0,low_down_payment;low_income;low_credit;prior_default,0,0.2661
153990.03,686.0,3331,Skid Steer,283889.2,28489.37,68,MN,0.9088,0,0,low_down_payment,1,0.0519
114490.51,783.0,1152,Skid Steer,237920.0,20701.64,71,IL,0.92,0,0,low_down_payment,1,0.0527
35835.39,719.0,1113,Baler,72102.16,21005.34,52,IN,0.7744,1,0,low_income;prior_default,1,0.1757
69210.48,760.0,1121,Combine,86518.2,30264.83,63,IA,0.7408,0,0,,1,0.0395
198317.34,643.0,1112,Baler,40028.39,6060.5,60,SD,0.8685,0,0,,1,0.0735
141438.41,732.0,1151,Harvester,97225.16,22280.89,72,IL,0.8136,0,0,,1,0.0338
107268.97,759.0,1113,Planter,128849.93,12545.75,59,IA,0.9113,0,0,low_down_payment,1,0.0434
175240.19,611.0,1151,Skid Steer,224803.41,52133.48,47,NE,0.8117,0,0,low_credit,1,0.0913
127141.61,646.0,1119,Harvester,231621.4,57388.98,60,NE,0.8014,0,0,,0,0.0569
83864.31,656.0,3331,Planter,220970.85,29826.67,38,SD,0.8811,0,0,,1,0.0544
130133.04,597.0,1151,Loader,206133.73,52532.92,77,IL,0.7969,0,0,low_credit;long_term,1,0.1436
81613.36,691.0,1113,Planter,234226.43,67954.19,56,KS,0.7751,1,1,prior_default;bankruptcy,1,0.191
30000.0,729.0,1111,Loader,229705.61,58798.46,59,MO,0.7962,0,0,low_income,1,0.1126
121700.67,797.0,1119,Sprayer,225360.95,104138.56,62,WI,0.6839,0,0,,1,0.0183
119198.75,668.0,1119,Harvester,66465.16,17466.75,55,KS,0.7919,0,0,,1,0.0357
30000.0,702.0,3331,Loader,151311.57,54557.14,44,KS,0.735,0,0,low_income,1,0.0818
112268.0,750.0,1111,Skid Steer,106205.66,22005.49,56,KS,0.8284,0,0,,1,0.0281
103478.3,641.0,1152,Baler,176472.63,17920.28,76,ND,0.9078,0,0,low_down_payment;long_term,0,0.117
102024.37,796.0,1113,Combine,186044.11,39077.16,80,IA,0.8264,0,0,long_term,1,0.0438
137415.26,682.0,1113,Harvester,166315.09,71190.34,78,WI,0.7003,0,0,long_term,1,0.0319
84700.9,705.0,1151,Harvester,84993.15,35461.4,75,SD,0.7056,1,0,long_term;prior_default,1,0.0911
151309.77,670.0,1119,Combine,63348.19,8663.08,75,SD,0.8797,0,0,long_term,1,0.0672
30000.0,733.0,1121,Planter,190868.92,66878.66,43,IN,0.7405,0,0,low_income,1,0.0822
135973.27,700.0,1151,Sprayer,155517.89,48401.13,36,NE,0.7626,0,0,,1,0.0163
96397.14,706.0,1113,Harvester,277991.42,69517.11,59,IL,0.8,0,0,,1,0.0266
147794.62,682.0,1152,Baler,127369.41,45131.34,61,SD,0.7384,0,0,,1,0.0254
45534.52,711.0,1111,Baler,297228.46,34706.22,64,IL,0.8954,0,0,low_income,0,0.1161
39310.66,634.0,1119,Tractor,61067.21,13759.1,54,SD,0.8161,0,0,low_income;low_credit,1,0.1745
76887.35,603.0,1113,Harvester,80833.86,16068.68,52,NE,0.8342,0,0,low_credit,0,0.1381
44382.89,520.0,1111,Tractor,115795.56,26379.76,48,MN,0.8145,0,0,low_income;low_credit,0,0.2463
99801.67,680.0,4238,Harvester,279914.26,65401.79,68,ND,0.8106,0,0,,1,0.0376
132785.14,681.0,4238,Tractor,135527.27,65590.46,74,IA,0.6739,0,0,long_term,1,0.0279
33016.82,747.0,1119,Tractor,276666.4,0.0,40,MN,1.0,0,0,high_ltv;low_down_payment;low_income,1,0.165
119245.52,683.0,3331,Tractor,217265.55,61949.13,47,IL,0.7781,0,0,,1,0.0234
82240.52,722.0,3331,Planter,107427.33,10617.07,48,KS,0.9101,0,0,low_down_payment,1,0.045
150494.08,713.0,3331,Baler,201430.7,18772.95,66,NE,0.9147,0,0,low_down_payment,0,0.0484
98376.89,586.0,1151,Harvester,47881.83,10251.35,48,IA,0.8237,1,0,low_credit;prior_default,0,0.2093
176222.29,678.0,1119,Sprayer,206712.11,46854.05,55,MN,0.8152,0,0,,1,0.0329
109878.27,580.0,4238,Harvester,237926.91,55102.22,55,WI,0.812,0,0,low_credit,0,0.139
89707.02,670.0,1113,Tractor,145811.63,59158.58,57,SD,0.7114,0,0,,1,0.0271
81975.28,618.0,1119,Skid Steer,165334.27,97663.82,62,SD,0.6287,0,0,low_credit,1,0.0678
86281.7,679.0,1121,Sprayer,67396.28,5119.66,84,WI,0.9294,0,0,low_down_payment;long_term,0,0.0902
151313.57,679.0,1112,Planter,84840.37,30249.04,77,WI,0.7372,0,0,long_term,1,0.0375
203092.15,625.0,1112,Tractor,239769.67,29763.85,54,KS,0.8896,0,0,low_credit,0,0.1009
59693.57,642.0,1112,Tractor,138090.96,39697.0,73,IL,0.7767,0,0,low_income;long_term,0,0.1345
153721.53,697.0,1152,Combine,212384.83,9850.37,56,IA,0.9557,0,0,high_ltv;low_down_payment,1,0.0532
175749.84,535.0,3331,Combine,64737.11,14937.88,52,IA,0.8125,0,0,low_credit,1,0.1904
196613.68,586.0,1112,Combine,291189.7,58514.15,66,NE,0.8327,0,0,low_credit,1,0.1501
38075.81,630.0,1111,Sprayer,282636.21,60951.58,36,NE,0.8226,0,0,low_income;low_credit,0,0.1656
80040.97,693.0,1119,Baler,213293.63,54603.91,84,ND,0.7962,0,0,long_term,0,0.0535
173359.06,729.0,1113,Loader,209321.38,45666.94,55,IL,0.8209,0,1,bankruptcy,1,0.1026
115197.96,638.0,1111,Combine,76068.23,0.0,40,MO,1.0,0,0,high_ltv;low_down_payment;low_credit,1,0.1154
131358.28,679.0,4238,Tractor,201713.06,64442.55,60,ND,0.7579,0,0,,1,0.0285
46755.08,660.0,4238,Planter,58055.46,25178.04,51,IN,0.6975,0,0,low_income,1,0.0849
107077.04,641.0,1152,Planter,200983.75,44182.64,72,MN,0.8198,0,0,,0,0.0751
141617.83,576.0,1119,Loader,331910.47,6573.75,59,IN,0.9806,0,0,high_ltv;low_down_payment;low_credit,1,0.2181
58628.19,737.0,3331,Harvester,297945.6,19038.15,64,NE,0.9399,0,0,low_down_payment;low_income,1,0.1105
129501.34,738.0,3331,Skid Steer,151850.61,64531.67,51,WI,0.7018,0,0,,1,0.0165
63631.05,757.0,1152,Tractor,139679.81,44999.58,72,MO,0.7563,0,0,,1,0.0538
148150.49,705.0,1113,Tractor,200707.02,12547.79,84,IN,0.9412,0,0,low_down_payment;long_term,1,0.0732
61490.45,681.0,1121,Planter,218057.85,93236.4,69,IA,0.7005,0,0,,1,0.0525
39666.7,670.0,1119,Baler,219947.5,42460.67,50,KS,0.8382,0,0,low_income,1,0.1218
79140.88,714.0,1121,Baler,62954.9,23313.91,79,IA,0.7298,0,0,long_term,1,0.041
184621.07,717.0,1152,Loader,122026.8,36601.55,82,IL,0.7693,0,0,long_term,1,0.0371
89071.46,710.0,1152,Harvester,191723.65,92035.64,65,NE,0.6757,0,0,,1,0.019
63028.99,607.0,1151,Baler,200302.83,19243.06,71,SD,0.9124,0,0,low_down_payment;low_credit,0,0.2109
120745.4,748.0,1151,Tractor,157941.0,38574.39,48,NE,0.8037,0,0,,1,0.0228
49415.84,668.0,4238,Planter,182272.92,52266.65,47,MO,0.7772,0,0,low_income,1,0.0872
163170.27,645.0,3331,Harvester,72541.79,2971.28,42,NE,0.9607,1,1,high_ltv;low_down_payment;prior_default;bankruptcy,0,0.2659
165676.69,684.0,1112,Combine,265137.3,67286.63,59,KS,0.7976,0,0,,1,0.0292
42384.37,526.0,1151,Sprayer,47100.56,7468.67,55,WI,0.8631,0,0,low_income;low_credit,0,0.2584
202935.09,715.0,1111,Baler,90688.1,24616.87,42,IL,0.7865,0,0,,1,0.0196
91681.89,653.0,1113,Planter,208169.77,0.0,78,MO,1.0,0,0,high_ltv;low_down_payment;long_term,0,0.1398
116880.93,654.0,1112,Harvester,276275.25,36537.96,36,IL,0.8832,0,0,,1,0.0471
143684.06,604.0,1121,Sprayer,228820.84,34026.98,62,WI,0.8705,0,0,low_credit,1,0.1329
116493.81,586.0,1111,Tractor,228072.99,35491.99,54,MN,0.8653,0,0,low_credit,1,0.1464
97632.15,693.0,1113,Harvester,227123.76,50633.76,56,NE,0.8177,0,0,,0,0.0271
154564.58,713.0,3331,Skid Steer,135579.66,65295.69,62,NE,0.6749,0,0,,1,0.0177
97869.43,696.0,4238,Baler,102392.35,39341.63,37,NE,0.7224,0,0,,1,0.0143
48969.66,549.0,1151,Loader,186452.89,35789.95,73,IN,0.839,0,0,low_income;low_credit;long_term,0,0.2493
40274.15,714.0,1119,Sprayer,110124.25,38801.84,64,IA,0.7395,0,0,low_income,1,0.0842
131376.58,672.0,1119,Planter,93971.95,16793.34,72,IN,0.8484,0,0,,1,0.0515
68274.06,584.0,1152,Tractor,257265.48,58953.18,62,ND,0.8136,0,0,low_credit,0,0.1819
61133.06,748.0,1112,Loader,240368.64,79763.92,78,IA,0.7508,0,0,long_term,0,0.0662
51175.22,775.0,3331,Tractor,132559.33,68945.03,57,IA,0.6578,0,0,low_income,1,0.0473
81173.93,611.0,1152,Sprayer,104330.51,12419.31,53,ND,0.8936,0,0,low_credit,0,0.1387
161890.06,709.0,1112,Loader,45273.35,16983.98,68,NE,0.7272,0,0,,1,0.0235
99094.88,591.0,4238,Combine,130983.58,33188.24,36,NE,0.7978,0,0,low_credit,0,0.1
94238.24,720.0,1111,Sprayer,84016.54,29763.32,69,MN,0.7384,0,0,,1,0.0248
62766.7,699.0,1151,Tractor,87707.44,30260.64,37,IN,0.7435,0,0,,1,0.0325
143665.59,657.0,1152,Harvester,217764.7,105240.06,40,ND,0.6742,0,0,,1,0.0232
98477.38,686.0,1152,Baler,152777.63,40096.4,48,NE,0.7921,0,0,,1,0.0236
30000.0,703.0,1111,Combine,166343.11,3715.93,72,WI,0.9781,0,0,high_ltv;low_down_payment;low_income,1,0.2013
78724.38,627.0,1111,Harvester,165759.13,45978.91,67,WI,0.7829,1,0,low_credit;prior_default,0,0.1902
63476.54,656.0,1113,Harvester,113193.9,14609.95,60,MN,0.8857,0,0,,1,0.1102
44918.3,771.0,1113,Harvester,215888.95,48468.12,76,IA,0.8167,0,0,low_income;long_term,1,0.1157
106473.92,737.0,1121,Skid Steer,82712.06,25063.27,46,ND,0.7674,0,0,,1,0.0194
94584.98,692.0,4238,Combine,174714.18,34419.69,50,SD,0.8354,0,0,,1,0.0264
119001.0,636.0,1121,Combine,79633.36,11691.84,60,SD,0.872,0,0,low_credit,0,0.0889
72298.73,614.0,4238,Tractor,102051.47,4558.37,49,SD,0.9572,0,0,high_ltv;low_down_payment;low_credit,0,0.186
176754.84,711.0,1121,Combine,286379.05,52863.64,50,ND,0.8442,0,0,,1,0.0272
89207.68,723.0,1112,Tractor,286732.66,3071.63,62,IA,0.9894,0,0,high_ltv;low_down_payment,1,0.0653
30000.0,660.0,1121,Harvester,96488.76,12724.54,59,SD,0.8835,0,0,low_income,0,0.1796
124924.17,701.0,1152,Sprayer,278191.75,51206.8,70,IL,0.8445,0,0,,1,0.0365
37137.27,653.0,1121,Baler,115352.65,11047.15,58,IL,0.9126,0,0,low_down_payment;low_income,0,0.1899
45003.45,685.0,3331,Planter,169092.87,37069.0,55,NE,0.8202,0,0,low_income,1,0.0935
90954.78,650.0,1111,Skid Steer,164087.15,32257.03,76,WI,0.8357,0,0,long_term,1,0.0795
129192.07,644.0,1112,Skid Steer,186369.51,48010.43,61,IA,0.7952,0,0,,0,0.0587
209225.24,719.0,1113,Sprayer,64925.54,20119.58,69,KS,0.7634,1,0,prior_default,1,0.0839
30000.0,685.0,4238,Planter,246923.36,74931.46,57,IA,0.7672,0,0,low_income,0,0.1089
77067.39,693.0,1119,Harvester,140031.02,37217.09,47,WI,0.79,0,0,,1,0.0304
96676.58,756.0,3331,Sprayer,234245.04,52300.98,60,SD,0.8175,0,0,,1,0.0287
186774.49,609.0,1151,Tractor,108281.58,29622.96,59,IN,0.7852,0,0,low_credit,1,0.0979
122859.35,776.0,1112,Loader,315712.69,13045.53,71,WI,0.9603,0,0,high_ltv;low_down_payment,1,0.0658
189063.98,706.0,1113,Sprayer,222775.06,54039.69,50,IA,0.8048,0,0,,1,0.0236
137710.84,644.0,1119,Loader,110195.78,18876.75,36,IL,0.8538,0,0,,1,0.0503
115498.38,670.0,1121,Baler,242953.01,51651.84,44,MO,0.8247,0,0,,1,0.0329
199376.94,794.0,1112,Loader,175609.71,32030.96,55,ND,0.8457,0,0,,1,0.0295
140512.96,553.0,1113,Tractor,49968.16,21825.85,37,NE,0.696,0,0,low_credit,1,0.12
156185.04,583.0,1151,Skid Steer,114257.37,36138.17,64,WI,0.7597,0,0,low_credit,1,0.1291
70456.24,659.0,1119,Loader,169786.42,24569.93,60,IA,0.8736,0,0,,0,0.0903
165160.27,709.0,4238,Loader,112857.95,37339.32,60,MN,0.7514,0,0,,1,0.0227
161998.89,678.0,3331,Sprayer,153671.28,20160.93,60,SD,0.884,0,0,,1,0.0443
168097.56,696.0,1121,Tractor,91271.88,21851.76,54,IA,0.8068,0,0,,1,0.0253
60725.71,685.0,1112,Harvester,86265.49,22910.66,56,ND,0.7901,0,0,,0,0.0567
180563.15,663.0,1119,Baler,49500.11,1949.65,70,IN,0.9621,0,0,high_ltv;low_down_payment,1,0.096
124496.47,635.0,3331,Tractor,168581.79,67557.73,61,WI,0.7139,0,0,low_credit,0,0.0564
149195.44,711.0,1151,Planter,187951.76,33775.42,75,WI,0.8477,0,0,long_term,1,0.0439
91746.57,652.0,4238,Harvester,284210.21,52507.22,59,NE,0.8441,0,0,,0,0.0591
139324.35,606.0,1112,Baler,142824.45,2698.46,69,IL,0.9815,0,0,high_ltv;low_down_payment;low_credit,1,0.1915
123053.25,598.0,1119,Tractor,248740.72,59969.46,60,NE,0.8057,0,0,low_credit,0,0.119
145114.67,691.0,3331,Tractor,160720.15,53059.31,58,MN,0.7518,0,0,,1,0.022
134588.78,767.0,1112,Tractor,214942.67,59770.55,60,MO,0.7824,0,0,,1,0.0254
178019.79,695.0,1151,Combine,188483.73,37506.63,47,KS,0.834,0,0,,1,0.0251
146459.24,779.0,1113,Sprayer,167095.33,24470.46,65,ND,0.8723,0,0,,1,0.0374
35436.17,740.0,3331,Sprayer,220876.03,54958.61,70,IN,0.8008,0,0,low_income,1,0.1152
108202.73,712.0,1151,Combine,270755.96,53680.63,63,NE,0.8345,0,0,,1,0.0319
85078.28,760.0,4238,Baler,63122.35,31151.38,51,WI,0.6696,0,0,,1,0.0168
103200.13,662.0,1121,Harvester,36269.17,9395.49,83,IA,0.7943,0,0,long_term,0,0.0643
120582.24,669.0,4238,Loader,231949.32,116442.78,37,IA,0.6658,0,0,,1,0.0171
145355.44,719.0,1151,Planter,215274.83,41090.72,73,ND,0.8397,0,0,long_term,1,0.0416
64804.88,765.0,1152,Skid Steer,166644.78,73429.08,57,MO,0.6941,0,0,,1,0.0345
79220.7,626.0,1119,Combine,71660.39,32045.2,63,SD,0.691,0,0,low_credit,0,0.0778
54016.37,755.0,1113,Combine,268516.06,44573.81,54,NE,0.8576,0,0,low_income,1,0.0798
88986.87,666.0,1151,Baler,201896.39,33841.86,70,ND,0.8564,0,0,,0,0.0582
99310.46,687.0,3331,Tractor,254501.63,56520.12,77,WI,0.8183,0,0,long_term,1,0.0431
148499.08,633.0,1152,Sprayer,180998.94,60528.15,60,KS,0.7494,0,0,low_credit,1,0.0645
37735.57,670.0,1119,Baler,95941.05,14010.4,74,KS,0.8726,0,0,low_income;long_term,0,0.1719
70323.08,630.0,4238,Baler,210537.61,38252.2,62,MN,0.8462,0,0,low_credit,0,0.13
57745.95,711.0,1121,Planter,270940.45,64871.59,67,IL,0.8068,1,0,low_income;prior_default,1,0.1621
97416.75,663.0,1112,Harvester,186688.91,33644.67,60,IA,0.8473,0,0,,1,0.0505
129476.62,691.0,1112,Combine,146400.26,59855.74,77,WI,0.7098,0,0,long_term,1,0.0281
122495.29,681.0,1112,Combine,60678.44,3045.6,56,MN,0.9522,0,0,high_ltv;low_down_payment,1,0.0604
86327.03,699.0,3331,Combine,193507.57,116394.14,45,KS,0.6244,0,0,,1,0.0124
64489.86,736.0,3331,Harvester,87848.78,25168.77,38,SD,0.7773,1,0,prior_default,1,0.1021
148702.57,805.0,1113,Harvester,278811.75,45381.44,64,IN,0.86,0,0,,1,0.0353
148507.82,767.0,1121,Planter,197308.49,72177.83,53,KS,0.7322,0,0,,1,0.019
120405.3,694.0,1121,Baler,132635.58,19664.28,54,MO,0.8709,0,0,,1,0.0317
45998.42,709.0,1152,Planter,74299.52,25642.92,36,WI,0.7434,0,0,low_income,1,0.0537
113640.54,717.0,3331,Sprayer,149767.11,25448.23,63,NE,0.8548,0,0,,0,0.0342
91824.51,739.0,3331,Loader,141535.9,28165.99,80,IN,0.834,0,0,long_term,1,0.045
141665.52,756.0,1121,Skid Steer,232764.58,0.0,51,WI,1.0,0,0,high_ltv;low_down_payment,1,0.0572
93074.12,710.0,4238,Loader,160429.27,46621.82,51,IL,0.7748,0,0,,1,0.0215
125559.24,641.0,1112,Tractor,62689.28,16566.45,45,SD,0.791,0,0,,1,0.0487
60603.39,694.0,1111,Sprayer,40717.53,10024.97,71,KS,0.8024,0,0,,1,0.0659
112921.22,606.0,1112,Planter,307651.14,39154.59,56,ND,0.8871,0,0,low_credit,0,0.1283
111370.45,683.0,1111,Combine,101740.18,22788.87,76,MO,0.817,0,0,long_term,1,0.045
137155.7,733.0,1151,Sprayer,222486.51,35751.79,68,SD,0.8616,0,0,,1,0.0376
51698.15,647.0,1151,Planter,149259.92,20622.36,65,MO,0.8786,0,0,low_income,0,0.1583
85291.33,691.0,1119,Tractor,199437.97,89498.74,43,ND,0.6902,1,0,prior_default,1,0.0544
39147.23,641.0,1111,Baler,264714.11,73130.17,45,SD,0.7835,0,0,low_income,0,0.1391
30000.0,687.0,1121,Tractor,229829.71,100739.43,62,MO,0.6953,0,0,low_income,1,0.092
58806.39,645.0,1111,Baler,250417.31,53594.83,73,IN,0.8237,0,0,low_income;long_term,0,0.1464
192637.07,635.0,1121,Planter,183733.53,48384.99,68,ND,0.7916,0,0,low_credit,0,0.0791
215271.55,680.0,1119,Combine,190813.29,50222.76,69,ND,0.7916,0,0,,1,0.0357
123783.14,586.0,1113,Baler,261086.36,0.0,75,SD,1.0,0,0,high_ltv;low_down_payment;low_credit;long_term,0,0.2348
156260.7,612.0,1119,Loader,251606.64,81751.89,66,MO,0.7548,0,0,low_credit,1,0.0942
83512.46,677.0,4238,Loader,191327.52,35564.38,57,IN,0.8433,0,0,,1,0.0442
41807.31,714.0,1152,Planter,108397.86,15074.79,78,ND,0.8779,0,0,low_income;long_term,1,0.1428
30000.0,751.0,1112,Harvester,49084.92,11329.07,71,IL,0.8125,0,0,low_income,1,0.1304
111268.87,751.0,3331,Harvester,180810.0,60798.64,61,MO,0.7484,0,0,,1,0.0228
131566.85,736.0,4238,Skid Steer,152352.79,45820.54,71,KS,0.7688,0,0,,1,0.0285
37326.15,694.0,3331,Skid Steer,73152.52,50410.59,64,MO,0.592,0,0,low_income,1,0.0573
40758.74,737.0,4238,Harvester,223582.6,35565.32,67,MN,0.8628,0,0,low_income,1,0.1196
103734.35,691.0,1113,Tractor,55063.41,9976.56,62,KS,0.8466,0,0,,1,0.0328
103738.26,682.0,1111,Sprayer,246125.23,20241.56,61,MO,0.924,0,0,low_down_payment,1,0.0529
36138.26,703.0,1112,Planter,233113.24,18150.01,69,IN,0.9278,0,0,low_down_payment;low_income,0,0.1603
151446.06,699.0,1112,Combine,114325.31,0.0,53,IA,1.0,0,0,high_ltv;low_down_payment,0,0.0588
107515.72,809.0,1152,Planter,80274.09,32426.96,64,MN,0.7123,0,0,,1,0.0209
84083.95,708.0,1152,Tractor,173956.09,25768.49,65,IN,0.871,0,0,,0,0.0433
105093.8,775.0,1121,Tractor,96001.32,0.0,36,IL,1.0,0,0,high_ltv;low_down_payment,1,0.0465
73174.9,686.0,3331,Harvester,139166.87,13072.93,71,KS,0.9141,0,0,low_down_payment,1,0.0805
103525.95,641.0,4238,Skid Steer,234421.27,41824.51,48,IN,0.8486,0,0,,1,0.0613
83771.02,653.0,1119,Loader,200480.14,18161.51,82,NE,0.9169,0,0,low_down_payment;long_term,0,0.1231
137559.35,645.0,1121,Combine,302363.01,31840.96,67,ND,0.9047,0,0,low_down_payment,1,0.0939
53050.36,791.0,1152,Tractor,198766.07,41277.55,79,WI,0.828,0,0,low_income;long_term,1,0.1064
139864.73,753.0,1121,Tractor,154487.76,6873.55,74,NE,0.9574,0,0,high_ltv;low_down_payment;long_term,0,0.0742
70626.02,714.0,1152,Sprayer,225853.93,64452.11,75,IL,0.778,1,0,long_term;prior_default,1,0.1372
135118.0,575.0,3331,Harvester,173574.38,74707.74,51,KS,0.6991,0,0,low_credit,1,0.1082
88746.79,662.0,1151,Combine,227673.42,24568.29,78,SD,0.9026,0,0,low_down_payment;long_term,0,0.0932
93963.5,737.0,4238,Tractor,83900.16,40936.06,58,MN,0.6721,0,0,,1,0.0164
138169.03,668.0,4238,Combine,170789.32,51032.75,56,ND,0.7699,0,0,,1,0.0337
59282.71,610.0,1121,Harvester,158889.73,28265.34,47,MO,0.849,0,0,low_income;low_credit,0,0.1704
150692.72,784.0,1112,Tractor,140840.94,17196.09,82,KS,0.8912,0,0,long_term,1,0.0557
114757.29,810.0,1113,Combine,217595.9,109338.23,46,IA,0.6656,0,0,,1,0.0133
123508.04,580.0,1111,Loader,67784.05,37505.61,65,ND,0.6438,0,0,low_credit,0,0.1004
47818.1,657.0,1121,Baler,217872.31,89475.75,40,KS,0.7089,0,0,low_income,1,0.079
151632.48,741.0,4238,Planter,217816.94,29568.75,63,IL,0.8805,0,0,,1,0.0373
70881.71,683.0,1121,Sprayer,59476.41,3616.33,78,IL,0.9427,0,1,low_down_payment;long_term;bankruptcy,0,0.2247
162546.01,610.0,1113,Combine,171898.28,46996.84,50,ND,0.7853,0,0,low_credit,1,0.0878
182996.73,733.0,1112,Tractor,251381.04,62463.58,40,IA,0.801,0,0,,1,0.02
149844.8,588.0,1113,Planter,217762.55,60527.62,50,IA,0.7825,0,0,low_credit,1,0.1149
126597.68,618.0,1152,Planter,123410.99,29251.66,68,IA,0.8084,0,0,low_credit,0,0.103
121558.69,726.0,4238,Baler,54423.72,8838.44,73,KS,0.8603,0,0,long_term,1,0.0445
181963.91,755.0,1152,Skid Steer,59181.67,6595.52,40,NE,0.8997,0,0,,1,0.0285
40774.25,699.0,1113,Sprayer,81875.23,1489.04,67,KS,0.9821,0,0,high_ltv;low_down_payment;low_income,0,0.1748
30000.0,668.0,1152,Sprayer,82553.89,27009.38,71,IA,0.7535,1,1,low_income;prior_default;bankruptcy,0,0.2424
101270.58,662.0,1113,Loader,59593.19,12379.21,72,NE,0.828,0,0,,1,0.0565
60785.7,658.0,1152,Planter,286620.81,28309.34,53,NE,0.9101,0,0,low_down_payment,1,0.1202
30000.0,612.0,1111,Loader,126629.52,9736.02,67,WI,0.9286,0,0,low_down_payment;low_income;low_credit,0,0.254
126976.47,710.0,4238,Planter,187260.33,75801.39,55,IL,0.7118,0,0,,1,0.0182
148496.15,674.0,4238,Combine,231076.19,38169.62,71,KS,0.8582,0,0,,1,0.0506
38205.72,707.0,1121,Tractor,166934.15,18232.14,39,IA,0.9015,0,0,low_down_payment;low_income,1,0.1127
81027.65,764.0,1152,Planter,163831.99,66151.48,49,IN,0.7124,0,0,,1,0.0213
106875.34,756.0,1121,Harvester,107834.66,16633.47,47,IA,0.8664,0,1,bankruptcy,1,0.1067
72717.0,709.0,1119,Sprayer,188300.74,46658.59,66,IA,0.8014,0,0,,1,0.0462
93155.43,685.0,1152,Loader,240379.07,63787.06,45,ND,0.7903,0,0,,1,0.0228
139901.72,639.0,1119,Harvester,93976.68,9054.65,51,IA,0.9121,0,0,low_down_payment;low_credit,1,0.0937
82614.1,684.0,1152,Skid Steer,259906.75,61957.2,74,ND,0.8075,0,0,long_term,1,0.0505
97038.99,750.0,3331,Baler,144613.99,55886.84,64,WI,0.7213,0,0,,1,0.0216
126860.97,629.0,1121,Harvester,220911.03,14381.99,51,KS,0.9389,0,0,low_down_payment;low_credit,0,0.1149
136166.52,710.0,1113,Harvester,83552.0,30940.1,58,ND,0.7298,0,0,,1,0.0203
57583.04,663.0,1151,Planter,254805.63,54686.58,51,IN,0.8233,0,0,low_income,0,0.0938
72448.5,739.0,1152,Skid Steer,219758.95,52152.07,52,IA,0.8082,0,0,,1,0.0392
78269.62,710.0,1121,Planter,51062.55,1676.21,59,ND,0.9682,0,0,high_ltv;low_down_payment,0,0.0757
91940.98,576.0,1119,Skid Steer,191552.79,49683.07,64,MN,0.794,0,0,low_credit,0,0.1476
100147.24,722.0,1112,Loader,267509.42,30042.9,53,SD,0.899,0,0,,1,0.0344
67211.36,559.0,1111,Harvester,187928.5,105749.25,50,SD,0.6399,1,0,low_credit;prior_default,1,0.2013
103550.89,599.0,1152,Combine,306942.51,25731.71,55,NE,0.9227,0,0,low_down_payment;low_credit,1,0.1566
115738.65,725.0,1121,Loader,202408.29,38358.5,70,MN,0.8407,1,0,prior_default,1,0.1049
83325.19,611.0,3331,Combine,201278.33,77859.85,55,IN,0.7211,0,0,low_credit,0,0.0872
148221.75,688.0,1119,Tractor,170986.41,30676.21,72,MN,0.8479,0,0,,1,0.0394
93589.82,662.0,1119,Loader,151031.36,37495.11,51,IL,0.8011,0,0,,1,0.0389
113584.56,620.0,1119,Baler,43098.38,4230.38,67,MO,0.9106,0,0,low_down_payment;low_credit,0,0.1376
85185.94,613.0,1113,Combine,91256.88,49715.42,84,ND,0.6473,0,0,low_credit;long_term,1,0.0978
83172.85,688.0,1152,Sprayer,108755.7,13871.57,75,IA,0.8869,0,0,long_term,1,0.0609
90924.97,596.0,1121,Baler,157742.65,58085.58,38,IL,0.7309,0,0,low_credit,1,0.0801
103722.88,600.0,1112,Tractor,140559.82,44622.02,62,SD,0.759,0,0,low_credit,1,0.1059
152292.05,656.0,1112,Planter,256241.06,89887.0,63,MN,0.7403,0,0,,1,0.0411
85652.34,626.0,1113,Sprayer,199031.33,54264.37,74,ND,0.7858,0,0,low_credit;long_term,0,0.108
90101.23,745.0,1112,Sprayer,57192.96,37017.09,78,MO,0.6071,0,0,long_term,1,0.0196
185869.37,686.0,1119,Combine,237373.42,35171.57,56,SD,0.871,0,0,,1,0.0351
69060.47,725.0,1152,Harvester,198621.97,7285.26,71,MN,0.9646,0,0,high_ltv;low_down_payment,1,0.1043
101650.69,696.0,4238,Planter,123136.54,19919.41,36,KS,0.8608,0,0,,1,0.0233
90236.81,733.0,1119,Skid Steer,81563.33,23313.42,57,NE,0.7777,0,0,,0,0.0238
132857.89,637.0,1112,Harvester,244251.46,44416.28,70,KS,0.8461,0,0,low_credit,1,0.0916
97768.99,598.0,1111,Loader,163690.26,49709.02,56,SD,0.7671,0,0,low_credit,0,0.1035
142894.22,766.0,1121,Combine,47256.46,22665.27,71,WI,0.6758,0,0,,1,0.0204
111110.84,752.0,1121,Skid Steer,258618.11,77790.98,63,MN,0.7688,0,0,,1,0.0253
108245.82,663.0,3331,Sprayer,127942.26,45295.6,43,KS,0.7385,0,0,,1,0.0271
80766.38,662.0,1112,Combine,182777.94,45756.28,80,MO,0.7998,0,0,long_term,1,0.0774
40900.54,709.0,1152,Planter,254672.23,51741.82,56,NE,0.8311,0,0,low_income,1,0.0985
114808.66,747.0,1152,Loader,66829.53,17493.07,53,IL,0.7925,0,0,,1,0.0237
72905.53,679.0,1111,Combine,76630.31,6566.66,66,ND,0.9211,0,0,low_down_payment,0,0.0863
88695.65,633.0,1151,Baler,191055.2,44812.98,45,MO,0.81,0,0,low_credit,0,0.0671
107728.15,665.0,4238,Loader,262587.77,74168.97,70,IN,0.7798,0,0,,0,0.0449
137039.27,679.0,1151,Loader,154620.38,37638.89,46,ND,0.8042,0,0,,1,0.0271
43384.26,722.0,1113,Baler,181595.69,50585.88,72,IA,0.7821,0,0,low_income,1,0.0973
95868.93,612.0,1113,Sprayer,245967.34,59750.89,76,ND,0.8046,0,0,low_credit;long_term,0,0.1257
86352.26,701.0,4238,Harvester,64041.6,6741.35,56,WI,0.9048,0,0,low_down_payment,1,0.0446
142859.58,687.0,1121,Skid Steer,214095.26,44614.38,37,WI,0.8276,0,0,,1,0.022
71493.49,671.0,1119,Loader,41714.42,12128.7,57,MO,0.7747,0,0,,1,0.0522
95881.27,700.0,1151,Tractor,185148.54,63249.98,55,IA,0.7454,0,0,,1,0.0206
129687.42,728.0,3331,Sprayer,172621.17,54327.94,36,MN,0.7606,0,0,,1,0.0162
149977.81,768.0,1113,Sprayer,92426.19,11812.35,83,ND,0.8867,0,0,long_term,1,0.0556
144351.49,646.0,1111,Loader,157261.01,25337.44,72,KS,0.8612,0,0,,1,0.0801
169315.46,630.0,1112,Tractor,40992.66,10111.38,53,IA,0.8021,0,0,low_credit,1,0.0728
59089.56,730.0,1112,Planter,143242.63,60170.25,75,MN,0.7042,1,0,low_income;long_term;prior_default,1,0.1433
88149.39,687.0,1111,Skid Steer,196485.39,59687.36,62,ND,0.767,0,0,,1,0.0276
106973.23,669.0,4238,Sprayer,186977.54,79567.91,60,IL,0.7015,0,0,,1,0.0279
99890.22,729.0,1112,Skid Steer,113610.83,15679.11,66,NE,0.8787,0,0,,0,0.0387
61641.22,770.0,1111,Skid Steer,184729.08,17443.92,76,KS,0.9137,0,0,low_down_payment;long_term,1,0.1104
140399.41,639.0,1113,Planter,43826.08,17810.35,64,IN,0.711,0,0,low_credit,1,0.0552
84024.93,689.0,4238,Tractor,59289.75,17110.9,51,IL,0.776,0,0,,1,0.026
47307.58,777.0,4238,Harvester,167570.3,14226.48,64,MN,0.9217,0,0,low_down_payment;low_income,1,0.1287
103326.66,718.0,1151,Combine,170485.14,77034.72,68,MO,0.6888,0,0,,1,0.0204
128038.84,636.0,1112,Planter,285968.03,49438.56,82,MN,0.8526,0,0,low_credit;long_term,0,0.1144
205677.92,720.0,1111,Combine,255095.11,28197.69,45,IN,0.9005,1,0,low_down_payment;prior_default,1,0.1022
89270.72,706.0,3331,Sprayer,40895.69,5235.93,54,WI,0.8865,0,0,,1,0.0341
110810.59,720.0,1111,Baler,268688.09,34630.12,50,IN,0.8858,0,0,,0,0.0315
77526.68,594.0,1121,Combine,217874.27,112446.68,61,KS,0.6596,0,0,low_credit,1,0.1064
161908.38,688.0,1151,Harvester,82646.96,59504.43,63,ND,0.5814,0,0,,1,0.0131
41231.0,694.0,1119,Harvester,137836.16,47896.47,72,KS,0.7421,0,0,low_income,1,0.0908
30000.0,642.0,1152,Planter,190887.67,22738.51,66,KS,0.8936,0,0,low_income,0,0.2096
44703.17,716.0,3331,Sprayer,141978.78,8452.13,56,IA,0.9438,0,0,low_down_payment;low_income,0,0.1316
30000.0,714.0,1111,Harvester,204459.32,71578.24,54,KS,0.7407,0,0,low_income,0,0.0926
102421.0,706.0,1119,Sprayer,260715.98,14504.17,73,ND,0.9473,0,0,low_down_payment;long_term,0,0.0649
58077.95,682.0,1119,Sprayer,61244.21,457.99,58,IA,0.9926,0,0,high_ltv;low_down_payment;low_income,1,0.1403
159919.13,710.0,3331,Planter,230575.71,43698.64,61,IA,0.8407,0,0,,1,0.0316
102956.15,690.0,1151,Planter,159665.45,14978.35,59,NE,0.9142,0,0,low_down_payment,1,0.0438
61548.08,697.0,1121,Skid Steer,250975.08,38578.92,64,IA,0.8668,0,0,,1,0.072
63514.65,579.0,1152,Harvester,160258.97,46940.47,61,IA,0.7735,0,0,low_credit,1,0.1822
104224.66,652.0,1112,Planter,124477.82,36530.7,54,WI,0.7731,0,0,,1,0.0434
30000.0,728.0,1121,Baler,78076.84,28122.41,64,WI,0.7352,0,0,low_income,1,0.101
159015.04,763.0,1112,Planter,281989.23,14348.49,73,WI,0.9516,0,0,high_ltv;low_down_payment;long_term,1,0.072
167258.31,658.0,3331,Skid Steer,169723.2,69659.17,36,IN,0.709,0,0,,1,0.0241
198242.85,780.0,3331,Tractor,310033.86,28319.55,50,IL,0.9163,0,0,low_down_payment,1,0.0388
162609.81,666.0,3331,Tractor,61862.6,5850.25,67,SD,0.9136,0,0,low_down_payment,1,0.0718
68858.25,632.0,1152,Planter,228643.07,88729.96,55,ND,0.7204,0,0,low_credit,1,0.0879
62519.89,678.0,3331,Combine,264733.22,34209.29,57,ND,0.8856,0,0,,1,0.081
158337.14,613.0,1113,Harvester,260425.82,56133.33,36,IN,0.8227,0,0,low_credit,0,0.081
92153.95,708.0,1111,Loader,253439.88,77150.79,54,WI,0.7666,0,0,,1,0.0219
120128.59,712.0,3331,Combine,87425.77,9458.98,58,WI,0.9024,0,0,low_down_payment,1,0.0415
149230.78,770.0,1113,Planter,242909.27,35163.46,46,WI,0.8735,1,1,prior_default;bankruptcy,1,0.1997
176511.06,641.0,1151,Harvester,232530.95,45226.69,63,IN,0.8372,0,0,,1,0.071
30000.0,625.0,1113,Planter,188884.72,76948.63,67,IN,0.7105,0,0,low_income;low_credit,1,0.1783
152458.19,609.0,1151,Combine,59593.23,13713.06,60,MN,0.8129,0,0,low_credit,1,0.1073
131781.88,757.0,1119,Loader,90540.11,15461.12,50,IA,0.8541,0,0,,1,0.0282
81124.56,688.0,4238,Loader,180529.92,44205.03,60,SD,0.8033,0,0,,1,0.0358
112776.38,700.0,4238,Skid Steer,40524.44,9132.62,65,IA,0.8161,0,0,,0,0.0308
111097.72,672.0,1119,Sprayer,181345.33,61918.09,71,ND,0.7455,1,0,prior_default,1,0.1018
189328.75,705.0,1151,Skid Steer,149827.76,70600.28,54,ND,0.6797,0,0,,1,0.0159
55141.89,563.0,1111,Sprayer,121286.7,19853.0,60,IL,0.8593,0,0,low_income;low_credit,0,0.2349
144100.49,663.0,1121,Combine,74309.25,5011.95,66,SD,0.9368,0,0,low_down_payment,1,0.0794
92433.45,612.0,4238,Loader,243267.15,28198.09,56,SD,0.8961,0,0,low_credit,0,0.1231
90003.19,682.0,1151,Sprayer,215668.19,45531.71,59,IA,0.8257,0,0,,1,0.0333
145325.3,705.0,1112,Harvester,143182.5,22184.72,71,MN,0.8658,0,0,,1,0.0398
103640.38,619.0,1152,Harvester,264233.8,55727.04,72,IN,0.8258,0,0,low_credit,0,0.1109
73295.78,656.0,1119,Planter,110211.25,5861.99,84,MN,0.9495,0,0,low_down_payment;long_term,1,0.154
209259.29,699.0,1112,Loader,204445.07,30806.87,72,IA,0.869,0,0,,1,0.0409
122933.24,723.0,1151,Baler,128639.72,41995.96,70,MN,0.7539,0,0,,1,0.0266
209211.14,719.0,1151,Skid Steer,104854.48,14337.82,67,SD,0.8797,0,0,,1,0.0394
107957.08,727.0,1111,Baler,119170.43,27720.39,44,ND,0.8113,0,0,,1,0.0221
81530.02,707.0,1111,Tractor,143763.34,48307.65,56,IA,0.7485,0,0,,1,0.0266
135338.1,622.0,1152,Planter,244559.64,72475.1,59,IA,0.7714,0,0,low_credit,1,0.0794
97509.37,684.0,1119,Baler,127543.04,31402.48,61,KS,0.8024,0,0,,1,0.0308
36682.36,709.0,1119,Skid Steer,121505.92,28975.54,55,IN,0.8074,0,0,low_income,1,0.099
32542.94,657.0,3331,Combine,125317.78,51220.58,73,IN,0.7099,0,0,low_income;long_term,1,0.1457
30000.0,680.0,1151,Baler,111091.58,19963.77,36,KS,0.8477,0,0,low_income,1,0.1155
77831.18,661.0,4238,Skid Steer,169050.28,56125.72,48,ND,0.7507,0,0,,1,0.0432
73357.27,657.0,1152,Baler,186705.68,78293.53,64,IL,0.7046,0,0,,1,0.0543
79174.58,576.0,3331,Baler,145708.86,50192.57,46,IL,0.7438,0,0,low_credit,0,0.1343
149041.52,673.0,1111,Loader,232822.75,90364.31,63,IA,0.7204,0,0,,1,0.0287
138140.32,619.0,1151,Baler,161877.38,10107.96,80,NE,0.9412,0,0,low_down_payment;low_credit;long_term,1,0.1727
149176.72,634.0,1152,Harvester,228152.48,52539.89,78,KS,0.8128,0,0,low_credit;long_term,1,0.1013
30000.0,648.0,1113,Combine,162386.06,26767.33,52,SD,0.8585,1,0,low_income;prior_default,0,0.2414
122451.33,589.0,1113,Sprayer,112423.47,39817.08,50,MO,0.7385,0,0,low_credit,1,0.1006
70484.72,630.0,3331,Baler,79582.52,35329.96,75,MO,0.6925,0,0,low_credit;long_term,0,0.1072
118058.58,632.0,1151,Combine,266611.17,41763.89,75,WI,0.8646,0,0,low_credit;long_term,0,0.1153
64840.58,694.0,1151,Loader,215329.77,42990.91,48,MO,0.8336,0,0,,1,0.0488
197804.18,678.0,1152,Harvester,296459.53,49923.45,61,MN,0.8559,0,0,,1,0.0412
157820.7,579.0,1111,Sprayer,214633.27,49449.72,83,KS,0.8127,0,0,low_credit;long_term,1,0.1773
94971.77,651.0,4238,Loader,182018.69,88072.65,53,MN,0.6739,0,0,,1,0.0309
154635.2,648.0,1151,Planter,230770.46,77788.6,59,MN,0.7479,0,0,,1,0.0461
30000.0,692.0,1111,Combine,181234.36,21176.83,66,IN,0.8954,1,0,low_income;prior_default,1,0.2314
119565.42,707.0,1119,Tractor,131613.43,36688.33,75,IN,0.782,0,0,long_term,1,0.0351
199044.31,549.0,1112,Loader,254623.96,21591.15,77,IA,0.9218,1,0,low_down_payment;low_credit;long_term;prior_default,0,0.2722
129053.16,779.0,1112,Planter,129295.16,22140.4,55,SD,0.8538,0,0,,1,0.0303
90387.77,639.0,4238,Tractor,134314.71,36980.02,52,ND,0.7841,0,0,low_credit,1,0.0591
112611.36,663.0,1113,Loader,166594.81,46724.56,77,MN,0.781,0,0,long_term,1,0.0564
117337.28,623.0,3331,Combine,52168.86,5559.47,36,KS,0.9037,0,0,low_down_payment;low_credit,1,0.0958
75813.03,645.0,4238,Baler,133592.94,31835.68,64,IL,0.8076,0,0,,1,0.0845
74210.96,728.0,1119,Planter,226234.73,18802.05,59,MO,0.9233,0,0,low_down_payment,0,0.0661
100269.32,656.0,1152,Sprayer,42108.84,3401.82,53,SD,0.9253,0,0,low_down_payment,1,0.0724
111095.85,660.0,1112,Combine,230877.86,32622.9,60,SD,0.8762,0,0,,1,0.0576
73141.39,698.0,1119,Baler,246951.07,64608.11,58,MO,0.7926,0,0,,1,0.0398
30000.0,659.0,1112,Combine,303299.94,39022.11,53,IN,0.886,0,0,low_income,1,0.1753
159453.46,618.0,1151,Combine,114497.83,38423.57,79,IL,0.7487,0,0,low_credit;long_term,1,0.1048
76951.53,681.0,1152,Sprayer,38683.46,14584.01,80,IL,0.7262,0,0,long_term,1,0.05
119450.18,669.0,1113,Harvester,197998.16,15861.84,84,IA,0.9258,0,0,low_down_payment;long_term,1,0.0939
45387.27,696.0,1121,Sprayer,131313.74,53431.55,50,ND,0.7108,0,0,low_income,0,0.0587
40092.31,694.0,1112,Planter,86203.45,16133.33,54,IA,0.8424,0,0,low_income,1,0.1009
169574.35,683.0,4238,Baler,175906.37,20907.93,48,NE,0.8938,0,0,,1,0.0355
171680.74,662.0,1152,Skid Steer,55126.3,13979.04,50,IA,0.7977,0,0,,1,0.0378
97506.14,652.0,1113,Loader,131993.11,26237.39,55,IN,0.8342,0,0,,1,0.054
165326.96,735.0,1151,Combine,232283.06,83463.97,53,IN,0.7357,1,0,prior_default,1,0.064
153090.4,637.0,1112,Skid Steer,197752.35,37195.19,80,IL,0.8417,0,0,low_credit;long_term,1,0.1079
157866.19,611.0,1119,Skid Steer,96298.59,8947.87,67,IA,0.915,0,0,low_down_payment;low_credit,1,0.1506
54996.82,668.0,1121,Sprayer,136844.5,29569.78,83,IA,0.8223,0,0,low_income;long_term,0,0.1334
123889.13,575.0,1121,Baler,179893.08,50515.26,73,KS,0.7808,0,0,low_credit;long_term,0,0.1618
117641.7,707.0,3331,Harvester,271787.27,60183.61,82,IA,0.8187,0,0,long_term,1,0.0439
205794.49,695.0,1121,Loader,86888.3,12098.79,65,NE,0.8778,0,0,,1,0.0381
64991.16,656.0,1113,Baler,212543.22,58994.02,76,IL,0.7827,0,0,long_term,0,0.1037
88773.53,770.0,1111,Tractor,299406.25,37691.54,77,KS,0.8882,0,0,long_term,1,0.0531
109846.6,644.0,1113,Planter,135525.59,59361.27,56,IN,0.6954,0,0,,1,0.039
34449.55,690.0,1112,Skid Steer,231992.86,63518.19,61,MN,0.7851,1,0,low_income;prior_default,0,0.1893
112568.39,615.0,3331,Combine,224156.57,55068.47,45,IN,0.8028,0,0,low_credit,1,0.0816
56474.9,733.0,1112,Sprayer,206150.82,76474.5,53,NE,0.7294,0,0,low_income,1,0.05
30000.0,734.0,1111,Loader,91904.9,24503.32,67,ND,0.7895,0,0,low_income,1,0.1192
30000.0,787.0,1119,Baler,70716.32,6525.83,67,IL,0.9155,0,0,low_down_payment;low_income,1,0.1667
111604.31,677.0,1112,Skid Steer,222675.32,120882.84,70,KS,0.6481,0,0,,1,0.023
141448.23,735.0,1112,Sprayer,64966.59,14384.82,76,ND,0.8187,0,0,long_term,1,0.0404
85152.83,655.0,4238,Planter,101226.07,17765.32,43,NE,0.8507,0,0,,1,0.0517
166816.43,696.0,1121,Tractor,267720.71,16299.24,70,KS,0.9426,0,0,low_down_payment,1,0.0559
180705.13,651.0,1151,Tractor,207465.65,30952.6,63,IA,0.8702,0,0,,1,0.0685
112344.65,733.0,1119,Harvester,43194.54,13120.14,50,MO,0.767,0,0,,1,0.0206
188722.72,541.0,3331,Planter,131970.56,44636.35,52,NE,0.7473,0,0,low_credit,1,0.1634
51515.96,644.0,1112,Harvester,108107.19,11795.22,53,MN,0.9016,0,0,low_down_payment;low_income,0,0.1648
135290.08,760.0,1121,Harvester,150563.3,20560.52,45,IL,0.8799,0,0,,1,0.0286
110567.57,688.0,1152,Loader,188953.13,50881.3,65,IN,0.7878,0,0,,1,0.029
84200.78,721.0,1121,Baler,97378.08,34403.18,63,MO,0.7389,0,0,,1,0.0265
36170.81,640.0,1119,Planter,254611.16,58755.7,65,NE,0.8125,0,0,low_income;low_credit,0,0.1828
121292.52,588.0,1112,Baler,57047.46,7455.82,56,ND,0.8844,0,0,low_credit,1,0.152
77887.35,639.0,1113,Planter,252779.33,70503.33,51,WI,0.7819,0,0,low_credit,1,0.0763
89491.47,656.0,1112,Sprayer,147347.92,36583.18,63,MN,0.8011,0,0,,1,0.0515
110086.78,652.0,1152,Planter,45747.34,7092.73,50,IN,0.8658,0,0,,1,0.0561
68068.35,749.0,1121,Combine,234695.7,70155.82,51,IN,0.7699,0,0,,1,0.0379
63338.62,704.0,1151,Harvester,80544.48,15532.96,72,IL,0.8383,0,0,,1,0.0701
156302.3,671.0,1112,Harvester,87572.62,29989.98,66,NE,0.7449,0,0,,1,0.0338
93682.65,613.0,1113,Sprayer,179757.87,79995.57,79,IN,0.692,0,0,low_credit;long_term,1,0.0963
105205.06,659.0,1121,Combine,250408.95,20088.47,53,ND,0.9257,0,0,low_down_payment,1,0.0686
101849.2,700.0,1111,Harvester,163244.01,55486.17,78,MO,0.7463,0,0,long_term,1,0.0324
107789.79,734.0,1113,Combine,178291.51,47245.85,55,IN,0.7905,1,0,prior_default,1,0.0774
137720.37,661.0,4238,Planter,138461.07,54190.01,68,ND,0.7187,0,0,,1,0.0377
30000.0,615.0,3331,Skid Steer,174193.63,36310.68,67,SD,0.8275,0,0,low_income;low_credit,1,0.2201
155594.73,645.0,3331,Planter,147462.85,50184.38,63,KS,0.7461,0,1,bankruptcy,0,0.1466
93763.28,656.0,4238,Baler,233755.87,58185.69,42,MO,0.8007,0,0,,1,0.038
61044.74,699.0,1111,Skid Steer,188708.01,10780.8,53,IL,0.946,0,0,low_down_payment,1,0.0878
89706.53,702.0,1112,Sprayer,128903.1,35042.78,71,IA,0.7863,0,0,,1,0.0305
86638.87,658.0,1151,Loader,141927.13,23560.2,44,IA,0.8576,0,0,,0,0.0495
124231.86,679.0,1121,Loader,104269.19,28195.97,68,KS,0.7871,0,0,,1,0.0354
88235.68,591.0,1113,Tractor,183794.61,65134.6,56,ND,0.7383,0,0,low_credit,1,0.1076
81278.44,688.0,1152,Baler,250893.59,7288.17,58,SD,0.9718,0,0,high_ltv;low_down_payment,1,0.0731
79223.68,654.0,1152,Harvester,66664.44,16430.02,68,IL,0.8023,1,0,prior_default,1,0.1584
175306.72,740.0,1119,Planter,177920.52,32201.94,38,NE,0.8467,0,0,,1,0.0229
110703.87,725.0,1152,Sprayer,194582.97,5966.34,70,ND,0.9703,0,0,high_ltv;low_down_payment,1,0.067
175954.7,760.0,1119,Baler,245597.95,53825.35,63,ND,0.8202,0,0,,1,0.0303
101274.94,733.0,1151,Harvester,236218.79,12565.13,77,NE,0.9495,0,0,low_down_payment;long_term,0,0.0688
76959.03,714.0,4238,Harvester,166123.67,59799.02,48,NE,0.7353,1,0,prior_default,1,0.0796
35378.41,596.0,3331,Combine,233543.42,33184.05,58,MO,0.8756,0,0,low_income;low_credit,0,0.2365
37350.0,640.0,4238,Planter,107880.57,12494.37,46,KS,0.8962,0,0,low_income;low_credit,1,0.1887
130646.87,619.0,1111,Baler,157747.92,7458.1,53,WI,0.9549,0,0,high_ltv;low_down_payment;low_credit,0,0.1451
141535.41,679.0,3331,Tractor,264609.57,53147.57,71,IN,0.8327,0,0,,1,0.0428
147997.01,711.0,1113,Harvester,229513.0,74851.15,64,ND,0.7541,0,0,,1,0.0243
132755.11,673.0,1151,Skid Steer,100992.66,48673.32,60,KS,0.6748,0,0,,1,0.0232
176510.37,701.0,1113,Loader,213169.71,58822.05,36,WI,0.7837,0,0,,1,0.0177
45526.33,827.0,1152,Tractor,223667.57,50856.76,67,ND,0.8147,0,0,low_income,1,0.0969
124100.37,556.0,1152,Loader,228902.81,61651.8,42,NE,0.7878,0,0,low_credit,0,0.1478
199635.9,669.0,1151,Planter,193028.56,87484.56,78,NE,0.6881,0,0,long_term,1,0.0378
190990.0,686.0,3331,Loader,129484.17,10598.47,46,IA,0.9243,0,0,low_down_payment,1,0.0406
71227.31,604.0,1112,Planter,109981.99,16831.5,60,MN,0.8673,0,0,low_credit,0,0.1668
138105.62,648.0,1121,Loader,70340.65,29356.46,43,SD,0.7055,0,0,,1,0.0319
101859.21,665.0,1111,Sprayer,252014.2,89549.69,48,SD,0.7378,0,0,,1,0.0281
43155.34,624.0,4238,Harvester,156477.32,50311.6,46,WI,0.7567,0,0,low_income;low_credit,0,0.1528
63817.26,636.0,1113,Skid Steer,79859.49,29510.58,66,MO,0.7302,1,0,low_credit;prior_default,0,0.1862
180595.88,676.0,3331,Loader,57225.88,8254.44,72,KS,0.8739,0,0,,1,0.052
41332.2,565.0,1119,Combine,69597.76,20478.75,48,IL,0.7727,0,0,low_income;low_credit,0,0.2169
88269.42,765.0,1113,Harvester,159421.97,24831.01,75,KS,0.8652,0,0,long_term,1,0.0486
154994.34,769.0,1112,Harvester,176681.49,31776.33,59,MO,0.8476,0,0,,1,0.0314
153724.42,774.0,3331,Sprayer,176142.56,28114.05,42,SD,0.8624,0,0,,1,0.0257
109085.78,705.0,1111,Tractor,46772.44,4617.55,54,IA,0.9101,0,0,low_down_payment,0,0.0402
88161.05,646.0,3331,Harvester,268673.41,65133.58,76,NE,0.8049,1,0,long_term;prior_default,0,0.1684
94752.1,692.0,1121,Baler,186470.86,37272.92,62,NE,0.8334,0,0,,1,0.0313
59815.65,685.0,1121,Skid Steer,224994.82,60645.65,84,WI,0.7877,0,0,low_income;long_term,1,0.0948
93854.29,719.0,1121,Sprayer,136993.39,25055.07,47,NE,0.8454,0,0,,1,0.0261
128276.3,609.0,1152,Loader,196176.99,26016.16,52,KS,0.8829,0,0,low_credit,0,0.1189
30000.0,648.0,1152,Baler,67777.76,23188.4,58,NE,0.7451,0,0,low_income,1,0.1488
64051.03,626.0,1119,Planter,138629.36,22901.52,61,MN,0.8582,0,0,low_credit,0,0.1511
165841.77,676.0,4238,Tractor,43522.94,11953.89,60,WI,0.7845,0,0,,1,0.0326
102820.66,674.0,1119,Baler,274187.41,17508.19,62,NE,0.94,1,0,low_down_payment;prior_default,0,0.1557
46624.08,621.0,1152,Planter,102143.53,37122.96,64,NE,0.7334,0,0,low_income;low_credit,0,0.1608
71251.18,726.0,3331,Combine,80827.06,19139.39,61,IA,0.8085,0,0,,1,0.0458
110358.81,734.0,1151,Harvester,149216.91,26212.67,67,MO,0.8506,0,0,,1,0.0357
153361.66,601.0,1111,Baler,41014.26,12116.7,60,IN,0.7719,0,0,low_credit,1,0.1051
111171.05,702.0,1151,Skid Steer,202712.8,31479.3,70,IA,0.8656,0,0,,1,0.0392
39911.73,621.0,1113,Tractor,118589.95,43822.2,69,IL,0.7302,0,0,low_income;low_credit,0,0.1753
48120.7,775.0,3331,Combine,200314.01,21018.11,62,WI,0.905,0,0,low_down_payment;low_income,1,0.1196
113819.19,743.0,3331,Tractor,215097.13,70370.6,67,WI,0.7535,0,0,,1,0.0254
30000.0,652.0,3331,Tractor,65623.2,23187.27,53,SD,0.7389,0,0,low_income,0,0.1376
38907.88,669.0,1121,Combine,166935.74,39220.11,64,KS,0.8098,0,0,low_income,1,0.1323
110845.19,668.0,1151,Loader,59567.75,17632.66,65,MN,0.7716,0,0,,0,0.0388
176557.14,655.0,1112,Loader,82631.35,34085.29,51,ND,0.708,0,0,,1,0.0315
110815.57,657.0,1111,Sprayer,127183.94,9804.06,59,IL,0.9284,0,0,low_down_payment,1,0.0776
136571.19,636.0,1112,Tractor,121944.75,27332.98,56,MO,0.8169,0,0,low_credit,1,0.0725
146397.04,743.0,1111,Tractor,156809.43,9161.67,61,MO,0.9448,0,0,low_down_payment,1,0.0498
103259.2,744.0,1112,Sprayer,130913.38,29162.86,84,WI,0.8178,0,0,long_term,1,0.045
201635.03,740.0,1111,Combine,185141.69,8996.52,46,NE,0.9537,0,0,high_ltv;low_down_payment,1,0.046
142351.38,819.0,1111,Baler,260591.3,55577.48,53,MO,0.8242,0,0,,1,0.0265
133029.9,670.0,4238,Baler,201584.58,22140.38,77,KS,0.901,0,0,low_down_payment;long_term,0,0.0801
93140.21,629.0,1119,Baler,253623.71,42266.76,46,ND,0.8572,0,1,low_credit;bankruptcy,1,0.1897
59918.78,717.0,1121,Tractor,147537.43,51906.47,61,MO,0.7397,0,0,low_income,0,0.053
52940.47,660.0,1119,Baler,209985.69,26065.86,55,SD,0.8896,0,0,low_income,1,0.1296
116617.52,723.0,1112,Loader,249636.43,88714.24,72,SD,0.7378,0,0,,1,0.0259
111433.19,741.0,1112,Planter,74734.76,17708.85,61,IA,0.8084,0,0,,1,0.0282
99683.86,598.0,1121,Skid Steer,139755.95,19095.26,53,MO,0.8798,0,0,low_credit,0,0.1342
130665.99,645.0,1119,Sprayer,122960.18,13177.02,62,NE,0.9032,0,0,low_down_payment,1,0.0876
97200.03,546.0,1152,Sprayer,121407.55,76165.04,57,ND,0.6145,0,0,low_credit,0,0.1233
96349.19,802.0,1151,Harvester,149231.86,38590.67,49,KS,0.7945,0,0,,1,0.0224
30000.0,687.0,1112,Skid Steer,66157.57,15264.72,65,SD,0.8125,1,0,low_income;prior_default,0,0.2092
80702.26,711.0,1152,Loader,313711.59,31223.21,43,IN,0.9095,0,0,low_down_payment,1,0.0435
30000.0,738.0,1119,Sprayer,248317.41,33301.38,51,ND,0.8818,0,0,low_income,1,0.1291
102762.22,708.0,1111,Sprayer,278547.13,43859.02,78,SD,0.864,0,0,long_term,1,0.0483
105800.95,669.0,4238,Planter,124606.12,26373.19,70,IA,0.8253,0,0,,0,0.0489
30000.0,544.0,1113,Combine,40942.09,5382.38,61,MN,0.8838,0,0,low_income;low_credit,0,0.2647
30000.0,734.0,3331,Harvester,76224.3,19313.22,74,IL,0.7978,0,0,low_income;long_term,0,0.137
75881.56,700.0,1119,Baler,128827.43,42936.31,47,SD,0.75,0,0,,1,0.0272
83671.79,624.0,1112,Loader,216439.01,57345.09,67,WI,0.7905,0,0,low_credit,0,0.1008
106413.95,683.0,1113,Planter,58374.55,16381.61,61,KS,0.7809,0,0,,1,0.0288
144472.84,711.0,1151,Skid Steer,261340.95,23753.52,69,KS,0.9167,0,0,low_down_payment,0,0.0507
55693.31,752.0,1121,Skid Steer,81143.75,9641.23,47,WI,0.8938,0,0,low_income,1,0.0788
155017.7,709.0,3331,Baler,241152.79,50704.43,54,MN,0.8263,0,0,,0,0.0271
49378.68,662.0,1151,Combine,186523.1,16718.52,71,NE,0.9177,0,0,low_down_payment;low_income,1,0.1708
47066.04,750.0,1121,Combine,276040.66,42301.63,56,MO,0.8671,0,0,low_income,0,0.0965
30000.0,657.0,4238,Combine,224151.51,75330.68,72,IA,0.7485,0,0,low_income,1,0.1539
94912.94,733.0,3331,Skid Steer,244624.15,42937.26,81,SD,0.8507,0,0,long_term,1,0.0482
114347.9,658.0,4238,Tractor,221852.56,78062.92,64,NE,0.7397,0,0,,1,0.0404
112384.38,674.0,1121,Planter,264401.87,29813.23,72,ND,0.8987,0,0,,1,0.0586
88282.85,697.0,1119,Sprayer,110310.44,30081.35,46,SD,0.7857,0,0,,1,0.0218
58628.25,667.0,3331,Combine,65967.44,23731.61,66,IN,0.7354,0,0,low_income,1,0.0801
175470.3,674.0,1152,Sprayer,167333.16,34217.99,39,IA,0.8302,0,0,,1,0.0295
36797.56,648.0,1151,Sprayer,281496.52,51734.04,59,MO,0.8448,0,0,low_income,0,0.1688
126024.53,620.0,1152,Baler,175616.24,36649.93,63,IL,0.8273,0,0,low_credit,0,0.1005
157522.98,792.0,1113,Combine,145291.48,31437.19,54,KS,0.8221,0,0,,1,0.0267
125284.13,638.0,1152,Tractor,117318.49,25087.58,65,MO,0.8238,0,0,low_credit,1,0.0803
146760.74,682.0,1111,Tractor,57234.15,15328.21,54,MN,0.7888,0,0,,1,0.0274
30000.0,698.0,1112,Loader,73121.19,2720.54,55,IL,0.9641,0,0,high_ltv;low_down_payment;low_income,1,0.1774
126746.42,653.0,1151,Tractor,221508.71,53100.0,64,SD,0.8066,0,0,,1,0.0548
91583.78,710.0,1119,Tractor,292163.44,34262.17,49,IL,0.895,0,0,,0,0.032
166954.14,694.0,1152,Skid Steer,288910.78,45610.06,59,NE,0.8637,0,0,,1,0.0333
42632.0,724.0,3331,Skid Steer,246621.63,42885.19,67,NE,0.8519,0,0,low_income,1,0.1127
133751.42,830.0,1111,Loader,268782.66,50342.05,74,SD,0.8422,0,0,long_term,1,0.0425
59481.97,711.0,1113,Sprayer,126336.53,25430.53,67,IA,0.8324,1,0,low_income;prior_default,0,0.167
174070.14,674.0,1119,Skid Steer,118261.76,22475.31,64,ND,0.8403,0,0,,1,0.0434
100162.4,683.0,1152,Harvester,185415.04,72784.76,57,WI,0.7181,0,0,,1,0.022
37728.93,615.0,1121,Sprayer,224512.65,46424.87,69,IL,0.8287,0,0,low_income;low_credit,1,0.213
83065.35,716.0,1151,Combine,95795.9,11091.97,56,ND,0.8962,0,0,,1,0.0426
68397.52,713.0,1113,Combine,256228.92,88374.24,60,MN,0.7435,0,0,,1,0.039
30000.0,624.0,1151,Loader,113581.69,50962.31,54,NE,0.6903,0,0,low_income;low_credit,1,0.1626
148904.42,700.0,4238,Skid Steer,91251.81,30766.5,54,IA,0.7479,0,0,,1,0.0204
141911.4,695.0,1112,Harvester,216611.19,53991.95,76,NE,0.8005,0,0,long_term,0,0.038
109412.26,683.0,1112,Sprayer,96971.34,19975.07,54,ND,0.8292,0,0,,1,0.0313
125053.3,692.0,1121,Skid Steer,159575.4,34755.06,61,IN,0.8212,0,0,,1,0.0295
146126.61,712.0,4238,Harvester,142535.55,30099.92,51,IL,0.8256,0,1,bankruptcy,1,0.0998
129687.86,763.0,1152,Sprayer,143840.96,43889.43,44,MO,0.7662,0,0,,1,0.0187
67811.56,764.0,4238,Planter,111681.38,18183.72,84,WI,0.86,0,0,long_term,1,0.0853
42731.96,669.0,1119,Loader,267453.36,72425.42,42,IA,0.7869,1,0,low_income;prior_default,0,0.1824
140366.86,607.0,4238,Tractor,295763.93,37863.49,56,IL,0.8865,0,0,low_credit,0,0.1263
65974.91,638.0,1113,Tractor,74996.4,25538.38,76,NE,0.746,1,0,low_credit;long_term;prior_default,0,0.1984
66341.73,625.0,1112,Sprayer,83127.92,18067.57,59,MO,0.8215,0,0,low_credit,0,0.1336
72982.64,733.0,1113,Skid Steer,106259.85,31696.3,57,MN,0.7702,0,0,,1,0.0364
210300.4,675.0,4238,Skid Steer,115818.99,29823.42,72,IN,0.7952,0,0,,1,0.0413
101909.52,653.0,4238,Skid Steer,61590.19,0.0,55,IL,1.0,0,0,high_ltv;low_down_payment,0,0.1032
99118.21,803.0,3331,Sprayer,259510.74,38166.56,52,MO,0.8718,0,0,,0,0.0309
111040.18,631.0,1111,Sprayer,216486.0,36489.06,65,IA,0.8558,0,0,low_credit,1,0.0959
160528.17,652.0,1151,Sprayer,175410.99,34574.13,71,MN,0.8353,0,0,,1,0.0666
126299.53,699.0,4238,Baler,164405.26,52878.78,46,KS,0.7566,1,0,prior_default,0,0.0626
115501.56,681.0,3331,Harvester,227407.13,56319.57,61,IL,0.8015,0,0,,1,0.0324
112848.07,665.0,1111,Harvester,111614.92,19954.65,58,MN,0.8483,0,0,,1,0.0477
30000.0,768.0,1151,Harvester,65514.47,7554.6,59,ND,0.8966,0,0,low_income,1,0.143
163151.06,756.0,1113,Baler,105407.09,27378.54,73,IN,0.7938,0,0,long_term,1,0.0355
137008.93,744.0,4238,Loader,142848.95,68353.27,59,WI,0.6764,0,0,,1,0.017
154200.62,706.0,1113,Skid Steer,64285.48,3867.09,68,IL,0.9433,0,0,low_down_payment,1,0.0545
116307.92,650.0,1111,Sprayer,226147.6,66083.51,61,MO,0.7739,0,0,,1,0.0494
121672.0,668.0,1152,Combine,115822.39,5278.63,55,IL,0.9564,0,0,high_ltv;low_down_payment,1,0.0739
116639.6,750.0,1152,Baler,266138.86,28741.86,66,KS,0.9025,0,0,low_down_payment,1,0.0465
131311.79,754.0,1152,Tractor,52448.09,3764.93,57,IA,0.933,0,0,low_down_payment,1,0.0453
96105.61,739.0,1119,Harvester,50095.65,14435.54,70,MN,0.7763,0,0,,1,0.0288
110843.58,603.0,1121,Sprayer,268399.26,17218.55,61,MN,0.9397,0,0,low_down_payment;low_credit,1,0.1634
81118.65,795.0,1119,Tractor,137403.47,14768.12,57,NE,0.903,0,0,low_down_payment,1,0.0512
118010.64,713.0,1121,Planter,45997.02,7846.13,54,NE,0.8543,0,0,,1,0.0299
87276.49,768.0,1112,Combine,198024.21,24865.87,78,ND,0.8884,0,0,long_term,1,0.0559
70048.81,614.0,1121,Skid Steer,230043.56,70960.89,40,SD,0.7643,0,0,low_credit,1,0.1039
90517.74,684.0,1119,Planter,311010.9,28398.11,67,IL,0.9163,0,0,low_down_payment,1,0.0545
52415.59,726.0,1152,Harvester,299872.99,40153.26,47,ND,0.8819,0,0,low_income,1,0.0816
45033.57,794.0,1151,Skid Steer,142604.29,9473.4,56,MN,0.9377,0,0,low_down_payment;low_income,1,0.129
147696.15,650.0,4238,Skid Steer,294936.36,53646.16,74,WI,0.8461,0,0,long_term,0,0.0804
93747.84,637.0,1113,Loader,106292.27,24498.77,62,IA,0.8127,0,0,low_credit,0,0.076
64827.62,671.0,1151,Planter,227152.81,34648.17,45,WI,0.8677,0,0,,1,0.0706
49524.8,594.0,4238,Baler,274281.77,6354.65,61,WI,0.9774,0,0,high_ltv;low_down_payment;low_income;low_credit,0,0.2608
202193.0,708.0,1111,Combine,239900.09,105344.62,64,KS,0.6949,0,0,,1,0.0196
101019.65,741.0,1119,Sprayer,232150.55,54522.64,84,WI,0.8098,0,0,long_term,1,0.0438
131981.77,543.0,1112,Combine,144277.27,6825.17,71,WI,0.9548,0,0,high_ltv;low_down_payment;low_credit,0,0.25
64644.52,682.0,1119,Combine,239179.17,35829.75,50,NE,0.8697,0,0,,0,0.064
146766.26,636.0,1151,Sprayer,168469.22,75490.73,77,ND,0.6906,0,0,low_credit;long_term,1,0.0697
131085.24,697.0,1113,Skid Steer,147765.61,30066.17,51,NE,0.8309,0,0,,1,0.0263
123686.63,726.0,1119,Planter,191147.1,33593.14,58,MN,0.8505,0,0,,1,0.0313
92542.37,709.0,1111,Combine,200917.29,6814.24,49,IL,0.9672,0,0,high_ltv;low_down_payment,0,0.0501
47153.06,661.0,1113,Planter,104280.13,22840.41,60,IA,0.8203,0,0,low_income,1,0.1245
70668.25,670.0,1112,Harvester,306689.83,42044.27,84,IN,0.8794,0,0,long_term,0,0.1101
135508.74,781.0,1152,Combine,105059.84,16504.27,55,IN,0.8642,0,0,,1,0.0314
205417.77,608.0,1151,Tractor,158715.93,40342.23,57,KS,0.7973,0,0,low_credit,1,0.101
48676.57,620.0,1111,Planter,236478.13,52200.74,62,MO,0.8192,0,0,low_income;low_credit,0,0.1835
111132.77,667.0,1113,Harvester,238801.05,20729.74,47,IA,0.9201,0,0,low_down_payment,1,0.0553
138941.69,691.0,1121,Loader,191646.12,75996.25,60,IL,0.7161,0,0,,1,0.0199
137996.02,772.0,4238,Baler,225624.23,63868.48,43,NE,0.7794,0,0,,1,0.0194
86225.79,738.0,1121,Planter,52231.12,16147.91,59,KS,0.7638,0,0,,1,0.0259
193942.55,686.0,1113,Harvester,113469.21,26416.06,76,NE,0.8112,0,0,long_term,1,0.0423
99965.91,691.0,1119,Sprayer,245634.45,61874.93,55,KS,0.7988,1,0,prior_default,1,0.0793
60254.22,672.0,1151,Combine,179286.87,25414.54,64,ND,0.8758,0,0,,1,0.0974
85247.08,724.0,1121,Planter,168445.72,65949.84,57,NE,0.7186,0,0,,1,0.0219
95635.3,607.0,1119,Loader,278535.29,56384.81,65,NE,0.8316,0,0,low_credit,0,0.1199
142744.11,706.0,1151,Tractor,278743.51,48721.54,59,IA,0.8512,0,0,,1,0.0318
126084.18,772.0,1152,Tractor,56732.23,9030.66,47,KS,0.8627,0,0,,1,0.0277
107081.33,743.0,1151,Planter,46766.36,12143.39,68,IN,0.7939,0,0,,1,0.0298
151689.32,643.0,1151,Tractor,89771.55,15429.76,64,IN,0.8533,0,0,,1,0.0739
83010.5,624.0,1112,Tractor,134953.73,9729.76,59,SD,0.9328,0,0,low_down_payment;low_credit,1,0.1438
136681.96,651.0,3331,Planter,77250.11,25506.33,54,SD,0.7518,0,0,,1,0.0411
168567.61,697.0,1112,Sprayer,119485.69,8506.69,68,WI,0.9335,0,0,low_down_payment,1,0.0528
73429.76,671.0,1112,Combine,117214.94,6562.97,65,IL,0.947,0,0,low_down_payment,0,0.1015
195913.33,642.0,1152,Tractor,192008.4,63384.42,61,IA,0.7518,0,0,,1,0.0525
66652.44,653.0,1119,Tractor,182476.95,41658.89,68,MO,0.8141,0,0,,0,0.0967
92213.01,625.0,1112,Baler,282492.93,62493.58,36,WI,0.8189,0,0,low_credit,0,0.0675
103700.84,682.0,1119,Planter,194036.45,52580.0,53,WI,0.7868,0,0,,1,0.027
90282.45,667.0,4238,Skid Steer,152946.7,30269.25,36,ND,0.8348,0,0,,1,0.0324
78356.5,614.0,1151,Sprayer,163352.18,55316.61,61,ND,0.747,0,0,low_credit,1,0.105
97711.8,703.0,1111,Combine,164928.07,47170.05,53,SD,0.7776,0,0,,1,0.0224
50079.58,648.0,4238,Planter,313126.77,22311.75,59,SD,0.9335,0,0,low_down_payment;low_income,1,0.1796
185647.8,745.0,1119,Skid Steer,227339.7,61207.67,62,NE,0.7879,0,0,,1,0.0267
152429.5,744.0,4238,Sprayer,121634.96,30672.51,47,IA,0.7986,0,0,,1,0.0221
105013.92,633.0,3331,Sprayer,207237.15,42492.47,66,IL,0.8298,0,0,low_credit,0,0.0879
152082.51,711.0,1119,Sprayer,140853.43,25064.41,57,IN,0.8489,0,0,,1,0.0307
158699.89,600.0,1119,Sprayer,124415.8,37369.56,60,IL,0.769,0,0,low_credit,0,0.1066
58332.69,685.0,4238,Sprayer,72496.5,21202.65,62,ND,0.7737,0,0,low_income,1,0.0673
111301.61,718.0,1151,Harvester,205070.02,62821.85,53,NE,0.7655,0,0,,1,0.0215
40980.24,640.0,4238,Planter,192660.8,39874.72,83,IA,0.8285,0,0,low_income;low_credit;long_term,0,0.2017
52344.15,662.0,1111,Harvester,132425.23,42149.4,74,IN,0.7586,0,0,low_income;long_term,1,0.1188
187898.79,830.0,1151,Planter,64825.02,18579.47,65,WI,0.7772,0,0,,1,0.0268
39086.38,631.0,1119,Harvester,61564.65,22376.01,53,SD,0.7334,0,0,low_income;low_credit,1,0.1519
84086.82,830.0,1152,Harvester,182114.2,38947.48,68,IN,0.8238,0,0,,1,0.0385
50101.32,593.0,1121,Skid Steer,140100.21,26685.22,64,MO,0.84,1,0,low_income;low_credit;prior_default,0,0.2531
106505.76,788.0,1112,Planter,43028.42,14225.15,69,KS,0.7515,0,0,,1,0.026
30000.0,711.0,1113,Planter,167706.35,84607.77,41,WI,0.6647,0,0,low_income,1,0.064
154247.68,668.0,1111,Planter,245138.89,48182.8,54,ND,0.8357,0,0,,1,0.0413
91562.37,672.0,1152,Harvester,154268.53,26221.32,55,IN,0.8547,0,0,,0,0.0415
130119.99,692.0,3331,Loader,97660.29,31737.25,71,IL,0.7547,0,0,,1,0.0271
137918.4,745.0,1112,Loader,87028.2,24051.6,46,IA,0.7835,0,0,,1,0.0206
105139.42,695.0,1113,Tractor,233559.57,32649.59,39,ND,0.8774,0,0,,1,0.0259
84940.06,637.0,1113,Skid Steer,123790.7,19332.31,47,KS,0.8649,0,0,low_credit,1,0.0827
116429.45,629.0,1112,Tractor,131911.49,27892.21,49,NE,0.8255,0,0,low_credit,1,0.0751
99757.55,742.0,4238,Sprayer,126685.03,9596.53,66,MN,0.9296,1,0,low_down_payment;prior_default,1,0.1349
30000.0,654.0,1119,Planter,236581.37,48659.72,56,WI,0.8294,0,0,low_income,1,0.1663
110679.46,740.0,1152,Loader,244169.85,46043.74,80,NE,0.8413,0,0,long_term,1,0.0461
37717.39,638.0,3331,Combine,62965.55,14916.68,51,WI,0.8085,0,0,low_income;low_credit,1,0.1669
106285.27,655.0,1111,Baler,267556.75,74006.46,73,IA,0.7833,0,0,long_term,0,0.061
127604.42,679.0,1111,Combine,125581.33,45063.47,55,MO,0.7359,0,0,,1,0.0244
69408.52,759.0,1119,Skid Steer,251676.76,64773.44,46,IL,0.7953,0,0,,1,0.0372
144676.14,645.0,1121,Combine,62906.73,12431.4,64,IN,0.835,0,0,,1,0.0676
42806.1,698.0,4238,Planter,54738.21,40602.61,63,KS,0.5741,0,0,low_income,1,0.0471
75149.98,641.0,1151,Loader,109967.49,22230.13,43,MO,0.8318,0,0,,1,0.0762
106181.62,643.0,1111,Harvester,264235.09,58685.67,65,SD,0.8183,0,0,,1,0.067
120211.62,798.0,4238,Harvester,45327.0,10939.05,73,IN,0.8056,0,0,long_term,1,0.037
133513.3,719.0,1112,Baler,44549.49,13529.28,53,MN,0.7671,0,0,,1,0.0216
68430.35,585.0,1152,Sprayer,55818.03,0.0,52,SD,1.0,0,0,high_ltv;low_down_payment;low_credit,0,0.2423
108309.77,806.0,1121,Sprayer,215596.88,33581.7,67,MN,0.8652,0,0,,1,0.0375
131150.45,597.0,1152,Combine,171541.1,58139.24,73,IN,0.7469,0,0,low_credit;long_term,0,0.1247
65439.56,620.0,1119,Skid Steer,173582.62,28149.73,69,IA,0.8605,0,0,low_credit,1,0.1659
181960.76,734.0,1112,Sprayer,63124.28,8586.33,53,SD,0.8803,0,0,,1,0.0322
120039.99,628.0,1121,Loader,254444.07,60409.57,78,SD,0.8081,0,0,low_credit;long_term,0,0.1083
66095.91,667.0,1152,Sprayer,302309.24,30173.64,53,IL,0.9092,0,0,low_down_payment,0,0.098
134144.91,761.0,3331,Tractor,217762.02,56994.17,62,NE,0.7926,0,0,,1,0.0271
137690.56,683.0,3331,Sprayer,65103.9,28345.15,48,ND,0.6967,0,0,,1,0.0176
75430.77,649.0,1113,Combine,126802.66,17251.93,46,ND,0.8802,0,0,,1,0.0811
49837.62,704.0,3331,Combine,206335.25,37587.67,82,KS,0.8459,0,0,low_income;long_term,0,0.1211
72521.92,692.0,1119,Tractor,278424.71,0.0,72,IL,1.0,0,0,high_ltv;low_down_payment,1,0.1083
30000.0,718.0,4238,Loader,142873.48,8907.6,61,MN,0.9413,0,0,low_down_payment;low_income,0,0.1684
88484.34,663.0,1152,Loader,84968.24,8762.23,64,KS,0.9065,0,0,low_down_payment,1,0.0729
66704.48,752.0,1112,Loader,129351.33,28099.05,57,IL,0.8215,0,0,,1,0.0507
100779.93,728.0,1152,Harvester,191851.08,49706.99,67,WI,0.7942,0,0,,1,0.0294
84278.34,756.0,3331,Harvester,191480.77,54530.6,82,MN,0.7783,0,0,long_term,1,0.0443
83588.75,748.0,1121,Sprayer,148103.08,21275.96,44,KS,0.8744,0,0,,1,0.0328
228960.4,672.0,1112,Combine,176789.26,57905.79,45,WI,0.7533,0,0,,1,0.0252
161647.48,631.0,1112,Loader,167918.11,14153.72,69,MN,0.9223,0,1,low_down_payment;low_credit;bankruptcy,0,0.2329
30000.0,777.0,1112,Loader,171991.79,48713.78,61,ND,0.7793,0,0,low_income,0,0.11
101469.49,695.0,4238,Baler,180586.01,48005.87,77,NE,0.79,0,0,long_term,1,0.0371
97918.75,653.0,1151,Combine,229456.42,50842.84,84,MO,0.8186,1,0,long_term;prior_default,1,0.169
145605.03,679.0,1121,Combine,102347.94,28142.16,51,MN,0.7843,0,0,,1,0.0271
111916.97,640.0,1152,Harvester,64307.06,2236.73,64,KS,0.9664,0,0,high_ltv;low_down_payment,1,0.1224
39495.21,736.0,4238,Baler,259405.69,50382.81,71,MO,0.8374,0,0,low_income,1,0.119
200802.69,729.0,1151,Skid Steer,98879.48,69431.98,52,IL,0.5875,0,0,,1,0.0108
42496.53,610.0,1152,Loader,44725.28,10288.51,45,IL,0.813,0,0,low_income;low_credit,1,0.1864
69025.6,741.0,1121,Loader,257772.92,31936.92,53,IN,0.8898,0,0,,1,0.0566
157306.74,802.0,1112,Planter,224384.51,44323.6,43,IN,0.835,0,0,,1,0.0237
218529.4,612.0,1121,Combine,132317.22,40954.4,39,MO,0.7636,0,0,low_credit,1,0.0708
121913.71,681.0,1111,Combine,153026.25,11237.59,72,KS,0.9316,0,0,low_down_payment,1,0.0643
73656.09,717.0,3331,Sprayer,193939.01,25266.02,44,MN,0.8847,0,0,,0,0.0439
74582.86,571.0,1119,Harvester,237065.52,75315.75,84,IL,0.7589,0,0,low_credit;long_term,0,0.1937
165706.92,719.0,1119,Combine,100207.78,20897.73,70,MO,0.8274,0,0,,1,0.0344
174343.05,710.0,1121,Combine,167305.93,26674.61,62,IA,0.8625,0,0,,1,0.0346
115689.54,724.0,1152,Combine,239745.15,71997.09,66,ND,0.769,0,0,,1,0.0265
131546.37,722.0,1113,Loader,64960.75,12553.48,77,IN,0.838,0,1,long_term;bankruptcy,1,0.1396
94871.91,605.0,1119,Planter,105869.07,22791.94,44,MO,0.8229,0,0,low_credit,1,0.0976
95551.07,698.0,1113,Planter,103674.6,18602.66,55,MN,0.8479,0,0,,0,0.0297
123040.01,679.0,1152,Loader,215131.07,16428.76,63,SD,0.9291,0,0,low_down_payment,0,0.0581
103606.23,655.0,1113,Planter,131143.9,15292.37,37,NE,0.8956,0,0,,1,0.0489
229999.87,702.0,1152,Loader,185591.88,59127.29,47,SD,0.7584,0,0,,1,0.0191
30000.0,736.0,1113,Combine,171373.35,35099.14,50,IA,0.83,0,0,low_income,1,0.1126
136610.7,684.0,4238,Loader,168055.85,45925.09,49,SD,0.7854,0,0,,1,0.0242
39325.41,619.0,1112,Tractor,284589.54,65070.15,68,KS,0.8139,0,0,low_income;low_credit,1,0.2024
107011.65,630.0,1112,Loader,226329.36,56414.74,60,IN,0.8005,0,0,low_credit,1,0.0783
72603.47,710.0,3331,Baler,175015.93,31911.43,65,SD,0.8458,0,0,,1,0.0529
135958.75,763.0,1151,Planter,96543.64,10692.83,68,MN,0.9003,0,0,low_down_payment,1,0.0474
67028.99,591.0,1152,Combine,199564.11,78903.47,60,IN,0.7167,0,0,low_credit,0,0.144
132842.33,752.0,1121,Baler,275032.51,18182.83,59,MO,0.938,0,0,low_down_payment,1,0.0474
71571.51,716.0,1113,Tractor,178344.41,45335.03,66,MO,0.7973,0,0,,1,0.0469
108752.71,718.0,1152,Tractor,202893.75,3068.67,59,KS,0.9851,0,0,high_ltv;low_down_payment,1,0.0608
83836.11,612.0,1119,Planter,216871.29,14840.75,72,IN,0.936,0,0,low_down_payment;low_credit,0,0.175
132847.26,803.0,3331,Harvester,78533.65,17699.86,62,IL,0.8161,0,1,bankruptcy,1,0.1087
151982.7,804.0,1112,Skid Steer,100773.52,37560.17,59,KS,0.7285,0,0,,1,0.0206
166332.57,754.0,1111,Harvester,185419.0,95374.89,70,MO,0.6603,0,0,,1,0.0189
124549.2,729.0,1111,Tractor,230684.79,97677.67,63,MN,0.7025,0,0,,1,0.0199
56597.56,644.0,1119,Combine,145940.29,20421.19,42,MN,0.8772,1,0,low_income;prior_default,0,0.214
86943.61,624.0,4238,Baler,109367.39,3492.57,77,MN,0.9691,0,0,high_ltv;low_down_payment;low_credit;long_term,0,0.1862
151581.58,662.0,1151,Sprayer,65167.82,7398.77,59,ND,0.898,0,0,,0,0.0591
37603.19,721.0,1121,Tractor,72956.33,17023.4,77,MO,0.8108,0,0,low_income;long_term,0,0.1294
169282.52,684.0,1152,Combine,59679.21,15100.1,65,MN,0.7981,0,0,,0,0.0321
91234.55,660.0,1112,Sprayer,37193.14,16955.61,59,NE,0.6869,0,0,,1,0.0303
55400.34,679.0,1151,Baler,149112.36,51183.94,70,MN,0.7445,0,0,low_income,1,0.0777
78930.78,659.0,1112,Sprayer,194980.9,28109.55,68,WI,0.874,0,0,,1,0.0828
83324.34,674.0,3331,Tractor,246490.12,80141.63,36,MN,0.7546,0,0,,1,0.0254
174572.71,830.0,1119,Harvester,273080.63,27285.76,58,ND,0.9092,0,0,low_down_payment,1,0.0424
46912.39,678.0,1111,Combine,133120.84,26322.09,52,IN,0.8349,0,0,low_income,1,0.0991
127641.23,698.0,1113,Combine,226640.96,9069.89,57,IN,0.9615,0,0,high_ltv;low_down_payment,1,0.0549
103878.98,732.0,1119,Baler,233142.55,44174.26,69,WI,0.8407,0,0,,1,0.0355
99051.62,762.0,4238,Combine,135488.03,31652.43,69,IL,0.8106,0,0,,1,0.032
97134.64,690.0,3331,Combine,55497.76,22040.21,65,MN,0.7157,0,0,,1,0.0217
191236.92,583.0,3331,Combine,262202.54,59480.04,62,IA,0.8151,0,0,low_credit,1,0.1442
30000.0,678.0,1151,Tractor,95783.09,32209.55,57,SD,0.7483,0,0,low_income,1,0.112
123123.36,633.0,1152,Tractor,184852.76,20644.2,68,ND,0.8995,0,0,low_credit,0,0.1082
75833.86,743.0,3331,Skid Steer,308695.12,18746.07,69,IL,0.9427,0,0,low_down_payment,1,0.0766
93539.47,667.0,1151,Tractor,250126.71,79358.37,64,WI,0.7591,0,0,,1,0.0373
135013.78,622.0,1111,Tractor,58108.85,10077.32,64,ND,0.8522,0,0,low_credit,1,0.105
174855.29,792.0,1152,Baler,229274.57,22760.33,41,MN,0.9097,0,0,low_down_payment,1,0.0333
78474.22,665.0,4238,Combine,151872.46,39018.85,41,IA,0.7956,0,0,,0,0.042
60671.48,653.0,1151,Sprayer,107089.89,33112.48,54,IN,0.7638,0,0,,1,0.0809
77041.24,742.0,1121,Planter,178805.76,52132.98,67,KS,0.7743,0,0,,1,0.0384
136292.06,620.0,1151,Sprayer,306056.28,33837.28,69,MN,0.9004,0,0,low_down_payment;low_credit,1,0.1357
69026.41,645.0,1112,Sprayer,215068.82,60204.09,70,MN,0.7813,0,0,,1,0.0955
108811.5,721.0,1113,Skid Steer,92635.3,41942.93,61,IA,0.6883,0,1,bankruptcy,1,0.0755
119379.68,705.0,1112,Skid Steer,56736.73,16535.39,45,IA,0.7743,0,0,,1,0.0196
119920.82,752.0,1111,Tractor,155035.04,25942.91,56,ND,0.8567,0,0,,1,0.0311
189603.55,678.0,1121,Tractor,144187.1,15539.23,67,IN,0.9027,0,0,low_down_payment,1,0.0572
158605.43,782.0,1151,Planter,191591.46,42270.77,50,MN,0.8192,0,0,,1,0.0249
101409.35,801.0,1121,Harvester,269261.64,34535.49,73,MO,0.8863,0,0,long_term,1,0.0485
165716.95,703.0,1152,Planter,45600.05,18795.42,64,WI,0.7081,0,0,,1,0.0206
125771.57,698.0,1112,Skid Steer,157405.39,15097.31,58,MO,0.9125,0,0,low_down_payment,0,0.0429
133222.01,722.0,1151,Loader,89414.38,4608.89,69,IN,0.951,0,0,high_ltv;low_down_payment,0,0.0623
62308.9,666.0,1151,Loader,285222.7,59107.11,55,MO,0.8283,0,0,,0,0.0804
100019.04,687.0,1121,Planter,252135.91,25591.73,48,WI,0.9079,0,0,low_down_payment,0,0.0383
167172.16,675.0,1119,Sprayer,235294.99,98660.58,48,KS,0.7046,0,0,,1,0.0211
88562.21,761.0,1121,Sprayer,46219.56,3474.04,67,IL,0.9301,0,0,low_down_payment,1,0.0534
97260.55,677.0,1121,Tractor,195731.04,43402.53,50,NE,0.8185,0,0,,1,0.0316
90877.2,718.0,1119,Planter,124781.69,27092.17,59,MO,0.8216,0,0,,1,0.0287
174846.18,614.0,3331,Tractor,58089.94,17800.62,63,MN,0.7654,0,0,low_credit,1,0.091
40575.86,717.0,1151,Combine,222572.79,102329.65,49,MN,0.685,0,0,low_income,1,0.0595
97752.15,672.0,1113,Baler,248888.21,79625.41,55,MO,0.7576,0,0,,1,0.0298
140222.38,724.0,1119,Sprayer,264479.97,70449.07,50,WI,0.7897,0,0,,1,0.0224
91165.35,749.0,4238,Loader,63794.35,12114.62,42,IL,0.8404,0,0,,1,0.0238
173858.16,626.0,1152,Combine,94378.02,19337.0,61,IN,0.83,0,0,low_credit,1,0.0919
69405.3,696.0,1112,Sprayer,58720.25,11758.49,67,IL,0.8332,0,0,,1,0.0563
125166.96,658.0,1121,Planter,47773.68,5474.48,66,MN,0.8972,0,0,,1,0.0693
158164.33,738.0,1151,Tractor,74664.8,9784.09,36,IA,0.8841,0,0,,1,0.0254
75921.52,602.0,1111,Harvester,55227.02,20595.76,84,SD,0.7284,0,0,low_credit;long_term,1,0.1503
121736.27,593.0,4238,Skid Steer,91337.87,32149.13,66,NE,0.7397,0,0,low_credit,0,0.1127
147377.7,739.0,4238,Planter,237507.48,70411.07,54,KS,0.7713,0,0,,1,0.0223
96795.99,687.0,1121,Harvester,240501.15,53258.45,56,SD,0.8187,0,0,,1,0.0289
77371.76,737.0,4238,Planter,75711.19,11700.4,60,MN,0.8661,0,0,,1,0.047
98334.29,697.0,1121,Tractor,101154.63,21905.65,60,IL,0.822,0,0,,1,0.0292
58938.4,748.0,1119,Tractor,260144.5,69349.03,42,MN,0.7895,0,0,low_income,1,0.0496
131092.65,697.0,1152,Combine,53332.88,15264.06,60,ND,0.7775,1,0,prior_default,1,0.0789
174794.48,660.0,1113,Baler,196322.86,54175.65,52,KS,0.7837,0,0,,1,0.0385
103341.28,741.0,1112,Skid Steer,155307.34,49709.64,57,SD,0.7575,0,0,,1,0.0222
98283.81,656.0,1112,Skid Steer,58758.89,13883.28,72,IA,0.8089,0,0,,1,0.0588
93805.95,705.0,1111,Baler,33256.16,13590.81,57,ND,0.7099,0,0,,1,0.0186
160308.97,693.0,1152,Sprayer,204720.81,52841.17,62,IA,0.7948,0,0,,1,0.0273
98393.32,693.0,4238,Harvester,229301.04,96578.59,47,IL,0.7036,0,0,,1,0.0156
202228.11,627.0,3331,Skid Steer,134292.2,2014.35,63,NE,0.9852,0,0,high_ltv;low_down_payment;low_credit,1,0.1551
136061.03,768.0,1151,Sprayer,221518.16,38155.91,48,IL,0.8531,0,0,,1,0.0272
116738.0,688.0,1121,Harvester,160934.66,27294.6,48,WI,0.855,0,0,,0,0.0285
175085.84,670.0,1112,Tractor,317140.12,15756.85,43,MO,0.9527,0,0,high_ltv;low_down_payment,1,0.0613
98587.9,662.0,3331,Planter,156569.5,54004.76,71,KS,0.7435,0,0,,1,0.0425
100420.47,673.0,1151,Baler,70000.05,0.0,64,MO,1.0,0,0,high_ltv;low_down_payment,0,0.0879
30000.0,783.0,1113,Baler,66672.75,25721.76,77,SD,0.7216,0,0,low_income;long_term,1,0.1176
113610.54,590.0,1152,Sprayer,179804.6,10470.51,53,IA,0.945,0,0,low_down_payment;low_credit,0,0.174
73111.09,655.0,4238,Skid Steer,153611.63,24635.99,36,NE,0.8618,0,0,,0,0.0654
69235.09,726.0,1152,Planter,103753.51,9536.19,67,SD,0.9158,0,0,low_down_payment,0,0.0798
212732.38,710.0,1152,Harvester,71134.77,8469.84,66,IN,0.8936,0,0,,1,0.0407
174308.68,670.0,1113,Combine,233702.59,27144.83,56,IN,0.8959,0,0,,1,0.0496
92948.58,710.0,1152,Tractor,98797.23,7113.32,43,IL,0.9328,0,0,low_down_payment,0,0.0371
73655.96,681.0,3331,Sprayer,126244.79,43752.95,65,IL,0.7426,0,0,,0,0.0425
67586.0,698.0,1121,Tractor,89345.8,35865.1,60,KS,0.7136,0,0,,1,0.0359
107380.28,648.0,1121,Tractor,92567.54,28687.76,53,SD,0.7634,1,0,prior_default,1,0.1181
192293.31,693.0,1151,Loader,173158.79,133561.54,70,WI,0.5645,0,0,,1,0.0132
116969.94,804.0,1151,Baler,178072.51,78129.79,59,SD,0.695,0,0,,1,0.0182
88778.19,639.0,1113,Combine,40042.83,11395.02,50,KS,0.7785,0,0,low_credit,1,0.0591
111967.91,738.0,1111,Harvester,262731.93,37035.74,70,ND,0.8765,0,0,,1,0.0407
87934.7,686.0,4238,Harvester,190556.75,28482.72,79,IA,0.87,0,0,long_term,1,0.0556
151707.23,637.0,1113,Tractor,232045.15,38978.98,60,ND,0.8562,0,0,low_credit,1,0.0844
134283.62,636.0,1112,Loader,178100.43,49274.2,77,ND,0.7833,0,0,low_credit;long_term,1,0.0903
148616.84,645.0,1112,Planter,257130.67,65359.47,57,IA,0.7973,0,0,,1,0.0549
137846.92,693.0,1121,Sprayer,227618.12,18725.69,68,WI,0.924,1,0,low_down_payment;prior_default,1,0.1355
73823.79,692.0,1119,Tractor,276051.96,73107.77,49,ND,0.7906,0,0,,1,0.0341
106101.51,715.0,1152,Sprayer,221553.09,11688.28,56,IA,0.9499,0,0,low_down_payment,1,0.0472
71141.55,609.0,1111,Planter,135997.2,10512.96,66,NE,0.9282,0,0,low_down_payment;low_credit,0,0.1954
86629.82,556.0,1112,Harvester,307871.11,9510.76,63,ND,0.97,0,0,high_ltv;low_down_payment;low_credit,0,0.2432
68495.01,593.0,1113,Harvester,93741.63,26510.1,74,IL,0.7795,0,0,low_credit;long_term,0,0.1792
125252.74,799.0,3331,Planter,124318.85,18460.22,55,KS,0.8707,0,0,,1,0.0321
121955.99,752.0,1119,Loader,108359.91,46531.19,58,WI,0.6996,0,0,,1,0.0182
86075.52,726.0,1121,Skid Steer,219649.1,30143.18,70,WI,0.8793,0,0,,1,0.0454
92718.98,793.0,1119,Sprayer,209450.75,39220.99,54,SD,0.8423,0,0,,1,0.0287
187368.26,665.0,1152,Planter,198499.86,4836.23,54,ND,0.9762,0,0,high_ltv;low_down_payment,1,0.0811
128748.08,552.0,1112,Planter,94096.87,11755.42,75,IN,0.8889,1,1,low_credit;long_term;prior_default;bankruptcy,0,0.2748
130575.1,636.0,4238,Loader,59798.05,17034.32,66,NE,0.7783,0,0,low_credit,1,0.0724
126013.62,755.0,1113,Sprayer,73364.9,11215.39,50,SD,0.8674,0,0,,1,0.0295
122117.69,702.0,1151,Baler,113150.84,15348.81,52,WI,0.8806,0,0,,1,0.0318
65176.63,728.0,1152,Planter,97349.56,19202.48,52,WI,0.8352,0,0,,1,0.0514
143069.97,707.0,1151,Planter,271055.33,34214.73,72,IN,0.8879,0,0,,1,0.0435
71698.77,631.0,1151,Tractor,255896.0,57590.04,52,ND,0.8163,0,0,low_credit,1,0.107
141556.8,726.0,1151,Planter,188040.46,89908.74,64,NE,0.6765,0,0,,1,0.0183
136356.36,733.0,1152,Planter,184169.93,14599.79,61,IL,0.9265,0,0,low_down_payment,1,0.0469
110033.76,655.0,1111,Tractor,223037.21,4094.95,77,IA,0.982,0,0,high_ltv;low_down_payment;long_term,1,0.1296
94169.52,735.0,1119,Loader,59596.92,9944.82,84,ND,0.857,0,0,long_term,1,0.0512
142297.58,721.0,3331,Sprayer,125890.5,31251.78,55,IL,0.8011,0,0,,1,0.0252
51523.71,769.0,1121,Sprayer,94668.42,40456.45,75,NE,0.7006,0,0,low_income;long_term,1,0.0735
70218.05,695.0,1121,Baler,230565.22,35819.89,43,IL,0.8655,0,0,,1,0.0443
53692.48,699.0,3331,Sprayer,96282.16,48371.39,66,MN,0.6656,0,0,low_income,1,0.0514
74650.5,676.0,1119,Sprayer,126140.5,25137.54,57,IA,0.8338,0,0,,1,0.0546
79848.57,777.0,1113,Combine,135164.77,51465.69,74,KS,0.7242,1,0,long_term;prior_default,1,0.1035
56061.51,696.0,1119,Baler,158255.72,58989.84,50,IA,0.7285,0,0,low_income,1,0.0484
112012.19,606.0,1151,Sprayer,235695.68,108759.45,62,IN,0.6843,0,0,low_credit,0,0.08
75260.13,604.0,1121,Combine,297950.57,40868.22,54,IA,0.8794,0,0,low_credit,0,0.1563
97500.91,658.0,1113,Skid Steer,63214.25,21118.03,46,MO,0.7496,0,0,,1,0.0323
116824.46,715.0,4238,Harvester,75669.59,18887.88,82,WI,0.8002,0,0,long_term,1,0.0413
143442.97,720.0,4238,Combine,177497.28,34792.85,60,NE,0.8361,0,0,,1,0.0307
98468.16,728.0,4238,Harvester,108660.0,18780.05,59,NE,0.8526,0,0,,1,0.032
30000.0,703.0,1113,Planter,102760.76,21727.77,46,KS,0.8255,0,0,low_income,0,0.1071
142611.7,806.0,4238,Planter,51957.89,18122.23,53,NE,0.7414,0,0,,1,0.0197
79250.96,608.0,1151,Baler,205218.89,2288.54,58,SD,0.989,0,0,high_ltv;low_down_payment;low_credit,0,0.2005
66279.04,696.0,1113,Combine,121242.63,5770.2,43,NE,0.9546,0,0,high_ltv;low_down_payment,1,0.0778
41693.54,672.0,1121,Skid Steer,275570.18,24824.69,68,ND,0.9174,0,0,low_down_payment;low_income,0,0.1687
110405.91,760.0,1152,Tractor,47910.53,12163.81,66,IN,0.7975,0,0,,1,0.0293
105697.8,698.0,1151,Loader,286713.24,36972.55,63,IL,0.8858,0,0,,1,0.038
98061.38,677.0,1111,Baler,38734.44,15136.35,72,IN,0.719,0,0,,1,0.0304
30000.0,626.0,4238,Tractor,125449.01,41961.28,45,IN,0.7494,0,0,low_income;low_credit,1,0.1707
31795.06,812.0,1111,Sprayer,205435.3,38415.39,38,NE,0.8425,0,0,low_income,1,0.0999
35243.19,696.0,4238,Sprayer,263594.9,48124.29,68,WI,0.8456,0,0,low_income,1,0.1267
129623.64,699.0,4238,Skid Steer,293871.94,187.15,44,IN,0.9994,0,0,high_ltv;low_down_payment,1,0.0519
84874.32,741.0,4238,Loader,124939.85,17596.96,38,IA,0.8765,0,0,,1,0.0292
66457.71,624.0,1119,Tractor,231109.9,99785.08,60,KS,0.6984,0,0,low_credit,1,0.1011
75712.33,667.0,1151,Loader,37516.32,13814.11,66,IL,0.7309,1,0,prior_default,1,0.125
86056.18,646.0,1111,Planter,154514.0,34464.28,56,IA,0.8176,0,0,,0,0.0629
130574.55,740.0,1119,Skid Steer,52757.31,10553.72,76,ND,0.8333,0,0,long_term,1,0.0424
125577.4,618.0,3331,Combine,231828.5,88757.6,45,ND,0.7231,0,0,low_credit,0,0.0616
174771.3,586.0,1152,Loader,49130.28,22013.7,80,ND,0.6906,0,0,low_credit;long_term,1,0.1282
88526.92,612.0,1151,Tractor,229227.23,34556.36,71,SD,0.869,0,0,low_credit,0,0.1348
126874.65,686.0,1151,Sprayer,142649.64,5752.07,51,IA,0.9612,0,0,high_ltv;low_down_payment,1,0.0543
84472.56,687.0,1121,Tractor,207768.33,17672.2,64,MO,0.9216,0,0,low_down_payment,1,0.0575
151490.84,671.0,1112,Harvester,284013.34,18482.76,69,WI,0.9389,0,0,low_down_payment,1,0.0733
141364.59,624.0,1111,Planter,60641.18,6516.47,69,IA,0.903,0,0,low_down_payment;low_credit,0,0.1309
124856.42,648.0,1111,Sprayer,282058.55,0.0,57,SD,1.0,0,0,high_ltv;low_down_payment,1,0.1127
65230.68,658.0,1119,Sprayer,243887.53,65759.43,45,NE,0.7876,0,0,,1,0.0661
94092.06,764.0,1152,Planter,220499.59,63984.0,49,SD,0.7751,0,0,,1,0.0209
107908.94,603.0,1152,Loader,217706.42,972.75,37,MN,0.9956,0,0,high_ltv;low_down_payment;low_credit,0,0.1625
115084.91,798.0,1152,Combine,264490.21,21509.37,51,WI,0.9248,0,0,low_down_payment,1,0.0405
62526.61,669.0,1119,Sprayer,265460.93,40396.58,72,IL,0.8679,0,0,,1,0.1032
69561.81,610.0,1111,Harvester,160575.53,51344.41,61,NE,0.7577,0,0,low_credit,1,0.1297
121890.39,580.0,1112,Combine,199268.85,93557.9,58,KS,0.6805,0,0,low_credit,0,0.1037
162172.5,598.0,1113,Sprayer,76277.06,19934.14,61,ND,0.7928,0,0,low_credit,1,0.1161
157111.63,655.0,1113,Planter,245381.38,35016.08,52,MN,0.8751,0,0,,1,0.0561
136357.4,735.0,3331,Sprayer,251876.93,74248.31,41,KS,0.7723,0,0,,1,0.0183
127743.61,704.0,1112,Sprayer,202667.04,30668.66,62,SD,0.8686,0,0,,1,0.0353
110382.27,689.0,3331,Loader,136224.77,31198.31,61,SD,0.8137,0,0,,1,0.0295
120186.31,703.0,1151,Planter,211973.65,75839.4,49,IL,0.7365,0,0,,1,0.0182
59737.76,687.0,1111,Combine,47170.85,7381.12,59,IA,0.8647,0,0,low_income,0,0.0793
81889.84,656.0,1119,Skid Steer,107482.42,22045.15,71,IN,0.8298,0,0,,1,0.0743
137598.81,709.0,1151,Planter,101170.87,31196.05,63,IN,0.7643,0,0,,1,0.0249
125498.38,639.0,1119,Sprayer,64388.18,14971.7,61,IN,0.8113,0,0,low_credit,0,0.072
182667.8,664.0,1151,Sprayer,146547.37,0.0,72,MO,1.0,0,0,high_ltv;low_down_payment,1,0.1075
82663.4,687.0,1112,Tractor,189767.09,53466.59,49,WI,0.7802,0,0,,1,0.0273
141998.6,713.0,1119,Loader,61665.47,7755.24,63,IL,0.8883,0,0,,1,0.0383
84862.27,617.0,1113,Tractor,214316.25,89871.7,53,SD,0.7046,0,0,low_credit,1,0.073
97253.46,779.0,3331,Skid Steer,212404.08,35891.53,50,IL,0.8554,0,0,,1,0.0283
163151.28,694.0,1111,Combine,111483.54,24172.4,62,MN,0.8218,0,0,,1,0.03
30000.0,724.0,3331,Sprayer,220514.57,67897.41,57,SD,0.7646,0,0,low_income,1,0.1018
103650.82,676.0,3331,Harvester,187218.96,7143.7,36,KS,0.9632,0,0,high_ltv;low_down_payment,1,0.0522
84080.86,732.0,1112,Skid Steer,234553.6,92480.08,36,WI,0.7172,0,0,,1,0.0163
135549.06,678.0,1113,Loader,161790.34,24413.82,75,WI,0.8689,0,0,long_term,1,0.0576
157209.81,648.0,1111,Skid Steer,71957.19,15221.37,50,MO,0.8254,0,0,,0,0.052
175109.37,677.0,1119,Planter,153036.34,0.0,66,MO,1.0,0,0,high_ltv;low_down_payment,1,0.0843
60153.25,661.0,1152,Tractor,170550.66,26186.92,60,MO,0.8669,0,0,,0,0.1048
92726.41,799.0,1112,Planter,39190.83,11823.69,54,WI,0.7682,0,0,,1,0.022
65512.75,706.0,1151,Harvester,200632.85,19339.6,59,SD,0.9121,0,0,low_down_payment,1,0.0777
57493.28,702.0,1121,Tractor,265865.57,59201.58,62,SD,0.8179,0,0,low_income,1,0.0724
130168.22,828.0,1152,Baler,82639.66,11638.64,61,MN,0.8766,0,0,,1,0.0358
129175.31,685.0,1113,Tractor,207751.28,85385.22,77,MO,0.7087,0,0,long_term,1,0.0305
150078.93,668.0,3331,Loader,99322.8,0.0,71,NE,1.0,0,0,high_ltv;low_down_payment,1,0.101
122619.55,767.0,1111,Sprayer,256307.73,85145.59,55,KS,0.7506,0,0,,1,0.021
41880.2,737.0,1112,Loader,146347.25,24002.55,55,NE,0.8591,0,0,low_income,1,0.1032
80580.71,704.0,1112,Skid Steer,150873.87,15165.82,50,SD,0.9087,0,0,low_down_payment,0,0.048
108818.31,645.0,1113,Planter,217594.53,87474.99,53,IA,0.7133,0,0,,1,0.0394
162037.07,584.0,1112,Skid Steer,155010.02,29598.67,62,SD,0.8397,0,0,low_credit,1,0.1499
143892.75,720.0,1151,Baler,123225.86,24527.34,70,KS,0.834,0,0,,1,0.0352
87368.71,665.0,1113,Skid Steer,79926.41,45653.68,65,SD,0.6365,0,0,,1,0.0272
94982.51,742.0,1152,Baler,247298.36,55644.76,43,IA,0.8163,0,0,,1,0.0221
100086.99,719.0,1152,Loader,277916.4,47369.03,48,KS,0.8544,0,0,,1,0.0274
108565.89,649.0,1119,Sprayer,75819.16,10229.64,75,NE,0.8811,1,0,long_term;prior_default,0,0.1845
80751.59,677.0,4238,Sprayer,114306.25,23241.32,68,IA,0.831,0,0,,1,0.0536
120660.11,633.0,1113,Harvester,162668.79,74005.62,54,MO,0.6873,0,0,low_credit,1,0.049
53013.26,641.0,1152,Combine,105415.38,36972.77,48,KS,0.7403,0,0,low_income,0,0.1036
139659.9,675.0,1152,Sprayer,93537.6,16986.73,67,KS,0.8463,0,0,,1,0.0455
91896.67,520.0,1151,Planter,231925.24,68547.6,65,IL,0.7719,1,1,low_credit;prior_default;bankruptcy,0,0.2516
114063.71,651.0,1151,Loader,194771.28,38125.82,56,ND,0.8363,0,1,bankruptcy,0,0.1599
98619.8,643.0,4238,Planter,82829.77,23545.85,72,MN,0.7787,1,0,prior_default,1,0.1492
149649.2,687.0,1113,Sprayer,67431.3,25558.15,59,MO,0.7252,0,0,,1,0.0214
67743.79,821.0,1121,Baler,163521.92,25466.44,67,ND,0.8652,0,0,,1,0.0648
71165.36,698.0,4238,Baler,102630.86,19269.29,52,IL,0.8419,0,0,,1,0.0453
105797.48,695.0,1119,Tractor,41853.46,23571.62,65,WI,0.6397,0,0,,1,0.0162
101643.03,614.0,3331,Baler,149655.81,49199.34,41,IL,0.7526,0,0,low_credit,1,0.0683
132846.27,700.0,1113,Planter,234464.98,40616.74,52,KS,0.8523,0,0,,1,0.0288
157172.77,672.0,4238,Planter,236627.54,99663.05,48,NE,0.7036,0,0,,1,0.0219
89211.09,671.0,1121,Planter,54257.71,12136.23,61,IN,0.8172,0,0,,1,0.0416
74548.97,614.0,1113,Baler,238122.67,29071.13,39,IN,0.8912,0,0,low_credit,1,0.1306
32671.19,680.0,3331,Harvester,91554.87,22228.14,50,WI,0.8046,0,0,low_income,1,0.1128
71656.33,706.0,3331,Combine,202650.94,56217.54,63,SD,0.7828,0,0,,1,0.0428
86624.08,706.0,1113,Planter,191281.15,39213.96,64,IL,0.8299,0,0,,1,0.0348
200186.68,767.0,1113,Baler,215105.47,39285.95,61,KS,0.8456,0,0,,1,0.0322
133925.06,736.0,1112,Sprayer,164693.18,12785.9,66,MN,0.928,0,0,low_down_payment,1,0.0505
59671.77,733.0,1111,Skid Steer,246522.28,63404.71,64,ND,0.7954,0,0,low_income,1,0.066
98185.27,682.0,1121,Harvester,153713.96,32137.89,65,IN,0.8271,0,0,,1,0.037
30000.0,735.0,1112,Planter,223846.65,50355.46,65,MN,0.8164,0,0,low_income,1,0.125
107299.95,730.0,4238,Planter,235746.13,82554.25,44,WI,0.7406,0,0,,1,0.0171
51692.56,615.0,1119,Tractor,246609.22,53295.05,60,SD,0.8223,0,0,low_income;low_credit,0,0.1826
123282.37,723.0,1112,Skid Steer,82413.89,39692.98,72,IL,0.6749,0,0,,1,0.0206
122688.01,609.0,4238,Planter,206138.16,76835.07,84,ND,0.7285,0,0,low_credit;long_term,1,0.116
153108.73,649.0,1119,Loader,165071.78,53293.7,51,ND,0.7559,0,0,,1,0.0413
60554.58,731.0,4238,Tractor,216836.59,71202.27,42,IA,0.7528,0,0,,1,0.0381
80216.34,668.0,4238,Skid Steer,254059.27,83252.02,51,ND,0.7532,0,0,,1,0.0381
111302.65,664.0,1119,Loader,298082.12,44372.68,72,IN,0.8704,0,0,,1,0.0628
104525.64,682.0,1152,Harvester,117564.99,31279.57,63,IA,0.7899,0,0,,0,0.0312
30000.0,688.0,1112,Harvester,40733.0,25476.25,76,MN,0.6152,0,0,low_income;long_term,1,0.0909
170985.46,601.0,1151,Tractor,83954.4,25196.09,45,IA,0.7692,0,0,low_credit,1,0.0903
80124.93,722.0,1111,Planter,37937.69,26336.99,54,MO,0.5902,0,0,,1,0.0149
128663.31,789.0,1121,Tractor,61425.06,11325.06,52,ND,0.8443,0,0,,0,0.028
30000.0,653.0,4238,Skid Steer,68749.03,16577.12,43,KS,0.8057,0,0,low_income,0,0.1463
66616.32,674.0,1112,Loader,75101.77,10890.42,64,SD,0.8734,0,0,,0,0.0824
160626.04,669.0,1121,Harvester,121512.53,20500.94,45,IA,0.8556,0,0,,1,0.0382
101594.84,617.0,4238,Loader,200209.14,57197.79,82,IL,0.7778,0,0,low_credit;long_term,0,0.118
106164.9,715.0,4238,Harvester,244807.07,37831.42,52,MN,0.8661,0,0,,1,0.0303
76448.78,735.0,1151,Harvester,152817.61,18650.68,57,IL,0.8912,0,0,,1,0.0501
123300.44,696.0,3331,Planter,244173.45,45236.19,60,MO,0.8437,0,0,,1,0.0315
77111.07,672.0,1121,Sprayer,104661.52,13330.16,64,SD,0.887,0,0,,1,0.0707
30000.0,751.0,1152,Combine,277689.47,62521.54,58,MN,0.8162,0,0,low_income,0,0.1173
110889.62,702.0,4238,Planter,264754.43,20411.21,66,MN,0.9284,0,0,low_down_payment,1,0.0506
186605.75,741.0,1113,Skid Steer,191018.92,75841.24,52,MN,0.7158,0,0,,1,0.0176
125668.05,572.0,1119,Tractor,203959.64,85566.7,48,ND,0.7045,0,0,low_credit,1,0.1099
140494.14,762.0,1151,Loader,165996.91,29239.66,46,IL,0.8502,0,0,,1,0.0262
88309.73,813.0,1112,Baler,179757.32,40641.07,52,ND,0.8156,0,0,,1,0.0265
79333.65,657.0,1111,Tractor,173369.47,23016.12,56,IN,0.8828,0,0,,1,0.0753
145224.96,648.0,1151,Tractor,281311.28,53258.91,55,IA,0.8408,0,0,,0,0.0591
129170.64,695.0,4238,Harvester,189957.98,68367.98,42,WI,0.7353,0,0,,1,0.0162
114712.4,616.0,1111,Tractor,178815.54,28981.83,61,WI,0.8605,0,0,low_credit,1,0.1122
104625.81,581.0,1121,Harvester,153040.56,4785.05,71,IL,0.9697,0,0,high_ltv;low_down_payment;low_credit,0,0.2207
113278.81,732.0,1111,Tractor,120162.23,24011.59,72,SD,0.8335,0,0,,1,0.0362
132911.81,701.0,1111,Baler,124544.02,29071.02,69,MO,0.8108,0,0,,1,0.032
99784.59,730.0,1119,Harvester,137717.16,55597.09,40,WI,0.7124,0,0,,1,0.0144
86716.39,614.0,4238,Sprayer,286803.4,51514.26,57,IN,0.8477,0,0,low_credit,1,0.113
30000.0,619.0,1119,Sprayer,49476.48,10309.71,71,IN,0.8276,1,0,low_income;low_credit;prior_default,0,0.2528
121618.51,702.0,1113,Sprayer,244590.21,58109.86,70,IA,0.808,0,0,,1,0.0322
102671.68,648.0,1112,Skid Steer,253922.29,45171.8,64,ND,0.849,0,0,,1,0.0677
71180.81,812.0,3331,Baler,232939.9,48500.81,74,NE,0.8277,0,0,long_term,1,0.0638
50145.6,804.0,4238,Harvester,317704.08,0.0,73,IA,1.0,0,0,high_ltv;low_down_payment;low_income;long_term,0,0.1765
144830.08,791.0,3331,Tractor,293591.02,48113.37,52,KS,0.8592,0,0,,1,0.0295
66804.61,665.0,1112,Sprayer,109440.17,58118.55,61,MN,0.6531,0,0,,1,0.046
173092.89,657.0,3331,Sprayer,286009.69,50964.79,47,SD,0.8488,0,0,,1,0.0466
51672.98,738.0,1119,Loader,118916.2,7041.42,76,MN,0.9441,0,0,low_down_payment;low_income;long_term,0,0.1493
30000.0,552.0,4238,Harvester,186862.82,65644.86,61,KS,0.74,0,0,low_income;low_credit,0,0.2289
104448.68,648.0,1119,Skid Steer,41362.21,5004.2,50,WI,0.8921,0,0,,1,0.0647
183056.22,809.0,3331,Tractor,106198.15,37701.51,60,IA,0.738,0,0,,1,0.0216
69321.22,677.0,3331,Tractor,268550.48,67314.9,58,MN,0.7996,0,0,,1,0.0553
96412.09,637.0,1112,Combine,238380.48,35263.98,61,NE,0.8711,0,0,low_credit,1,0.0886
158642.22,656.0,1151,Skid Steer,70627.41,26068.59,66,SD,0.7304,0,0,,1,0.0419
166133.21,666.0,1151,Skid Steer,253063.66,30347.13,65,IL,0.8929,1,0,prior_default,0,0.147
177900.55,575.0,1113,Combine,38066.94,11085.2,59,MN,0.7745,0,0,low_credit,1,0.1385
119994.8,640.0,3331,Skid Steer,257398.45,21819.07,68,MN,0.9219,0,0,low_down_payment,0,0.1057
83414.21,659.0,1112,Harvester,114111.25,37567.36,70,IN,0.7523,0,0,,1,0.0532
203981.41,718.0,1112,Skid Steer,223550.57,77702.85,58,IN,0.7421,0,0,,1,0.0213
134776.58,599.0,4238,Planter,72613.36,10149.2,57,KS,0.8774,0,0,low_credit,1,0.1357
150787.46,755.0,1121,Sprayer,54240.22,20181.04,50,WI,0.7288,0,0,,1,0.0179
67258.79,698.0,1111,Planter,275053.89,57432.76,36,IA,0.8273,0,0,,1,0.038
72814.45,728.0,1113,Tractor,177362.22,35495.43,81,ND,0.8332,0,0,long_term,0,0.0683
64401.76,690.0,1152,Sprayer,48292.35,6048.36,41,MO,0.8887,0,0,,1,0.0537
137748.89,694.0,1119,Skid Steer,189469.35,45551.36,74,KS,0.8062,0,0,long_term,1,0.0376
134400.74,689.0,1111,Loader,69944.57,21558.17,72,IN,0.7644,0,0,,1,0.0288
128504.42,715.0,3331,Tractor,134528.08,14697.15,48,SD,0.9015,0,0,low_down_payment,1,0.0358
190043.32,618.0,1112,Tractor,212507.01,56884.61,41,IA,0.7888,0,0,low_credit,1,0.0718
158237.39,760.0,4238,Planter,101233.69,12966.14,53,IA,0.8865,0,0,,1,0.0329
134837.35,615.0,3331,Sprayer,144091.95,40909.1,59,WI,0.7789,0,0,low_credit,0,0.0894
80739.88,728.0,1152,Harvester,148766.98,43559.45,45,WI,0.7735,0,0,,1,0.0252
30000.0,688.0,4238,Tractor,40210.82,17276.3,38,IA,0.6995,0,0,low_income,1,0.0708
56467.55,743.0,1152,Baler,106933.41,32646.34,36,NE,0.7661,0,0,low_income,1,0.0449
111079.78,698.0,1151,Planter,200937.18,64275.37,46,NE,0.7576,1,0,prior_default,1,0.0628
149136.31,727.0,1111,Baler,209014.11,72245.99,71,ND,0.7431,0,0,,1,0.026
42919.69,609.0,1113,Tractor,104339.72,15922.32,42,ND,0.8676,0,0,low_income;low_credit,1,0.2016
96496.63,642.0,1112,Harvester,116107.54,27820.6,52,ND,0.8067,0,0,,1,0.0557
98056.36,679.0,1111,Loader,49963.27,21841.27,69,MN,0.6958,0,0,,1,0.0257
123580.48,671.0,1151,Tractor,245413.47,43744.67,63,SD,0.8487,0,0,,1,0.0462
75018.17,619.0,1111,Combine,244580.14,0.0,71,IA,1.0,0,0,high_ltv;low_down_payment;low_credit,0,0.2122
39880.66,668.0,4238,Loader,75666.08,30804.97,64,WI,0.7107,0,0,low_income,1,0.1035
106848.11,665.0,1121,Sprayer,44501.48,14141.31,71,ND,0.7589,0,0,,0,0.042
83397.04,744.0,4238,Planter,150767.2,30374.94,77,IN,0.8323,0,0,long_term,1,0.0505
88619.2,650.0,1151,Sprayer,176634.22,61127.97,55,IN,0.7429,0,0,,1,0.0424
168872.47,697.0,1151,Skid Steer,257163.67,29305.62,57,IA,0.8977,0,0,,1,0.0363
79417.62,708.0,3331,Planter,134298.53,22817.24,56,KS,0.8548,0,0,,1,0.0407
82175.09,646.0,1152,Tractor,180478.02,46135.72,48,KS,0.7964,0,0,,1,0.0572
51856.48,660.0,1111,Sprayer,143913.46,38506.88,44,MO,0.7889,0,0,low_income,1,0.0921
157938.92,588.0,1151,Sprayer,257005.89,87642.62,36,IL,0.7457,0,0,low_credit,1,0.0907
96127.85,676.0,1121,Skid Steer,149482.02,43028.26,67,SD,0.7765,0,0,,0,0.0355
166079.69,718.0,4238,Baler,178687.44,81833.88,51,NE,0.6859,0,0,,1,0.0155
66958.91,711.0,1113,Harvester,125154.92,55931.3,65,KS,0.6911,0,0,,1,0.0362
101160.52,614.0,1111,Harvester,181595.56,25185.67,65,IL,0.8782,0,0,low_credit,0,0.1253
30000.0,686.0,1112,Combine,122210.71,63115.74,50,IN,0.6594,0,0,low_income,1,0.0745
67437.14,662.0,4238,Combine,254974.78,93604.59,74,NE,0.7315,0,0,long_term,1,0.0777
144331.87,705.0,1151,Planter,115523.38,36700.56,62,IA,0.7589,0,0,,1,0.024
81633.78,715.0,1119,Loader,161997.47,35520.94,45,MO,0.8202,0,0,,1,0.029
30000.0,692.0,1121,Sprayer,266133.97,10839.16,52,ND,0.9609,0,0,high_ltv;low_down_payment;low_income,0,0.1728
158872.63,623.0,1152,Combine,251270.62,96166.15,59,MN,0.7232,0,0,low_credit,1,0.0679
182521.51,690.0,1113,Skid Steer,47846.4,9066.21,36,IN,0.8407,0,0,,1,0.0218
164816.34,754.0,1121,Loader,216438.9,6108.29,60,MO,0.9726,0,0,high_ltv;low_down_payment,0,0.0592
126703.22,652.0,1121,Loader,71025.61,17910.79,77,NE,0.7986,0,0,long_term,0,0.0703
30000.0,670.0,1113,Baler,34036.42,13013.46,52,IL,0.7234,0,0,low_income,0,0.1103
96970.45,746.0,1111,Tractor,157166.27,40743.6,67,KS,0.7941,0,0,,1,0.0293
115462.2,762.0,1121,Sprayer,272556.56,52703.08,69,SD,0.838,0,0,,1,0.0352
211794.83,670.0,1113,Combine,157315.78,30684.55,84,SD,0.8368,0,0,long_term,1,0.0655
72744.92,659.0,1112,Baler,162104.35,38417.9,77,MN,0.8084,0,0,long_term,0,0.0937
88162.54,687.0,1151,Planter,165630.11,35135.42,58,WI,0.825,0,0,,1,0.0318
97185.24,727.0,1112,Loader,45478.19,23467.47,48,SD,0.6596,0,0,,1,0.0134
101330.4,589.0,4238,Sprayer,301785.08,35550.08,50,SD,0.8946,0,0,low_credit,0,0.1479
64078.91,668.0,1111,Loader,91063.77,23739.63,65,SD,0.7932,0,0,,0,0.076
177275.89,607.0,1113,Planter,132085.62,55784.3,64,SD,0.7031,0,0,low_credit,1,0.0852
105619.65,680.0,1111,Skid Steer,158720.73,24945.63,36,IN,0.8642,0,0,,1,0.0283
106624.82,663.0,3331,Baler,38529.29,6648.24,36,KS,0.8528,0,0,,1,0.037
299711.43,720.0,1151,Sprayer,225908.64,60420.4,60,KS,0.789,0,0,,1,0.026
91612.07,775.0,1119,Combine,81436.7,25647.61,77,NE,0.7605,0,0,long_term,1,0.0335
157753.83,578.0,1112,Sprayer,119806.79,36145.47,56,MN,0.7682,0,0,low_credit,0,0.1297
43149.86,711.0,1111,Planter,139957.28,3451.0,56,MN,0.9759,0,0,high_ltv;low_down_payment;low_income,1,0.1542
94428.83,789.0,4238,Baler,132021.67,27068.46,51,IA,0.8299,0,0,,1,0.0262
141344.59,681.0,1121,Sprayer,32610.16,14345.77,49,ND,0.6945,0,0,,1,0.0184
68968.23,662.0,1112,Skid Steer,237221.14,57301.82,41,IL,0.8054,0,0,,1,0.0576
106528.39,734.0,1152,Sprayer,254608.59,34346.36,64,MO,0.8811,0,0,,1,0.038
66421.05,654.0,1151,Planter,220399.2,70790.01,55,MO,0.7569,0,0,,0,0.0707
116878.73,665.0,1111,Harvester,246104.73,28903.39,67,ND,0.8949,1,0,prior_default,0,0.1513
173269.44,668.0,1111,Tractor,278686.76,33499.48,52,ND,0.8927,0,0,,1,0.0484
82514.82,602.0,1151,Planter,185052.07,54443.04,56,SD,0.7727,0,0,low_credit,1,0.114
148423.76,713.0,1113,Baler,80292.55,22772.82,72,IL,0.779,0,0,,1,0.03
123890.7,750.0,1152,Baler,127720.27,49505.58,43,IL,0.7207,0,0,,1,0.0156
30282.98,690.0,1119,Loader,272004.32,2632.44,65,SD,0.9904,0,0,high_ltv;low_down_payment;low_income,0,0.1978
73205.46,576.0,1121,Loader,171829.91,40274.76,61,MN,0.8101,0,0,low_credit,0,0.1809
102812.68,730.0,1113,Tractor,111259.77,26648.37,79,ND,0.8068,1,0,long_term;prior_default,1,0.1127
230062.8,673.0,1119,Loader,37585.32,21866.66,40,SD,0.6322,0,0,,1,0.0146
150751.89,681.0,1119,Sprayer,277131.31,71337.53,65,MO,0.7953,0,0,,1,0.0333
131492.99,649.0,3331,Baler,234850.1,64832.45,67,MO,0.7837,0,0,,1,0.0567
105929.29,641.0,1111,Combine,108856.4,33282.38,44,SD,0.7658,0,0,,1,0.0441
150498.8,730.0,1119,Baler,83515.77,30435.51,59,IN,0.7329,0,0,,0,0.0209
30000.0,788.0,1119,Skid Steer,67035.48,16901.96,79,SD,0.7986,0,0,low_income;long_term,1,0.1426
83050.85,749.0,1113,Loader,99942.02,18560.71,80,MN,0.8434,0,0,long_term,1,0.0549
51885.67,748.0,1113,Planter,224706.18,59975.26,68,WI,0.7893,0,0,low_income,1,0.0804
43691.5,606.0,1113,Harvester,104765.09,17046.38,61,IN,0.8601,0,0,low_income;low_credit,0,0.2162
107982.95,675.0,4238,Combine,156237.05,28666.01,68,WI,0.845,0,0,,1,0.0456
125337.19,783.0,1112,Planter,130793.89,41964.88,54,IN,0.7571,0,0,,1,0.0211
82528.17,667.0,4238,Combine,80507.32,25430.01,57,SD,0.76,0,0,,1,0.0406
62395.56,702.0,1113,Sprayer,136092.36,19124.92,58,IL,0.8768,0,0,,1,0.0676
120866.89,667.0,4238,Loader,88817.41,17039.39,40,WI,0.839,0,0,,0,0.0346
93953.08,726.0,1151,Planter,323859.18,24519.49,52,MN,0.9296,0,0,low_down_payment,1,0.0417
130018.45,724.0,1112,Sprayer,241154.73,58053.19,46,ND,0.806,0,0,,1,0.0223
70888.76,797.0,1113,Loader,146030.79,44702.22,56,NE,0.7656,0,1,bankruptcy,1,0.1244
123170.5,687.0,1111,Planter,183651.95,52757.92,58,MO,0.7768,0,0,,1,0.0253
91046.32,746.0,1119,Baler,108296.78,40194.32,58,IN,0.7293,0,0,,1,0.0203
171859.83,701.0,1111,Loader,237503.58,83941.31,73,KS,0.7389,0,0,long_term,1,0.0293
158364.6,786.0,3331,Tractor,243901.55,48045.88,49,IA,0.8354,0,0,,1,0.026
172570.0,647.0,1112,Baler,73634.44,9662.67,53,MN,0.884,0,0,,1,0.0666
176753.39,677.0,3331,Loader,257580.35,25730.26,64,IN,0.9092,0,0,low_down_payment,1,0.0575
111386.93,689.0,3331,Skid Steer,65947.45,23774.98,62,IN,0.735,0,0,,1,0.0226
82324.56,709.0,1152,Tractor,53961.28,20217.49,60,ND,0.7274,0,0,,1,0.0256
115528.48,819.0,4238,Sprayer,111842.33,13541.06,36,IL,0.892,0,0,,1,0.0261
94119.44,566.0,1121,Planter,99900.42,29528.46,75,IL,0.7719,0,0,low_credit;long_term,1,0.1714
139629.01,762.0,1113,Harvester,86971.11,23113.08,55,ND,0.79,0,0,,1,0.0242
77711.42,665.0,1111,Loader,216796.58,37963.67,62,ND,0.851,0,0,,1,0.0673
173556.86,650.0,4238,Loader,238852.25,24242.72,69,NE,0.9079,0,0,low_down_payment,1,0.0907
191736.89,698.0,4238,Harvester,67590.43,28352.44,55,NE,0.7045,0,0,,1,0.0177
48723.25,611.0,3331,Harvester,86964.56,0.0,52,WI,1.0,0,0,high_ltv;low_down_payment;low_income;low_credit,0,0.2505
123801.44,710.0,1152,Combine,212206.95,27725.94,36,MN,0.8844,0,0,,1,0.0254
30000.0,673.0,1111,Baler,97667.23,20628.51,70,SD,0.8256,1,0,low_income;prior_default,0,0.2263
83153.39,698.0,1112,Sprayer,109117.14,18620.34,41,MN,0.8542,0,0,,1,0.0296
34320.18,681.0,3331,Tractor,199257.78,72401.95,62,NE,0.7335,0,0,low_income,1,0.1016
99492.28,636.0,3331,Skid Steer,199160.28,16137.81,73,KS,0.925,0,0,low_down_payment;low_credit;long_term,0,0.1347
82449.16,663.0,4238,Planter,292315.67,42979.6,56,SD,0.8718,0,0,,0,0.0615
155866.88,674.0,1111,Combine,195955.44,38145.13,58,ND,0.8371,0,0,,1,0.0394
115143.44,614.0,1152,Sprayer,287970.11,33020.99,62,KS,0.8971,0,0,low_credit,0,0.1271
30000.0,733.0,1119,Planter,188454.6,55887.64,57,NE,0.7713,0,0,low_income,1,0.1036
87383.62,731.0,1151,Tractor,87161.88,13631.45,60,IL,0.8648,0,0,,1,0.0363
64437.33,691.0,1152,Loader,199494.27,13226.41,77,IN,0.9378,0,0,low_down_payment;long_term,1,0.1128
122225.2,724.0,1113,Sprayer,144916.78,54534.21,57,KS,0.7266,0,0,,1,0.0198
75453.57,655.0,4238,Tractor,121534.02,30500.3,65,KS,0.7994,0,0,,1,0.0732
167242.31,650.0,4238,Baler,102322.9,25052.84,75,MN,0.8033,0,0,long_term,1,0.0714
129543.84,692.0,1111,Baler,194597.46,32141.34,55,MN,0.8582,0,0,,1,0.0308
34827.08,665.0,1119,Harvester,167145.14,20364.77,49,IN,0.8914,0,0,low_income,1,0.1543
102533.56,782.0,1151,Harvester,201814.72,37996.7,67,MN,0.8416,0,0,,1,0.0346
113122.15,651.0,1113,Tractor,79957.35,8294.65,54,IL,0.906,0,0,low_down_payment,0,0.0737
122446.62,696.0,4238,Combine,228415.09,84927.49,63,MN,0.729,0,0,,1,0.0219
53458.75,669.0,1111,Baler,83100.24,16750.36,84,SD,0.8322,0,0,low_income;long_term,0,0.1399
146284.45,698.0,1119,Baler,112400.8,27205.46,60,IL,0.8051,0,0,,1,0.0275
85550.29,750.0,1119,Tractor,126456.04,63918.05,58,NE,0.6643,0,0,,1,0.0181
56704.81,684.0,1111,Harvester,257946.45,41454.31,51,KS,0.8615,1,0,low_income;prior_default,0,0.1725
133610.5,696.0,1152,Sprayer,158133.72,34353.09,82,NE,0.8215,0,0,long_term,1,0.0443
52464.86,682.0,3331,Loader,133599.32,22738.29,75,IL,0.8546,1,0,low_income;long_term;prior_default,0,0.2083
70074.9,651.0,3331,Planter,169794.16,14413.82,69,KS,0.9218,0,0,low_down_payment,1,0.1323
176505.13,633.0,1152,Baler,53801.02,14699.2,47,MO,0.7854,0,0,low_credit,1,0.0613
35478.35,736.0,1151,Skid Steer,119010.34,22162.63,59,ND,0.843,0,0,low_income,1,0.1154
156268.22,720.0,1152,Combine,183115.51,36846.12,57,ND,0.8325,0,0,,1,0.029
163790.0,645.0,1121,Combine,78239.18,21863.66,70,IN,0.7816,0,0,,1,0.0616
193458.7,654.0,1151,Combine,119502.19,18058.78,76,SD,0.8687,0,0,long_term,0,0.0831
138499.63,635.0,1152,Combine,103642.92,23992.83,84,WI,0.812,0,0,low_credit;long_term,1,0.1062
156577.44,608.0,1119,Baler,175997.54,29182.16,59,MO,0.8578,0,0,low_credit,0,0.1201
161523.66,714.0,3331,Harvester,246580.49,23087.76,55,NE,0.9144,0,0,low_down_payment,1,0.0414
77509.26,702.0,1112,Baler,259366.23,37833.82,56,IN,0.8727,0,0,,1,0.0453
83326.51,716.0,1151,Harvester,282372.04,45280.62,63,IN,0.8618,0,0,,0,0.0416
106696.94,670.0,1119,Loader,238976.82,64968.43,59,MO,0.7862,0,0,,1,0.0358
97559.0,713.0,3331,Harvester,212991.41,37000.7,59,NE,0.852,0,0,,1,0.0319
153426.14,770.0,3331,Skid Steer,211153.49,15147.13,65,IL,0.9331,0,0,low_down_payment,1,0.0506
140497.59,688.0,3331,Harvester,109880.29,72311.5,43,SD,0.6031,0,0,,1,0.0105
30000.0,684.0,3331,Sprayer,63463.91,10855.75,60,MN,0.8539,0,0,low_income,0,0.1388
116614.63,643.0,3331,Skid Steer,222545.76,18127.76,75,KS,0.9247,0,0,low_down_payment;long_term,0,0.1182
61796.08,572.0,1119,Baler,223240.15,46014.63,47,WI,0.8291,0,0,low_credit,0,0.1964
119527.98,715.0,3331,Planter,185716.53,55181.77,54,IA,0.7709,0,0,,1,0.0222
85611.59,811.0,4238,Harvester,224788.81,0.0,77,IL,1.0,0,0,high_ltv;low_down_payment;long_term,1,0.0956
112214.36,658.0,1151,Combine,52218.15,2354.48,61,IN,0.9569,0,0,high_ltv;low_down_payment,1,0.0918
129972.11,674.0,1152,Baler,184508.42,25675.8,50,SD,0.8778,0,0,,1,0.0402
102708.04,701.0,1111,Baler,281973.54,40736.7,78,MO,0.8738,0,0,long_term,1,0.0499
136474.38,657.0,1119,Sprayer,186402.68,34427.08,66,NE,0.8441,0,0,,1,0.0591
144440.71,720.0,1119,Combine,75002.91,25795.69,57,NE,0.7441,0,0,,0,0.0211
91309.52,678.0,1119,Planter,33568.9,15142.63,43,NE,0.6891,0,0,,1,0.0174
130167.79,681.0,1119,Sprayer,107105.94,7954.69,49,SD,0.9309,0,0,low_down_payment,1,0.0468
110445.14,587.0,1113,Planter,65721.44,21360.8,36,MO,0.7547,0,0,low_credit,0,0.0933
63122.06,713.0,1152,Sprayer,167699.81,51573.58,48,IN,0.7648,0,0,,0,0.0405
30000.0,711.0,3331,Combine,62249.82,3786.41,75,IN,0.9427,0,1,low_down_payment;low_income;long_term;bankruptcy,0,0.2649
110065.08,631.0,1112,Planter,240863.07,56005.76,59,IL,0.8113,0,0,low_credit,1,0.0793
88573.58,634.0,1119,Combine,245973.59,54348.43,36,SD,0.819,0,0,low_credit,1,0.0607
92508.41,721.0,1121,Loader,63536.31,10135.61,55,ND,0.8624,1,0,prior_default,1,0.095
152516.24,612.0,1112,Skid Steer,178213.07,62424.51,44,SD,0.7406,0,0,low_credit,1,0.0703
63187.45,736.0,1152,Sprayer,214825.31,68284.45,63,IA,0.7588,0,0,,1,0.0487
129964.56,663.0,1121,Harvester,208958.51,32056.63,84,SD,0.867,0,0,long_term,1,0.0796
64069.57,718.0,4238,Planter,79003.8,25802.92,54,ND,0.7538,0,0,,1,0.0414
66025.73,738.0,1119,Planter,186809.83,22546.46,65,WI,0.8923,0,0,,1,0.0713
194347.55,600.0,3331,Loader,121263.3,36625.88,52,NE,0.768,0,0,low_credit,1,0.0973
86926.55,700.0,1119,Sprayer,213424.85,33436.16,52,IL,0.8646,0,0,,1,0.0326
107660.26,667.0,1111,Harvester,187187.77,77439.49,49,ND,0.7074,0,0,,1,0.025
94166.21,715.0,1113,Harvester,148918.39,63604.45,62,IL,0.7007,0,0,,1,0.0194
111633.51,642.0,1111,Baler,148722.62,27734.27,53,WI,0.8428,0,0,,1,0.0634
36182.66,638.0,1111,Planter,259149.93,70719.86,57,ND,0.7856,0,0,low_income;low_credit,0,0.169
102746.64,657.0,4238,Tractor,120181.26,29705.6,60,NE,0.8018,0,0,,1,0.0475
62751.47,740.0,1111,Tractor,272024.89,20527.73,66,IN,0.9298,1,0,low_down_payment;prior_default,0,0.1914
132668.41,656.0,1121,Baler,43777.84,22506.37,74,SD,0.6605,0,0,long_term,1,0.0408
33329.8,638.0,1151,Planter,204318.29,40590.53,42,IA,0.8343,1,0,low_income;low_credit;prior_default,0,0.2364
105113.4,656.0,1152,Skid Steer,110326.84,59812.29,84,WI,0.6485,0,0,long_term,1,0.0446
45192.64,671.0,4238,Baler,151137.58,44977.04,70,NE,0.7707,0,0,low_income,0,0.1122
98399.62,602.0,3331,Planter,81775.38,15370.72,53,KS,0.8418,0,0,low_credit,1,0.1169
98719.06,721.0,1121,Sprayer,111808.34,9651.01,58,IN,0.9205,0,0,low_down_payment,0,0.0441
35560.94,715.0,1111,Skid Steer,196655.72,58134.34,58,SD,0.7718,0,0,low_income,1,0.0947
137255.52,703.0,1151,Harvester,142557.12,26365.25,53,IL,0.8439,0,0,,1,0.0284
68977.08,653.0,1119,Sprayer,175729.14,515.47,42,MO,0.9971,0,0,high_ltv;low_down_payment,1,0.132
37317.11,765.0,1152,Planter,192639.15,37492.79,80,IN,0.8371,1,0,low_income;long_term;prior_default,1,0.22
157139.68,673.0,4238,Sprayer,261326.66,4750.92,66,ND,0.9821,0,0,high_ltv;low_down_payment,1,0.0853
65772.24,787.0,1113,Skid Steer,218325.32,82793.55,50,IL,0.725,0,0,,1,0.034
100764.33,628.0,1151,Combine,67435.62,41608.17,65,NE,0.6184,0,0,low_credit,1,0.0486
113246.26,707.0,1152,Baler,188439.3,81562.7,50,NE,0.6979,0,0,,1,0.016
99127.22,651.0,1151,Tractor,236091.33,71294.2,68,KS,0.7681,0,0,,1,0.0527
78816.37,654.0,1113,Harvester,49561.55,13794.17,62,SD,0.7823,0,0,,1,0.0628
132711.94,656.0,1119,Tractor,65940.27,15589.48,47,ND,0.8088,0,0,,1,0.0418
128937.32,657.0,4238,Skid Steer,233377.02,70919.79,55,IL,0.7669,0,0,,1,0.0395
83282.76,790.0,1113,Baler,39554.09,9292.62,44,WI,0.8098,0,0,,1,0.0264
109596.28,770.0,3331,Loader,148236.34,27550.91,67,NE,0.8433,0,0,,1,0.0348
175091.33,671.0,4238,Combine,212841.14,102812.65,50,WI,0.6743,0,0,,1,0.0209
60262.93,646.0,1119,Skid Steer,163327.35,52970.63,66,MO,0.7551,0,0,,1,0.0994
122073.15,670.0,1113,Harvester,188977.19,20392.13,65,MO,0.9026,0,0,low_down_payment,1,0.0631
117557.9,658.0,3331,Loader,74274.8,16536.68,58,IN,0.8179,0,0,,1,0.0485
45534.07,649.0,1113,Harvester,206431.32,16340.17,57,MO,0.9267,0,0,low_down_payment;low_income,0,0.1836
30000.0,738.0,1121,Sprayer,255684.08,47242.37,62,SD,0.844,0,0,low_income,1,0.13
141378.88,693.0,1151,Baler,268832.44,56786.19,54,KS,0.8256,0,0,,1,0.027
105197.05,678.0,1119,Skid Steer,261569.47,53485.34,56,SD,0.8302,0,0,,0,0.0351
105866.13,631.0,1152,Sprayer,111658.83,43408.56,55,ND,0.7201,0,0,low_credit,1,0.0574
30000.0,680.0,1152,Skid Steer,68076.55,13781.96,58,WI,0.8316,0,0,low_income,0,0.1352
64030.11,664.0,3331,Baler,154385.23,66838.06,49,IL,0.6979,0,1,bankruptcy,0,0.1416
101750.38,663.0,1151,Loader,57665.54,14453.8,67,IA,0.7996,0,0,,0,0.0475
30000.0,572.0,1119,Sprayer,167806.91,21611.09,54,IA,0.8859,1,0,low_income;low_credit;prior_default,0,0.2713
56466.23,692.0,1119,Planter,271046.44,70983.33,36,KS,0.7925,0,0,low_income,1,0.049
133204.82,644.0,1112,Combine,141569.66,26193.95,52,WI,0.8439,0,0,,1,0.0609
69144.1,731.0,1152,Harvester,51206.77,10630.92,55,IL,0.8281,0,0,,0,0.0474
100015.44,696.0,1151,Sprayer,81645.47,37718.03,63,MO,0.684,0,0,,1,0.0186
110439.23,656.0,3331,Sprayer,62356.51,17359.79,84,NE,0.7822,0,0,long_term,1,0.0682
133551.85,785.0,1121,Baler,125872.68,25981.28,84,ND,0.8289,0,0,long_term,1,0.0467
54504.87,554.0,1119,Loader,217641.76,31816.84,76,SD,0.8725,0,0,low_income;low_credit;long_term,0,0.2532
126923.57,664.0,1152,Baler,60549.5,2811.88,62,NE,0.9556,0,0,high_ltv;low_down_payment,1,0.0856
172319.18,621.0,1111,Harvester,96003.61,32349.13,72,IL,0.748,0,0,low_credit,1,0.088
100572.05,659.0,1151,Baler,40566.79,8677.45,73,IL,0.8238,0,0,long_term,0,0.0648
106940.37,642.0,1119,Planter,223235.18,73041.46,46,IN,0.7535,0,0,,1,0.0433
72462.41,592.0,1113,Tractor,207406.12,64103.31,50,SD,0.7639,0,0,low_credit,1,0.1373
147084.12,621.0,3331,Tractor,306205.91,18987.02,36,NE,0.9416,0,1,low_down_payment;low_credit;bankruptcy,1,0.2223
145045.85,749.0,1113,Harvester,258451.23,50721.82,66,NE,0.8359,0,0,,1,0.0335
76313.66,751.0,3331,Planter,210853.64,26987.21,77,IN,0.8865,0,0,long_term,1,0.0707
103518.4,711.0,1151,Skid Steer,159124.85,63483.85,62,KS,0.7148,1,1,prior_default;bankruptcy,0,0.1652
115775.82,620.0,1113,Skid Steer,161558.55,22235.67,58,KS,0.879,0,0,low_credit,1,0.1092
101125.25,706.0,1151,Planter,194081.03,37442.92,68,ND,0.8383,0,0,,0,0.0347
30000.0,587.0,1113,Skid Steer,153814.14,39414.5,66,MN,0.796,0,0,low_income;low_credit,0,0.2292
38722.56,726.0,1111,Loader,203889.56,49928.99,76,IL,0.8033,0,0,low_income;long_term,1,0.1238
33366.31,707.0,1113,Skid Steer,169252.87,60133.6,67,MO,0.7379,0,0,low_income,1,0.0986
174395.58,636.0,4238,Combine,158962.13,53615.86,78,NE,0.7478,0,0,low_credit;long_term,1,0.0828
76787.27,719.0,3331,Tractor,131886.96,34488.88,55,IL,0.7927,0,0,,0,0.0347
143915.91,652.0,1151,Baler,227801.44,17620.84,62,IN,0.9282,0,0,low_down_payment,1,0.0863
123550.61,626.0,1112,Combine,239092.45,39408.22,81,KS,0.8585,0,0,low_credit;long_term,1,0.1289
102772.03,770.0,4238,Planter,114189.75,20229.78,71,ND,0.8495,0,0,,1,0.0377
78244.2,786.0,1152,Combine,196567.81,62811.2,57,IL,0.7578,0,0,,1,0.0304
172170.81,640.0,1119,Planter,134919.12,28988.99,44,MN,0.8231,1,0,low_credit;prior_default,0,0.1455
81689.37,633.0,1111,Tractor,81515.41,20440.43,44,NE,0.7995,1,0,low_credit;prior_default,0,0.1621
67854.35,692.0,1152,Combine,59768.35,23204.9,72,IL,0.7203,0,0,,1,0.0432
93596.56,607.0,1121,Baler,90975.21,23111.56,46,MO,0.7974,0,0,low_credit,1,0.0909
175446.04,663.0,1111,Skid Steer,198692.72,33611.86,51,MO,0.8553,0,0,,1,0.0457
72422.13,614.0,1151,Combine,75344.87,11468.0,55,WI,0.8679,0,0,low_credit,0,0.1467
70166.6,687.0,3331,Planter,194179.27,30603.51,53,WI,0.8639,0,0,,1,0.0529
78456.86,756.0,3331,Sprayer,132611.62,55094.1,64,MO,0.7065,0,0,,1,0.028
165844.08,679.0,3331,Combine,70507.22,12649.69,57,IA,0.8479,0,0,,1,0.0372
117229.95,704.0,1113,Planter,182406.4,9190.21,72,NE,0.952,0,0,high_ltv;low_down_payment,1,0.065
122905.22,665.0,1152,Baler,185843.32,41345.39,61,IA,0.818,0,0,,1,0.0452
157004.13,759.0,1152,Baler,307065.93,34533.16,52,IA,0.8989,1,0,prior_default,1,0.1016
82591.85,692.0,1111,Harvester,230313.95,25514.7,78,NE,0.9003,0,0,low_down_payment;long_term,0,0.0709
110834.36,602.0,1112,Tractor,262495.86,54016.78,61,SD,0.8293,0,0,low_credit,0,0.1217
63064.16,623.0,4238,Sprayer,96257.65,24895.43,69,IN,0.7945,0,0,low_credit,1,0.1456
114800.84,671.0,1151,Harvester,235672.41,65103.76,45,SD,0.7835,0,0,,1,0.0286
147282.86,698.0,1113,Baler,176794.15,81986.19,57,MO,0.6832,0,0,,1,0.0169
72690.07,683.0,1151,Tractor,107886.4,16115.26,45,KS,0.87,0,0,,1,0.0486
143829.41,600.0,1119,Tractor,203626.77,46864.61,69,ND,0.8129,0,0,low_credit,0,0.1285
74241.12,648.0,1151,Skid Steer,209673.03,77645.68,55,IN,0.7298,0,0,,1,0.0592
128646.76,652.0,1119,Baler,212780.64,58099.7,36,MN,0.7855,0,0,,1,0.035
171246.47,722.0,1113,Baler,59159.39,16830.29,76,NE,0.7785,0,0,long_term,1,0.0352
80528.99,588.0,4238,Loader,193265.01,91087.37,42,WI,0.6797,0,0,low_credit,1,0.0953
84942.8,721.0,1151,Loader,95256.64,30471.27,70,MN,0.7576,0,0,,1,0.0308
154965.52,713.0,1113,Combine,267463.06,60393.44,72,MN,0.8158,0,0,,1,0.0341
90122.77,591.0,1112,Baler,141825.11,53839.98,74,MN,0.7248,0,0,low_credit;long_term,0,0.1262
164108.76,737.0,4238,Planter,244955.42,45830.11,66,SD,0.8424,0,0,,1,0.0342
82962.91,683.0,1111,Combine,192478.29,45658.3,65,MN,0.8083,0,0,,0,0.0406
70915.71,769.0,4238,Harvester,179357.25,96091.18,38,IN,0.6511,0,0,,1,0.019
102576.31,667.0,1113,Skid Steer,164543.77,29811.96,84,MO,0.8466,0,0,long_term,1,0.0709
123557.1,710.0,3331,Baler,273252.56,62626.04,59,SD,0.8135,0,0,,1,0.0279
104913.7,575.0,1121,Baler,82499.56,26869.52,54,KS,0.7543,0,0,low_credit,1,0.1273
107218.17,665.0,1113,Sprayer,91048.38,24838.85,50,KS,0.7857,0,0,,1,0.0344
146870.01,732.0,3331,Combine,244845.78,68482.1,84,ND,0.7814,0,0,long_term,1,0.0398
117007.46,727.0,1151,Sprayer,210550.1,57576.79,51,IL,0.7853,0,0,,1,0.0224
106214.5,718.0,1111,Harvester,152308.64,54633.64,45,IN,0.736,0,0,,1,0.017
79191.41,726.0,1119,Combine,68191.96,605.52,83,SD,0.9912,0,0,high_ltv;low_down_payment;long_term,1,0.113
47547.37,738.0,1121,Tractor,146798.25,33072.35,66,IA,0.8161,1,0,low_income;prior_default,0,0.1821
30000.0,746.0,1111,Planter,152658.81,51578.18,62,WI,0.7475,0,0,low_income,1,0.1023
44131.1,596.0,3331,Skid Steer,287237.06,8384.07,74,NE,0.9716,0,0,high_ltv;low_down_payment;low_income;low_credit;long_term,0,0.2714
200050.27,708.0,3331,Tractor,256330.88,61860.18,68,ND,0.8056,0,0,,1,0.031
54188.16,657.0,1151,Baler,296095.49,33975.12,70,IN,0.8971,0,0,low_income,0,0.1516
38175.08,677.0,1152,Baler,108472.48,19787.61,58,SD,0.8457,0,0,low_income,1,0.1276
100496.66,622.0,1111,Sprayer,161537.92,57536.24,54,IA,0.7374,0,0,low_credit,1,0.0678
105267.07,715.0,1112,Harvester,105582.49,52200.28,71,MO,0.6692,1,0,prior_default,1,0.0649
85352.05,644.0,3331,Tractor,161406.79,6136.25,70,NE,0.9634,0,0,high_ltv;low_down_payment,0,0.1324
127210.81,746.0,3331,Sprayer,187701.5,8403.29,74,MN,0.9571,0,0,high_ltv;low_down_payment;long_term,1,0.0742
170486.13,611.0,1151,Skid Steer,95949.06,30045.87,67,IN,0.7615,0,0,low_credit,1,0.0978
70545.26,754.0,1119,Planter,229841.24,0.0,64,MO,1.0,1,0,high_ltv;low_down_payment;prior_default,0,0.2054
73463.14,610.0,3331,Sprayer,37779.61,12711.24,52,IA,0.7482,0,0,low_credit,1,0.1099
75661.38,675.0,1119,Baler,230235.71,29935.8,49,IA,0.8849,0,0,,1,0.0575
194689.92,704.0,3331,Loader,156296.0,30106.56,73,ND,0.8385,0,0,long_term,1,0.0414
73486.39,706.0,1121,Loader,181297.03,40505.44,60,SD,0.8174,0,0,,1,0.044
160177.51,621.0,1113,Combine,38405.68,9285.86,49,MO,0.8053,0,0,low_credit,1,0.08
144773.14,698.0,1113,Tractor,39431.49,18220.14,71,WI,0.684,0,0,,1,0.021
159685.11,740.0,4238,Harvester,236796.74,59623.8,61,KS,0.7989,0,0,,1,0.0273
75571.49,703.0,3331,Tractor,83772.97,20265.64,39,KS,0.8052,0,0,,0,0.0296
135664.62,674.0,4238,Harvester,69509.42,18434.99,48,KS,0.7904,0,0,,1,0.0291
97779.39,665.0,1152,Skid Steer,208193.09,23942.97,44,KS,0.8969,0,0,,1,0.0461
48368.75,640.0,3331,Sprayer,346103.57,0.0,59,MN,1.0,0,0,high_ltv;low_down_payment;low_income;low_credit,0,0.2297
154563.52,789.0,1152,Loader,133616.39,28066.28,67,ND,0.8264,0,0,,1,0.0329
157409.61,631.0,4238,Combine,266024.86,66973.8,39,MO,0.7989,0,0,low_credit,1,0.0595
57489.7,754.0,3331,Planter,135833.19,32081.48,54,SD,0.8089,0,0,low_income,1,0.0638
101110.67,709.0,1119,Planter,197354.67,51537.44,57,IA,0.7929,0,0,,1,0.0252
187321.92,740.0,3331,Combine,194573.28,37156.44,58,MO,0.8397,0,0,,1,0.0301
151814.39,806.0,1111,Baler,198854.02,65950.37,57,MO,0.7509,0,0,,1,0.0216
141705.47,712.0,1111,Tractor,146736.25,11835.5,74,WI,0.9254,0,0,low_down_payment;long_term,1,0.0614
125270.94,681.0,1111,Harvester,138653.66,29378.5,42,MN,0.8252,0,0,,1,0.0263
185678.69,652.0,1113,Sprayer,124999.09,33883.4,60,IL,0.7867,0,0,,0,0.0497
69690.91,688.0,1113,Tractor,149498.25,21618.22,36,IL,0.8737,0,0,,1,0.043
150857.95,667.0,3331,Sprayer,192061.32,60469.52,84,SD,0.7605,0,0,long_term,1,0.0542
187235.15,664.0,1112,Planter,117746.72,27194.11,68,ND,0.8124,0,0,,1,0.0497
108704.62,660.0,1121,Baler,192217.44,77812.7,67,IN,0.7118,0,0,,1,0.037
139450.38,657.0,1113,Planter,178873.89,28698.76,46,SD,0.8617,0,0,,1,0.0486
50667.48,668.0,1111,Planter,296192.58,0.0,65,ND,1.0,0,0,high_ltv;low_down_payment;low_income,0,0.1886
132619.74,588.0,1152,Tractor,41998.88,8770.55,53,WI,0.8272,0,0,low_credit,0,0.1314
173970.2,622.0,1151,Skid Steer,46360.57,17027.22,47,WI,0.7314,0,0,low_credit,1,0.0615
137453.73,724.0,1111,Skid Steer,251392.08,56380.44,52,MO,0.8168,0,0,,1,0.0254
116610.82,581.0,1113,Skid Steer,200679.98,20551.28,62,ND,0.9071,0,0,low_down_payment;low_credit,0,0.1843
163460.42,720.0,4238,Harvester,245681.52,34984.97,42,SD,0.8754,0,0,,1,0.0269
167588.97,677.0,1151,Loader,193705.77,31263.61,36,IA,0.861,0,0,,1,0.0296
145330.6,661.0,1113,Skid Steer,170732.76,27892.4,52,WI,0.8596,0,0,,1,0.0486
210208.04,672.0,4238,Combine,293611.44,45475.9,69,IA,0.8659,0,0,,1,0.0524
145576.24,773.0,1151,Tractor,232613.85,34642.04,65,IL,0.8704,0,0,,1,0.0371
116268.06,668.0,1113,Tractor,80849.66,7263.04,53,MO,0.9176,0,0,low_down_payment,0,0.0588
55129.32,756.0,1152,Sprayer,107079.87,40857.06,63,MO,0.7238,0,0,low_income,1,0.0578
106807.62,575.0,1152,Tractor,83544.79,16431.07,69,MN,0.8356,0,0,low_credit,1,0.1675
206905.33,681.0,1119,Combine,105360.36,10337.45,70,MN,0.9107,0,0,low_down_payment,1,0.0586
85372.8,661.0,3331,Sprayer,196518.02,21121.94,76,SD,0.903,0,0,low_down_payment;long_term,1,0.0989
142963.35,719.0,4238,Baler,45191.83,11739.84,84,MO,0.7938,0,1,long_term;bankruptcy,1,0.1336
30000.0,561.0,1111,Skid Steer,115583.92,40679.85,59,ND,0.7397,0,0,low_income;low_credit,1,0.2244
49685.81,689.0,1112,Skid Steer,198357.33,12233.1,65,MN,0.9419,0,0,low_down_payment;low_income,0,0.1329
33227.73,601.0,1121,Harvester,232414.23,100453.87,69,IN,0.6982,0,0,low_income;low_credit,0,0.192
195737.26,693.0,1151,Combine,61799.24,16976.58,59,MN,0.7845,0,0,,1,0.0252
69787.01,722.0,1112,Loader,228155.64,0.0,56,KS,1.0,0,0,high_ltv;low_down_payment,1,0.0959
86411.44,718.0,1121,Planter,104727.39,19571.61,58,KS,0.8425,0,0,,1,0.0335
147290.22,658.0,3331,Skid Steer,160314.98,66386.96,50,WI,0.7072,0,0,,1,0.0296
157192.75,689.0,1152,Skid Steer,202851.76,37642.6,62,IL,0.8435,0,0,,1,0.033
115283.5,706.0,3331,Combine,242548.31,34954.96,62,IL,0.874,0,0,,1,0.036
100899.91,663.0,1111,Skid Steer,194399.25,76204.56,64,IA,0.7184,0,0,,0,0.0346
145044.04,580.0,1152,Combine,183826.21,17664.94,36,MO,0.9123,0,0,low_down_payment;low_credit,1,0.157
140848.79,646.0,1112,Planter,136382.1,24018.36,57,IL,0.8503,0,0,,1,0.0643
93049.04,695.0,3331,Skid Steer,196832.62,94999.14,42,KS,0.6745,0,0,,1,0.0129
36976.04,748.0,1119,Combine,135675.12,35891.47,71,NE,0.7908,0,0,low_income,0,0.1105
111971.27,692.0,1119,Tractor,73908.84,26503.13,66,MO,0.7361,0,0,,1,0.0235
170717.47,686.0,1151,Combine,73565.18,20730.81,43,MN,0.7802,0,0,,1,0.0208
135178.36,788.0,1121,Baler,94346.61,7948.34,63,SD,0.9223,0,0,low_down_payment,1,0.0476
150371.2,753.0,1111,Tractor,245836.75,57241.7,51,SD,0.8111,1,0,prior_default,1,0.0785
123939.36,697.0,1121,Tractor,111820.01,8550.47,59,ND,0.929,0,0,low_down_payment,1,0.046
81164.52,632.0,1111,Loader,108250.3,39518.12,57,KS,0.7326,0,0,low_credit,1,0.0725
121828.44,637.0,1151,Harvester,97082.59,37423.07,68,SD,0.7218,0,0,low_credit,1,0.0614
134045.57,682.0,1152,Planter,85836.63,14182.7,72,MN,0.8582,0,0,,0,0.0449
116798.66,619.0,1112,Sprayer,248406.99,39652.19,52,NE,0.8623,0,0,low_credit,1,0.0993
38881.66,700.0,1152,Harvester,186343.02,24304.17,76,IL,0.8846,1,0,low_income;long_term;prior_default,0,0.2291
130392.19,672.0,1111,Sprayer,266196.24,75021.7,58,SD,0.7801,0,0,,1,0.0337
110669.94,632.0,1121,Planter,231626.09,43320.07,69,SD,0.8424,1,0,low_credit;prior_default,1,0.1865
193869.63,672.0,1112,Harvester,196025.58,58788.71,59,MN,0.7693,0,0,,1,0.0328
94296.99,584.0,1113,Sprayer,224093.85,62379.03,67,WI,0.7823,0,0,low_credit,1,0.138
100107.11,829.0,1112,Skid Steer,249690.77,65992.2,55,MN,0.791,0,0,,1,0.0243
125571.4,758.0,1121,Loader,137489.91,10619.32,48,SD,0.9283,0,0,low_down_payment,1,0.0392
71926.07,710.0,1111,Harvester,59312.71,79.87,65,MN,0.9987,0,0,high_ltv;low_down_payment,0,0.1012
41299.3,722.0,1152,Tractor,109825.36,9452.77,47,IL,0.9208,0,0,low_down_payment;low_income,1,0.1212
44720.86,692.0,1111,Baler,77217.18,70.26,66,IL,0.9991,0,0,high_ltv;low_down_payment;low_income,1,0.1708
134304.73,700.0,3331,Tractor,60412.26,8958.88,66,KS,0.8709,1,0,prior_default,1,0.109
153072.14,739.0,1121,Loader,78209.57,14197.5,56,KS,0.8464,0,0,,1,0.03
130005.47,708.0,1112,Sprayer,150382.61,47168.71,61,KS,0.7612,0,0,,1,0.0239
173754.67,666.0,1119,Sprayer,206631.53,55891.91,56,MN,0.7871,0,0,,1,0.0371
108138.81,596.0,1113,Combine,149278.88,19604.31,74,WI,0.8839,0,0,low_credit;long_term,0,0.1693
142561.03,784.0,1111,Loader,125341.02,34184.36,46,WI,0.7857,0,0,,1,0.0208
143480.51,719.0,1152,Loader,130143.05,22372.62,52,WI,0.8533,0,0,,1,0.0289
96456.89,693.0,1152,Baler,110014.53,56737.58,40,NE,0.6597,0,0,,1,0.0118
55471.14,622.0,3331,Planter,239323.64,36233.44,57,KS,0.8685,0,0,low_income;low_credit,0,0.1791
186464.71,677.0,1111,Planter,176365.44,40472.0,42,SD,0.8134,0,0,,1,0.0274
156355.09,773.0,1121,Tractor,162989.67,19848.54,48,MN,0.8914,0,0,,1,0.0311
111123.44,678.0,1111,Tractor,221059.52,29439.36,36,MO,0.8825,0,0,,1,0.0312
133999.47,709.0,1121,Baler,198309.65,44627.16,45,IL,0.8163,0,0,,1,0.0228
63574.05,723.0,1112,Planter,280424.24,50388.96,49,NE,0.8477,0,0,,1,0.0534
90430.53,700.0,1121,Baler,245695.02,97435.63,75,WI,0.716,1,0,long_term;prior_default,1,0.0848
30000.0,623.0,1113,Loader,178314.93,47350.03,50,IA,0.7902,0,0,low_income;low_credit,0,0.1898
78596.45,755.0,1151,Baler,55301.78,0.0,64,IA,1.0,0,0,high_ltv;low_down_payment,1,0.0876
87286.52,682.0,1152,Skid Steer,184078.89,32387.81,46,IN,0.8504,0,0,,0,0.0323
30000.0,682.0,1121,Sprayer,108920.24,17918.21,52,IN,0.8587,0,0,low_income,0,0.1335
70868.17,729.0,3331,Planter,114616.44,10906.57,73,IA,0.9131,0,0,low_down_payment;long_term,1,0.0892
148770.79,708.0,1111,Skid Steer,95654.29,32501.65,54,MO,0.7464,0,0,,1,0.0203
67179.95,798.0,4238,Tractor,92692.14,26833.47,54,NE,0.7755,0,0,,1,0.0412
144430.35,678.0,1112,Planter,226472.78,94734.29,36,SD,0.7051,0,0,,1,0.0164
30000.0,726.0,1151,Harvester,131708.79,46671.68,64,WI,0.7384,0,0,low_income,1,0.1018
182389.0,602.0,1113,Sprayer,204653.46,46485.98,66,IL,0.8149,0,0,low_credit,1,0.1233
59286.35,715.0,1111,Baler,79213.13,28021.42,53,IA,0.7387,0,0,low_income,1,0.0482
105567.37,612.0,3331,Planter,132985.38,39118.64,64,IL,0.7727,1,0,low_credit;prior_default,0,0.1828
67422.59,714.0,1152,Loader,104681.7,22048.91,58,IN,0.826,0,0,,1,0.0512
69948.56,663.0,1119,Tractor,294856.89,44319.74,49,NE,0.8693,0,0,,1,0.0748
113111.64,719.0,1111,Sprayer,313360.47,20439.56,40,MO,0.9388,0,0,low_down_payment,1,0.0362
77329.78,645.0,1113,Skid Steer,116304.83,22238.61,70,IL,0.8395,0,0,,0,0.0955
107108.68,607.0,3331,Harvester,254598.29,56676.37,60,NE,0.8179,0,0,low_credit,0,0.1109
77719.43,789.0,3331,Tractor,64515.18,18655.54,49,IN,0.7757,0,0,,1,0.0292
116946.49,705.0,1121,Baler,271640.1,55296.52,77,WI,0.8309,0,0,long_term,1,0.0427
134624.18,782.0,1111,Baler,276915.84,51484.92,62,MN,0.8432,0,0,,1,0.0324
61828.87,603.0,1151,Combine,51405.95,19356.51,58,MO,0.7265,0,0,low_credit,1,0.1406
76111.71,758.0,4238,Baler,155480.11,93925.86,65,WI,0.6234,0,0,,1,0.0224
162205.37,767.0,4238,Combine,134203.31,44227.87,45,NE,0.7521,0,0,,1,0.0181
97244.5,659.0,1121,Tractor,168885.15,29095.85,84,IA,0.853,0,0,long_term,0,0.0809
112062.82,743.0,1152,Skid Steer,83762.97,25029.13,59,IL,0.7699,0,0,,0,0.0239
67097.14,673.0,1111,Tractor,130420.25,31782.15,57,IN,0.8041,0,0,,0,0.062
108364.37,690.0,1113,Sprayer,185616.68,29498.06,62,WI,0.8629,0,0,,1,0.0347
133370.66,676.0,3331,Loader,212257.45,5735.47,72,KS,0.9737,0,0,high_ltv;low_down_payment,0,0.0854
88408.58,736.0,1119,Skid Steer,285323.45,30801.01,77,NE,0.9026,0,0,low_down_payment;long_term,1,0.0617
108924.16,670.0,1119,Skid Steer,266018.89,75753.85,58,SD,0.7784,0,0,,1,0.0347
116813.14,712.0,1111,Planter,52743.15,16104.4,61,MN,0.7661,0,0,,1,0.0243
143493.72,735.0,1151,Skid Steer,91493.8,11643.67,56,MN,0.8871,0,0,,1,0.0345
30000.0,658.0,1152,Tractor,107114.5,11770.61,42,NE,0.901,0,0,low_down_payment;low_income,1,0.1772
213895.03,744.0,3331,Loader,154423.38,40487.49,68,IL,0.7923,0,0,,1,0.0296
30000.0,648.0,4238,Sprayer,210520.38,30600.47,75,IL,0.8731,0,0,low_income;long_term,0,0.2114
87211.78,695.0,1111,Loader,99863.04,28479.7,60,ND,0.7781,0,0,,1,0.0269
82002.61,716.0,1152,Loader,166243.16,56919.08,69,ND,0.7449,0,0,,1,0.0314
40208.09,769.0,1152,Harvester,241682.71,18247.64,48,SD,0.9298,0,1,low_down_payment;low_income;bankruptcy,0,0.2338
30208.42,645.0,1111,Sprayer,213612.3,28458.39,51,IA,0.8824,0,0,low_income,1,0.1887
139300.47,751.0,1151,Planter,121943.57,28326.11,36,IL,0.8115,0,0,,1,0.0195
178166.96,559.0,4238,Baler,217610.81,27909.3,53,IN,0.8863,1,0,low_credit;prior_default,0,0.2487
71208.54,590.0,3331,Combine,138836.36,29185.67,57,IN,0.8263,0,0,low_credit,0,0.1693
182027.82,686.0,1121,Baler,279509.96,49823.24,58,IL,0.8487,0,0,,1,0.0336
101391.78,700.0,3331,Tractor,202182.07,59632.19,71,KS,0.7722,0,0,,0,0.0288
99514.54,719.0,1121,Harvester,287868.35,39074.7,84,MN,0.8805,0,0,long_term,1,0.0553
97449.2,734.0,1113,Skid Steer,74299.69,24355.51,57,ND,0.7531,0,0,,0,0.0218
129282.48,618.0,1111,Tractor,174503.61,56328.56,71,IL,0.756,0,0,low_credit,1,0.092
120243.1,670.0,1151,Skid Steer,63914.63,12949.38,37,ND,0.8315,1,0,prior_default,1,0.0932
42903.76,668.0,1111,Loader,250340.44,67550.64,52,MN,0.7875,0,0,low_income,1,0.1062
186220.33,796.0,1152,Harvester,104545.85,15966.7,64,IL,0.8675,0,0,,1,0.0362
156473.19,730.0,1121,Harvester,221203.7,49426.89,55,IA,0.8174,0,0,,1,0.0267
58380.68,727.0,3331,Skid Steer,129311.23,18218.8,54,WI,0.8765,0,0,low_income,1,0.0768
114401.03,692.0,1152,Planter,260996.45,74950.09,52,WI,0.7769,0,0,,0,0.022
30000.0,663.0,1152,Harvester,149810.44,52405.37,63,SD,0.7408,0,0,low_income,1,0.1341
125403.01,735.0,1112,Sprayer,55957.29,5858.25,51,MN,0.9052,0,0,low_down_payment,1,0.0379
52286.05,650.0,1113,Sprayer,119678.14,16878.26,84,NE,0.8764,0,0,low_income;long_term,0,0.1806
42445.28,660.0,1111,Harvester,293688.91,51500.87,58,NE,0.8508,0,0,low_income,0,0.1425
50792.15,696.0,1152,Baler,289451.05,60313.7,61,IL,0.8276,0,0,low_income,0,0.0848
175497.78,650.0,1121,Combine,63739.54,10182.51,50,IL,0.8623,0,0,,1,0.0569
114950.92,734.0,1152,Skid Steer,117761.93,34343.23,37,IL,0.7742,0,0,,1,0.0173
40947.34,682.0,1121,Harvester,39740.32,14951.01,63,IN,0.7266,0,0,low_income,1,0.0877
134487.5,715.0,4238,Harvester,77505.2,17769.39,46,MN,0.8135,0,0,,1,0.0229
56692.6,684.0,1111,Harvester,259662.17,63039.27,63,SD,0.8047,0,0,low_income,1,0.0778
126583.66,724.0,1121,Skid Steer,254776.55,48384.98,58,ND,0.8404,0,0,,1,0.0302
43462.46,646.0,1111,Loader,135650.66,615.57,70,IL,0.9955,1,0,high_ltv;low_down_payment;low_income;prior_default,0,0.2797
99567.45,711.0,1121,Tractor,105994.57,14498.43,57,MO,0.8797,0,0,,1,0.0341
56630.11,690.0,1151,Baler,241805.43,23288.66,82,NE,0.9121,0,0,low_down_payment;low_income;long_term,1,0.1356
107654.87,800.0,1152,Baler,251869.04,87317.99,73,SD,0.7426,0,0,long_term,1,0.0297
51337.82,654.0,1121,Sprayer,234779.8,45682.35,40,ND,0.8371,0,0,low_income,1,0.1094
38345.44,741.0,1151,Harvester,258762.21,36336.6,67,IL,0.8769,0,0,low_income,1,0.1287
30000.0,626.0,1119,Skid Steer,64614.85,11762.72,59,IN,0.846,1,0,low_income;low_credit;prior_default,0,0.2525
122134.77,755.0,1121,Combine,112658.24,41009.2,71,WI,0.7331,0,0,,1,0.0251
176231.71,661.0,1121,Sprayer,248116.29,79713.38,73,IL,0.7568,0,0,long_term,1,0.0508
56662.88,655.0,1112,Skid Steer,261224.6,27982.12,49,KS,0.9032,0,0,low_down_payment;low_income,0,0.1347
101517.99,721.0,1152,Sprayer,203932.67,36733.28,66,WI,0.8474,1,0,prior_default,1,0.1025
85421.77,702.0,1151,Baler,201347.66,49670.37,84,IN,0.8021,0,0,long_term,0,0.0479
107671.49,613.0,1151,Baler,162777.92,53977.36,42,IN,0.751,0,0,low_credit,1,0.0699
116652.21,686.0,1119,Skid Steer,93422.98,35776.27,60,IN,0.7231,0,0,,1,0.0219
68748.46,643.0,3331,Loader,143570.65,13487.7,63,IN,0.9141,0,0,low_down_payment,1,0.1372
194134.39,683.0,1111,Baler,102098.77,20798.61,57,MN,0.8308,0,0,,1,0.0323
106214.09,722.0,1151,Sprayer,222197.66,32980.7,48,MN,0.8708,0,0,,1,0.029
149490.96,649.0,1151,Harvester,54272.19,2620.94,69,IL,0.9539,0,0,high_ltv;low_down_payment,1,0.1123
63542.82,746.0,1151,Loader,244876.7,78653.54,41,SD,0.7569,0,0,,1,0.0353
49991.08,647.0,3331,Skid Steer,176363.4,27761.19,48,SD,0.864,0,0,low_income,1,0.1376
55028.59,736.0,1152,Harvester,92680.64,9946.86,67,IA,0.9031,1,0,low_down_payment;low_income;prior_default,0,0.2046
68786.99,656.0,3331,Tractor,243410.77,34820.34,70,IN,0.8749,0,0,,1,0.1081
58257.02,715.0,1113,Loader,155709.98,19421.75,70,IL,0.8891,0,0,low_income,1,0.0959
74556.48,660.0,4238,Harvester,60733.89,4917.04,59,NE,0.9251,0,0,low_down_payment,0,0.1003
75322.26,679.0,1113,Baler,261145.09,86744.34,68,NE,0.7507,0,0,,1,0.0454
52757.85,830.0,1121,Baler,179706.49,25614.94,36,ND,0.8752,0,0,low_income,1,0.0695
146491.26,592.0,1151,Baler,86337.87,16216.57,52,ND,0.8419,0,0,low_credit,1,0.1294
72670.52,618.0,1152,Skid Steer,136298.65,30786.11,53,MO,0.8157,0,0,low_credit,1,0.1221
142490.3,618.0,1111,Skid Steer,49068.69,8503.84,53,IN,0.8523,0,0,low_credit,0,0.0989
35805.81,740.0,1151,Combine,173394.95,39695.81,57,IA,0.8137,0,0,low_income,1,0.1044
93371.33,766.0,1151,Baler,44812.7,4413.82,84,WI,0.9103,0,0,low_down_payment;long_term,1,0.0667
125208.31,792.0,1119,Combine,338858.69,0.0,72,NE,1.0,0,0,high_ltv;low_down_payment,1,0.0752
132048.44,677.0,1151,Combine,285954.62,28882.44,64,IA,0.9083,0,0,low_down_payment,1,0.0572
72261.55,625.0,1121,Skid Steer,46865.72,4671.82,69,SD,0.9094,0,0,low_down_payment;low_credit,1,0.1697
94575.13,797.0,4238,Loader,235927.73,74475.13,66,IL,0.7601,0,0,,1,0.0256
70996.03,647.0,3331,Planter,154084.63,23482.15,81,IA,0.8678,0,0,long_term,0,0.134
138639.25,696.0,1112,Baler,185662.07,47368.98,49,ND,0.7967,0,0,,1,0.0226
73575.73,673.0,4238,Loader,99057.08,32153.78,36,IA,0.7549,0,0,,1,0.0338
94130.25,604.0,1119,Harvester,206154.23,28432.25,58,ND,0.8788,0,0,low_credit,0,0.1305
194483.17,520.0,4238,Harvester,180102.94,40118.42,59,WI,0.8178,0,0,low_credit,1,0.2116
127291.7,682.0,3331,Tractor,162477.52,55564.25,67,MO,0.7452,0,0,,1,0.0287
58609.2,678.0,1151,Baler,68396.63,25948.46,69,IA,0.725,0,0,low_income,1,0.0692
97675.1,698.0,1121,Combine,266804.06,79255.54,63,IL,0.771,0,0,,1,0.0255
87775.61,629.0,1119,Baler,115523.8,11321.59,49,KS,0.9107,0,1,low_down_payment;low_credit;bankruptcy,0,0.2191
55893.25,606.0,1113,Harvester,294463.73,18606.27,49,IL,0.9406,0,0,low_down_payment;low_income;low_credit,0,0.2197
114458.43,681.0,1121,Tractor,223880.89,34871.57,52,MN,0.8652,0,0,,0,0.0351
174644.59,700.0,1152,Planter,191820.69,48741.27,64,KS,0.7974,0,0,,1,0.0284
187124.92,628.0,1113,Planter,112097.85,4821.95,53,IN,0.9588,0,0,high_ltv;low_down_payment;low_credit,1,0.1329
86249.33,662.0,3331,Sprayer,105904.53,30671.75,73,SD,0.7754,0,0,long_term,1,0.0581
155575.66,717.0,1111,Tractor,128773.8,21024.26,62,ND,0.8596,0,0,,1,0.0343
57416.62,634.0,1119,Tractor,156304.01,60602.28,68,SD,0.7206,0,0,low_income;low_credit,1,0.1266
30000.0,736.0,3331,Sprayer,57704.86,16651.93,59,ND,0.7761,0,0,low_income,1,0.107
115834.9,613.0,1111,Planter,85536.01,11231.04,61,SD,0.8839,0,0,low_credit,0,0.1234
93768.59,707.0,1152,Tractor,153078.53,61458.03,70,ND,0.7135,0,0,,1,0.023
30000.0,592.0,1121,Baler,133468.85,11954.07,60,IN,0.9178,0,0,low_down_payment;low_income;low_credit,0,0.2586
151358.12,736.0,1121,Combine,180474.59,55821.22,66,NE,0.7638,1,0,prior_default,1,0.0812
30000.0,770.0,1151,Loader,94650.16,27119.56,73,IA,0.7773,0,0,low_income;long_term,0,0.1297
126994.07,743.0,1121,Loader,86740.95,7429.82,63,WI,0.9211,0,0,low_down_payment,1,0.0474
141254.46,719.0,1121,Planter,46057.13,1704.07,66,KS,0.9643,0,0,high_ltv;low_down_payment,1,0.0624
30273.92,683.0,1119,Loader,59054.41,12819.35,36,MN,0.8216,0,0,low_income,1,0.1033
159175.02,633.0,4238,Planter,233469.08,5903.96,44,WI,0.9753,0,0,high_ltv;low_down_payment;low_credit,1,0.1195
159728.99,756.0,1113,Harvester,84758.18,14374.2,61,SD,0.855,0,0,,0,0.0332
158438.51,664.0,1152,Baler,265597.99,42931.21,61,KS,0.8609,0,0,,1,0.0527
30000.0,656.0,1111,Harvester,80201.34,7439.7,57,KS,0.9151,1,0,low_down_payment;low_income;prior_default,0,0.2571
106226.81,748.0,4238,Harvester,129919.49,42183.75,53,IN,0.7549,0,0,,1,0.0207
96328.34,735.0,1111,Combine,105690.43,26671.49,39,IN,0.7985,0,0,,1,0.0195
158926.22,669.0,4238,Planter,280692.9,35862.36,57,IA,0.8867,0,0,,1,0.0499
83379.25,651.0,1119,Planter,54719.67,4596.53,56,IL,0.9225,0,0,low_down_payment,1,0.0915
97979.44,675.0,1121,Sprayer,116241.8,44215.21,82,WI,0.7244,0,0,long_term,1,0.0412
125938.78,718.0,1121,Sprayer,210654.5,85486.47,70,SD,0.7113,0,0,,0,0.0228
57103.85,546.0,4238,Loader,211938.16,101749.81,38,WI,0.6756,0,0,low_income;low_credit,1,0.1805
86525.95,753.0,1113,Harvester,160254.84,108654.13,66,MO,0.5959,0,0,,1,0.0154
109362.75,800.0,1111,Loader,184664.09,83677.91,54,KS,0.6882,0,0,,1,0.0164
169719.78,745.0,3331,Combine,268969.1,78084.93,76,ND,0.775,0,0,long_term,1,0.0348
82908.93,680.0,1151,Loader,152796.43,22949.17,73,MN,0.8694,0,0,long_term,1,0.0639
59216.52,689.0,3331,Tractor,108585.24,34973.49,55,NE,0.7564,0,0,low_income,1,0.0536
162321.03,645.0,4238,Harvester,123021.31,25626.63,58,IL,0.8276,0,0,,1,0.0615
177209.95,699.0,1112,Skid Steer,246632.4,96835.57,50,ND,0.7181,0,0,,1,0.0172
89052.12,671.0,1121,Sprayer,41778.39,9399.7,70,IN,0.8163,0,0,,1,0.0472
144114.5,650.0,4238,Skid Steer,141752.53,50809.13,58,SD,0.7361,0,0,,1,0.042
121260.19,607.0,4238,Baler,303432.21,43453.76,52,IN,0.8747,0,0,low_credit,0,0.119
172637.75,689.0,1113,Combine,59219.93,22227.2,54,MO,0.7271,0,0,,1,0.0194
84578.94,547.0,1112,Harvester,197701.46,66942.33,54,NE,0.747,1,0,low_credit;prior_default,0,0.2233
195388.7,656.0,1121,Skid Steer,78743.94,19126.29,36,KS,0.8046,0,0,,1,0.035
110594.6,670.0,1152,Sprayer,172401.31,74521.33,79,KS,0.6982,0,0,long_term,1,0.0389
87843.46,747.0,3331,Combine,132891.63,12536.4,75,WI,0.9138,0,1,low_down_payment;long_term;bankruptcy,0,0.1742
97905.06,670.0,1112,Sprayer,139409.77,23269.66,66,KS,0.857,0,0,,1,0.0501
81294.16,681.0,1151,Sprayer,178128.7,35979.14,52,ND,0.832,0,0,,1,0.0395
155784.34,677.0,1151,Baler,270180.07,47236.36,45,MO,0.8512,0,0,,1,0.0328
107181.42,574.0,1121,Skid Steer,112063.97,21641.99,60,SD,0.8381,0,0,low_credit,0,0.1606
120518.53,593.0,4238,Skid Steer,251978.82,56099.95,61,IL,0.8179,0,0,low_credit,1,0.1301
138397.8,760.0,3331,Loader,141322.8,65788.74,73,IN,0.6824,0,0,long_term,1,0.024
45103.67,730.0,1113,Combine,67488.72,18677.43,55,MN,0.7832,0,0,low_income,1,0.0783
156696.06,712.0,1119,Loader,63277.52,26278.04,48,IN,0.7066,0,0,,1,0.016
36808.78,590.0,1152,Combine,108873.83,13559.51,63,MN,0.8892,0,0,low_income;low_credit,0,0.2448
123835.51,577.0,3331,Skid Steer,101446.13,19207.34,36,ND,0.8408,0,0,low_credit,1,0.1304
131426.62,623.0,1121,Loader,186077.46,38052.63,40,SD,0.8302,0,0,low_credit,1,0.0751
115891.81,648.0,1113,Harvester,287021.08,44182.14,54,ND,0.8666,0,0,,1,0.0626
81800.76,632.0,1112,Sprayer,302127.21,39982.08,73,KS,0.8831,0,0,low_credit;long_term,0,0.1358
35581.33,662.0,1111,Combine,61946.08,12183.28,63,SD,0.8356,0,0,low_income,0,0.1552
38842.27,680.0,1112,Loader,244624.4,33933.14,53,SD,0.8782,0,0,low_income,0,0.1256
31403.33,675.0,1151,Combine,175185.47,49641.41,50,MN,0.7792,0,0,low_income,1,0.1152
94891.55,705.0,1111,Combine,105224.98,38890.88,54,MO,0.7301,0,0,,1,0.0192
93138.54,679.0,1111,Baler,205957.2,21619.89,61,ND,0.905,0,0,low_down_payment,1,0.0525
80594.53,667.0,1112,Combine,236625.16,50990.85,74,NE,0.8227,0,0,long_term,1,0.0715
95906.25,705.0,1111,Baler,138496.6,33431.15,36,NE,0.8056,0,0,,1,0.0191
163007.91,792.0,1119,Loader,154767.5,51905.54,61,SD,0.7489,0,0,,1,0.0228
30000.0,744.0,1111,Harvester,240836.01,51899.94,62,NE,0.8227,0,0,low_income,1,0.1236
109444.17,644.0,3331,Loader,91910.8,30566.21,84,IA,0.7504,0,0,long_term,1,0.0737
133124.57,690.0,1112,Loader,156795.07,15280.74,38,IN,0.9112,0,0,low_down_payment,1,0.0322
114147.33,681.0,3331,Loader,273412.42,69844.69,53,KS,0.7965,0,0,,1,0.0281
43880.42,643.0,1152,Baler,142583.11,4626.96,54,MO,0.9686,0,0,high_ltv;low_down_payment;low_income,0,0.2113
48179.2,714.0,1121,Harvester,226245.09,58816.09,64,NE,0.7937,0,0,low_income,1,0.084
81081.73,606.0,4238,Baler,212836.48,0.0,75,SD,1.0,0,0,high_ltv;low_down_payment;low_credit;long_term,0,0.2273
146506.29,633.0,1111,Tractor,165102.08,22253.91,44,IL,0.8812,0,0,low_credit,0,0.0789
120239.9,750.0,1112,Skid Steer,238893.56,26511.48,63,WI,0.9001,0,0,low_down_payment,1,0.0442
115680.73,713.0,1112,Combine,234996.33,67123.01,43,MO,0.7778,0,0,,1,0.0193
131999.64,619.0,1121,Skid Steer,103826.25,20791.03,65,MO,0.8332,0,0,low_credit,1,0.1049
87667.71,788.0,3331,Harvester,264002.01,30767.46,64,SD,0.8956,0,0,,1,0.0423
94723.11,663.0,1112,Planter,179100.41,34309.97,68,WI,0.8392,1,0,prior_default,0,0.1383
74914.23,642.0,1112,Skid Steer,192063.93,37151.75,57,ND,0.8379,0,0,,0,0.0901
61901.97,756.0,1121,Loader,178424.55,51474.14,57,SD,0.7761,0,0,,1,0.049
76929.33,665.0,1121,Tractor,202323.35,83429.65,60,ND,0.708,0,0,,1,0.0423
106781.85,632.0,1111,Tractor,218012.46,87376.75,72,NE,0.7139,0,0,low_credit,1,0.0682
132072.55,651.0,1121,Baler,223151.37,61136.55,56,KS,0.7849,0,0,,1,0.0477
141568.31,693.0,1119,Loader,122328.82,30637.83,48,IA,0.7997,0,0,,1,0.0225
118200.77,680.0,1151,Sprayer,279253.53,56309.77,38,IN,0.8322,0,0,,1,0.0259
61429.53,732.0,3331,Planter,268608.5,36830.33,65,MO,0.8794,0,0,,0,0.0759
122293.99,719.0,3331,Baler,81049.35,16949.54,70,NE,0.827,0,0,,1,0.0344
107504.37,777.0,1152,Loader,221485.84,40274.99,68,MO,0.8461,0,0,,1,0.0357
101230.82,659.0,3331,Skid Steer,199080.71,89303.31,73,WI,0.6903,0,0,long_term,1,0.0422
99852.68,711.0,4238,Skid Steer,178290.66,13899.25,66,SD,0.9277,0,0,low_down_payment,0,0.0504
66889.38,712.0,1112,Harvester,251434.19,75505.25,65,NE,0.7691,0,0,,1,0.0473
95673.31,729.0,1113,Planter,87519.33,31866.37,56,WI,0.7331,0,0,,1,0.02
94692.37,655.0,1121,Harvester,235467.76,100780.65,73,IN,0.7003,0,0,long_term,1,0.0463
112803.48,712.0,1121,Tractor,267455.98,72608.7,36,IL,0.7865,0,0,,1,0.0178
105749.4,712.0,1111,Baler,287001.1,12730.42,70,ND,0.9575,0,0,high_ltv;low_down_payment,1,0.0644
198107.42,673.0,1112,Loader,202915.19,37887.37,65,IN,0.8427,0,0,,1,0.045
113458.31,594.0,1112,Loader,209979.19,49963.64,48,IL,0.8078,0,0,low_credit,0,0.1114
139772.55,695.0,1151,Harvester,46444.45,19983.7,43,IL,0.6992,0,0,,1,0.0144
170689.56,686.0,1151,Combine,60624.88,13890.94,54,KS,0.8136,0,0,,1,0.0278
125067.08,712.0,4238,Loader,210793.97,67391.44,52,WI,0.7577,0,0,,1,0.0206
122442.73,723.0,1151,Tractor,205787.99,19924.16,53,ND,0.9117,0,0,low_down_payment,1,0.0399
153888.5,668.0,1121,Loader,213004.39,27267.21,50,WI,0.8865,0,0,,1,0.0462
86821.26,747.0,1121,Planter,42165.57,10382.37,46,MO,0.8024,0,0,,1,0.0241
65354.2,720.0,1111,Planter,243632.97,59699.88,76,ND,0.8032,0,0,long_term,1,0.0691
50908.59,699.0,1119,Skid Steer,48149.46,10923.97,66,KS,0.8151,0,0,low_income,0,0.0864
125597.54,686.0,1152,Combine,83110.74,40050.73,55,IN,0.6748,0,0,,1,0.0171
30000.0,663.0,4238,Baler,256479.32,68066.13,66,SD,0.7903,1,0,low_income;prior_default,0,0.221
85835.7,729.0,1151,Skid Steer,206669.61,26301.85,69,ND,0.8871,0,0,,1,0.0462
99130.96,661.0,1119,Baler,188233.59,49817.21,57,MO,0.7907,0,0,,1,0.0414
180409.7,753.0,1113,Combine,148495.8,27694.78,53,MO,0.8428,0,0,,1,0.0283
119194.41,671.0,1121,Skid Steer,239654.52,86807.75,43,KS,0.7341,0,0,,0,0.0233
35172.49,698.0,1152,Harvester,210318.88,116712.92,48,ND,0.6431,0,0,low_income,1,0.0581
120013.4,736.0,1112,Harvester,197242.78,42974.14,58,IN,0.8211,0,0,,1,0.0282
132631.05,742.0,1152,Skid Steer,292920.74,49871.74,67,NE,0.8545,0,0,,1,0.0362
144813.08,679.0,1121,Baler,233283.26,66223.72,38,ND,0.7789,0,0,,0,0.022
109070.25,676.0,1119,Tractor,187736.16,12537.09,84,IA,0.9374,0,0,low_down_payment;long_term,1,0.0881
67637.68,662.0,1151,Harvester,207237.48,28393.29,46,KS,0.8795,0,0,,0,0.0786
124150.11,729.0,1119,Sprayer,213221.61,28656.01,54,IN,0.8815,0,0,,1,0.0329
103434.79,763.0,1151,Planter,157423.02,78259.69,74,KS,0.6679,0,0,long_term,1,0.0231
93167.02,777.0,1151,Loader,154359.6,20424.31,67,KS,0.8831,0,0,,1,0.0399
153484.28,669.0,1121,Skid Steer,205343.65,65123.11,69,MN,0.7592,0,0,,1,0.0383
165212.38,685.0,1152,Baler,129475.0,75312.02,78,IA,0.6322,0,0,long_term,1,0.0237
69264.73,678.0,1112,Loader,158049.33,42811.87,56,ND,0.7869,0,0,,1,0.0506
158116.46,729.0,1121,Harvester,202300.72,16752.84,48,ND,0.9235,0,0,low_down_payment,1,0.0386
69866.85,689.0,1151,Loader,199704.71,52196.71,75,MN,0.7928,0,0,long_term,1,0.0607
66597.79,700.0,3331,Sprayer,147684.82,47358.92,64,IA,0.7572,0,0,,0,0.0452
86410.49,695.0,1119,Combine,230694.0,94456.78,64,WI,0.7095,0,0,,1,0.0228
108610.23,725.0,1121,Skid Steer,54364.08,12493.68,55,IN,0.8131,0,0,,1,0.0263
89554.45,631.0,1119,Planter,91841.06,30948.66,48,MN,0.748,0,0,low_credit,0,0.0575
99254.05,719.0,1121,Tractor,296127.48,38254.24,43,WI,0.8856,0,0,,1,0.0283
119838.72,652.0,1151,Harvester,192355.08,35664.84,62,IA,0.8436,0,0,,1,0.0612
155819.82,722.0,1113,Harvester,57211.42,17227.13,57,IL,0.7686,0,0,,1,0.0231
146452.53,755.0,1112,Planter,189437.52,72660.12,50,SD,0.7228,0,0,,1,0.0175
95172.49,729.0,1151,Baler,114489.99,50672.6,66,MN,0.6932,0,0,,1,0.0201
54232.48,768.0,1112,Combine,176435.95,50032.07,55,MO,0.7791,0,0,low_income,1,0.0634
86815.34,663.0,4238,Sprayer,228458.5,48348.13,84,MN,0.8253,0,0,long_term,0,0.0752
57894.17,658.0,1112,Combine,244022.07,95740.37,61,SD,0.7182,0,0,low_income,1,0.0826
92456.08,719.0,3331,Skid Steer,180813.37,71634.04,59,SD,0.7162,0,0,,1,0.0197
78030.46,606.0,1121,Harvester,61441.05,18469.45,61,MN,0.7689,0,0,low_credit,0,0.1216
124954.15,592.0,1152,Harvester,136858.54,33067.77,59,ND,0.8054,0,0,low_credit,0,0.1257
164555.29,599.0,1151,Harvester,226623.44,98134.68,48,MO,0.6978,0,0,low_credit,1,0.0776
76044.78,695.0,1113,Harvester,182880.19,46327.19,45,MN,0.7979,0,0,,0,0.0311
46748.54,669.0,1151,Planter,179115.3,47309.91,37,ND,0.7911,0,0,low_income,0,0.0844
156109.43,700.0,3331,Sprayer,178988.96,42516.86,59,IL,0.8081,1,0,prior_default,1,0.0853
132004.41,685.0,4238,Tractor,178448.14,51666.48,50,SD,0.7755,0,0,,1,0.0233
90179.73,636.0,1112,Harvester,238139.69,62325.75,68,NE,0.7926,0,0,low_credit,0,0.0781
155651.86,628.0,1119,Tractor,303481.96,25746.36,37,IL,0.9218,0,0,low_down_payment;low_credit,0,0.0951
100429.61,705.0,4238,Loader,43037.61,23991.41,69,IN,0.6421,0,0,,1,0.0174
155838.89,655.0,4238,Skid Steer,138007.01,30147.57,84,MO,0.8207,0,0,long_term,1,0.0776
104463.82,792.0,1151,Planter,101777.64,30976.48,54,NE,0.7667,1,0,prior_default,1,0.0712
223943.41,634.0,4238,Tractor,256129.78,25256.74,60,KS,0.9102,0,0,low_down_payment;low_credit,1,0.1098
86029.21,539.0,1121,Harvester,173452.84,63025.37,59,WI,0.7335,0,0,low_credit,0,0.1744
134380.88,628.0,1152,Skid Steer,95038.37,20388.61,56,KS,0.8234,0,0,low_credit,1,0.0825
120333.56,700.0,1152,Sprayer,55367.37,14699.47,36,MN,0.7902,0,0,,1,0.0181
104997.51,580.0,4238,Harvester,105893.35,9455.77,53,MO,0.918,0,0,low_down_payment;low_credit,0,0.1786
130195.33,673.0,1111,Sprayer,163300.03,40230.57,77,IN,0.8023,0,0,long_term,1,0.0511
102483.64,710.0,1111,Tractor,54839.02,8185.85,71,IL,0.8701,0,0,,1,0.0404
85719.33,704.0,4238,Skid Steer,252683.62,33668.26,78,KS,0.8824,0,0,long_term,0,0.0569
40522.29,721.0,1112,Tractor,306701.08,42256.41,54,MN,0.8789,0,0,low_income,1,0.1103
113062.43,687.0,1119,Baler,166586.48,72085.07,62,SD,0.698,0,0,,1,0.0202
128759.37,631.0,1111,Tractor,54973.61,10265.3,47,MN,0.8427,0,0,low_credit,1,0.0754
138315.82,624.0,1151,Tractor,161773.21,23292.17,79,ND,0.8741,0,0,low_credit;long_term,0,0.1341
117149.2,666.0,1119,Combine,138040.8,9380.13,50,MO,0.9364,0,0,low_down_payment,1,0.062
30000.0,599.0,1121,Loader,94527.22,23935.94,60,SD,0.7979,0,0,low_income;low_credit,0,0.2192
125151.08,600.0,1113,Tractor,201124.01,21958.91,65,NE,0.9016,0,0,low_down_payment;low_credit,0,0.1597
113501.28,758.0,1121,Combine,183816.41,41097.75,82,KS,0.8173,0,0,long_term,1,0.0437
141692.5,748.0,1151,Loader,130485.85,48223.68,76,IN,0.7302,0,0,long_term,1,0.0297
146487.18,655.0,1119,Baler,138993.72,29535.42,51,ND,0.8247,0,0,,1,0.0469
111147.17,694.0,1111,Sprayer,309906.82,26843.68,60,MO,0.9203,0,0,low_down_payment,1,0.0453
58907.75,662.0,1112,Combine,195747.35,87040.02,55,IL,0.6922,0,0,low_income,1,0.0662
74064.71,635.0,1152,Skid Steer,88589.04,15587.41,55,MN,0.8504,0,0,low_credit,0,0.1095
111182.25,728.0,1152,Sprayer,205454.4,45092.64,66,SD,0.82,0,0,,1,0.0317
74657.35,621.0,1152,Baler,60031.76,21538.41,55,IL,0.736,0,0,low_credit,0,0.0951
95690.51,635.0,1112,Harvester,136737.18,32444.64,74,ND,0.8082,0,0,low_credit;long_term,1,0.0949
78708.33,760.0,1112,Baler,167617.35,57463.73,67,IL,0.7447,0,0,,1,0.0332
32641.14,641.0,1151,Skid Steer,272721.68,56423.51,81,ND,0.8286,0,0,low_income;long_term,1,0.2054
173835.37,656.0,1111,Harvester,38759.42,13117.69,67,SD,0.7471,0,0,,1,0.0444
51468.94,647.0,1119,Sprayer,74711.09,33190.27,68,IL,0.6924,0,0,low_income,0,0.106
142854.98,663.0,1111,Skid Steer,143103.21,25198.32,52,KS,0.8503,0,0,,1,0.0459
59981.21,613.0,3331,Skid Steer,230197.24,80207.58,78,IL,0.7416,0,0,low_income;low_credit;long_term,1,0.1695
47258.44,677.0,3331,Skid Steer,234934.67,24603.19,46,ND,0.9052,0,0,low_down_payment;low_income,1,0.1205
79964.56,736.0,1151,Harvester,77239.58,6706.02,49,KS,0.9201,0,0,low_down_payment,1,0.0499
96453.85,726.0,1111,Planter,68934.73,19301.53,84,ND,0.7813,0,0,long_term,1,0.0398
70035.97,644.0,1112,Skid Steer,224272.29,48733.85,36,ND,0.8215,0,0,,1,0.0727
161938.39,694.0,1152,Combine,58385.36,17551.5,70,ND,0.7689,0,0,,1,0.0281
98357.72,671.0,1113,Harvester,142334.43,46080.3,64,IL,0.7554,0,0,,1,0.0344
148652.08,686.0,1152,Harvester,102599.94,21168.6,56,IA,0.829,0,0,,1,0.0305
62714.24,671.0,1112,Baler,67318.52,6572.98,62,WI,0.911,0,0,low_down_payment,0,0.109
165382.86,614.0,1151,Skid Steer,110696.13,47514.22,57,SD,0.6997,0,0,low_credit,1,0.0708
98858.25,675.0,3331,Sprayer,277860.6,18175.12,68,MN,0.9386,0,0,low_down_payment,0,0.0677
206659.16,619.0,1111,Combine,199940.67,46343.77,60,IA,0.8118,0,0,low_credit,1,0.0939
123628.05,680.0,1119,Sprayer,102459.21,29487.68,63,WI,0.7765,0,0,,1,0.031
33050.39,703.0,1113,Planter,225680.24,58063.81,59,WI,0.7954,0,0,low_income,1,0.1066
108932.64,575.0,3331,Loader,229256.66,34780.7,56,IN,0.8683,0,0,low_credit,0,0.1642
206142.85,684.0,3331,Sprayer,37515.41,12866.71,44,IL,0.7446,0,0,,1,0.0195
185842.95,723.0,1111,Combine,169217.03,39380.92,46,WI,0.8112,0,0,,1,0.0228
44340.85,713.0,1119,Sprayer,90579.53,9774.82,36,MN,0.9026,0,0,low_down_payment;low_income,1,0.0977
129729.73,673.0,1119,Planter,201644.65,25589.82,52,WI,0.8874,0,0,,1,0.0433
157602.67,737.0,1119,Skid Steer,251804.56,31441.51,83,MN,0.889,0,0,long_term,1,0.056
164296.95,779.0,3331,Loader,61461.45,21588.45,60,IL,0.7401,0,0,,1,0.0218
104775.98,688.0,1121,Tractor,320174.74,25076.87,67,IN,0.9274,0,0,low_down_payment,1,0.0528
32855.15,737.0,1113,Tractor,326525.31,21733.22,55,IA,0.9376,0,0,low_down_payment;low_income,1,0.154
145621.12,762.0,1151,Combine,171147.21,44513.06,41,SD,0.7936,0,0,,1,0.0198
118365.84,664.0,1112,Combine,100198.73,21725.96,66,IN,0.8218,0,0,,1,0.0491
72610.99,759.0,1119,Sprayer,225453.05,54417.44,60,IA,0.8056,0,0,,1,0.0433
137688.41,693.0,1119,Planter,259082.83,66834.11,53,ND,0.7949,0,0,,1,0.0239
118724.62,658.0,4238,Skid Steer,67510.68,29409.47,77,IN,0.6966,0,0,long_term,1,0.046
156734.39,709.0,4238,Sprayer,218960.23,48112.83,65,ND,0.8199,0,0,,1,0.0312
108623.95,689.0,1152,Harvester,197622.8,76560.02,47,NE,0.7208,0,0,,1,0.0171
139723.32,703.0,1112,Planter,50866.79,5963.78,66,NE,0.8951,0,0,,1,0.0409
104705.88,762.0,1121,Loader,124247.73,13511.77,63,KS,0.9019,1,1,low_down_payment;prior_default;bankruptcy,1,0.228
135913.8,737.0,1121,Harvester,82932.09,19983.8,45,KS,0.8058,0,0,,1,0.022
84375.79,659.0,1111,Sprayer,226717.98,59648.09,52,IL,0.7917,0,0,,0,0.0463
46557.02,722.0,3331,Tractor,270373.29,72371.37,58,NE,0.7888,0,0,low_income,1,0.0799
156043.39,683.0,1111,Sprayer,167319.59,21245.29,43,SD,0.8873,0,0,,1,0.0323
106977.03,752.0,1111,Harvester,138701.29,35410.1,73,IN,0.7966,0,0,long_term,1,0.0359
91611.87,669.0,1121,Tractor,131851.4,24278.48,77,IL,0.8445,0,0,long_term,1,0.0626
160819.99,742.0,1112,Sprayer,174269.03,50044.33,71,KS,0.7769,0,0,,1,0.0293
104307.03,670.0,1152,Tractor,57340.27,122.29,74,KS,0.9979,0,0,high_ltv;low_down_payment;long_term,1,0.1092
117853.83,667.0,1112,Planter,117006.69,19184.1,56,MN,0.8591,0,0,,1,0.0467
66681.18,696.0,1151,Combine,51678.68,9157.94,44,IL,0.8495,0,0,,1,0.0465
175062.74,755.0,1119,Sprayer,71420.85,23514.73,44,KS,0.7523,0,0,,1,0.0178
133560.44,618.0,1112,Combine,239139.1,61253.36,53,MO,0.7961,0,0,low_credit,1,0.0842
30000.0,571.0,1113,Tractor,69752.71,30894.49,46,KS,0.693,1,0,low_income;low_credit;prior_default,0,0.2286
81331.73,709.0,1119,Skid Steer,244963.63,42443.33,41,MN,0.8523,0,0,,1,0.0309
90954.13,640.0,4238,Baler,81105.69,20879.96,56,MO,0.7953,0,0,,1,0.058
113348.56,716.0,1121,Loader,108374.85,39195.77,66,MO,0.7344,0,0,,1,0.0234
130130.82,738.0,1152,Skid Steer,192567.14,63262.73,55,NE,0.7527,0,0,,1,0.0211
69088.57,680.0,1152,Baler,63847.67,1223.82,65,IA,0.9812,0,0,high_ltv;low_down_payment,1,0.1159
65029.36,688.0,1112,Baler,202855.18,27754.96,71,WI,0.8796,0,0,,0,0.0783
115306.19,642.0,4238,Loader,319440.24,17660.36,60,IN,0.9476,0,0,low_down_payment,0,0.1012
65823.12,675.0,1113,Harvester,77063.62,17995.05,37,NE,0.8107,0,0,,1,0.0487
132636.9,779.0,1111,Tractor,174253.66,36982.08,65,IN,0.8249,0,0,,1,0.0317
79597.64,706.0,1151,Sprayer,106756.03,7582.37,77,IA,0.9337,0,0,low_down_payment;long_term,1,0.0826
116778.64,663.0,4238,Tractor,276967.86,60111.13,61,SD,0.8217,0,0,,1,0.0474
143774.01,677.0,1112,Planter,217824.26,56708.7,62,MN,0.7934,0,0,,1,0.0341
154844.8,645.0,1113,Sprayer,146036.61,13394.44,50,NE,0.916,1,0,low_down_payment;prior_default,1,0.1753
162429.15,734.0,1111,Planter,49918.68,20098.97,36,MN,0.7129,0,0,,1,0.0136
32079.06,553.0,1152,Planter,111828.08,13177.02,84,IA,0.8946,0,0,low_income;low_credit;long_term,0,0.2697
118172.31,626.0,4238,Planter,115798.08,0.0,67,NE,1.0,0,0,high_ltv;low_down_payment;low_credit,0,0.1663
68996.52,625.0,1151,Baler,69393.35,13718.58,78,IA,0.8349,0,0,low_credit;long_term,0,0.1616
172057.91,664.0,1111,Harvester,137202.41,25830.27,69,KS,0.8416,0,0,,1,0.0551
223936.23,641.0,3331,Skid Steer,52629.63,17143.64,62,KS,0.7543,0,0,,1,0.0547
80397.96,632.0,1119,Combine,100573.13,47057.47,58,IL,0.6812,0,0,low_credit,0,0.0644
66408.34,674.0,1152,Sprayer,116988.48,50723.48,59,KS,0.6976,0,0,,1,0.0452
55350.75,663.0,1152,Skid Steer,94147.9,33896.01,45,KS,0.7353,0,0,low_income,0,0.0706
49368.89,604.0,4238,Harvester,306743.1,34031.4,67,MN,0.9001,0,0,low_down_payment;low_income;low_credit,0,0.2319
91405.9,728.0,1152,Planter,153563.77,20091.04,47,SD,0.8843,0,0,,1,0.0299
91719.69,830.0,4238,Loader,68274.78,31921.56,61,NE,0.6814,0,0,,1,0.0178
135097.62,704.0,1119,Harvester,37197.13,21453.26,74,WI,0.6342,0,0,long_term,1,0.0204
94892.4,602.0,1119,Planter,206572.86,78482.63,66,NE,0.7247,0,0,low_credit,1,0.0983
128275.05,703.0,4238,Harvester,218424.15,18984.07,60,MO,0.92,0,0,low_down_payment,1,0.0453
124023.93,752.0,4238,Planter,161296.76,19264.22,47,IL,0.8933,0,0,,1,0.0309
30000.0,632.0,1119,Sprayer,179731.54,47577.75,76,ND,0.7907,1,0,low_income;low_credit;long_term;prior_default,0,0.2435
57225.93,658.0,1113,Tractor,66595.28,27959.72,58,KS,0.7043,0,0,low_income,1,0.0773
113670.47,657.0,1111,Sprayer,94099.83,26912.5,55,WI,0.7776,0,0,,1,0.0414
111173.14,664.0,1119,Tractor,219428.56,27732.62,84,MO,0.8878,0,0,long_term,1,0.0841
120632.06,679.0,4238,Baler,131125.87,40548.22,70,MO,0.7638,0,0,,1,0.0334
154620.32,716.0,1151,Skid Steer,280768.74,58645.31,36,IN,0.8272,0,0,,1,0.0207
30000.0,696.0,1151,Tractor,269319.98,79058.3,74,SD,0.7731,0,0,low_income;long_term,0,0.1295
107439.91,712.0,1111,Baler,193780.18,52848.46,62,MN,0.7857,0,0,,1,0.0264
138725.57,714.0,1121,Tractor,49528.27,11243.88,50,ND,0.815,0,0,,1,0.0245
110993.13,690.0,3331,Loader,105535.21,16770.82,47,NE,0.8629,0,0,,1,0.028
99084.23,692.0,3331,Baler,236483.24,55585.09,71,NE,0.8097,0,0,,1,0.0329
67545.72,646.0,4238,Sprayer,258661.47,24353.41,52,IL,0.914,0,0,low_down_payment,0,0.1235
187193.89,774.0,1111,Tractor,170155.22,36672.0,51,KS,0.8227,0,0,,1,0.0256
169718.12,641.0,1113,Skid Steer,163200.59,40117.02,71,IN,0.8027,0,0,,1,0.0713
179353.01,652.0,3331,Baler,41264.64,10496.27,66,KS,0.7972,0,0,,0,0.055
45558.43,680.0,1119,Skid Steer,236758.13,10303.41,52,MN,0.9583,0,0,high_ltv;low_down_payment;low_income,1,0.1523
190796.77,668.0,1121,Sprayer,209660.63,33186.58,40,IA,0.8633,0,0,,1,0.0369
119538.05,755.0,4238,Baler,37750.65,13345.45,56,IA,0.7388,0,0,,1,0.0204
77248.0,711.0,1112,Skid Steer,210750.87,67879.25,40,MO,0.7564,0,0,,1,0.0242
110898.75,644.0,1152,Tractor,71379.28,21066.45,70,IA,0.7721,0,0,,0,0.0609
46931.34,729.0,1151,Harvester,281205.24,4904.09,62,IN,0.9829,0,0,high_ltv;low_down_payment;low_income,0,0.1555
65325.28,743.0,3331,Combine,193555.99,11904.62,49,MO,0.9421,0,0,low_down_payment,1,0.0754
81199.41,698.0,1111,Loader,121280.37,1365.68,70,NE,0.9889,0,0,high_ltv;low_down_payment,0,0.0861
120754.12,684.0,1152,Harvester,239640.73,109491.52,67,IA,0.6864,0,0,,1,0.0223
99863.07,628.0,1111,Combine,128198.76,22538.54,39,ND,0.8505,0,0,low_credit,0,0.0731
124815.58,651.0,1113,Skid Steer,82189.04,30910.5,74,IA,0.7267,0,0,long_term,1,0.0548
67759.21,689.0,1152,Sprayer,77182.7,40949.75,65,ND,0.6534,0,0,,1,0.0319
85175.83,558.0,1152,Combine,225391.07,24160.53,37,ND,0.9032,0,0,low_down_payment;low_credit,0,0.1937
62516.07,689.0,3331,Sprayer,236912.86,59527.5,63,NE,0.7992,0,0,,1,0.0572
144129.07,789.0,1121,Combine,180123.9,25454.73,63,IL,0.8762,0,0,,1,0.0368
162361.2,728.0,1111,Planter,124611.48,14667.95,71,WI,0.8947,0,0,,1,0.0439
108574.91,668.0,3331,Planter,158614.19,41482.15,57,IN,0.7927,0,0,,1,0.0373
82135.06,657.0,1121,Baler,251748.65,74053.35,64,IN,0.7727,0,0,,0,0.0555
122705.57,727.0,3331,Planter,182117.59,62913.68,84,MO,0.7432,0,0,long_term,1,0.0349
112171.94,734.0,1152,Combine,237219.92,63285.22,65,IL,0.7894,0,0,,1,0.028
40150.08,688.0,1111,Baler,186155.54,38116.75,48,WI,0.83,0,0,low_income,1,0.0938
140173.84,735.0,1113,Harvester,168203.71,19804.14,65,IL,0.8947,0,0,,1,0.0403
114334.26,752.0,1112,Planter,181834.23,70737.74,72,MO,0.7199,0,0,,1,0.0243
111416.1,671.0,1119,Skid Steer,218988.47,47718.64,59,NE,0.8211,0,0,,1,0.04
63523.93,638.0,1151,Planter,120667.31,31497.31,50,KS,0.793,0,0,low_credit,1,0.104
50403.67,683.0,1113,Baler,232997.29,56288.28,44,MN,0.8054,0,0,low_income,1,0.0729
122934.75,697.0,1151,Baler,71189.42,17725.34,64,MN,0.8006,0,0,,1,0.0287
186273.9,670.0,1119,Harvester,207754.21,56322.4,84,MO,0.7867,0,0,long_term,1,0.0563
104601.25,731.0,1111,Tractor,240158.36,83688.24,70,MO,0.7416,0,0,,1,0.0255
164327.79,747.0,1113,Planter,37687.95,8328.7,58,WI,0.819,0,0,,1,0.028
138367.59,636.0,1111,Combine,139133.55,49160.49,61,KS,0.7389,0,0,low_credit,1,0.0602
30000.0,673.0,3331,Tractor,108310.87,41324.19,75,KS,0.7238,0,0,low_income;long_term,1,0.137
127065.81,726.0,3331,Combine,320431.61,15563.28,61,KS,0.9537,0,0,high_ltv;low_down_payment,1,0.0565
164083.4,731.0,1113,Combine,105029.68,43185.59,55,IN,0.7086,0,0,,1,0.018
134381.61,775.0,4238,Planter,129896.47,13136.09,84,MN,0.9082,0,0,low_down_payment;long_term,1,0.0662
153489.6,721.0,1112,Sprayer,244163.42,45881.7,40,IL,0.8418,0,0,,1,0.0232
204403.74,642.0,1119,Skid Steer,139697.98,24995.58,64,IN,0.8482,0,0,,1,0.0736
107642.18,619.0,1119,Skid Steer,163000.3,61058.82,61,MN,0.7275,0,0,low_credit,1,0.0753
172579.27,610.0,1112,Skid Steer,148404.6,43727.85,45,WI,0.7724,0,0,low_credit,1,0.081
30000.0,764.0,1152,Combine,80544.69,22258.54,75,SD,0.7835,0,0,low_income;long_term,1,0.1337
201322.06,580.0,1111,Combine,64087.05,12674.68,52,NE,0.8349,0,0,low_credit,1,0.143
104802.34,633.0,1111,Sprayer,272227.02,69408.13,68,MO,0.7968,0,0,low_credit,0,0.082
50090.58,653.0,1119,Harvester,97599.79,30130.69,52,IN,0.7641,0,0,low_income,1,0.1052
30000.0,672.0,1152,Baler,267168.03,20223.36,57,MN,0.9296,1,0,low_down_payment;low_income;prior_default,0,0.2524
118831.08,724.0,1121,Harvester,96301.56,29771.42,64,KS,0.7639,0,0,,1,0.0252
119069.92,634.0,1111,Tractor,164578.6,3084.69,75,WI,0.9816,0,0,high_ltv;low_down_payment;low_credit;long_term,1,0.1675
59497.44,664.0,3331,Baler,158150.82,25687.04,58,IN,0.8603,0,0,low_income,1,0.1056
106405.96,707.0,1113,Baler,97373.33,27312.08,62,IA,0.781,0,0,,1,0.026
76454.91,715.0,1119,Baler,106333.25,36060.78,68,WI,0.7468,0,0,,0,0.036
30000.0,680.0,1119,Harvester,120138.89,15713.0,46,KS,0.8843,0,0,low_income,0,0.1381
98862.42,703.0,1151,Loader,241705.39,74020.36,54,MN,0.7656,1,0,prior_default,1,0.071
40786.15,676.0,4238,Baler,130190.7,41200.6,43,IL,0.7596,0,0,low_income,0,0.0848
78724.18,675.0,4238,Loader,78321.24,16467.8,36,IA,0.8263,0,0,,1,0.0362
102772.71,765.0,1119,Tractor,133318.83,33146.36,84,WI,0.8009,0,1,long_term;bankruptcy,1,0.1358
97365.24,767.0,3331,Baler,119832.88,0.0,64,ND,1.0,0,0,high_ltv;low_down_payment,0,0.0679
124926.88,628.0,1119,Loader,42724.47,6246.55,45,MN,0.8724,0,0,low_credit,0,0.084
162772.53,659.0,4238,Planter,290600.42,27643.94,64,KS,0.9131,0,0,low_down_payment,1,0.0757
81367.21,733.0,1121,Harvester,221419.93,44540.46,52,IA,0.8325,0,0,,1,0.0338
100188.77,659.0,4238,Tractor,276073.94,36956.8,60,MN,0.8819,0,0,,1,0.0599
36931.46,531.0,3331,Planter,81504.67,23088.96,83,SD,0.7793,0,0,low_income;low_credit;long_term,0,0.2467
85035.71,705.0,1111,Skid Steer,82677.72,7528.39,62,SD,0.9165,0,0,low_down_payment,1,0.052
137855.39,595.0,1111,Sprayer,261184.66,80483.97,65,MO,0.7644,0,0,low_credit,1,0.1164
151718.01,650.0,1151,Harvester,165874.98,32206.89,74,KS,0.8374,0,0,long_term,1,0.0779
124304.31,607.0,1112,Planter,149545.52,20545.85,44,MO,0.8792,0,0,low_credit,0,0.1113
185148.17,656.0,1152,Combine,149333.23,19649.3,56,IA,0.8837,0,0,,1,0.0603
77192.24,711.0,1111,Sprayer,115306.23,5050.64,60,SD,0.958,1,0,high_ltv;low_down_payment;prior_default,0,0.1731
143693.77,668.0,1121,Loader,54547.28,16437.11,44,MO,0.7684,0,0,,1,0.0281
98664.58,667.0,1119,Combine,239791.03,93881.55,46,IN,0.7186,0,0,,1,0.0248
110165.49,690.0,1112,Sprayer,148180.69,26390.11,64,IL,0.8488,0,0,,0,0.0341
145087.86,716.0,1113,Planter,215868.54,44321.17,72,IL,0.8297,0,0,,1,0.0357
136281.19,698.0,1112,Combine,80694.67,12724.93,64,NE,0.8638,0,0,,1,0.0358
30000.0,726.0,1113,Harvester,61645.93,5116.82,71,IL,0.9234,0,0,low_down_payment;low_income,0,0.1739
74080.75,727.0,4238,Skid Steer,186971.19,31959.77,72,MN,0.854,0,0,,1,0.0575
36792.11,576.0,1121,Sprayer,154130.39,43618.11,54,NE,0.7794,0,0,low_income;low_credit,1,0.2195
101042.09,599.0,1119,Tractor,65818.75,8024.07,69,KS,0.8913,0,0,low_credit,0,0.1547
146519.39,662.0,1152,Combine,240511.36,34604.87,54,WI,0.8742,0,0,,1,0.052
47107.82,657.0,1151,Loader,228483.09,97627.0,49,KS,0.7006,0,0,low_income,1,0.0867
172829.15,712.0,1152,Combine,161153.17,18637.19,71,KS,0.8963,0,0,,1,0.0441
69303.66,577.0,1112,Tractor,248576.38,50535.91,71,SD,0.831,0,0,low_credit,1,0.2012
111343.75,701.0,1119,Baler,142448.89,46030.38,58,MN,0.7558,0,0,,1,0.0224
157826.56,735.0,1121,Combine,90437.99,27934.51,36,IA,0.764,0,0,,1,0.0164
61363.98,759.0,3331,Tractor,290856.04,25798.75,36,SD,0.9185,0,0,low_down_payment,1,0.0652
87830.09,654.0,1151,Skid Steer,247290.08,54005.84,57,WI,0.8208,0,0,,1,0.0545
56682.99,696.0,1151,Skid Steer,232289.6,20373.78,68,WI,0.9194,0,0,low_down_payment;low_income,0,0.1131
56595.85,759.0,1119,Loader,191581.98,26528.53,61,IN,0.8784,0,0,low_income,1,0.0871
80057.47,793.0,1112,Skid Steer,188756.24,28414.9,67,NE,0.8692,0,0,,1,0.0489
63368.65,661.0,3331,Planter,154256.41,20058.17,47,SD,0.8849,0,0,,0,0.0904
125093.08,673.0,4238,Harvester,254718.71,73236.76,52,IL,0.7767,0,0,,1,0.03
127119.21,639.0,1119,Harvester,283265.55,54166.05,62,MN,0.8395,0,0,low_credit,1,0.0791
104413.97,563.0,1151,Baler,106368.24,36646.35,42,SD,0.7438,1,0,low_credit;prior_default,0,0.2013
68288.84,690.0,3331,Tractor,33667.19,14808.61,65,MO,0.6945,0,0,,1,0.0354
127556.14,739.0,1113,Skid Steer,214363.86,45088.78,66,IN,0.8262,0,0,,1,0.0324
122169.75,610.0,1112,Combine,118282.68,39084.96,49,ND,0.7516,0,0,low_credit,0,0.0796
95282.06,652.0,1152,Skid Steer,255727.72,67321.73,48,NE,0.7916,0,0,,1,0.0425
179434.68,543.0,1151,Loader,47172.67,9246.01,56,IL,0.8361,0,1,low_credit;bankruptcy,0,0.25
152947.78,657.0,3331,Skid Steer,70129.58,38007.55,57,MO,0.6485,0,0,,1,0.0269
76157.43,693.0,1111,Skid Steer,59300.63,16114.19,48,IN,0.7863,0,0,,1,0.0312
60123.19,676.0,1151,Combine,250119.66,52706.93,65,MN,0.826,0,0,,1,0.0816
167316.12,595.0,1152,Combine,73780.92,20728.88,71,MO,0.7807,0,0,low_credit,0,0.1276
128216.45,678.0,4238,Skid Steer,259589.97,29808.07,36,IL,0.897,0,0,,1,0.0328
138498.63,595.0,1113,Sprayer,57967.53,18126.48,73,MN,0.7618,0,0,low_credit;long_term,1,0.1311
131231.65,689.0,3331,Tractor,197054.14,50552.28,62,MN,0.7958,0,0,,1,0.0277
88426.44,755.0,1119,Combine,188409.05,4086.52,51,WI,0.9788,0,0,high_ltv;low_down_payment,0,0.0556
80825.41,651.0,1113,Tractor,218574.05,35774.87,62,NE,0.8593,0,0,,1,0.0801
41466.76,708.0,1121,Skid Steer,238407.18,77710.79,84,WI,0.7542,0,0,low_income;long_term,0,0.1129
30569.66,707.0,1152,Sprayer,80513.49,18232.66,66,IN,0.8154,0,0,low_income,1,0.1247
88564.94,699.0,1113,Baler,211302.83,80896.78,56,MO,0.7231,0,0,,1,0.02
144954.74,653.0,1151,Combine,99406.17,22544.24,44,NE,0.8151,0,0,,1,0.043
70599.58,677.0,4238,Loader,150339.78,15695.76,74,NE,0.9055,0,0,low_down_payment;long_term,1,0.1054
30000.0,757.0,3331,Planter,188438.65,58785.29,84,NE,0.7622,0,0,low_income;long_term,1,0.1368
113666.16,734.0,3331,Tractor,227561.55,39383.16,63,IL,0.8525,0,0,,1,0.0339
122774.75,805.0,1112,Combine,291440.31,42695.15,72,WI,0.8722,0,0,,1,0.0413
35788.7,721.0,1151,Loader,50896.19,15310.18,56,IL,0.7688,0,0,low_income,0,0.0915
77429.41,765.0,1112,Planter,80130.33,19036.69,43,MO,0.808,0,0,,1,0.0302
115198.33,664.0,1152,Combine,49672.49,10258.85,64,KS,0.8288,0,0,,1,0.0492
72728.91,661.0,3331,Baler,166131.31,43957.7,66,WI,0.7908,0,0,,1,0.0697
145108.38,674.0,3331,Skid Steer,284748.82,34426.25,66,KS,0.8921,0,0,,1,0.0525
130481.98,626.0,1121,Planter,54373.47,5865.01,51,IL,0.9026,1,0,low_down_payment;low_credit;prior_default,1,0.202
75442.57,812.0,1113,Planter,138908.3,17370.17,71,MN,0.8889,0,0,,1,0.0614
101851.2,768.0,1119,Skid Steer,165785.94,58901.26,65,KS,0.7379,0,0,,1,0.0233
96036.46,719.0,1111,Baler,157980.39,61201.06,54,ND,0.7208,0,0,,1,0.0185
90704.41,591.0,4238,Planter,97775.08,28680.05,72,NE,0.7732,0,0,low_credit,0,0.1314
68060.67,713.0,4238,Skid Steer,163413.45,49257.5,73,WI,0.7684,0,0,long_term,1,0.0561
118323.81,739.0,3331,Harvester,120011.06,30380.4,70,KS,0.798,0,0,,1,0.0311
71855.8,727.0,3331,Harvester,104493.67,35408.86,74,IA,0.7469,0,0,long_term,1,0.0485
66516.08,703.0,1119,Planter,240354.56,39746.03,48,WI,0.8581,0,0,,1,0.0508
140002.47,606.0,1111,Sprayer,161849.73,20037.9,77,WI,0.8898,1,0,low_credit;long_term;prior_default,0,0.2366
158754.63,667.0,1152,Baler,191923.57,68172.26,59,MN,0.7379,0,0,,1,0.0319
71975.64,689.0,1113,Skid Steer,130560.25,84897.69,50,MN,0.606,0,0,,1,0.0189
65672.06,681.0,4238,Harvester,113729.92,26233.33,46,IL,0.8126,0,0,,0,0.0504
32688.81,725.0,1112,Harvester,267954.27,65376.07,66,SD,0.8039,0,0,low_income,1,0.1172
94971.07,650.0,1121,Baler,77531.13,25870.35,71,WI,0.7498,0,0,,1,0.0528
152629.45,719.0,1112,Combine,197889.24,76330.79,36,KS,0.7216,0,0,,1,0.014
63645.03,639.0,1121,Tractor,166280.89,53185.65,48,ND,0.7577,0,0,low_credit,1,0.0912
133708.32,714.0,1119,Harvester,216216.65,14097.91,56,SD,0.9388,0,0,low_down_payment,1,0.0455
85186.78,696.0,1121,Sprayer,190792.87,93536.95,69,MO,0.671,0,0,,1,0.0221
182781.05,653.0,1119,Harvester,159873.57,22121.84,61,IL,0.8784,0,0,,1,0.0657
124868.75,676.0,1113,Baler,123979.11,76324.16,36,MO,0.619,0,0,,1,0.0123
95813.94,639.0,1151,Harvester,294773.2,18227.62,64,MO,0.9418,0,0,low_down_payment;low_credit,1,0.1161
48592.84,577.0,1121,Planter,73630.45,15667.98,63,MO,0.8245,0,0,low_income;low_credit,0,0.2243
41273.22,649.0,1119,Harvester,206532.7,40926.89,54,IL,0.8346,0,0,low_income,1,0.1508
171595.71,670.0,1152,Tractor,168625.58,27050.51,48,IA,0.8618,0,0,,1,0.0397
150210.77,655.0,1113,Loader,77493.9,16628.58,62,NE,0.8233,0,0,,1,0.0544
148476.46,624.0,1113,Tractor,220832.33,71750.11,47,NE,0.7548,0,0,low_credit,1,0.064
171234.86,655.0,1112,Harvester,92404.77,28015.3,62,WI,0.7674,0,0,,1,0.0457
86482.8,734.0,1119,Sprayer,177125.25,18623.27,65,KS,0.9049,0,0,low_down_payment,1,0.0504
86325.54,716.0,1112,Tractor,52384.54,4593.38,43,IL,0.9194,0,0,low_down_payment,0,0.039
30000.0,775.0,1113,Harvester,113905.18,39189.52,73,MO,0.744,0,0,low_income;long_term,1,0.1199
75079.83,710.0,1112,Planter,183101.98,2153.38,59,MN,0.9884,0,0,high_ltv;low_down_payment,1,0.086
81113.17,705.0,1111,Skid Steer,157672.07,30203.33,64,MN,0.8392,0,0,,1,0.0414
120374.54,633.0,1113,Baler,213372.9,19521.02,83,WI,0.9162,0,0,low_down_payment;low_credit;long_term,0,0.1476
166255.69,744.0,1113,Combine,104759.22,31161.12,58,IA,0.7707,0,0,,1,0.0236
77070.53,647.0,1151,Tractor,111707.36,42243.28,56,MN,0.7256,0,0,,0,0.0562
145728.71,763.0,1112,Combine,216646.99,22233.85,57,WI,0.9069,0,0,low_down_payment,1,0.0415
82116.3,616.0,3331,Combine,166026.04,16626.73,36,SD,0.909,0,0,low_down_payment;low_credit,1,0.1222
194840.58,738.0,1151,Harvester,258770.55,80707.51,81,MO,0.7623,0,0,long_term,1,0.0357
130253.18,654.0,1119,Tractor,57104.06,7936.1,60,IL,0.878,0,0,,1,0.0643
53300.81,697.0,1121,Planter,229586.98,93968.74,42,NE,0.7096,0,0,low_income,1,0.0436
180048.1,635.0,3331,Combine,243051.33,46723.69,71,IL,0.8388,0,0,low_credit,0,0.0932
98340.03,647.0,1152,Sprayer,174365.37,43076.01,63,MN,0.8019,0,0,,1,0.0586
48681.05,682.0,1111,Sprayer,254756.78,41254.08,60,KS,0.8606,0,0,low_income,1,0.106
128672.37,688.0,1152,Harvester,222924.6,51090.15,58,SD,0.8135,0,0,,1,0.0286
166408.52,699.0,1119,Harvester,198123.85,23396.98,65,MN,0.8944,0,0,,1,0.0403
111433.79,701.0,1112,Loader,129564.54,36596.44,64,IA,0.7798,0,0,,1,0.0267
110162.26,625.0,1111,Combine,239854.85,32509.45,46,IA,0.8806,0,0,low_credit,1,0.091
127819.36,709.0,1111,Tractor,146704.0,18597.3,70,IL,0.8875,0,0,,0,0.0422
195165.93,652.0,1111,Harvester,160694.27,40882.12,58,WI,0.7972,0,0,,1,0.0499
98361.97,809.0,1151,Combine,248219.41,68439.23,36,IL,0.7839,0,0,,1,0.0177
142731.44,677.0,1121,Tractor,136199.76,33734.99,63,SD,0.8015,0,0,,1,0.0354
123090.97,659.0,1152,Loader,151378.06,18988.02,78,IL,0.8885,0,1,long_term;bankruptcy,0,0.1966
59078.86,808.0,1151,Loader,38810.16,7879.97,57,IL,0.8312,0,0,low_income,1,0.0685
143011.15,735.0,1152,Planter,171633.51,30292.03,67,SD,0.85,0,0,,1,0.0356
117566.83,649.0,1121,Baler,118814.34,18977.24,55,IA,0.8623,0,0,,1,0.062
123838.18,692.0,3331,Combine,263014.95,66222.98,64,ND,0.7989,0,0,,1,0.0285
72634.28,708.0,1121,Planter,180340.75,28309.54,54,MN,0.8643,0,0,,1,0.0484
119414.27,715.0,4238,Harvester,35387.77,9682.69,53,SD,0.7852,0,0,,1,0.023
95632.95,710.0,4238,Tractor,218657.44,24691.99,53,MN,0.8985,0,0,,0,0.0343
104174.95,756.0,1112,Sprayer,41985.92,11887.97,62,KS,0.7793,0,0,,1,0.0259
134977.21,643.0,1119,Combine,226420.14,92161.0,50,IA,0.7107,0,0,,1,0.0387
44119.63,687.0,1112,Skid Steer,39100.94,24433.12,74,WI,0.6154,0,0,low_income;long_term,1,0.068
120859.3,792.0,1113,Skid Steer,65369.64,27982.6,50,MO,0.7002,0,0,,0,0.0161
67974.34,637.0,1151,Tractor,292184.84,28302.23,71,MN,0.9117,0,0,low_down_payment;low_credit,1,0.1644
90181.04,778.0,1111,Baler,126432.58,41830.96,45,ND,0.7514,0,0,,1,0.018
135831.85,721.0,1111,Combine,310317.83,36593.11,66,MN,0.8945,0,0,,1,0.0409
84345.0,645.0,1152,Sprayer,81622.8,11554.6,66,NE,0.876,0,0,,1,0.0888
159590.56,665.0,1152,Sprayer,175426.45,28572.57,68,NE,0.8599,0,0,,1,0.057
79483.77,780.0,1119,Harvester,86923.79,20536.58,49,WI,0.8089,0,0,,1,0.0313
85297.24,606.0,1112,Combine,163175.32,54088.42,41,SD,0.751,0,0,low_credit,0,0.084
93159.83,726.0,1111,Skid Steer,215647.51,47518.39,68,KS,0.8194,0,0,,1,0.0325
71175.29,711.0,1121,Planter,270109.52,32868.95,51,WI,0.8915,0,0,,1,0.0526
55796.67,721.0,4238,Skid Steer,33661.73,17607.66,51,KS,0.6566,0,0,low_income,1,0.0387
79558.91,605.0,1119,Sprayer,51630.44,10274.06,36,SD,0.834,0,0,low_credit,1,0.1122
30000.0,808.0,3331,Planter,304011.89,39880.45,62,IL,0.884,0,0,low_income,1,0.1425
49610.13,756.0,1121,Planter,129783.27,66862.37,59,KS,0.66,0,0,low_income,1,0.0507
124100.69,616.0,1119,Tractor,280617.35,41340.28,61,IL,0.8716,0,0,low_credit,1,0.1161
124217.96,748.0,1152,Sprayer,79558.46,15754.14,48,ND,0.8347,0,0,,1,0.0255
122128.05,752.0,1113,Tractor,120549.87,23217.57,39,MN,0.8385,0,0,,1,0.0226
106189.08,675.0,1113,Planter,76563.65,27183.3,48,IN,0.738,0,0,,1,0.0236
36621.34,651.0,1112,Baler,125740.28,16303.2,38,ND,0.8852,0,0,low_income,1,0.1554
114982.19,789.0,1111,Harvester,282932.63,26621.57,70,SD,0.914,0,0,low_down_payment,1,0.051
30000.0,621.0,1152,Skid Steer,121223.39,24280.01,67,WI,0.8331,0,0,low_income;low_credit,0,0.2171
177515.27,764.0,1111,Planter,220585.73,64900.18,53,MN,0.7727,0,0,,1,0.022
48238.06,691.0,1113,Combine,204065.57,28985.43,70,SD,0.8756,0,0,low_income,1,0.1117
72548.51,619.0,1111,Harvester,134756.5,32957.34,70,WI,0.8035,0,0,low_credit,0,0.1363
198460.88,681.0,1151,Sprayer,53796.12,12834.93,84,KS,0.8074,1,0,long_term;prior_default,1,0.1303
30000.0,741.0,1152,Combine,259294.21,60953.67,77,MO,0.8097,0,0,low_income;long_term,1,0.1439
66770.43,739.0,1151,Loader,215498.11,35846.55,55,KS,0.8574,0,0,,1,0.0553
134616.5,612.0,1112,Combine,127344.52,23761.72,59,MO,0.8427,0,0,low_credit,1,0.1107
75802.41,627.0,1119,Harvester,173386.99,49882.25,64,IA,0.7766,0,0,low_credit,1,0.1058
91829.4,747.0,4238,Sprayer,103667.64,63042.67,52,KS,0.6218,0,0,,1,0.0124
76107.89,703.0,1119,Tractor,150574.48,25523.28,64,NE,0.8551,0,0,,1,0.0494
81560.77,701.0,1121,Skid Steer,302687.36,37413.0,42,MO,0.89,0,0,,0,0.0355
178960.95,633.0,1119,Harvester,156449.34,26634.87,71,MO,0.8545,0,0,low_credit,0,0.0998
107829.27,728.0,3331,Baler,184851.09,48282.08,76,IA,0.7929,0,0,long_term,1,0.037
80092.14,717.0,4238,Tractor,314914.85,25334.97,50,IN,0.9255,0,0,low_down_payment,0,0.0514
74824.48,726.0,1113,Combine,158301.53,17185.06,49,MO,0.9021,0,0,low_down_payment,1,0.0534
182188.5,649.0,1121,Tractor,213628.52,35042.73,65,IN,0.8591,0,0,,1,0.0696
194635.74,727.0,1119,Harvester,77403.82,24240.35,52,MO,0.7615,0,0,,1,0.0208
81790.15,598.0,1119,Planter,187815.26,72223.25,67,IL,0.7223,0,0,low_credit,1,0.1181
92114.61,661.0,1113,Tractor,229892.36,51622.53,36,NE,0.8166,0,0,,1,0.0333
161572.86,694.0,3331,Loader,156644.63,19883.24,56,MO,0.8874,0,0,,1,0.0345
30000.0,732.0,1151,Sprayer,70019.0,31714.83,45,IA,0.6883,1,0,low_income;prior_default,0,0.1528
113675.33,777.0,1119,Planter,186418.42,39128.97,69,NE,0.8265,1,0,prior_default,1,0.1
103725.85,666.0,1152,Combine,166531.59,49819.07,50,MO,0.7697,0,0,,0,0.0323
132281.03,659.0,1121,Planter,109505.08,25177.23,57,ND,0.8131,0,0,,1,0.046
100458.89,635.0,1152,Harvester,192144.81,63451.68,57,IA,0.7518,0,0,low_credit,1,0.0613
40087.29,819.0,4238,Tractor,204080.86,57676.05,39,KS,0.7797,0,0,low_income,1,0.0713
143625.25,686.0,1119,Combine,100411.65,32199.02,63,KS,0.7572,0,0,,1,0.0262
59578.79,688.0,4238,Combine,195166.97,55372.1,68,IN,0.779,0,0,low_income,1,0.0685
36759.06,630.0,1121,Combine,61491.07,9128.23,69,IN,0.8707,0,0,low_income;low_credit,0,0.2134
51740.18,739.0,3331,Planter,118070.1,27648.94,47,IN,0.8103,0,0,low_income,1,0.0668
113340.0,651.0,3331,Combine,244126.67,101610.49,68,NE,0.7061,0,0,,1,0.0429
170701.32,689.0,1151,Tractor,51412.31,15363.78,56,SD,0.7699,0,0,,0,0.0232
52980.25,718.0,3331,Baler,134124.97,48580.64,78,SD,0.7341,0,0,low_income;long_term,0,0.0814
111990.69,764.0,4238,Sprayer,255685.99,4456.03,68,MN,0.9829,0,0,high_ltv;low_down_payment,1,0.0679
106253.06,653.0,1151,Baler,261012.21,85940.34,72,WI,0.7523,0,0,,1,0.0511
201212.9,734.0,4238,Tractor,217837.96,49574.84,57,SD,0.8146,0,0,,1,0.0272
123838.16,711.0,1121,Tractor,175117.37,43524.88,63,SD,0.8009,0,0,,1,0.0283
154629.61,632.0,1119,Loader,168184.77,32018.02,39,MN,0.8401,0,0,low_credit,0,0.0667
92312.07,705.0,1113,Planter,240921.93,49122.62,50,IA,0.8306,0,0,,1,0.0259
30000.0,751.0,1113,Loader,258469.28,68443.15,60,WI,0.7906,0,0,low_income,0,0.1121
120671.38,676.0,1113,Loader,70483.56,4460.49,41,MN,0.9405,0,0,low_down_payment,1,0.0469
184085.54,628.0,1151,Sprayer,136594.39,6229.85,78,WI,0.9564,1,0,high_ltv;low_down_payment;low_credit;long_term;prior_default,0,0.2491
75277.97,681.0,1112,Harvester,70109.21,26089.71,67,IA,0.7288,0,0,,1,0.0401
115595.15,730.0,1151,Tractor,235562.41,69208.61,53,MN,0.7729,0,0,,1,0.0221
81605.67,662.0,1151,Combine,313432.22,0.0,63,WI,1.0,0,0,high_ltv;low_down_payment,0,0.1177
76880.49,709.0,1121,Skid Steer,246079.56,86646.8,57,IA,0.7396,0,0,,1,0.0296
145908.72,754.0,1152,Combine,127546.76,26715.1,52,ND,0.8268,0,0,,1,0.0263
74806.13,672.0,1121,Planter,198264.1,46955.58,57,KS,0.8085,0,0,,1,0.0537
70470.0,669.0,3331,Planter,161860.06,61814.33,75,IA,0.7236,0,0,long_term,0,0.0647
30000.0,735.0,1151,Harvester,227020.08,30880.05,70,MO,0.8803,0,0,low_income,1,0.1504
98374.78,708.0,1152,Combine,129398.23,10322.27,50,SD,0.9261,0,0,low_down_payment,1,0.0401
39806.2,717.0,3331,Sprayer,125958.14,39787.51,54,IL,0.7599,0,0,low_income,1,0.0807
110339.84,689.0,1113,Skid Steer,95594.68,22984.34,44,IL,0.8062,0,0,,1,0.022
158944.59,658.0,1152,Tractor,58373.28,13534.94,48,WI,0.8118,0,0,,1,0.0414
86595.17,611.0,1152,Baler,280091.81,20909.69,54,ND,0.9305,0,0,low_down_payment;low_credit,1,0.1476
126727.31,698.0,1119,Skid Steer,223612.84,46486.43,68,MN,0.8279,0,0,,1,0.0335
76537.69,712.0,4238,Harvester,75422.78,13773.33,64,MO,0.8456,0,0,,1,0.0474
30000.0,600.0,1113,Loader,53253.5,10583.6,50,ND,0.8342,0,0,low_income;low_credit,0,0.2232
39846.86,698.0,1113,Skid Steer,234315.57,45873.43,36,IN,0.8363,0,0,low_income,1,0.0818
76788.02,774.0,1151,Tractor,121872.32,50391.41,56,IN,0.7075,0,0,,1,0.0261
37401.73,757.0,1151,Skid Steer,302853.29,17942.32,80,MN,0.9441,1,0,low_down_payment;low_income;long_term;prior_default,0,0.2539
116132.71,772.0,1119,Loader,234503.99,66778.55,55,MN,0.7784,0,0,,1,0.0232
118625.84,688.0,1113,Combine,196147.35,46528.98,80,ND,0.8083,0,0,long_term,1,0.0425
84473.6,740.0,1111,Skid Steer,42016.17,10732.53,59,KS,0.7965,1,0,prior_default,1,0.0921
142378.05,654.0,1119,Loader,231617.77,34676.54,81,WI,0.8698,0,0,long_term,1,0.0879
146706.52,577.0,4238,Harvester,201716.11,48221.15,73,KS,0.8071,0,0,low_credit;long_term,0,0.1684
121681.89,757.0,4238,Harvester,137386.67,7680.38,57,ND,0.9471,0,0,low_down_payment,1,0.0474
86543.28,725.0,1121,Baler,188213.81,61250.64,65,MO,0.7545,0,0,,1,0.0272
39922.17,683.0,1111,Planter,125120.92,47178.32,63,IN,0.7262,0,0,low_income,1,0.0884
125977.83,767.0,3331,Harvester,136826.44,999.61,47,WI,0.9927,0,0,high_ltv;low_down_payment,0,0.053
96842.3,746.0,1111,Baler,237497.19,56989.85,70,SD,0.8065,0,0,,1,0.032
49497.7,563.0,1111,Skid Steer,73735.23,24405.4,58,KS,0.7513,0,0,low_income;low_credit,0,0.2103
79181.02,691.0,1152,Tractor,251289.37,55670.22,66,ND,0.8186,0,0,,1,0.0417
90129.39,711.0,1119,Combine,154538.83,43039.82,65,IL,0.7822,0,0,,1,0.0273
159800.6,619.0,1151,Sprayer,111154.79,27553.52,54,SD,0.8014,0,0,low_credit,0,0.0861
49609.05,741.0,1112,Skid Steer,153809.08,28194.0,63,WI,0.8451,0,0,low_income,1,0.0933
124122.44,613.0,1113,Harvester,235256.77,81307.8,56,IN,0.7432,0,0,low_credit,1,0.0802
38330.14,768.0,3331,Baler,76462.79,24217.51,38,IA,0.7595,0,0,low_income,1,0.0689
100361.65,669.0,4238,Loader,129775.31,41909.46,75,SD,0.7559,0,0,long_term,1,0.0457
61893.32,668.0,3331,Planter,105546.26,4863.78,58,IL,0.9559,0,0,high_ltv;low_down_payment,0,0.1324
135492.96,633.0,1111,Combine,137943.75,43455.31,55,IA,0.7604,1,0,low_credit;prior_default,1,0.1461
30000.0,749.0,1111,Baler,213166.01,71334.92,44,KS,0.7493,0,0,low_income,1,0.0852
148865.37,618.0,4238,Loader,188852.18,11524.78,76,NE,0.9425,1,0,low_down_payment;low_credit;long_term;prior_default,0,0.2467
115823.76,675.0,4238,Loader,219597.1,56246.93,68,NE,0.7961,0,1,bankruptcy,1,0.1289
54428.92,679.0,3331,Tractor,51062.91,5560.4,49,NE,0.9018,0,0,low_down_payment;low_income,1,0.1055
83871.14,725.0,1121,Sprayer,185075.56,84173.56,84,SD,0.6874,0,0,long_term,0,0.0337
154015.33,693.0,1119,Skid Steer,304241.65,13816.07,48,MO,0.9566,0,0,high_ltv;low_down_payment,0,0.0477
88331.14,702.0,1152,Harvester,149116.37,60046.17,57,MN,0.7129,0,0,,1,0.0197
95529.26,663.0,1119,Planter,272821.66,25400.78,63,ND,0.9148,0,0,low_down_payment,1,0.0708
106111.07,657.0,3331,Planter,110881.88,12426.84,75,SD,0.8992,0,0,long_term,0,0.086
100971.55,589.0,3331,Baler,230037.52,48357.7,50,MO,0.8263,0,0,low_credit,1,0.1266
121223.4,717.0,1112,Tractor,203455.34,77131.14,47,NE,0.7251,0,0,,1,0.0169
97638.36,700.0,1151,Skid Steer,216342.76,70436.85,82,MO,0.7544,0,0,long_term,1,0.0353
62238.59,695.0,1121,Loader,187297.68,11497.0,66,NE,0.9422,0,0,low_down_payment,0,0.0982
139099.94,607.0,1119,Loader,286721.88,62757.89,54,IA,0.8204,0,0,low_credit,1,0.1048
147702.35,707.0,1111,Skid Steer,110013.46,30573.76,76,SD,0.7825,0,0,long_term,1,0.0357
76738.47,642.0,1112,Skid Steer,147259.66,39678.86,49,MN,0.7877,0,0,,0,0.068
68579.84,661.0,1121,Baler,314180.49,35087.13,53,IA,0.8995,0,0,,0,0.0906
85220.39,715.0,3331,Sprayer,220283.73,73844.56,65,WI,0.7489,0,0,,1,0.0276
117658.55,622.0,1119,Combine,285602.93,44252.33,48,IN,0.8658,0,0,low_credit,1,0.0929
81983.49,705.0,4238,Sprayer,61942.06,15644.08,49,WI,0.7984,0,0,,1,0.0283
47809.09,676.0,1152,Loader,164667.13,46031.87,43,KS,0.7815,0,0,low_income,1,0.078
205969.65,762.0,1121,Loader,156201.31,33479.09,67,SD,0.8235,0,0,,1,0.0325
106523.64,708.0,1121,Combine,44853.9,22520.42,49,IL,0.6657,0,0,,1,0.0139
130105.75,706.0,4238,Skid Steer,40862.39,9451.75,57,WI,0.8121,0,0,,1,0.027
168820.53,724.0,3331,Loader,176537.71,70365.81,62,KS,0.715,0,0,,1,0.0205
94170.57,665.0,1152,Tractor,235973.59,68315.61,58,WI,0.7755,0,0,,1,0.037
106857.42,639.0,1121,Loader,186123.34,40954.41,80,ND,0.8196,0,0,low_credit;long_term,1,0.0994
150431.54,758.0,1151,Harvester,171986.45,26844.07,57,NE,0.865,1,0,prior_default,1,0.0978
56855.3,679.0,1119,Tractor,194520.6,37691.52,53,IA,0.8377,0,0,low_income,0,0.0823
30000.0,628.0,1112,Planter,156633.71,36326.93,61,MN,0.8117,0,0,low_income;low_credit,0,0.201
102794.41,625.0,1121,Combine,288047.48,58348.01,62,IL,0.8316,0,0,low_credit,1,0.0946
76717.72,711.0,1111,Planter,153080.66,25781.33,45,ND,0.8559,0,0,,1,0.0374
169820.53,635.0,1112,Tractor,56283.51,16749.68,65,ND,0.7707,0,0,low_credit,1,0.0713
154472.47,593.0,1121,Tractor,165193.34,16851.98,59,MO,0.9074,0,0,low_down_payment;low_credit,1,0.165
30000.0,677.0,1119,Loader,224568.29,45288.13,57,IL,0.8322,0,0,low_income,1,0.138
144059.33,602.0,1121,Loader,123271.36,19821.78,60,SD,0.8615,0,0,low_credit,0,0.1305
98251.76,645.0,1121,Combine,68949.1,12690.01,78,ND,0.8446,0,0,long_term,0,0.0899
48481.55,737.0,1119,Baler,225336.91,31478.26,49,ND,0.8774,0,0,low_income,1,0.0894
143404.88,717.0,1119,Tractor,202900.03,32935.09,48,NE,0.8603,0,0,,1,0.0279
71765.23,699.0,1152,Tractor,188503.89,20954.73,75,ND,0.9,0,0,long_term,0,0.0793
62995.84,676.0,1152,Baler,76966.57,16021.44,73,IA,0.8277,0,0,long_term,1,0.0909
86563.33,670.0,1121,Harvester,31172.47,14400.62,52,WI,0.684,0,0,,1,0.0249
160967.51,641.0,3331,Planter,277671.16,61831.45,66,NE,0.8179,0,0,,1,0.0701
90048.06,776.0,1151,Combine,135653.13,31631.41,40,IN,0.8109,0,0,,1,0.0207
63258.6,635.0,1152,Tractor,251504.97,33683.68,48,NE,0.8819,0,0,low_credit,0,0.1328
48264.45,726.0,1152,Baler,162741.54,30468.17,43,SD,0.8423,0,1,low_income;bankruptcy,1,0.1844
52889.88,772.0,1121,Combine,122106.36,41673.37,36,MO,0.7456,0,0,low_income,1,0.0458
143984.74,604.0,1113,Loader,108353.48,28766.98,44,KS,0.7902,1,0,low_credit;prior_default,1,0.1789
34605.55,598.0,1111,Sprayer,111378.39,30576.09,49,MO,0.7846,0,0,low_income;low_credit,1,0.2046
58266.14,735.0,3331,Harvester,207896.45,59890.94,49,MO,0.7763,0,0,low_income,1,0.053
48257.17,645.0,1113,Sprayer,29737.26,23511.9,51,IN,0.5585,0,0,low_income,1,0.0661
68820.58,621.0,1113,Planter,224051.51,36438.61,71,IA,0.8601,0,0,low_credit,1,0.1601
75523.37,682.0,1112,Loader,62700.18,11746.75,68,KS,0.8422,0,0,,1,0.0574
30000.0,667.0,1111,Planter,334848.83,11407.36,71,MO,0.9671,1,0,high_ltv;low_down_payment;low_income;prior_default,0,0.273
89459.85,638.0,1112,Sprayer,264513.07,18790.17,78,WI,0.9337,0,0,low_down_payment;low_credit;long_term,0,0.1422
138658.32,709.0,1113,Sprayer,172194.27,23259.56,55,IL,0.881,0,0,,1,0.0333
79370.54,718.0,1119,Sprayer,177471.45,3656.38,65,MN,0.9798,0,0,high_ltv;low_down_payment,0,0.0822
127779.82,681.0,1111,Skid Steer,261326.13,64594.66,53,IA,0.8018,0,0,,1,0.0285
107090.2,830.0,4238,Loader,47745.98,6797.09,70,IN,0.8754,0,0,,1,0.0406
30000.0,593.0,1151,Baler,154837.89,40146.55,84,MO,0.7941,0,0,low_income;low_credit;long_term,1,0.2358
184941.89,704.0,1112,Baler,142755.6,10275.33,61,ND,0.9329,0,0,low_down_payment,1,0.0479
85848.46,805.0,1113,Tractor,182329.48,57314.59,62,IL,0.7608,0,0,,1,0.0271
86752.79,637.0,1119,Tractor,160414.76,18176.62,58,IN,0.8982,0,0,low_credit,0,0.0989
201858.14,713.0,1111,Baler,97656.04,15146.47,49,MN,0.8657,0,0,,1,0.0289
129285.03,696.0,1151,Combine,87190.87,37175.66,60,WI,0.7011,0,0,,1,0.0189
65080.69,652.0,1113,Sprayer,223380.98,64954.75,44,MO,0.7747,0,0,,0,0.0687
83549.09,644.0,1113,Planter,279731.79,14177.39,49,MO,0.9518,0,0,high_ltv;low_down_payment,0,0.1081
105880.08,692.0,4238,Tractor,219147.82,36109.51,40,KS,0.8585,0,0,,1,0.0246
58515.23,666.0,3331,Loader,185671.18,56923.72,67,MN,0.7654,0,0,low_income,1,0.0901
97130.11,732.0,3331,Skid Steer,254590.69,57792.77,84,SD,0.815,0,0,long_term,0,0.0446
144874.9,740.0,1119,Planter,221940.93,41183.49,53,MO,0.8435,0,0,,1,0.0284
95980.94,760.0,1111,Combine,280992.74,48837.39,56,IN,0.8519,0,0,,1,0.0305
81200.15,727.0,3331,Combine,65908.05,34007.12,62,MN,0.6596,0,0,,1,0.0213
113589.04,717.0,1152,Planter,243051.69,101308.12,54,MN,0.7058,0,0,,1,0.0175
122466.05,614.0,1151,Sprayer,93726.5,54371.64,46,ND,0.6329,0,0,low_credit,1,0.0495
130904.55,595.0,1119,Harvester,218603.52,40390.39,47,MO,0.844,0,0,low_credit,1,0.1206
128299.31,717.0,1113,Harvester,38256.49,14737.77,50,MN,0.7219,0,0,,1,0.0175
64178.38,633.0,1119,Skid Steer,89634.06,38529.92,56,IN,0.6994,0,0,low_credit,1,0.0903
96896.38,728.0,1113,Skid Steer,271682.09,48801.14,73,NE,0.8477,0,0,long_term,1,0.0427
30000.0,656.0,1111,Planter,34611.77,20143.9,47,KS,0.6321,0,0,low_income,1,0.0972
132837.54,781.0,1119,Combine,194636.68,47312.52,65,NE,0.8045,0,0,,1,0.0295
132178.86,739.0,1121,Planter,64625.18,12394.58,53,NE,0.8391,0,0,,1,0.0279
77615.25,585.0,1111,Combine,191883.95,103447.55,43,SD,0.6497,0,0,low_credit,0,0.0967
184155.87,586.0,1121,Skid Steer,63171.49,19193.38,75,IA,0.767,0,0,low_credit;long_term,1,0.1464
172379.08,707.0,1112,Baler,114289.35,2685.64,58,SD,0.977,0,0,high_ltv;low_down_payment,1,0.0585
96139.2,607.0,1112,Baler,289743.83,19045.53,65,IA,0.9383,0,0,low_down_payment;low_credit,0,0.1616
112220.38,752.0,1111,Harvester,204607.55,28847.04,70,MN,0.8764,0,0,,1,0.0407
113462.43,685.0,1121,Skid Steer,119625.28,33077.27,63,KS,0.7834,0,0,,1,0.0289
149099.81,641.0,3331,Combine,125035.75,31569.02,52,MO,0.7984,0,0,,1,0.0549
93065.81,718.0,1119,Combine,273221.8,75602.07,73,MN,0.7833,0,0,long_term,1,0.0343
113027.55,578.0,1151,Combine,99473.56,20375.89,60,KS,0.83,0,0,low_credit,0,0.1532
110701.47,699.0,4238,Combine,206510.46,26719.45,65,NE,0.8854,0,0,,1,0.0391
60213.91,804.0,1152,Loader,169200.42,42118.09,63,MO,0.8007,0,0,,1,0.0598
115072.95,688.0,1113,Baler,166750.54,86721.46,36,ND,0.6579,0,0,,1,0.0115
99801.15,651.0,1112,Planter,45027.31,12555.5,51,IL,0.782,0,0,,1,0.0439
30000.0,711.0,1111,Planter,214138.61,46502.2,41,IN,0.8216,0,0,low_income,1,0.1007
139094.59,645.0,3331,Combine,207214.98,44823.41,59,SD,0.8222,0,0,,1,0.0612
103263.49,752.0,1121,Tractor,228576.43,46140.01,59,IL,0.832,0,1,bankruptcy,0,0.11
35755.41,560.0,3331,Skid Steer,290194.67,12180.77,47,MO,0.9597,0,0,high_ltv;low_down_payment;low_income;low_credit,0,0.2756
122624.97,702.0,1113,Combine,217468.1,0.0,69,IA,1.0,0,0,high_ltv;low_down_payment,0,0.0724
79527.59,736.0,4238,Planter,199240.23,114529.76,68,MO,0.635,0,0,,1,0.0223
145968.17,721.0,1113,Planter,217410.24,102428.89,71,MN,0.6797,0,0,,1,0.0206
80094.84,721.0,1152,Baler,185498.68,42943.71,63,ND,0.812,0,0,,1,0.0382
113046.17,700.0,3331,Combine,89815.36,44996.44,53,SD,0.6662,1,0,prior_default,1,0.0513
109762.22,664.0,1151,Baler,146970.71,32829.02,65,SD,0.8174,0,0,,1,0.0484
135098.03,701.0,1111,Tractor,63842.17,13676.38,45,WI,0.8236,0,0,,1,0.0234
117761.56,669.0,4238,Tractor,62288.78,23774.72,52,SD,0.7238,0,0,,1,0.0266
30000.0,607.0,1112,Baler,231162.56,47812.75,57,KS,0.8286,0,0,low_income;low_credit,0,0.2206
112000.48,645.0,1113,Planter,155077.38,11359.62,62,ND,0.9317,0,0,low_down_payment,1,0.0953
93976.21,650.0,1152,Loader,205913.56,63446.27,64,NE,0.7645,0,0,,0,0.0499
116880.91,620.0,1112,Tractor,172321.46,44193.44,69,MO,0.7959,0,0,low_credit,0,0.0979
30000.0,674.0,1152,Sprayer,50922.36,11158.56,55,IL,0.8203,0,0,low_income,1,0.1361
119371.42,642.0,4238,Loader,149809.94,22175.53,58,NE,0.8711,0,0,,1,0.0737
119098.22,616.0,3331,Tractor,211897.99,30152.01,70,MN,0.8754,0,0,low_credit,0,0.127
154029.35,676.0,1121,Baler,346459.75,0.0,71,IN,1.0,0,0,high_ltv;low_down_payment,1,0.091
86253.66,620.0,1111,Combine,228833.44,41484.54,54,NE,0.8465,0,0,low_credit,0,0.1034
148154.54,751.0,1121,Skid Steer,139028.53,15218.67,49,IN,0.9013,0,0,low_down_payment,1,0.0363
110703.27,728.0,4238,Combine,178106.22,25356.85,42,SD,0.8754,0,0,,1,0.0269
91730.29,750.0,1111,Loader,214352.5,91627.37,53,MO,0.7005,0,0,,1,0.0169
134472.26,678.0,1121,Planter,161698.78,44057.95,48,MO,0.7859,0,0,,1,0.0265
64401.42,742.0,1112,Baler,247482.17,80575.61,69,MO,0.7544,0,0,,1,0.0505
74242.29,615.0,1119,Sprayer,99939.76,33783.17,50,NE,0.7474,0,0,low_credit,0,0.101
151502.53,823.0,1152,Baler,229922.72,74767.17,69,IA,0.7546,0,0,,1,0.0263
85796.62,672.0,3331,Sprayer,247304.35,96501.84,66,KS,0.7193,0,0,,1,0.0339
104093.34,709.0,3331,Planter,36007.91,9113.41,57,IA,0.798,0,0,,1,0.0256
159788.52,742.0,1152,Baler,228532.85,43728.85,71,NE,0.8394,0,0,,1,0.0364
92117.14,524.0,1112,Harvester,189586.15,16886.19,56,MN,0.9182,0,0,low_down_payment;low_credit,0,0.2398
118742.32,683.0,1111,Loader,115654.02,41563.74,64,NE,0.7356,0,0,,1,0.0257
112665.36,673.0,4238,Tractor,134158.58,37122.17,66,IA,0.7833,0,0,,1,0.0375
180463.44,710.0,1112,Loader,252900.43,30365.75,50,MO,0.8928,0,0,,1,0.0322
99153.04,671.0,1113,Tractor,121324.7,27372.61,36,ND,0.8159,1,0,prior_default,0,0.0867
94426.24,823.0,1112,Sprayer,183047.31,3033.66,72,IN,0.9837,0,0,high_ltv;low_down_payment,1,0.0716
70565.04,685.0,1121,Baler,138494.6,8590.39,56,MO,0.9416,0,0,low_down_payment,1,0.0786
118353.42,646.0,1113,Planter,168178.99,52040.58,73,SD,0.7637,0,0,long_term,1,0.0651
182570.5,721.0,1119,Combine,223210.57,84897.05,54,ND,0.7245,1,0,prior_default,1,0.0626
100916.3,695.0,3331,Loader,173136.79,19105.71,57,IL,0.9006,0,0,low_down_payment,1,0.0407
148367.0,749.0,1119,Sprayer,145980.29,29958.84,56,KS,0.8297,0,0,,1,0.0283
110756.25,655.0,1112,Sprayer,227027.37,122341.04,68,KS,0.6498,0,0,,1,0.0327
80548.61,621.0,1111,Baler,146189.95,47554.63,39,IL,0.7545,0,0,low_credit,1,0.0749
33932.43,598.0,3331,Loader,161804.06,37595.31,58,MO,0.8115,0,0,low_income;low_credit,0,0.2185
30000.0,692.0,1113,Sprayer,300443.64,23022.56,52,WI,0.9288,0,0,low_down_payment;low_income,1,0.1537
64716.4,655.0,1121,Skid Steer,90128.87,23887.25,69,KS,0.7905,0,0,,1,0.0933
127734.18,668.0,1152,Baler,257137.11,14340.39,65,MO,0.9472,0,0,low_down_payment,1,0.075
171274.08,658.0,1111,Skid Steer,240316.54,64825.29,53,ND,0.7876,0,0,,1,0.0409
159361.24,705.0,4238,Skid Steer,199992.52,66314.74,70,WI,0.751,0,0,,1,0.0263
101966.68,701.0,1152,Skid Steer,147683.08,37878.24,67,IL,0.7959,1,0,prior_default,1,0.09
89511.11,651.0,1121,Planter,167632.63,39803.71,58,IL,0.8081,0,0,,1,0.053
84101.38,722.0,1121,Skid Steer,71316.44,7193.81,49,IL,0.9084,0,0,low_down_payment,1,0.0433
82180.08,610.0,3331,Loader,118635.72,33713.82,68,NE,0.7787,0,0,low_credit,0,0.1194
70796.31,626.0,1152,Harvester,195639.5,21859.1,58,IA,0.8995,0,0,low_credit,0,0.147
134150.16,625.0,3331,Harvester,91969.72,37084.75,36,ND,0.7126,0,0,low_credit,1,0.0476
117543.63,652.0,1111,Sprayer,270410.98,42183.28,50,NE,0.8651,0,0,,1,0.0562
84800.8,741.0,1151,Baler,71706.48,25678.04,45,MO,0.7363,0,0,,1,0.0197
95698.55,664.0,1152,Combine,120269.35,33296.96,79,ND,0.7832,0,0,long_term,0,0.0576
46837.4,637.0,4238,Loader,133134.5,39830.51,49,IN,0.7697,0,0,low_income;low_credit,0,0.137
118285.95,638.0,1152,Loader,184764.23,48298.68,75,IA,0.7928,1,0,low_credit;long_term;prior_default,1,0.1768
86436.69,748.0,4238,Harvester,256440.06,57313.99,74,IL,0.8173,0,0,long_term,1,0.0428
35059.27,766.0,1151,Combine,187979.8,21196.59,68,MO,0.8987,1,0,low_income;prior_default,1,0.2275
135931.03,636.0,4238,Tractor,71552.57,20298.17,65,MO,0.779,0,0,low_credit,0,0.0719
74881.38,716.0,1121,Skid Steer,265875.78,33563.69,69,WI,0.8879,0,0,,1,0.0604
30000.0,756.0,1119,Skid Steer,85630.17,8066.37,50,KS,0.9139,0,0,low_down_payment;low_income,1,0.1464
47584.68,718.0,1119,Tractor,267390.84,45324.13,54,NE,0.8551,0,0,low_income,1,0.0904
68376.4,632.0,1152,Sprayer,163851.41,27148.22,36,IN,0.8579,0,0,low_credit,1,0.1058
38060.67,735.0,3331,Skid Steer,271648.93,36114.31,67,MO,0.8827,0,0,low_income,1,0.1311
86434.06,589.0,1151,Loader,205879.31,43399.3,44,IA,0.8259,0,0,low_credit,1,0.1266
118788.7,642.0,1112,Combine,318079.85,23001.83,83,WI,0.9326,0,0,low_down_payment;long_term,0,0.1321
146317.73,677.0,1112,Tractor,162567.07,69947.46,81,IN,0.6992,0,0,long_term,1,0.036
30000.0,773.0,1151,Baler,255918.32,66052.14,67,IA,0.7949,0,0,low_income,1,0.1208
190164.02,670.0,4238,Sprayer,220612.47,102829.86,66,WI,0.6821,0,0,,1,0.0278
112356.37,755.0,1152,Skid Steer,79514.71,16888.14,52,IL,0.8248,0,0,,1,0.0262
169575.33,745.0,1121,Baler,177216.83,76675.52,53,IA,0.698,0,0,,1,0.0168
154167.21,663.0,1121,Baler,162383.0,12381.25,66,KS,0.9292,1,0,low_down_payment;prior_default,0,0.173
131836.96,635.0,1113,Sprayer,170094.04,48452.87,60,IN,0.7783,0,0,low_credit,1,0.0682
71535.49,608.0,1152,Skid Steer,94929.03,8058.43,43,ND,0.9218,0,0,low_down_payment;low_credit,0,0.1681
89418.12,635.0,1119,Sprayer,137677.57,14628.98,66,KS,0.904,0,0,low_down_payment;low_credit,0,0.1141
120592.67,716.0,1112,Skid Steer,303507.86,18402.25,67,IN,0.9428,0,0,low_down_payment,0,0.0537
107980.45,679.0,1113,Loader,82301.08,2455.04,45,ND,0.971,0,0,high_ltv;low_down_payment,1,0.0575
87715.31,802.0,1152,Planter,261979.02,20550.43,76,ND,0.9273,0,0,low_down_payment;long_term,1,0.0668
147952.42,537.0,1151,Sprayer,45026.42,3093.2,70,SD,0.9357,0,0,low_down_payment;low_credit,0,0.2438
100939.63,620.0,1151,Tractor,215070.07,62362.91,66,MO,0.7752,0,0,low_credit,0,0.0898
136049.44,627.0,1152,Baler,238067.05,49038.1,62,MO,0.8292,0,0,low_credit,0,0.091
30000.0,743.0,1111,Tractor,284263.51,45085.17,78,IA,0.8631,0,0,low_income;long_term,1,0.1619
61109.7,644.0,4238,Planter,72666.51,20810.25,53,IA,0.7774,0,0,,0,0.0929
186503.44,639.0,1111,Loader,83534.67,14107.04,57,IA,0.8555,0,0,low_credit,1,0.0793
141109.53,629.0,1152,Skid Steer,279634.47,352.21,54,MN,0.9987,0,0,high_ltv;low_down_payment;low_credit,1,0.1458
103948.38,731.0,1113,Skid Steer,151239.18,20666.65,48,SD,0.8798,0,0,,1,0.0299
144469.01,643.0,1119,Sprayer,137548.34,43440.05,61,IA,0.76,0,0,,1,0.0531
139528.42,636.0,1112,Harvester,198707.5,41365.7,71,KS,0.8277,0,0,low_credit,1,0.0884
54377.09,699.0,1121,Baler,239746.49,41640.77,60,NE,0.852,0,0,low_income,1,0.0835
62081.92,724.0,1151,Sprayer,40132.7,13800.96,57,IA,0.7441,0,0,,1,0.0439
58585.92,713.0,1112,Harvester,79930.42,13555.29,47,KS,0.855,0,0,low_income,1,0.0657
103844.59,737.0,1113,Tractor,121151.4,25447.85,36,SD,0.8264,0,0,,1,0.0206
154216.34,766.0,1112,Loader,128289.18,21093.17,75,SD,0.8588,0,0,long_term,1,0.0455
126708.01,662.0,1151,Baler,63559.42,22828.18,56,WI,0.7357,0,0,,1,0.0331
219486.75,713.0,1112,Planter,44246.06,13031.21,81,WI,0.7725,0,0,long_term,1,0.037
145046.27,629.0,1152,Loader,61312.3,13579.96,79,IN,0.8187,0,0,low_credit;long_term,1,0.1109
131543.47,581.0,1111,Sprayer,176029.31,14041.08,58,KS,0.9261,0,0,low_down_payment;low_credit,0,0.1855
105118.06,813.0,1152,Combine,152345.12,57491.21,55,IA,0.726,0,0,,1,0.0192
93440.79,743.0,3331,Baler,149094.0,30517.83,45,MN,0.8301,0,0,,1,0.024
125262.58,679.0,1151,Planter,192500.97,43457.59,43,MN,0.8158,0,0,,0,0.0268
144130.88,554.0,1113,Planter,216977.33,71678.42,42,NE,0.7517,0,0,low_credit,1,0.1396
77870.06,685.0,1111,Planter,122891.18,26353.76,54,MN,0.8234,0,0,,0,0.0404
122948.64,732.0,1151,Baler,138862.1,16312.45,63,IA,0.8949,0,0,,1,0.0392
93567.37,609.0,1151,Planter,240112.68,25199.32,48,WI,0.905,1,0,low_down_payment;low_credit;prior_default,0,0.2189
108047.49,789.0,1121,Loader,159080.93,13180.77,52,WI,0.9235,0,0,low_down_payment,1,0.0409
119149.69,631.0,4238,Skid Steer,233812.23,0.0,53,IN,1.0,0,0,high_ltv;low_down_payment;low_credit,0,0.1415
37344.14,646.0,1151,Harvester,108728.16,23606.86,36,MO,0.8216,0,0,low_income,1,0.1385
47132.04,668.0,1112,Harvester,246200.68,95988.02,44,IN,0.7195,0,0,low_income,0,0.0744
103286.58,655.0,4238,Sprayer,109363.43,15769.18,83,ND,0.874,0,0,long_term,1,0.0898
211190.21,644.0,1121,Combine,132002.34,29375.38,57,KS,0.818,0,0,,1,0.0593
150495.19,693.0,3331,Planter,216398.85,47196.32,62,MN,0.821,0,0,,1,0.03
195340.64,723.0,1151,Planter,60867.13,11638.91,43,NE,0.8395,0,0,,1,0.0241
73498.98,652.0,3331,Planter,63473.91,26319.41,67,IA,0.7069,0,0,,1,0.0617
114846.59,576.0,1121,Harvester,147455.86,41071.49,69,WI,0.7821,0,0,low_credit,0,0.1492
190159.86,660.0,1151,Loader,207120.73,26352.19,52,KS,0.8871,0,0,,1,0.0545
150526.81,706.0,3331,Planter,49120.16,0.0,58,ND,1.0,0,0,high_ltv;low_down_payment,1,0.0628
83910.2,655.0,1119,Baler,113730.6,21273.67,49,MN,0.8424,0,0,,1,0.0564
139560.49,673.0,1121,Baler,179074.4,36404.53,53,WI,0.8311,0,0,,1,0.0367
125817.39,733.0,1111,Harvester,180919.77,0.0,71,SD,1.0,0,0,high_ltv;low_down_payment,1,0.0743
187418.29,777.0,3331,Sprayer,213085.23,43452.6,59,MN,0.8306,0,0,,1,0.0296
170958.91,705.0,1112,Tractor,145655.67,33131.68,84,MN,0.8147,0,0,long_term,1,0.0446
182232.93,667.0,3331,Sprayer,182283.35,68203.62,65,IA,0.7277,0,0,,1,0.0339
77057.55,605.0,3331,Combine,88641.32,7234.48,45,WI,0.9245,0,0,low_down_payment;low_credit,0,0.1639
45183.15,717.0,1112,Sprayer,163958.62,26894.67,59,ND,0.8591,0,0,low_income,1,0.1011
81504.27,693.0,1121,Skid Steer,244528.99,72682.56,50,IN,0.7709,0,0,,1,0.0264
182588.23,720.0,1112,Planter,183175.1,0.0,73,MO,1.0,0,0,high_ltv;low_down_payment;long_term,1,0.0832
42685.16,714.0,1111,Loader,95149.21,16185.07,67,IN,0.8546,0,0,low_income,1,0.1133
141359.39,679.0,1113,Sprayer,140827.9,51911.42,61,WI,0.7307,0,0,,1,0.026
117802.19,658.0,3331,Planter,149976.28,24162.49,51,IN,0.8612,0,0,,1,0.0511
124954.55,677.0,1119,Loader,38007.51,8473.35,70,NE,0.8177,0,0,,1,0.0413
61567.67,741.0,1151,Baler,55688.51,7680.39,49,IA,0.8788,0,0,,1,0.0618
174489.71,665.0,1151,Skid Steer,91711.33,15893.92,47,MO,0.8523,0,0,,1,0.0413
141390.21,682.0,4238,Combine,202718.92,54774.23,72,IA,0.7873,0,0,,1,0.0354
91828.2,675.0,1113,Loader,245997.8,86723.96,61,MN,0.7393,0,0,,1,0.029
110121.54,650.0,1111,Loader,156574.95,55348.95,59,MN,0.7388,0,0,,1,0.0429
154807.5,632.0,1121,Skid Steer,49831.27,9162.71,49,IA,0.8447,0,0,low_credit,1,0.0767
102799.33,609.0,1121,Loader,166434.4,45614.02,81,WI,0.7849,0,0,low_credit;long_term,0,0.1284
127397.44,800.0,1152,Tractor,82067.5,9776.53,61,IA,0.8936,0,0,,1,0.0379
30000.0,695.0,1151,Planter,178612.51,28825.88,67,IL,0.861,0,0,low_income,1,0.1409
89650.85,709.0,4238,Loader,292490.31,52292.62,61,IA,0.8483,0,0,,1,0.0328
126038.64,599.0,1152,Skid Steer,246137.49,46037.76,57,ND,0.8424,1,1,low_credit;prior_default;bankruptcy,0,0.2558
144525.73,692.0,1121,Sprayer,39952.84,18942.7,54,MO,0.6784,0,0,,1,0.0158
151242.16,543.0,1151,Sprayer,258210.49,45404.05,76,IL,0.8505,0,0,low_credit;long_term,0,0.2183
143287.06,695.0,1111,Planter,119130.15,40967.74,46,IL,0.7441,0,0,,1,0.0178
110045.15,666.0,4238,Planter,92518.6,7866.84,57,WI,0.9216,0,0,low_down_payment,1,0.0641
30000.0,672.0,4238,Loader,199632.4,63587.09,46,IA,0.7584,0,0,low_income,0,0.1112
56842.24,749.0,1151,Sprayer,64439.96,23470.26,59,MO,0.733,0,0,low_income,0,0.0543
123366.37,675.0,1152,Sprayer,78661.49,21408.0,72,MN,0.7861,0,0,,1,0.0401
166189.63,647.0,1151,Planter,131599.44,49656.1,62,KS,0.726,1,0,prior_default,0,0.1184
161269.68,689.0,1151,Planter,289423.53,44889.81,80,NE,0.8657,0,0,long_term,0,0.0504
86243.73,697.0,1152,Loader,116689.8,21764.02,43,MO,0.8428,0,0,,1,0.027
70405.6,615.0,1121,Tractor,224585.08,80391.46,67,SD,0.7364,0,0,low_credit,0,0.1221
147948.92,641.0,1111,Loader,313781.48,0.0,63,KS,1.0,1,0,high_ltv;low_down_payment;prior_default,1,0.2285
117220.47,655.0,1119,Sprayer,199579.41,17045.39,46,NE,0.9213,0,0,low_down_payment,1,0.0659
117657.77,594.0,1121,Skid Steer,138008.91,34031.32,62,SD,0.8022,0,0,low_credit,1,0.1249
64630.58,610.0,1152,Loader,140946.3,32585.14,48,MO,0.8122,0,0,low_credit,0,0.1417
138996.38,696.0,1111,Planter,123796.6,28800.16,66,ND,0.8113,0,0,,1,0.0307
169025.15,656.0,1112,Loader,155364.77,56708.0,45,SD,0.7326,0,0,,1,0.0313
82622.08,776.0,1151,Sprayer,288406.32,6122.66,63,SD,0.9792,1,0,high_ltv;low_down_payment;prior_default,1,0.1722
128049.19,634.0,1113,Combine,275172.44,67883.26,64,IN,0.8021,0,0,low_credit,1,0.0787
107743.74,752.0,3331,Tractor,282376.66,35840.14,59,ND,0.8874,0,0,,1,0.0361
92038.13,628.0,1121,Sprayer,279400.97,44728.02,62,MN,0.862,0,0,low_credit,1,0.098
43191.0,592.0,3331,Baler,65684.03,10395.11,61,ND,0.8634,0,0,low_income;low_credit,0,0.2294
87300.49,689.0,3331,Baler,276153.29,28291.32,40,KS,0.9071,0,0,low_down_payment,1,0.0353
30000.0,667.0,1113,Planter,217398.83,50405.06,80,SD,0.8118,1,0,low_income;long_term;prior_default,0,0.2347
83904.06,536.0,4238,Tractor,271242.31,72597.04,43,IL,0.7889,0,0,low_credit,0,0.1842
114460.54,624.0,1151,Sprayer,275979.08,43521.25,74,IN,0.8638,0,0,low_credit;long_term,0,0.1256
60419.55,675.0,3331,Baler,194405.77,8547.85,55,WI,0.9579,0,0,high_ltv;low_down_payment,1,0.1224
53611.36,648.0,1113,Planter,280372.27,41995.74,64,NE,0.8697,0,0,low_income,1,0.1495
86671.15,660.0,1119,Sprayer,48963.39,6454.6,75,IN,0.8835,0,0,long_term,1,0.0844
84690.31,681.0,1113,Combine,165044.77,37973.9,50,IA,0.813,0,0,,1,0.0327
110357.32,656.0,1151,Harvester,118963.47,30477.41,63,MN,0.7961,0,0,,1,0.05
140696.8,751.0,1112,Skid Steer,180856.07,24826.56,84,IL,0.8793,0,0,long_term,0,0.055
151090.04,777.0,1113,Harvester,187028.57,66776.48,52,WI,0.7369,0,0,,1,0.019
150261.47,717.0,4238,Harvester,168247.71,39966.94,52,IN,0.808,0,0,,1,0.0246
66893.91,628.0,1111,Sprayer,74589.35,11846.41,65,WI,0.8629,0,0,low_credit,1,0.148
122748.02,658.0,1119,Combine,244564.33,88751.19,75,KS,0.7337,0,0,long_term,1,0.051
96870.2,696.0,1151,Loader,151094.4,26684.85,36,KS,0.8499,0,0,,1,0.0224
30000.0,751.0,1121,Planter,256961.71,67407.0,62,IA,0.7922,0,0,low_income,1,0.1147
64276.91,693.0,3331,Combine,297299.63,42704.22,74,KS,0.8744,0,0,long_term,1,0.0853
156060.43,631.0,1152,Harvester,136855.1,24581.11,65,KS,0.8477,0,0,low_credit,0,0.094
128964.01,723.0,1151,Sprayer,118848.88,25838.67,43,IN,0.8214,0,0,,1,0.0226
62152.4,670.0,1112,Loader,39093.11,13658.7,52,ND,0.7411,0,0,,1,0.0563
116950.97,649.0,1112,Baler,48506.42,6316.74,38,IA,0.8848,0,0,,0,0.0528
100472.53,705.0,1112,Baler,79022.26,31418.14,54,WI,0.7155,0,0,,1,0.0182
151986.44,703.0,1111,Sprayer,102811.79,31862.21,63,MN,0.7634,0,0,,1,0.0248
91942.99,719.0,1113,Loader,47595.75,4377.58,51,IA,0.9158,0,0,low_down_payment,1,0.0393
92442.83,664.0,3331,Sprayer,247933.4,82673.81,66,MO,0.7499,0,0,,1,0.0391
100918.09,637.0,3331,Planter,77023.01,26311.49,48,IN,0.7454,1,0,low_credit;prior_default,0,0.1293
78107.9,737.0,1111,Harvester,113646.06,18980.89,66,NE,0.8569,0,0,,1,0.0486
191079.77,696.0,1121,Harvester,115452.03,36466.39,73,ND,0.76,0,0,long_term,1,0.0316
59198.58,738.0,1152,Tractor,92504.8,20301.16,50,SD,0.82,0,0,low_income,1,0.0604
87798.81,729.0,1113,Sprayer,114648.82,53985.74,63,KS,0.6799,0,0,,1,0.0194
136857.52,665.0,1121,Sprayer,51148.56,7641.44,80,MN,0.87,0,0,long_term,1,0.0748
67167.45,754.0,1113,Baler,88181.26,24486.36,51,ND,0.7827,1,0,prior_default,1,0.1121
238348.59,677.0,3331,Baler,82861.47,21445.36,62,WI,0.7944,0,0,,1,0.0346
162603.69,566.0,1111,Sprayer,64341.29,19138.54,43,ND,0.7707,1,0,low_credit;prior_default,1,0.2072
94732.84,711.0,1112,Skid Steer,183406.29,40485.94,62,ND,0.8192,0,0,,1,0.0298
51096.41,667.0,1112,Harvester,292076.25,37815.18,60,KS,0.8854,0,0,low_income,1,0.1285
73111.7,724.0,1113,Planter,123209.63,59153.48,53,IA,0.6756,0,0,,0,0.0245
70017.28,736.0,4238,Sprayer,170919.18,40468.6,51,MO,0.8086,0,0,,1,0.0411
84283.72,641.0,1111,Combine,305200.3,23597.13,65,SD,0.9282,1,0,low_down_payment;prior_default,0,0.2098
143924.32,689.0,4238,Loader,220105.84,64723.31,84,MN,0.7728,0,0,long_term,1,0.0395
115953.2,649.0,1119,Baler,240918.91,68470.0,49,IL,0.7787,0,0,,1,0.0438
107037.88,713.0,3331,Combine,106351.42,40397.85,60,SD,0.7247,0,0,,1,0.0206
91369.41,703.0,1119,Harvester,70503.01,9810.91,76,IN,0.8778,0,0,long_term,1,0.0492
116787.36,650.0,1111,Sprayer,280151.45,54219.93,75,IA,0.8378,0,0,long_term,1,0.0797
55862.99,680.0,1151,Loader,76991.31,1257.73,84,IL,0.9839,0,0,high_ltv;low_down_payment;low_income;long_term,0,0.1863
132209.62,661.0,1113,Skid Steer,74019.63,34626.36,60,WI,0.6813,0,0,,1,0.0299
50009.23,771.0,1112,Tractor,203718.41,57920.91,63,NE,0.7786,0,0,low_income,1,0.0765
82633.27,642.0,1151,Baler,136752.18,17600.94,53,NE,0.886,0,0,,1,0.0841
131713.19,697.0,1151,Skid Steer,85002.65,6363.42,62,IN,0.9304,1,0,low_down_payment;prior_default,1,0.1304
108001.82,749.0,1119,Harvester,298819.11,42430.74,55,MO,0.8757,0,0,,1,0.0327
141052.09,597.0,3331,Skid Steer,202222.1,74222.69,75,WI,0.7315,0,0,low_credit;long_term,1,0.1215
94086.83,630.0,1121,Combine,253391.22,60469.8,84,MN,0.8073,0,0,low_credit;long_term,0,0.1116
111872.72,686.0,1151,Sprayer,222214.59,76573.03,66,IN,0.7437,0,0,,1,0.0259
73791.75,594.0,1151,Tractor,209100.04,2395.68,43,SD,0.9887,0,0,high_ltv;low_down_payment;low_credit,0,0.2122
70777.27,627.0,1113,Combine,188912.5,49198.61,84,IL,0.7934,0,0,low_credit;long_term,0,0.1482
115211.24,721.0,1111,Baler,118845.27,31500.38,84,WI,0.7905,0,0,long_term,1,0.0411
82597.54,690.0,1121,Sprayer,187983.04,39790.58,46,KS,0.8253,0,0,,1,0.0292
40047.4,830.0,1121,Baler,176571.84,38531.47,38,MO,0.8209,0,0,low_income,1,0.0797
122015.55,646.0,1113,Sprayer,254992.9,70515.08,71,IL,0.7834,0,0,,1,0.0618
143164.36,714.0,1152,Tractor,261805.77,69018.43,37,ND,0.7914,0,0,,1,0.0184
146315.27,641.0,4238,Tractor,197558.42,27868.3,75,IL,0.8764,0,0,long_term,1,0.1002
79825.97,596.0,1121,Baler,63625.29,12624.12,54,MO,0.8344,1,0,low_credit;prior_default,0,0.2208
119431.51,695.0,1111,Skid Steer,279433.0,60026.99,65,IA,0.8232,0,1,bankruptcy,1,0.1139
32757.96,659.0,3331,Sprayer,145617.97,36394.14,57,MO,0.8,0,0,low_income,1,0.1469
136082.6,664.0,1121,Combine,190342.64,24935.23,36,NE,0.8842,0,0,,1,0.04
65617.4,615.0,1152,Planter,249850.76,53847.2,69,ND,0.8227,0,0,low_credit,0,0.1591
160330.56,763.0,3331,Combine,136777.94,58345.72,71,ND,0.701,0,0,,1,0.0223
90265.99,651.0,1152,Skid Steer,113662.95,51699.2,55,NE,0.6874,0,0,,1,0.0337
92455.44,702.0,1152,Harvester,247045.12,25780.72,48,IL,0.9055,0,0,low_down_payment,1,0.0363
86760.49,602.0,1121,Tractor,144624.14,8834.51,56,MO,0.9424,0,0,low_down_payment;low_credit,0,0.1663
81617.45,645.0,1112,Baler,181029.57,51051.99,74,MO,0.78,0,0,long_term,1,0.084
59475.41,681.0,1121,Tractor,237774.05,94242.32,51,KS,0.7162,0,0,low_income,1,0.05
129122.89,665.0,1151,Sprayer,218978.9,35258.51,60,IA,0.8613,0,0,,1,0.0509
107737.95,714.0,4238,Tractor,239223.05,48628.45,55,KS,0.8311,0,0,,1,0.028
98502.19,687.0,1111,Skid Steer,180750.2,57235.49,54,NE,0.7595,0,0,,1,0.0227
101548.2,666.0,4238,Skid Steer,218268.68,65874.39,44,MN,0.7682,0,0,,0,0.0293
147098.04,804.0,1112,Tractor,199327.58,48996.15,66,ND,0.8027,0,0,,0,0.0298
105084.14,662.0,1151,Combine,178819.54,48999.68,54,IA,0.7849,0,0,,0,0.0382
44681.91,614.0,3331,Combine,184275.8,57806.97,68,MO,0.7612,0,0,low_income;low_credit,0,0.1831
139596.18,683.0,1119,Tractor,95629.08,31513.29,51,SD,0.7521,0,0,,1,0.0223
144608.23,596.0,1119,Combine,211843.28,71494.02,66,MO,0.7477,0,0,low_credit,0,0.1109
116560.95,710.0,3331,Loader,159173.93,66334.28,72,MN,0.7058,0,0,,1,0.0231
47148.42,717.0,3331,Planter,186804.76,52061.54,64,KS,0.782,0,0,low_income,1,0.0829
76015.05,580.0,1112,Combine,158619.13,38063.22,43,MN,0.8065,0,0,low_credit,1,0.1513
144258.68,663.0,1152,Combine,256476.7,70843.69,65,KS,0.7836,0,0,,1,0.0438
97118.32,669.0,1111,Baler,254621.23,48533.68,64,KS,0.8399,0,0,,1,0.0469
103071.22,658.0,1111,Tractor,229862.75,62333.41,67,KS,0.7867,0,0,,1,0.0494
93185.43,707.0,1111,Loader,36785.96,13020.39,61,IA,0.7386,0,0,,1,0.022
140793.12,680.0,1151,Planter,82917.13,16304.21,66,IL,0.8357,0,0,,1,0.0399
203797.33,659.0,4238,Tractor,206604.79,67054.67,74,MO,0.755,0,0,long_term,1,0.0528
49432.49,686.0,1121,Harvester,113545.79,64660.01,52,WI,0.6372,0,0,low_income,1,0.046
74338.86,694.0,1152,Combine,56731.82,9723.31,43,MO,0.8537,0,0,,1,0.0383
30000.0,678.0,1113,Planter,42202.18,8135.84,57,IL,0.8384,0,0,low_income,0,0.1386
30087.93,660.0,1119,Harvester,108123.82,13704.12,47,KS,0.8875,0,0,low_income,1,0.1666
124041.26,717.0,1112,Combine,275171.21,61608.87,79,NE,0.8171,0,0,long_term,1,0.0419
104895.28,799.0,3331,Baler,122378.99,4755.93,70,NE,0.9626,0,0,high_ltv;low_down_payment,1,0.0654
73655.01,620.0,3331,Sprayer,135453.4,22945.97,79,MN,0.8551,0,0,low_credit;long_term,0,0.1657
85687.75,645.0,1112,Sprayer,174124.47,38177.24,43,SD,0.8202,0,0,,1,0.0549
180316.27,706.0,1111,Sprayer,50052.07,10339.52,53,SD,0.8288,0,0,,1,0.0269
47518.16,697.0,1152,Loader,53918.23,9320.15,61,IN,0.8526,0,0,low_income,0,0.0971
101395.45,690.0,3331,Harvester,42800.5,10031.83,48,ND,0.8101,0,0,,1,0.0235
82228.2,581.0,1152,Loader,308826.0,11673.56,72,SD,0.9636,1,1,high_ltv;low_down_payment;low_credit;prior_default;bankruptcy,0,0.2894
107441.32,692.0,3331,Harvester,198480.25,39268.54,57,KS,0.8348,0,0,,1,0.0292
172501.01,721.0,1113,Tractor,176773.16,71676.5,45,MN,0.7115,0,0,,1,0.0156
159825.66,680.0,1119,Tractor,186643.41,51606.4,55,MO,0.7834,0,0,,1,0.0283
99390.04,767.0,1111,Sprayer,82781.32,25005.18,45,MO,0.768,0,0,,1,0.0192
149062.73,670.0,1112,Tractor,57996.83,20365.23,80,MN,0.7401,0,0,long_term,1,0.0458
72764.76,765.0,3331,Tractor,194615.72,49062.54,44,IN,0.7987,0,0,,1,0.0335
103015.87,624.0,1151,Planter,127576.91,18926.02,69,SD,0.8708,0,0,low_credit,0,0.1136
104665.32,730.0,1121,Planter,196722.72,34228.49,63,SD,0.8518,0,0,,1,0.0338
77105.38,784.0,1119,Loader,290071.77,29549.43,45,MO,0.9075,0,0,low_down_payment,1,0.0487
153748.53,739.0,1113,Sprayer,222559.66,52331.2,51,IN,0.8096,0,0,,1,0.0244
124705.74,734.0,1112,Baler,169733.69,74316.67,36,IN,0.6955,0,0,,1,0.0127
141191.73,650.0,1119,Skid Steer,60902.45,17220.37,54,NE,0.7796,0,0,,1,0.0463
85873.68,717.0,1121,Skid Steer,245180.66,54709.42,64,WI,0.8176,0,0,,1,0.034
30000.0,748.0,3331,Baler,158121.29,31352.18,61,IL,0.8345,0,0,low_income,1,0.126
122903.76,564.0,1112,Combine,250073.21,67585.08,51,MO,0.7872,0,0,low_credit,1,0.1475
30000.0,655.0,4238,Harvester,239151.09,64732.94,61,KS,0.787,1,0,low_income;prior_default,0,0.2225
128538.62,665.0,1113,Sprayer,255594.35,71417.56,60,MN,0.7816,0,0,,1,0.0394
176070.65,800.0,1119,Planter,266929.86,74096.37,74,MN,0.7827,0,0,long_term,1,0.0347
141757.93,761.0,1119,Baler,145775.25,36795.68,68,KS,0.7985,0,0,,1,0.0302
103213.54,751.0,1119,Sprayer,164153.86,82004.66,54,NE,0.6669,0,0,,1,0.0151
61227.25,711.0,1119,Sprayer,273724.75,48426.31,57,NE,0.8497,0,0,,0,0.0631
70623.85,663.0,1111,Planter,228464.93,21707.3,62,IN,0.9132,0,0,low_down_payment,0,0.1042
163105.05,669.0,1111,Loader,67323.43,14104.47,67,ND,0.8268,0,0,,1,0.0468
81594.86,619.0,1113,Planter,51664.24,8037.11,69,NE,0.8654,0,0,low_credit,0,0.1354
34797.86,774.0,1111,Planter,205497.35,97289.77,59,NE,0.6787,0,0,low_income,1,0.0745
58720.59,726.0,1112,Planter,47053.22,7991.55,53,MN,0.8548,0,0,low_income,1,0.0706
34694.28,683.0,1119,Planter,135941.27,24145.56,58,IA,0.8492,0,0,low_income,1,0.1273
105456.2,710.0,1112,Baler,63290.48,9610.58,57,ND,0.8682,0,0,,1,0.0328
149976.47,694.0,1112,Skid Steer,118676.63,9440.66,45,IA,0.9263,0,0,low_down_payment,1,0.0373
122043.0,520.0,1113,Planter,65414.1,30381.49,46,SD,0.6829,0,0,low_credit,0,0.1616
130806.56,622.0,1113,Loader,250775.03,19783.06,84,IN,0.9269,0,0,low_down_payment;low_credit;long_term,0,0.168
55001.09,642.0,1151,Skid Steer,272033.49,65548.13,55,KS,0.8058,0,0,low_income,1,0.1251
118396.67,681.0,1113,Combine,124013.24,6894.78,65,NE,0.9473,0,0,low_down_payment,1,0.0609
50196.12,715.0,3331,Sprayer,259120.56,32386.51,43,WI,0.8889,1,0,low_income;prior_default,1,0.1775
93820.43,697.0,1152,Tractor,292367.28,35084.22,55,NE,0.8929,0,0,,1,0.0347
136756.1,552.0,1111,Planter,99817.63,40657.45,63,KS,0.7106,0,0,low_credit,0,0.1503
112743.8,693.0,1113,Baler,221281.07,69064.89,47,NE,0.7621,0,0,,1,0.0193
272861.58,762.0,1119,Baler,99034.43,32609.67,45,ND,0.7523,0,0,,1,0.0181
97406.2,756.0,4238,Planter,168431.56,42778.65,54,IN,0.7975,0,0,,1,0.0245
56063.51,653.0,4238,Loader,254234.32,18911.03,62,SD,0.9308,0,0,low_down_payment;low_income,0,0.1625
30000.0,654.0,1113,Skid Steer,166364.3,24319.85,47,SD,0.8725,0,0,low_income,0,0.1702
164129.11,720.0,3331,Loader,211551.52,55354.16,73,NE,0.7926,0,0,long_term,1,0.0354
110039.98,604.0,1121,Skid Steer,207187.39,46038.01,49,NE,0.8182,0,0,low_credit,1,0.1029
119783.27,637.0,1119,Sprayer,228413.07,62482.66,64,SD,0.7852,0,0,low_credit,1,0.0719
119717.96,731.0,1119,Combine,262296.72,55829.27,61,WI,0.8245,0,0,,1,0.0299
72709.3,649.0,1152,Harvester,202536.45,25216.49,65,KS,0.8893,0,0,,0,0.1078
117615.12,721.0,1112,Sprayer,68159.03,23041.31,40,ND,0.7474,0,0,,1,0.0164
120890.32,610.0,1113,Skid Steer,220967.96,64356.42,65,NE,0.7744,0,0,low_credit,1,0.0998
78225.4,720.0,1112,Tractor,204236.47,117962.54,63,SD,0.6339,0,0,,1,0.0213
56834.32,671.0,1152,Skid Steer,67494.16,21915.65,51,MN,0.7549,0,0,low_income,1,0.0695
30000.0,710.0,1112,Combine,145540.8,32298.17,75,MO,0.8184,0,0,low_income;long_term,0,0.1445
94390.82,690.0,1119,Combine,53403.75,11420.01,54,IA,0.8238,0,0,,1,0.0269
98904.5,639.0,1111,Loader,174195.27,34100.7,41,SD,0.8363,1,0,low_credit;prior_default,0,0.1476
113495.05,659.0,1152,Planter,84920.62,0.0,46,NE,1.0,0,0,high_ltv;low_down_payment,0,0.0861
113625.79,753.0,3331,Loader,105657.35,6003.61,72,IN,0.9462,0,1,low_down_payment;bankruptcy,0,0.1689
72341.06,641.0,1112,Harvester,170146.43,44861.11,64,NE,0.7914,0,0,,1,0.0909
72724.18,732.0,1152,Skid Steer,123653.93,21257.29,79,KS,0.8533,0,0,long_term,1,0.071
38871.29,636.0,1112,Sprayer,212278.26,73491.68,54,IN,0.7428,0,0,low_income;low_credit,1,0.1501
114747.84,677.0,1151,Skid Steer,119737.22,48390.84,60,MO,0.7122,0,0,,1,0.025
135996.55,756.0,3331,Harvester,204874.08,7371.25,65,MN,0.9653,0,0,high_ltv;low_down_payment,1,0.0618
131372.28,674.0,1152,Skid Steer,225982.02,72764.3,53,WI,0.7564,0,0,,1,0.0276
126941.14,688.0,1119,Loader,152129.73,30460.45,78,IN,0.8332,0,0,long_term,1,0.0447
109716.05,577.0,4238,Planter,222187.26,53176.16,61,IN,0.8069,0,0,low_credit,1,0.1479
92371.73,678.0,1121,Sprayer,46099.33,12193.8,36,ND,0.7908,0,0,,1,0.0226
116563.28,800.0,4238,Combine,215050.67,49057.46,70,IN,0.8143,0,0,,1,0.0329
145313.3,590.0,1152,Combine,126677.48,34223.97,61,ND,0.7873,0,0,low_credit,1,0.1252
33553.25,692.0,1119,Harvester,123642.4,12175.79,66,IN,0.9104,1,0,low_down_payment;low_income;prior_default,0,0.2363
167889.72,675.0,1113,Baler,41520.09,14111.08,70,IL,0.7463,0,0,,1,0.034
119206.88,671.0,1119,Harvester,297561.22,37980.1,65,KS,0.8868,0,0,,1,0.0541
93177.85,635.0,1119,Combine,54438.59,16113.01,36,IN,0.7716,0,0,low_credit,1,0.0497
70358.16,578.0,1151,Harvester,36072.73,20354.57,48,NE,0.6393,0,0,low_credit,0,0.1198
105489.09,733.0,1112,Sprayer,197400.09,35806.59,66,IN,0.8465,0,0,,1,0.0347
92593.06,776.0,1151,Harvester,61044.56,16499.23,50,NE,0.7872,0,0,,1,0.0222
70578.2,725.0,1111,Tractor,266698.19,30065.22,58,IA,0.8987,0,0,,1,0.0599
102797.16,716.0,4238,Skid Steer,127768.69,23818.27,58,WI,0.8429,0,0,,1,0.0305
100255.0,692.0,1151,Loader,101370.38,26895.2,75,NE,0.7903,0,0,long_term,1,0.0361
67828.75,654.0,1152,Skid Steer,348879.9,0.0,40,KS,1.0,0,0,high_ltv;low_down_payment,0,0.1315
90378.12,692.0,1151,Sprayer,223674.44,67414.32,52,NE,0.7684,0,0,,1,0.0214
72286.02,716.0,4238,Combine,92003.77,20978.33,57,WI,0.8143,0,0,,1,0.0431
99367.39,654.0,1113,Combine,180163.59,28048.34,65,MN,0.8653,0,0,,1,0.0653
139519.41,720.0,1112,Skid Steer,243870.07,52794.53,51,SD,0.822,0,0,,1,0.0255
171692.0,675.0,1112,Tractor,46668.98,8808.48,84,IA,0.8412,0,0,long_term,0,0.0615
87913.98,669.0,1119,Baler,266106.64,64762.56,36,MN,0.8043,0,0,,1,0.0293
142855.05,582.0,1151,Tractor,243401.92,97914.05,44,IN,0.7131,0,0,low_credit,1,0.0966
151028.56,656.0,1112,Harvester,117513.33,12413.32,67,ND,0.9045,0,0,low_down_payment,0,0.0802
53905.85,700.0,1111,Baler,270605.43,43061.58,60,IN,0.8627,0,0,low_income,1,0.087
101495.84,607.0,3331,Loader,268123.89,64169.53,50,ND,0.8069,0,0,low_credit,0,0.098
112435.11,564.0,1151,Planter,98338.48,14239.58,65,IL,0.8735,0,0,low_credit,0,0.1899
67411.41,711.0,3331,Skid Steer,143249.1,36212.69,65,IL,0.7982,0,0,,1,0.0514
183960.72,651.0,1121,Sprayer,173645.91,32001.29,79,MO,0.8444,0,0,long_term,0,0.0836
129073.21,590.0,3331,Skid Steer,100318.88,13835.51,73,WI,0.8788,0,0,low_credit;long_term,1,0.1747
87890.07,772.0,1151,Sprayer,224614.96,52813.08,57,IA,0.8096,0,0,,1,0.0283
130410.8,723.0,1119,Sprayer,146398.98,29653.45,79,MO,0.8316,0,0,long_term,1,0.044
77318.92,730.0,4238,Harvester,60974.34,13573.46,68,MO,0.8179,0,0,,1,0.0448
120609.3,771.0,1113,Loader,102679.15,8393.34,36,IA,0.9244,0,0,low_down_payment,1,0.0325
68735.83,727.0,1151,Sprayer,285223.49,62164.59,63,KS,0.8211,0,0,,1,0.0522
129742.24,692.0,1151,Loader,227965.95,55917.04,69,NE,0.803,1,0,prior_default,1,0.0938
133715.0,702.0,1112,Sprayer,249336.95,46737.96,36,WI,0.8421,0,0,,1,0.0218
83867.76,637.0,1119,Sprayer,73718.39,9917.11,50,ND,0.8814,0,0,low_credit,1,0.0919
120665.36,659.0,1112,Loader,95734.92,17609.26,49,NE,0.8446,0,0,,0,0.0463
78442.75,710.0,1152,Harvester,307518.41,36003.9,36,MO,0.8952,0,0,,0,0.0359
125415.68,698.0,1151,Sprayer,194181.76,49572.6,48,MN,0.7966,0,0,,1,0.0223
173299.16,672.0,1119,Loader,214871.67,50487.02,47,MO,0.8097,0,0,,1,0.032
122319.92,586.0,1119,Baler,202014.45,66741.39,67,IN,0.7517,0,0,low_credit,1,0.1259
147489.21,707.0,1151,Tractor,202511.74,70219.72,74,NE,0.7425,0,0,long_term,1,0.0302
129791.66,666.0,1111,Baler,258067.44,65011.27,76,IL,0.7988,0,0,long_term,1,0.0555
99309.5,737.0,1152,Combine,56803.62,29962.54,52,IA,0.6547,0,0,,1,0.014
103366.42,675.0,1121,Harvester,187125.34,50311.97,44,IL,0.7881,0,0,,0,0.0266
111943.11,684.0,1111,Skid Steer,115105.93,20994.44,49,IN,0.8457,0,0,,1,0.03
175499.89,676.0,1111,Loader,241073.48,56155.2,41,MN,0.8111,0,0,,1,0.0273
94246.41,733.0,1113,Baler,224888.59,69868.26,70,IN,0.763,0,0,,1,0.0275
130900.3,607.0,1152,Tractor,219222.35,58756.79,70,NE,0.7886,0,0,low_credit,0,0.1128
30000.0,674.0,1119,Combine,43585.2,3215.95,69,SD,0.9313,0,0,low_down_payment;low_income,0,0.1953
177566.92,660.0,1113,Baler,74025.92,23938.42,56,KS,0.7556,0,0,,1,0.0371
171323.26,669.0,1151,Combine,132722.75,41464.51,79,ND,0.762,0,0,long_term,1,0.049
82077.05,637.0,1113,Sprayer,174706.32,30277.34,72,IL,0.8523,0,0,low_credit,1,0.1102
111233.01,675.0,4238,Skid Steer,42360.01,12014.61,46,MN,0.779,0,0,,1,0.0268
63767.39,647.0,1111,Planter,44618.55,6870.99,44,IA,0.8666,0,0,,1,0.0985
63999.9,781.0,1111,Tractor,96917.0,22582.76,56,IN,0.811,0,0,,1,0.0516
90385.41,663.0,1119,Tractor,226062.77,77900.62,69,NE,0.7437,0,0,,1,0.0403
164882.78,618.0,1113,Sprayer,232809.16,53927.18,58,NE,0.8119,0,0,low_credit,0,0.0929
155915.67,609.0,3331,Skid Steer,42855.07,17525.55,40,ND,0.7097,0,0,low_credit,1,0.0638
33581.0,750.0,1152,Sprayer,50677.79,6283.13,53,IN,0.8897,0,0,low_income,1,0.1264
97471.32,651.0,1112,Skid Steer,241541.07,65863.07,70,MN,0.7857,0,0,,0,0.0568
60796.4,651.0,4238,Loader,156133.49,8747.01,59,IA,0.9469,0,0,low_down_payment,1,0.1489
76350.76,717.0,1113,Harvester,78970.83,12404.07,54,KS,0.8643,0,0,,1,0.0441
67321.52,744.0,1119,Combine,220248.6,26680.42,51,IA,0.892,0,0,,1,0.0578
85920.32,679.0,3331,Sprayer,289608.69,31503.75,50,IA,0.9019,0,0,low_down_payment,1,0.0491
30000.0,732.0,1119,Sprayer,213132.87,63017.54,47,WI,0.7718,0,1,low_income;bankruptcy,0,0.1946
158209.58,666.0,3331,Sprayer,190521.1,29092.89,51,IA,0.8675,0,0,,0,0.0457
135876.85,776.0,1112,Baler,204343.71,66100.33,57,MN,0.7556,0,0,,1,0.022
47365.5,730.0,1121,Loader,213114.27,46871.69,36,MO,0.8197,0,0,low_income,1,0.0662
141386.4,723.0,1152,Sprayer,37877.94,9727.55,69,KS,0.7957,0,0,,1,0.0304
168486.94,715.0,3331,Baler,124795.76,13944.56,62,IN,0.8995,0,0,,1,0.0393
80553.16,606.0,3331,Combine,200645.03,34741.94,83,MO,0.8524,0,0,low_credit;long_term,0,0.1739
95503.32,733.0,1152,Tractor,262078.77,54502.29,44,NE,0.8278,0,0,,1,0.0234
106486.57,633.0,1121,Harvester,82383.13,21123.58,60,IL,0.7959,0,0,low_credit,0,0.0744
30000.0,751.0,1152,Combine,185725.14,70655.01,64,IL,0.7244,0,0,low_income,1,0.0981
157134.71,618.0,3331,Combine,151452.35,81491.68,79,NE,0.6502,1,0,low_credit;long_term;prior_default,1,0.1589
141641.83,677.0,1113,Planter,249862.03,42504.94,47,NE,0.8546,0,0,,1,0.0337
66834.91,776.0,1111,Combine,198310.47,33668.82,60,IN,0.8549,0,0,,1,0.0585
160148.95,664.0,1151,Loader,272632.07,18938.9,63,SD,0.935,0,0,low_down_payment,1,0.0744
175457.49,781.0,1119,Planter,207129.61,27259.35,54,MO,0.8837,0,0,,1,0.0331
129172.53,652.0,4238,Harvester,131286.67,36549.45,81,MN,0.7822,0,0,long_term,1,0.0698
153415.41,646.0,3331,Tractor,245121.37,61768.23,65,WI,0.7987,0,0,,1,0.0602
161037.34,762.0,1112,Planter,280771.27,23557.54,63,IN,0.9226,0,0,low_down_payment,1,0.0476
100623.47,646.0,1151,Sprayer,135659.23,61236.38,51,IN,0.689,0,0,,1,0.0349
181285.14,695.0,1151,Harvester,154778.82,41857.18,56,WI,0.7871,0,0,,1,0.0243
142535.84,783.0,1111,Harvester,52445.83,19462.24,55,IA,0.7293,0,0,,1,0.0194
139962.22,741.0,1113,Combine,196367.37,11411.69,63,IA,0.9451,0,0,low_down_payment,1,0.0512
30000.0,745.0,1111,Combine,39739.67,5680.68,59,WI,0.8749,0,0,low_income,1,0.1362
77609.64,723.0,1119,Harvester,81703.78,21442.12,71,IN,0.7921,0,0,,1,0.0425
142894.37,688.0,1121,Sprayer,227016.97,67916.23,71,ND,0.7697,0,0,,0,0.0298
94264.67,730.0,4238,Harvester,249388.61,68167.91,79,IA,0.7853,0,0,long_term,1,0.0376
58180.85,731.0,1119,Baler,294407.5,46370.71,59,ND,0.8639,0,0,low_income,1,0.0789
106597.44,660.0,1112,Loader,142388.73,27852.14,56,WI,0.8364,0,0,,0,0.0484
103054.49,684.0,1113,Skid Steer,142321.84,50788.83,59,MO,0.737,0,0,,1,0.0237
35581.55,711.0,1121,Harvester,216284.89,33552.58,66,IL,0.8657,0,0,low_income,1,0.1298
169952.55,674.0,1112,Baler,232580.12,51087.04,84,NE,0.8199,0,0,long_term,1,0.0583
49300.9,656.0,1152,Planter,152140.91,33119.97,63,IL,0.8212,1,0,low_income;prior_default,1,0.2117
123941.17,684.0,1151,Planter,60370.2,14069.06,40,MN,0.811,0,0,,1,0.0233
94921.78,619.0,1111,Baler,70207.77,33482.56,84,IN,0.6771,0,0,low_credit;long_term,0,0.0898
97724.55,677.0,1111,Skid Steer,182156.85,60803.2,53,KS,0.7497,0,0,,1,0.0257
60667.79,583.0,1151,Skid Steer,214597.63,34262.84,76,WI,0.8623,0,0,low_credit;long_term,1,0.2252
61039.16,588.0,3331,Combine,258213.82,54536.46,84,IN,0.8256,0,0,low_credit;long_term,0,0.2158
119008.75,664.0,1121,Sprayer,225785.72,41642.23,69,WI,0.8443,0,0,,1,0.0557
154470.27,612.0,4238,Sprayer,161964.16,3841.72,50,MO,0.9768,0,0,high_ltv;low_down_payment;low_credit,1,0.159
33427.64,656.0,1152,Skid Steer,56454.5,11592.57,74,WI,0.8296,0,0,low_income;long_term,0,0.1828
86548.38,660.0,4238,Loader,259982.42,51097.52,58,KS,0.8357,0,0,,1,0.0536
148940.04,695.0,1151,Skid Steer,198380.19,84149.4,45,IA,0.7022,0,0,,0,0.015
116006.53,579.0,1152,Loader,287300.64,44353.96,66,ND,0.8663,0,0,low_credit,0,0.1692
30000.0,679.0,1111,Skid Steer,158476.13,42815.75,47,KS,0.7873,0,0,low_income,1,0.1111
165759.85,754.0,1112,Baler,75739.25,34699.05,61,IL,0.6858,0,1,bankruptcy,1,0.0749
146667.63,769.0,1111,Skid Steer,180446.29,43887.18,70,WI,0.8044,0,0,,1,0.0318
82930.77,740.0,3331,Baler,237077.56,50413.49,64,KS,0.8246,0,0,,1,0.0376
47005.74,701.0,1121,Skid Steer,104305.34,21283.43,42,SD,0.8305,0,0,low_income,1,0.0742
112619.59,693.0,4238,Planter,262956.32,71907.63,52,MO,0.7853,0,0,,1,0.0227
30000.0,627.0,1112,Harvester,49178.67,7366.61,72,NE,0.8697,0,0,low_income;low_credit,0,0.2267
106352.83,684.0,1152,Sprayer,220779.04,45147.89,69,IA,0.8302,0,0,,1,0.0381
87302.34,756.0,1152,Skid Steer,171189.1,66898.64,56,KS,0.719,0,0,,1,0.0204
41678.92,723.0,1111,Harvester,95308.53,14404.21,76,NE,0.8687,0,0,low_income;long_term,1,0.1378
127595.78,745.0,1111,Baler,57818.08,16732.58,64,MO,0.7756,0,0,,1,0.0263
119575.92,691.0,4238,Combine,170940.2,33761.54,75,MO,0.8351,0,0,long_term,1,0.0421
70483.14,694.0,1152,Planter,137184.25,41465.78,64,IN,0.7679,0,0,,1,0.0425
109078.42,686.0,1121,Loader,130617.69,32709.64,59,MO,0.7997,0,0,,1,0.0284
119193.36,673.0,1119,Skid Steer,83670.95,10268.16,52,MO,0.8907,0,0,,1,0.044
80193.74,608.0,3331,Tractor,181965.47,27380.25,61,IA,0.8692,0,0,low_credit,1,0.1456
129640.12,722.0,1119,Skid Steer,65733.93,6352.5,59,SD,0.9119,0,1,low_down_payment;bankruptcy,0,0.1423
140026.05,756.0,1151,Skid Steer,91082.17,61667.89,84,MO,0.5963,0,0,long_term,1,0.0206
139395.41,738.0,1112,Sprayer,94866.79,34734.22,45,NE,0.732,0,0,,1,0.0168
95566.8,714.0,1151,Planter,63551.1,23603.16,65,NE,0.7292,0,0,,1,0.0226
71574.83,639.0,1112,Combine,116230.11,33865.84,65,IN,0.7744,0,0,low_credit,0,0.099
72326.66,696.0,1113,Tractor,157202.52,32063.11,49,MO,0.8306,0,0,,1,0.0406
175689.32,685.0,1152,Loader,243803.65,28728.12,66,IL,0.8946,0,0,,1,0.0449
81002.8,780.0,1113,Planter,114735.25,58234.02,55,IL,0.6633,0,1,bankruptcy,1,0.0786
115115.7,725.0,1112,Planter,81815.92,21637.63,54,KS,0.7908,0,0,,1,0.0239
174132.63,713.0,1113,Combine,279330.66,46567.72,81,SD,0.8571,0,0,long_term,1,0.0492
70518.59,761.0,1113,Skid Steer,165765.14,3397.98,70,IL,0.9799,0,0,high_ltv;low_down_payment,0,0.1045
178889.85,721.0,1111,Harvester,95312.23,3299.51,37,WI,0.9665,0,0,high_ltv;low_down_payment,1,0.0423
99387.06,735.0,1111,Combine,260820.65,82224.3,57,IA,0.7603,0,0,,1,0.0224
34785.52,660.0,1111,Skid Steer,155282.15,29063.13,41,SD,0.8423,0,0,low_income,1,0.1369
82087.2,774.0,1113,Baler,96324.64,20106.99,55,WI,0.8273,0,0,,1,0.0341
129473.7,666.0,1151,Tractor,176590.62,86888.29,52,WI,0.6702,0,0,,1,0.023
123675.53,679.0,4238,Skid Steer,91835.87,9372.59,48,NE,0.9074,0,0,low_down_payment,1,0.0439
109736.79,746.0,1112,Harvester,209249.17,27810.52,52,ND,0.8827,0,0,,1,0.032
78190.38,709.0,1151,Sprayer,156379.12,49594.04,60,IN,0.7592,0,0,,1,0.032
117500.37,708.0,1121,Sprayer,80944.38,23229.33,79,IN,0.777,0,0,long_term,1,0.0366
95172.39,685.0,1152,Planter,103079.6,21773.52,62,MO,0.8256,0,0,,0,0.0331
145862.17,688.0,1119,Harvester,242249.68,51799.01,56,NE,0.8238,1,0,prior_default,1,0.089
63765.1,722.0,4238,Sprayer,240229.52,87259.84,68,IN,0.7335,0,0,,1,0.0472
107344.11,727.0,1151,Combine,119276.35,28589.35,49,NE,0.8067,0,0,,1,0.0234
51648.3,711.0,1119,Combine,116708.84,33667.74,71,MN,0.7761,0,0,low_income,1,0.0805
86300.84,761.0,1112,Planter,234831.48,45660.22,74,IN,0.8372,0,0,long_term,1,0.0459
134470.74,721.0,1151,Combine,45487.09,9894.16,49,WI,0.8213,0,0,,1,0.0247
54323.01,709.0,1112,Skid Steer,264149.65,63462.4,62,MO,0.8063,0,0,low_income,0,0.0749
176124.4,674.0,1121,Harvester,92742.16,13221.48,59,WI,0.8752,0,0,,1,0.0456
113411.07,640.0,3331,Baler,130791.77,8498.77,36,SD,0.939,0,0,low_down_payment;low_credit,1,0.0843
51263.48,676.0,1111,Loader,264726.94,56442.19,55,MO,0.8243,0,0,low_income,1,0.0939
62796.31,770.0,1113,Baler,80019.0,5996.11,53,IA,0.9303,0,0,low_down_payment,1,0.0808
71654.11,636.0,1119,Baler,204664.91,115889.23,65,KS,0.6385,0,0,low_credit,1,0.0697
146206.17,721.0,1151,Baler,176400.18,31824.16,66,NE,0.8472,0,0,,1,0.0348
62755.19,649.0,1152,Skid Steer,254222.14,92378.29,80,WI,0.7335,0,0,long_term,0,0.107
66885.87,780.0,1152,Loader,120465.94,40355.26,53,MO,0.7491,0,0,,1,0.0374
30000.0,680.0,1113,Planter,222422.3,52240.31,45,WI,0.8098,0,0,low_income,0,0.1141
195904.86,830.0,1112,Sprayer,100199.35,10384.22,84,ND,0.9061,0,0,low_down_payment;long_term,1,0.0658
63398.83,669.0,1119,Skid Steer,208287.57,50518.06,61,KS,0.8048,0,0,,1,0.0748
87204.5,692.0,3331,Loader,240309.03,51213.64,58,KS,0.8243,0,0,,1,0.0308
113338.01,748.0,1111,Baler,64162.55,20339.8,61,IN,0.7593,0,0,,1,0.0237
95957.21,731.0,1152,Planter,168088.21,17557.51,78,IA,0.9054,0,0,low_down_payment;long_term,1,0.0608
156200.39,759.0,4238,Sprayer,195167.16,16499.73,52,ND,0.922,0,0,low_down_payment,1,0.0407
179657.34,650.0,1111,Tractor,180148.88,21265.22,71,IL,0.8944,0,1,bankruptcy,0,0.1952
86694.34,648.0,1111,Baler,142274.95,23268.86,63,IA,0.8594,0,0,,1,0.0743
105132.11,732.0,1152,Loader,309167.76,11430.22,84,ND,0.9643,0,0,high_ltv;low_down_payment;long_term,1,0.0855
160024.48,535.0,3331,Baler,236976.87,69140.34,66,MN,0.7741,0,0,low_credit,0,0.1903
34103.53,709.0,1119,Sprayer,247094.96,51455.23,51,SD,0.8276,0,0,low_income,1,0.1051
98312.87,685.0,1111,Baler,262337.09,24838.73,62,ND,0.9135,0,0,low_down_payment,0,0.0496
87759.68,585.0,1112,Sprayer,187736.95,60757.71,36,IA,0.7555,0,0,low_credit,0,0.1
41545.45,664.0,1152,Skid Steer,271538.98,51474.0,57,MO,0.8406,0,0,low_income,1,0.1349
31929.71,730.0,4238,Loader,209440.44,46499.06,64,SD,0.8183,0,0,low_income,0,0.1207
43616.01,655.0,1113,Planter,74050.66,18998.73,55,ND,0.7958,0,0,low_income,1,0.127
133070.75,642.0,1111,Skid Steer,172001.41,52186.43,53,IL,0.7672,0,0,,1,0.0494
111537.53,627.0,4238,Baler,211258.77,70939.49,65,IL,0.7486,0,0,low_credit,1,0.0743
221535.01,559.0,1121,Loader,258047.5,32565.24,38,MN,0.8879,0,0,low_credit,1,0.1722
60915.28,680.0,1112,Skid Steer,118668.97,34078.94,64,IL,0.7769,0,0,,1,0.0648
70860.13,682.0,1113,Loader,218195.84,35998.63,67,WI,0.8584,0,0,,0,0.0671
67108.3,593.0,1119,Baler,161577.25,32518.85,50,MN,0.8325,0,0,low_credit,0,0.1677
119401.05,596.0,1112,Loader,226047.85,48491.36,46,NE,0.8234,0,0,low_credit,0,0.1119
74979.69,648.0,1113,Harvester,80107.22,12553.86,59,IL,0.8645,0,0,,0,0.0922
158479.7,684.0,1119,Sprayer,150396.06,18535.3,64,WI,0.8903,0,0,,1,0.0434
159914.54,745.0,1121,Skid Steer,154525.38,23966.3,52,IL,0.8657,0,0,,1,0.0302
181574.91,695.0,1113,Combine,217601.85,48068.31,47,KS,0.8191,0,0,,1,0.0238
39308.2,650.0,4238,Tractor,162529.82,41561.41,36,IN,0.7964,0,0,low_income,1,0.1221
83700.91,650.0,1113,Loader,270323.97,55989.28,50,MO,0.8284,0,0,,1,0.0595
55725.21,640.0,1113,Tractor,223162.76,113960.26,60,ND,0.662,0,0,low_income;low_credit,1,0.0985
68539.31,625.0,1113,Combine,262803.96,46841.69,56,IA,0.8487,0,0,low_credit,1,0.1339
54703.42,683.0,1152,Harvester,153194.52,7176.78,59,MN,0.9552,0,0,high_ltv;low_down_payment;low_income,0,0.1362
109843.75,609.0,1112,Tractor,186337.99,71293.29,56,MN,0.7233,0,0,low_credit,0,0.0805
128700.07,737.0,1121,Harvester,110923.25,28479.03,43,NE,0.7957,0,0,,1,0.0206
123400.25,633.0,1119,Harvester,251719.73,92186.51,44,KS,0.7319,0,0,low_credit,1,0.05
52971.1,768.0,1119,Tractor,151068.7,33301.16,56,IA,0.8194,0,0,low_income,1,0.0746
105378.7,528.0,1113,Loader,231482.56,80501.54,48,IL,0.742,1,0,low_credit;prior_default,0,0.2247
61984.62,670.0,1151,Sprayer,268027.94,65886.4,43,KS,0.8027,0,0,,1,0.0604
175064.62,734.0,3331,Loader,146628.14,43430.53,47,KS,0.7715,0,0,,1,0.02
38780.73,709.0,1152,Combine,76245.34,13140.42,54,IL,0.853,0,0,low_income,0,0.1064
172061.3,669.0,3331,Skid Steer,240227.95,86815.12,71,IA,0.7345,0,0,,1,0.0363
88060.01,693.0,1121,Planter,129241.08,20709.95,44,KS,0.8619,0,0,,1,0.0279
97550.8,707.0,1121,Baler,91536.56,17712.67,59,WI,0.8379,0,0,,0,0.0304
40915.96,737.0,3331,Loader,151162.44,37010.36,51,KS,0.8033,0,0,low_income,1,0.0864
55350.0,687.0,4238,Planter,218078.28,12475.94,51,IL,0.9459,0,0,low_down_payment;low_income,1,0.1086
110856.19,690.0,1119,Sprayer,88845.56,31314.43,53,IN,0.7394,0,0,,1,0.0195
119007.28,762.0,4238,Skid Steer,193426.19,43438.81,43,NE,0.8166,0,0,,1,0.0222
162196.03,651.0,1111,Planter,246240.9,78885.99,55,IN,0.7574,0,0,,1,0.0424
47813.9,675.0,1111,Baler,72020.19,24381.61,59,IL,0.7471,0,0,low_income,1,0.086
120281.05,790.0,1112,Loader,139823.69,48676.28,73,ND,0.7418,0,0,long_term,1,0.0296
82779.38,608.0,1119,Skid Steer,252561.58,0.0,56,MN,1.0,0,0,high_ltv;low_down_payment;low_credit,0,0.1945
165656.51,647.0,1111,Harvester,261952.68,56040.68,66,MO,0.8238,0,0,,1,0.0648
162825.27,643.0,1152,Loader,196781.16,93433.66,67,WI,0.6781,0,0,,1,0.0438
164209.94,767.0,1121,Skid Steer,55482.85,10346.41,77,NE,0.8428,0,0,long_term,1,0.0444
87863.03,621.0,1151,Skid Steer,174392.53,25971.38,68,WI,0.8704,0,0,low_credit,0,0.1201
94173.41,751.0,1151,Sprayer,131040.04,52887.01,61,MN,0.7125,0,0,,1,0.02
82195.67,737.0,1113,Sprayer,190067.01,83617.06,68,KS,0.6945,0,0,,0,0.0257
142092.23,696.0,1151,Harvester,200766.93,78391.11,37,MN,0.7192,0,0,,1,0.0141
150639.3,691.0,1152,Planter,64576.34,20994.67,58,NE,0.7547,0,0,,1,0.0223
114855.08,749.0,1113,Sprayer,144313.22,50270.25,69,ND,0.7417,0,0,,1,0.0251
92436.47,796.0,4238,Loader,214588.93,46591.78,52,IN,0.8216,0,0,,1,0.0259
75099.46,713.0,1111,Skid Steer,151096.05,16477.5,55,IA,0.9017,0,0,low_down_payment,1,0.0574
30000.0,679.0,1113,Skid Steer,185503.91,80896.5,39,IN,0.6963,0,0,low_income,0,0.08
180497.78,639.0,1111,Baler,171722.08,48776.05,57,MN,0.7788,0,0,low_credit,1,0.0623
35550.2,636.0,1113,Loader,84610.07,22130.41,60,IL,0.7927,0,0,low_income;low_credit,0,0.1767
116129.64,688.0,4238,Planter,54761.57,14620.98,49,NE,0.7893,0,0,,1,0.0228
140365.36,671.0,1112,Skid Steer,88519.7,13432.08,61,ND,0.8683,0,0,,1,0.0483
81197.71,768.0,4238,Tractor,179950.8,35626.0,47,IA,0.8347,0,0,,1,0.0318
102003.12,665.0,1111,Harvester,268187.92,38194.72,42,IA,0.8753,0,0,,1,0.0414
120205.21,751.0,1119,Combine,42785.33,12925.56,60,NE,0.768,0,0,,1,0.0241
198842.84,675.0,1152,Tractor,55928.52,26942.15,69,ND,0.6749,0,0,,1,0.0256
31844.27,584.0,1112,Sprayer,278509.69,30642.32,54,MN,0.9009,0,0,low_down_payment;low_income;low_credit,0,0.2543
59704.95,736.0,1151,Loader,175339.12,26580.33,49,SD,0.8684,0,0,low_income,1,0.0685
105582.66,656.0,1119,Loader,76959.43,8592.23,48,MO,0.8996,0,0,,0,0.0566
97155.26,685.0,1112,Planter,93614.07,13093.18,59,IN,0.8773,1,0,prior_default,1,0.1096
157939.32,690.0,4238,Baler,56078.15,23067.89,45,WI,0.7085,0,0,,1,0.0154
146975.05,718.0,1113,Planter,208100.82,15283.73,59,WI,0.9316,0,0,low_down_payment,1,0.0464
130391.65,668.0,1151,Loader,207403.22,49571.57,74,IN,0.8071,1,0,long_term;prior_default,1,0.1354
142565.67,599.0,1113,Harvester,198838.55,76208.59,57,SD,0.7229,0,0,low_credit,0,0.0924
93776.74,716.0,3331,Planter,144449.45,12488.22,66,NE,0.9204,0,0,low_down_payment,1,0.0493
111859.55,762.0,1113,Combine,81171.1,18284.58,80,WI,0.8162,0,0,long_term,1,0.0424
69362.68,756.0,1113,Combine,166697.87,84902.8,36,IN,0.6625,0,0,,1,0.02
58681.81,632.0,4238,Skid Steer,217833.83,41682.2,54,MO,0.8394,0,0,low_income;low_credit,1,0.1479
112714.09,715.0,3331,Baler,179971.84,62238.07,68,IA,0.743,0,0,,1,0.0248
147699.65,693.0,1119,Planter,232743.16,53297.51,56,SD,0.8137,0,0,,1,0.0267
149669.18,665.0,1112,Combine,36675.9,15710.74,65,SD,0.7001,0,0,,1,0.0316
30000.0,586.0,1112,Combine,167412.73,18134.36,49,NE,0.9023,0,0,low_down_payment;low_income;low_credit,0,0.2531
79088.78,573.0,1151,Sprayer,309394.4,9785.81,43,KS,0.9693,0,0,high_ltv;low_down_payment;low_credit,0,0.2216
178750.63,681.0,1112,Tractor,224527.8,48917.9,71,KS,0.8211,0,0,,1,0.04
65167.83,694.0,1112,Baler,304669.72,8313.6,37,KS,0.9734,0,0,high_ltv;low_down_payment,1,0.0783
97437.05,681.0,1151,Tractor,71965.11,23394.42,77,ND,0.7547,0,0,long_term,1,0.0386
49280.92,810.0,1112,Harvester,166082.95,57715.4,45,MO,0.7421,0,0,low_income,1,0.0556
93844.22,706.0,4238,Combine,111072.48,28883.99,74,NE,0.7936,0,0,long_term,0,0.036
114627.21,747.0,1152,Sprayer,142630.13,31952.65,36,NE,0.817,0,0,,0,0.0199
118854.83,670.0,1151,Harvester,118814.92,37905.9,62,NE,0.7581,0,0,,1,0.0342
110627.95,668.0,1121,Baler,210748.18,51103.82,71,NE,0.8048,0,0,,1,0.0471
84830.86,722.0,1152,Sprayer,153676.9,9457.33,62,WI,0.942,1,0,low_down_payment;prior_default,1,0.1452
86708.36,658.0,1111,Skid Steer,142874.39,8725.5,63,NE,0.9424,0,0,low_down_payment,1,0.0897
32217.13,679.0,1111,Baler,95021.91,31913.6,52,IA,0.7486,1,0,low_income;prior_default,1,0.185
72186.77,736.0,1121,Sprayer,208836.34,28993.64,49,ND,0.8781,0,0,,1,0.0478
116971.14,748.0,4238,Combine,253537.08,78049.53,48,IN,0.7646,0,0,,1,0.0198
35159.44,663.0,3331,Skid Steer,123720.27,40222.46,57,NE,0.7547,0,0,low_income,1,0.1235
171971.19,649.0,1151,Tractor,297224.7,3944.62,75,IA,0.9869,0,0,high_ltv;low_down_payment;long_term,1,0.1375
139500.83,662.0,1111,Tractor,317803.58,28684.37,49,IA,0.9172,0,0,low_down_payment,1,0.0607
81950.39,690.0,1111,Planter,276096.42,60071.45,42,WI,0.8213,0,0,,1,0.0277
43827.27,658.0,1152,Loader,275428.66,59290.24,46,ND,0.8229,0,0,low_income,0,0.1203
62128.38,659.0,1111,Planter,39967.14,14536.89,71,ND,0.7333,0,0,,0,0.081
150979.59,717.0,1113,Sprayer,260540.62,48472.75,77,KS,0.8431,0,0,long_term,1,0.0445
92653.67,717.0,1119,Combine,197823.79,75965.0,47,NE,0.7225,0,0,,1,0.0167
101034.12,686.0,3331,Baler,238033.5,27259.43,63,MO,0.8972,1,0,prior_default,0,0.1192
125199.31,697.0,3331,Harvester,179777.99,62717.38,42,MO,0.7414,0,0,,1,0.0166
91758.92,634.0,1112,Combine,114519.79,19974.66,60,SD,0.8515,0,0,low_credit,0,0.0864
119392.49,656.0,1113,Loader,271412.06,77438.12,61,WI,0.778,0,0,,1,0.0454
120015.69,572.0,1112,Baler,204212.57,20654.11,60,MO,0.9081,0,0,low_down_payment;low_credit,1,0.1937
100492.29,606.0,3331,Loader,65469.33,25222.24,58,IA,0.7219,0,0,low_credit,1,0.0851
37442.8,639.0,1151,Combine,51552.02,9640.24,59,KS,0.8425,0,0,low_income;low_credit,0,0.1851
101203.15,671.0,1119,Combine,106599.23,53180.34,60,MN,0.6672,0,0,,1,0.0238
97882.82,692.0,1152,Planter,135260.72,13495.34,51,NE,0.9093,0,0,low_down_payment,1,0.0384
131123.11,708.0,1113,Harvester,245949.58,99755.9,51,WI,0.7114,0,0,,1,0.0171
97850.58,570.0,3331,Loader,253349.67,34931.21,36,IA,0.8788,0,0,low_credit,0,0.1525
31323.54,753.0,4238,Skid Steer,226188.54,60384.61,51,WI,0.7893,0,0,low_income,1,0.0999
96030.78,691.0,1151,Baler,249331.47,62937.72,73,KS,0.7985,0,0,long_term,1,0.0361
81075.96,801.0,3331,Planter,80184.28,31852.56,65,IL,0.7157,0,0,,1,0.0274
76013.64,686.0,1151,Combine,221839.98,0.0,66,SD,1.0,0,0,high_ltv;low_down_payment,0,0.0996
98113.21,825.0,1111,Skid Steer,169465.88,53277.85,60,NE,0.7608,0,0,,1,0.0235
192842.9,830.0,1151,Sprayer,37412.78,10638.27,52,MN,0.7786,0,0,,1,0.0222
118204.89,688.0,1152,Sprayer,84638.22,21030.99,64,WI,0.801,0,0,,1,0.03
149104.52,698.0,1112,Harvester,46011.12,5960.16,37,WI,0.8853,0,0,,0,0.0259
138695.8,667.0,1119,Harvester,48662.64,24054.27,77,IA,0.6692,0,0,long_term,1,0.0362
185883.19,710.0,1112,Tractor,99707.33,29287.86,61,KS,0.773,0,0,,1,0.0249
60422.19,697.0,1112,Planter,147862.5,41539.93,47,ND,0.7807,0,0,,1,0.0451
130078.33,649.0,1151,Tractor,135100.2,14539.98,64,KS,0.9028,0,0,low_down_payment,0,0.085
118464.74,732.0,1121,Skid Steer,259950.96,78368.05,55,MO,0.7684,0,0,,1,0.0224
137782.02,726.0,3331,Harvester,283954.04,32924.5,52,KS,0.8961,0,0,,1,0.0336
38222.84,644.0,1112,Tractor,168744.61,50388.55,84,NE,0.7701,0,0,low_income;long_term,0,0.1793
83670.9,687.0,4238,Combine,233928.54,36316.31,65,ND,0.8656,0,0,,1,0.0455
68841.63,714.0,1119,Baler,256530.92,52923.76,46,MN,0.829,0,0,,1,0.0423
119799.65,635.0,1113,Combine,212665.54,24310.33,79,IA,0.8974,0,0,low_credit;long_term,1,0.1267
40983.12,615.0,1119,Baler,56095.76,17556.76,67,WI,0.7616,0,0,low_income;low_credit,0,0.1869
90930.8,718.0,4238,Sprayer,122305.97,15745.43,48,MN,0.8859,0,0,,1,0.0305
110250.58,772.0,1152,Loader,252093.74,51884.58,58,MN,0.8293,0,0,,1,0.0291
143133.84,643.0,1151,Sprayer,202379.43,78271.47,59,IA,0.7211,0,0,,1,0.0453
74972.99,820.0,3331,Tractor,261249.91,59533.17,62,KS,0.8144,0,0,,1,0.0432
117038.14,671.0,1151,Harvester,48140.99,7464.66,42,ND,0.8658,0,0,,1,0.0362
138523.12,655.0,1152,Baler,219581.14,29933.99,72,MN,0.88,0,0,,1,0.0739
46635.18,723.0,4238,Combine,242897.54,59150.18,60,MO,0.8042,0,0,low_income,1,0.0853
38196.57,656.0,1111,Skid Steer,174688.61,29933.11,71,WI,0.8537,1,0,low_income;prior_default,0,0.2378
63731.81,670.0,1111,Harvester,208383.67,76177.73,72,IA,0.7323,0,0,,0,0.0675
83916.23,630.0,1111,Sprayer,237970.2,87201.18,43,ND,0.7318,0,0,low_credit,1,0.0591
137445.22,827.0,1151,Loader,239319.37,69032.77,54,IN,0.7761,0,0,,1,0.0227
115650.18,626.0,1119,Skid Steer,263703.14,24584.42,66,MN,0.9147,0,0,low_down_payment;low_credit,0,0.1288
175769.91,758.0,1111,Planter,330813.74,14844.22,79,SD,0.9571,0,0,high_ltv;low_down_payment;long_term,1,0.0789
138552.36,727.0,4238,Planter,175046.57,43512.45,58,IN,0.8009,0,0,,1,0.0263
50224.65,760.0,1113,Combine,263088.44,80018.55,48,MN,0.7668,0,0,low_income,1,0.0612
145579.61,640.0,1151,Planter,33303.33,12075.69,52,ND,0.7339,0,0,low_credit,1,0.0501
104402.26,641.0,1113,Harvester,204260.22,44052.49,53,NE,0.8226,0,0,,1,0.0602
32322.03,663.0,1121,Tractor,245419.25,41655.84,49,IN,0.8549,0,0,low_income,1,0.1504
96273.18,609.0,1111,Baler,234778.59,43154.25,38,WI,0.8447,0,0,low_credit,0,0.0923
103247.17,722.0,1151,Sprayer,291789.9,18623.38,40,NE,0.94,0,0,low_down_payment,1,0.0364
59147.39,632.0,1151,Planter,84558.93,6157.8,55,SD,0.9321,0,0,low_down_payment;low_income;low_credit,0,0.1855
57344.66,705.0,1112,Skid Steer,125357.38,34312.37,65,MN,0.7851,0,0,low_income,1,0.0682
110863.67,686.0,4238,Baler,112794.37,13391.76,46,IN,0.8939,0,0,,1,0.0329
112852.7,674.0,3331,Skid Steer,230184.6,101304.16,62,SD,0.6944,0,0,,1,0.0253
141238.2,665.0,1111,Skid Steer,234205.14,26623.9,57,MO,0.8979,0,0,,1,0.0549
188169.47,664.0,1151,Baler,189891.67,51319.67,62,MO,0.7872,0,0,,1,0.0415
148657.11,771.0,1121,Combine,116802.69,8600.37,69,IA,0.9314,0,0,low_down_payment,1,0.0532
138112.73,667.0,1121,Skid Steer,206592.85,50602.26,57,IN,0.8033,0,0,,1,0.0394
158597.67,671.0,4238,Planter,62783.22,14233.13,43,IL,0.8152,0,0,,1,0.0313
52627.04,648.0,1151,Skid Steer,243359.22,51490.69,84,MN,0.8254,0,0,low_income;long_term,0,0.166
69728.31,647.0,1119,Planter,127267.98,70921.81,69,IL,0.6422,0,0,,1,0.0602
46562.31,609.0,1113,Tractor,218593.12,22663.36,36,ND,0.9061,0,0,low_down_payment;low_income;low_credit,0,0.2092
74174.84,781.0,1111,Skid Steer,56304.4,3187.83,54,IA,0.9464,0,0,low_down_payment,1,0.0666
122066.78,727.0,1111,Skid Steer,207473.31,52957.01,76,IA,0.7967,0,0,long_term,1,0.0375
114463.7,632.0,1121,Tractor,194616.35,17868.64,57,NE,0.9159,1,0,low_down_payment;low_credit;prior_default,0,0.2056
30000.0,708.0,1113,Baler,104270.18,38573.43,62,IN,0.73,0,0,low_income,1,0.0976
105781.74,706.0,1121,Skid Steer,267520.76,34245.38,78,KS,0.8865,1,0,long_term;prior_default,0,0.1354
139674.14,666.0,1111,Loader,181600.11,22600.43,44,IL,0.8893,0,0,,1,0.044
180761.24,740.0,1121,Baler,211372.91,30064.48,62,NE,0.8755,0,0,,1,0.0362
119260.37,741.0,1112,Combine,64558.57,15562.55,79,KS,0.8058,0,0,long_term,1,0.0403
145655.78,688.0,1111,Sprayer,260569.01,40519.86,64,MO,0.8654,0,0,,1,0.0375
120381.68,768.0,1112,Planter,250567.46,22167.0,57,SD,0.9187,0,0,low_down_payment,1,0.0432
135262.23,667.0,1121,Tractor,97456.98,31754.61,46,IA,0.7542,0,0,,1,0.0279
121990.25,771.0,3331,Planter,99321.26,5444.67,73,WI,0.948,0,0,low_down_payment;long_term,1,0.065
120007.8,712.0,4238,Loader,93471.9,17943.46,64,IA,0.8389,0,0,,0,0.0328
130277.61,642.0,1152,Harvester,284660.3,47543.41,72,MN,0.8569,0,0,,1,0.0825
45499.76,697.0,1151,Loader,280201.78,38563.0,45,MO,0.879,0,0,low_income,1,0.0912
91248.19,659.0,1151,Tractor,65145.72,22077.96,48,IA,0.7469,0,0,,1,0.0322
130976.89,693.0,1119,Planter,298130.64,39271.41,57,NE,0.8836,0,0,,1,0.0346
111422.8,685.0,1113,Loader,243748.21,31867.51,50,IL,0.8844,0,0,,1,0.0341
137729.28,699.0,1112,Combine,100409.55,29170.64,68,IN,0.7749,0,0,,1,0.0278
82875.1,691.0,1151,Planter,268637.48,72090.45,58,IL,0.7884,0,0,,1,0.0304
185766.58,756.0,1119,Planter,86168.85,7849.58,40,IN,0.9165,0,0,low_down_payment,1,0.0336
84913.48,741.0,3331,Combine,153834.85,47137.67,58,MN,0.7655,0,0,,1,0.0266
45554.2,664.0,1119,Sprayer,182447.03,26551.05,84,KS,0.873,0,0,low_income;long_term,0,0.1745
34437.31,645.0,3331,Loader,90966.04,6458.18,46,IL,0.9337,0,0,low_down_payment;low_income,0,0.1997
108695.19,809.0,1121,Tractor,236311.99,1536.37,69,MO,0.9935,1,0,high_ltv;low_down_payment;prior_default,1,0.1683
198284.49,679.0,1152,Planter,290084.9,42630.54,65,MN,0.8719,0,0,,1,0.0454
99835.93,706.0,1119,Harvester,273226.41,73300.77,56,MO,0.7885,0,0,,1,0.0244
63965.35,566.0,1111,Baler,238126.88,37734.48,64,MO,0.8632,1,0,low_credit;prior_default,0,0.2584
170988.83,719.0,1119,Planter,200501.59,24117.33,75,IL,0.8926,0,0,long_term,1,0.0509
104917.51,556.0,1152,Skid Steer,181643.65,48915.74,65,IA,0.7878,0,0,low_credit,0,0.1721
161993.96,757.0,1111,Tractor,230593.34,65432.79,65,SD,0.779,0,0,,1,0.027
99571.16,698.0,4238,Planter,103271.09,17020.12,57,WI,0.8585,0,0,,1,0.0317
82338.73,722.0,1152,Loader,213922.81,86294.65,67,NE,0.7126,0,0,,1,0.0269
142385.24,719.0,1111,Sprayer,244366.6,90233.67,58,IA,0.7303,0,0,,1,0.0204
151910.1,570.0,1111,Tractor,196817.07,49443.37,36,IA,0.7992,0,0,low_credit,1,0.1274
98625.23,699.0,1121,Sprayer,146726.11,34958.94,55,MN,0.8076,0,0,,1,0.0257
193892.78,682.0,1113,Combine,156453.02,38055.31,70,NE,0.8044,0,0,,1,0.0365
160366.24,753.0,1112,Baler,109581.69,24677.4,59,NE,0.8162,0,0,,1,0.0282
130326.22,688.0,1112,Tractor,216712.73,76250.36,60,KS,0.7397,0,0,,1,0.0226
166518.05,778.0,1112,Harvester,189408.35,15368.7,74,WI,0.9249,0,0,low_down_payment;long_term,1,0.0613
30000.0,748.0,1121,Sprayer,49863.1,13764.53,62,KS,0.7837,0,0,low_income,1,0.1123
61191.83,716.0,1111,Combine,302254.6,30452.3,52,WI,0.9085,0,0,low_down_payment,1,0.0776
143080.0,718.0,1111,Planter,246346.98,99845.57,70,KS,0.7116,0,0,,1,0.0228
217607.4,674.0,4238,Skid Steer,74417.7,15676.82,38,KS,0.826,0,0,,1,0.0282
154362.28,804.0,1151,Sprayer,74733.67,11378.99,49,MN,0.8679,0,0,,1,0.0291
185271.36,669.0,1152,Planter,55125.06,6606.11,62,KS,0.893,0,0,,1,0.0547
74074.32,692.0,1112,Skid Steer,236373.48,27413.64,46,IL,0.8961,0,0,,1,0.0464
155084.17,730.0,1151,Planter,238985.72,60797.94,73,IL,0.7972,0,0,long_term,1,0.036
144624.06,672.0,4238,Planter,203902.41,48474.37,48,SD,0.8079,1,0,prior_default,1,0.0952
105752.85,620.0,1121,Combine,74974.54,35637.33,60,ND,0.6778,0,0,low_credit,1,0.0629
169815.7,713.0,1151,Combine,136029.68,33274.49,69,ND,0.8035,0,0,,1,0.0312
56293.56,787.0,1119,Skid Steer,305372.34,28076.64,51,IL,0.9158,0,0,low_down_payment;low_income,1,0.0943
72898.23,668.0,1113,Baler,85270.23,12249.88,69,IL,0.8744,0,1,bankruptcy,0,0.1952
110709.12,635.0,1111,Skid Steer,259037.39,18814.51,38,IN,0.9323,0,0,low_down_payment;low_credit,1,0.0909
220720.57,650.0,3331,Skid Steer,153580.52,30387.66,63,SD,0.8348,0,0,,1,0.0619
54810.6,728.0,1111,Harvester,258376.33,82487.83,65,IL,0.758,0,0,low_income,1,0.0664
142034.28,692.0,1151,Planter,173161.44,50717.64,71,WI,0.7735,1,0,prior_default,1,0.0883
84736.84,661.0,1152,Skid Steer,61692.98,20144.17,67,ND,0.7539,0,0,,1,0.0476
152367.73,678.0,1113,Tractor,53008.69,13276.5,68,ND,0.7997,0,0,,1,0.0376
93879.58,721.0,1113,Tractor,208869.9,39622.12,53,WI,0.8405,0,0,,0,0.0281
193912.73,680.0,1152,Harvester,170565.27,76677.41,73,NE,0.6899,0,0,long_term,1,0.0294
130341.74,620.0,4238,Skid Steer,153843.02,43477.97,58,WI,0.7797,0,0,low_credit,1,0.0834
127270.86,734.0,1121,Harvester,177084.48,82288.09,67,IN,0.6827,0,0,,1,0.0196
93092.85,691.0,1121,Baler,214409.37,71826.13,64,SD,0.7491,0,0,,1,0.0239
130996.12,733.0,1121,Skid Steer,141793.97,67957.01,46,KS,0.676,0,0,,1,0.0138
180589.69,743.0,1111,Sprayer,234121.61,74086.68,55,SD,0.7596,0,0,,1,0.0217
189822.77,594.0,1111,Tractor,215078.9,85576.84,50,NE,0.7154,0,0,low_credit,0,0.0896
40785.48,599.0,1112,Planter,165911.04,86268.72,45,ND,0.6579,0,0,low_income;low_credit,1,0.1539
185055.33,677.0,1111,Planter,139268.85,61401.6,70,NE,0.694,0,0,,1,0.0272
111155.02,742.0,1113,Harvester,134629.23,36647.39,58,MO,0.786,0,0,,1,0.0249
98534.6,688.0,4238,Skid Steer,131336.84,41493.13,70,IN,0.7599,0,0,,0,0.0281
82345.51,715.0,3331,Planter,315318.14,26031.12,60,IN,0.9237,0,0,low_down_payment,0,0.0554
146023.37,712.0,1152,Combine,107221.5,47399.68,65,KS,0.6934,0,0,,1,0.0198
127515.84,783.0,4238,Combine,131615.14,55017.22,69,IL,0.7052,0,0,,1,0.022
124502.33,684.0,1152,Skid Steer,249012.01,90182.12,82,WI,0.7341,0,0,long_term,1,0.0362
153613.85,723.0,1111,Sprayer,57543.0,5908.05,55,NE,0.9069,0,0,low_down_payment,1,0.0404
172611.54,729.0,1151,Harvester,262761.47,59470.01,57,IL,0.8154,0,0,,1,0.0273
70610.83,646.0,1151,Planter,132486.95,51462.77,48,NE,0.7202,0,0,,1,0.0588
39834.6,648.0,3331,Skid Steer,67316.77,10125.08,70,WI,0.8693,0,0,low_income,0,0.1827
44144.07,772.0,1121,Loader,68685.79,24076.3,66,KS,0.7405,0,0,low_income,1,0.0799
74730.8,693.0,1112,Harvester,70737.73,13810.83,45,NE,0.8367,0,0,,1,0.0369
104374.22,709.0,1111,Skid Steer,158104.23,39393.33,71,WI,0.8005,0,0,,1,0.0318
103993.23,712.0,1112,Sprayer,221033.35,69546.47,49,MN,0.7607,0,0,,1,0.0198
75086.44,686.0,3331,Planter,76270.16,24738.39,47,ND,0.7551,0,0,,1,0.0303
61741.1,667.0,1151,Harvester,196074.82,71574.68,43,SD,0.7326,0,0,,1,0.0514
30000.0,686.0,1111,Loader,86618.26,3304.56,69,IA,0.9633,0,0,high_ltv;low_down_payment;low_income,1,0.1988
142732.78,733.0,1112,Combine,288896.77,57860.15,64,KS,0.8331,0,0,,1,0.0322
61172.44,670.0,1111,Loader,201808.1,84137.3,37,IL,0.7058,0,0,,0,0.0414
106687.71,771.0,1119,Loader,50888.9,5414.82,53,MO,0.9038,1,1,low_down_payment;prior_default;bankruptcy,0,0.2211
101827.26,608.0,1152,Sprayer,100455.87,27254.79,38,KS,0.7866,0,0,low_credit,1,0.0799
204117.08,641.0,1121,Skid Steer,187586.14,23945.87,43,SD,0.8868,0,0,,1,0.0646
73169.06,680.0,1111,Planter,125412.3,19232.25,68,NE,0.867,0,0,,0,0.0679
73992.17,723.0,1151,Loader,75451.12,7812.55,72,SD,0.9062,0,0,low_down_payment,1,0.0742
144809.13,737.0,1151,Loader,60442.85,18353.63,56,IA,0.7671,0,0,,1,0.0226
167448.53,637.0,1119,Harvester,238085.9,63866.9,77,MO,0.7885,0,0,low_credit;long_term,1,0.0904
88387.11,704.0,1119,Sprayer,242481.32,65361.38,55,NE,0.7877,0,0,,1,0.025
76204.08,684.0,1152,Loader,220816.58,70988.63,49,ND,0.7567,0,0,,1,0.0317
163832.28,657.0,1112,Tractor,273218.86,52085.56,41,KS,0.8399,0,0,,1,0.0421
173649.1,632.0,1111,Planter,120268.91,43913.6,71,WI,0.7325,0,0,low_credit,1,0.0715
32734.02,679.0,4238,Skid Steer,221036.06,42636.66,61,IN,0.8383,0,0,low_income,1,0.137
143097.52,712.0,3331,Planter,73561.68,15699.77,71,NE,0.8241,0,0,,1,0.0345
30000.0,699.0,4238,Tractor,144366.27,36808.63,68,SD,0.7968,0,0,low_income,1,0.1225
180657.23,597.0,1152,Sprayer,47232.81,13279.71,81,NE,0.7805,0,0,low_credit;long_term,1,0.1435
126015.88,705.0,1113,Planter,260953.25,37690.85,71,SD,0.8738,0,0,,1,0.0409
125740.78,728.0,1119,Tractor,48072.8,12031.42,78,NE,0.7998,0,0,long_term,1,0.039
76666.13,681.0,1119,Sprayer,101987.87,12254.23,42,IL,0.8927,0,0,,1,0.0476
83308.77,738.0,1152,Skid Steer,100876.34,21931.78,38,MO,0.8214,0,0,,1,0.0251
163517.76,736.0,1119,Sprayer,311295.84,17365.57,84,KS,0.9472,0,0,low_down_payment;long_term,0,0.0745
59350.11,657.0,1112,Skid Steer,154363.71,33786.55,76,IA,0.8204,0,0,low_income;long_term,1,0.132
34234.12,617.0,1113,Tractor,233851.8,48488.17,61,KS,0.8283,0,0,low_income;low_credit,0,0.2096
65388.86,656.0,3331,Harvester,250751.37,76696.73,57,IA,0.7658,0,0,,1,0.0734
165173.99,739.0,1121,Harvester,117433.53,8604.2,43,ND,0.9317,1,0,low_down_payment;prior_default,1,0.1088
134243.62,691.0,4238,Harvester,214344.23,116150.12,57,WI,0.6486,0,0,,1,0.0148
119693.7,694.0,1119,Harvester,237731.07,76838.13,84,MN,0.7557,0,0,long_term,1,0.0365
133075.0,660.0,1113,Skid Steer,254884.8,38572.79,47,MN,0.8686,0,0,,1,0.0476
79203.17,679.0,1112,Planter,63821.25,22699.69,81,ND,0.7376,0,0,long_term,1,0.0512
139049.21,653.0,1113,Skid Steer,220512.76,54838.03,57,IA,0.8008,0,0,,1,0.0488
61971.32,689.0,1113,Skid Steer,236359.8,54233.83,55,IN,0.8134,0,0,,0,0.0547
121778.79,731.0,1121,Planter,175547.27,19622.9,65,WI,0.8995,0,0,,1,0.041
50040.83,617.0,1113,Skid Steer,161220.93,59288.7,55,MO,0.7311,0,0,low_income;low_credit,0,0.1502
58539.49,627.0,1151,Tractor,116613.65,16254.8,72,IN,0.8777,0,0,low_income;low_credit,0,0.1865
70164.48,692.0,1119,Tractor,88478.99,9738.44,46,NE,0.9008,0,0,low_down_payment,1,0.0572
128448.62,680.0,1119,Skid Steer,229605.55,45710.43,60,WI,0.834,0,0,,1,0.0361
135905.68,701.0,1121,Tractor,161414.56,75734.94,50,WI,0.6806,0,0,,1,0.015
128429.62,704.0,1112,Planter,147620.22,30723.13,57,MN,0.8277,0,0,,1,0.0285
127381.74,615.0,1152,Baler,164239.83,23209.96,46,SD,0.8762,0,0,low_credit,1,0.1014
100966.56,606.0,1119,Skid Steer,74054.29,12520.14,36,MN,0.8554,0,0,low_credit,1,0.0967
158074.73,688.0,1111,Sprayer,99905.62,42568.82,61,MN,0.7012,0,0,,1,0.0198
99409.55,677.0,1121,Planter,198991.31,33951.29,57,IN,0.8543,0,0,,1,0.0391
68047.61,713.0,1119,Baler,115811.79,29561.25,47,IL,0.7967,0,0,,1,0.0393
183022.49,665.0,1111,Baler,55029.04,3333.7,68,IA,0.9429,0,0,low_down_payment,1,0.0797
75459.59,717.0,1119,Sprayer,58484.43,19423.13,52,ND,0.7507,0,0,,1,0.0297
119516.0,726.0,1112,Sprayer,195272.35,19251.43,60,SD,0.9103,0,0,low_down_payment,1,0.0438
91653.24,620.0,1111,Baler,205946.36,5590.52,43,NE,0.9736,0,0,high_ltv;low_down_payment;low_credit,0,0.1375
71583.24,696.0,1111,Sprayer,274930.4,27093.56,62,SD,0.9103,0,0,low_down_payment,1,0.0701
103995.94,631.0,1113,Tractor,250203.69,66938.18,63,KS,0.7889,0,0,low_credit,1,0.0774
77427.61,667.0,1111,Sprayer,134892.72,48705.26,62,NE,0.7347,0,0,,1,0.0452
154473.46,596.0,1121,Harvester,210714.79,104473.78,74,MN,0.6685,0,0,low_credit;long_term,1,0.1044
82681.13,652.0,1111,Combine,65665.41,19267.39,71,SD,0.7731,0,0,,1,0.0647
65838.32,769.0,1151,Skid Steer,194779.58,53489.39,62,IA,0.7846,0,0,,1,0.049
114961.6,790.0,1112,Planter,200241.49,60935.38,51,IA,0.7667,0,0,,1,0.0209
82224.01,660.0,1152,Skid Steer,250088.08,45782.06,63,IL,0.8453,0,0,,0,0.0656
70069.25,712.0,1119,Loader,272238.19,63271.08,83,KS,0.8114,0,0,long_term,0,0.0696
112828.36,627.0,1151,Tractor,109799.69,27491.15,52,IN,0.7998,0,0,low_credit,0,0.0744
91127.92,658.0,1151,Planter,254552.06,21265.81,52,KS,0.9229,0,0,low_down_payment,0,0.0682
45441.08,693.0,1112,Skid Steer,182720.06,59096.28,55,MN,0.7556,0,0,low_income,1,0.0716
62540.14,706.0,3331,Tractor,241120.05,49252.58,54,SD,0.8304,0,0,,1,0.0553
93998.87,710.0,1119,Baler,216478.47,66841.52,59,IL,0.7641,0,0,,1,0.0234
81663.61,705.0,1121,Combine,290324.68,58262.35,65,IA,0.8329,0,0,,1,0.0405
30000.0,719.0,1151,Sprayer,270265.79,51235.62,39,SD,0.8406,0,0,low_income,1,0.1038
75993.35,623.0,1151,Baler,246444.13,69787.01,69,SD,0.7793,0,0,low_credit,1,0.1161
58265.55,623.0,1121,Combine,128912.75,61801.5,59,IL,0.6759,0,0,low_income;low_credit,0,0.1162
77801.59,824.0,1113,Harvester,278334.9,24713.55,64,IL,0.9185,0,0,low_down_payment,1,0.0639
75578.05,636.0,1121,Loader,271571.62,33833.64,50,KS,0.8892,0,0,low_credit,1,0.1106
95131.26,676.0,1113,Planter,188266.78,30435.33,70,IN,0.8608,0,0,,1,0.0489
102554.6,608.0,1119,Sprayer,187063.25,45715.3,55,ND,0.8036,0,0,low_credit,1,0.1007
127590.76,736.0,4238,Skid Steer,179157.37,55649.99,38,NE,0.763,0,0,,1,0.0169
95070.0,680.0,4238,Loader,235259.73,49599.41,52,IN,0.8259,0,0,,0,0.0316
115364.78,658.0,4238,Harvester,220821.04,81073.31,84,IN,0.7315,0,0,long_term,1,0.0566
67155.54,652.0,1151,Combine,173971.03,92256.23,52,SD,0.6535,0,0,,1,0.0498
111059.37,646.0,1152,Loader,263679.3,83199.37,61,SD,0.7601,0,0,,1,0.0503
165912.64,722.0,1152,Combine,258225.38,35057.7,64,NE,0.8805,0,0,,0,0.0379
75842.56,739.0,1112,Sprayer,274882.38,69892.85,48,IA,0.7973,0,0,,1,0.0326
45473.97,708.0,1119,Combine,102334.17,23656.56,71,NE,0.8122,0,0,low_income,1,0.1004
101285.59,670.0,4238,Planter,72353.59,32496.13,68,ND,0.6901,0,0,,1,0.0293
30000.0,679.0,1152,Baler,251694.84,38409.08,46,NE,0.8676,0,0,low_income,0,0.1347
37184.85,643.0,1111,Baler,281492.45,10995.59,43,MN,0.9624,0,0,high_ltv;low_down_payment;low_income,0,0.2105
71974.93,686.0,1119,Combine,128624.32,27375.87,59,ND,0.8245,0,0,,1,0.049
106778.58,710.0,1112,Planter,145451.5,18967.69,43,IA,0.8846,0,0,,1,0.0282
73467.68,666.0,1152,Skid Steer,231813.78,58344.85,48,IL,0.7989,0,0,,1,0.0519
95085.33,654.0,1111,Baler,112949.09,34357.65,52,ND,0.7668,0,0,,1,0.0401
40919.17,679.0,1113,Combine,187418.95,101041.55,79,MN,0.6497,0,0,low_income;long_term,1,0.0941
82455.61,683.0,1119,Baler,88434.29,21458.87,60,IN,0.8047,0,0,,1,0.038
58423.39,690.0,1151,Tractor,159395.89,61414.25,83,KS,0.7219,0,0,low_income;long_term,1,0.0744
182398.65,772.0,1111,Planter,261288.87,52492.67,68,MN,0.8327,0,0,,1,0.0341
193911.9,755.0,1151,Planter,178219.95,61012.18,51,NE,0.745,0,0,,1,0.0193
45843.29,662.0,1112,Loader,121732.27,32538.15,65,KS,0.7891,0,0,low_income,1,0.1229
97572.16,668.0,4238,Combine,156265.22,28878.89,72,IA,0.844,0,0,,0,0.0541
168796.14,611.0,1151,Combine,254034.85,40198.3,63,MO,0.8634,0,0,low_credit,1,0.1217
274182.67,696.0,1119,Harvester,78034.86,15106.97,61,SD,0.8378,0,0,,1,0.0313
54745.13,702.0,1113,Harvester,65907.58,14491.35,49,IL,0.8198,0,0,low_income,0,0.0659
88919.21,721.0,1121,Sprayer,266448.92,28737.98,61,ND,0.9026,0,0,low_down_payment,1,0.0445
109234.9,658.0,1151,Skid Steer,141416.05,11222.35,48,SD,0.9265,0,0,low_down_payment,1,0.0657
73418.95,634.0,1112,Skid Steer,108802.11,21850.15,59,WI,0.8328,0,0,low_credit,1,0.111
131108.53,716.0,1112,Sprayer,41689.16,14040.93,66,MO,0.7481,0,0,,1,0.0245
100924.77,676.0,1111,Tractor,324143.49,21465.36,59,IL,0.9379,0,0,low_down_payment,0,0.0599
176286.0,717.0,1119,Baler,265092.63,55915.43,62,ND,0.8258,0,0,,1,0.0305
232184.88,807.0,4238,Harvester,90947.0,22034.91,53,IL,0.805,0,0,,1,0.0247
96409.69,648.0,3331,Combine,161494.67,24388.12,39,IL,0.8688,0,0,,1,0.0517
58346.99,640.0,1112,Combine,55579.69,8656.29,73,KS,0.8652,0,0,low_income;long_term,0,0.1666
114084.38,628.0,1119,Loader,65982.51,15804.09,74,SD,0.8068,0,0,low_credit;long_term,0,0.1033
91404.4,813.0,1121,Loader,189007.99,70310.48,73,KS,0.7289,0,0,long_term,1,0.0283
121125.48,720.0,1119,Skid Steer,200452.95,0.0,56,IL,1.0,0,0,high_ltv;low_down_payment,1,0.0612
156583.54,719.0,1111,Loader,282978.16,51571.65,51,IA,0.8458,0,0,,1,0.0278
113278.13,741.0,1119,Skid Steer,214079.97,54254.98,61,KS,0.7978,0,0,,1,0.0272
143813.52,653.0,1119,Baler,94104.93,46095.84,73,IA,0.6712,0,0,long_term,0,0.0438
87897.0,666.0,1151,Sprayer,219772.79,12625.47,62,IL,0.9457,0,0,low_down_payment,1,0.0769
167878.0,830.0,1113,Sprayer,45843.66,13231.18,48,MO,0.776,0,0,,1,0.0207
63053.84,757.0,1113,Tractor,188373.92,32474.14,68,MN,0.853,0,0,,0,0.0702
63079.93,697.0,1121,Harvester,193353.09,83742.54,59,IN,0.6978,0,0,,1,0.0376
52382.62,583.0,1111,Tractor,95561.71,15537.87,72,WI,0.8601,0,0,low_income;low_credit,0,0.2316
48166.9,704.0,1151,Tractor,204775.65,45041.88,57,IL,0.8197,0,0,low_income,0,0.0836
127464.42,632.0,1111,Planter,266410.45,57630.6,36,IA,0.8222,0,0,low_credit,1,0.0613
121373.89,806.0,1112,Baler,144903.69,62583.21,70,NE,0.6984,0,0,,1,0.0218
136558.25,759.0,1111,Sprayer,196234.6,0.0,50,WI,1.0,0,0,high_ltv;low_down_payment,0,0.0565
134075.04,633.0,1151,Baler,100413.47,21160.04,69,MN,0.8259,0,0,low_credit,1,0.0903
69873.95,676.0,3331,Skid Steer,79987.44,11148.74,51,MN,0.8777,1,0,prior_default,0,0.1549
131272.5,636.0,3331,Sprayer,198149.72,35689.51,45,IA,0.8474,0,0,low_credit,1,0.069
66987.79,650.0,1111,Tractor,132324.89,11355.25,69,MN,0.921,0,0,low_down_payment,1,0.1402
173649.91,729.0,1119,Skid Steer,238968.23,98080.05,69,MN,0.709,0,0,,1,0.0223
144510.18,584.0,1111,Loader,232134.7,19124.53,65,WI,0.9239,0,0,low_down_payment;low_credit,0,0.188
88696.99,719.0,1119,Sprayer,255366.99,11886.02,60,SD,0.9555,0,0,high_ltv;low_down_payment,1,0.0579
75153.96,707.0,1113,Combine,233832.21,27700.96,76,ND,0.8941,0,0,long_term,1,0.0733
85084.83,657.0,1152,Harvester,126643.9,29473.18,56,WI,0.8112,0,0,,1,0.0524
70649.61,653.0,1119,Harvester,144032.39,25470.87,70,KS,0.8497,0,0,,1,0.1009
87163.02,655.0,1152,Loader,42995.35,13234.62,84,ND,0.7646,0,0,long_term,1,0.0699
157177.64,692.0,1152,Skid Steer,252870.56,56258.38,60,IA,0.818,0,0,,1,0.0288
105249.19,727.0,1112,Sprayer,63033.49,16740.02,61,IN,0.7902,0,0,,1,0.0265
31513.93,659.0,1113,Planter,214325.7,45884.43,83,IN,0.8237,0,1,low_income;long_term;bankruptcy,0,0.2471
80610.94,603.0,1119,Tractor,140472.29,28119.08,74,KS,0.8332,0,0,low_credit;long_term,1,0.1625
39912.75,677.0,1119,Skid Steer,108496.25,0.0,43,NE,1.0,0,0,high_ltv;low_down_payment;low_income,0,0.172
48036.54,558.0,1111,Tractor,189140.86,51370.83,49,SD,0.7864,0,0,low_income;low_credit,0,0.2197
98558.51,664.0,1121,Skid Steer,40557.02,13556.63,69,SD,0.7495,0,0,,1,0.0402
168983.85,734.0,1119,Baler,213656.85,25299.95,80,ND,0.8941,0,0,long_term,1,0.0547
97962.59,708.0,1151,Tractor,56103.15,12539.68,54,IN,0.8173,0,0,,1,0.0262
139488.31,659.0,3331,Tractor,343998.79,2592.7,57,MN,0.9925,0,0,high_ltv;low_down_payment,1,0.0958
78347.33,723.0,4238,Harvester,180335.13,74951.72,67,ND,0.7064,0,0,,1,0.0293
161922.47,679.0,3331,Harvester,186644.07,17153.71,65,IN,0.9158,0,0,low_down_payment,1,0.0571
87874.12,677.0,1152,Tractor,217365.91,24046.0,61,NE,0.9004,0,0,low_down_payment,0,0.0564
94763.13,613.0,1151,Baler,292791.08,12862.37,84,KS,0.9579,0,0,high_ltv;low_down_payment;low_credit;long_term,0,0.1981
101797.11,628.0,4238,Planter,247336.34,64247.27,56,MO,0.7938,0,0,low_credit,1,0.0754
106564.65,744.0,1119,Baler,93543.12,37757.81,66,SD,0.7124,0,0,,1,0.0216
46784.77,708.0,4238,Loader,64291.03,13198.83,62,IA,0.8297,0,0,low_income,0,0.0934
131652.32,748.0,1119,Baler,282072.8,35010.89,52,IA,0.8896,0,0,,1,0.0328
74518.5,755.0,1121,Loader,189723.46,63032.54,38,ND,0.7506,0,0,,1,0.0247
85636.88,639.0,3331,Planter,251891.72,93054.78,84,MN,0.7302,0,0,low_credit;long_term,1,0.0882
197360.62,643.0,4238,Combine,206538.21,71220.26,54,WI,0.7436,0,0,,1,0.0455
113808.02,672.0,3331,Combine,258810.67,54240.14,64,IA,0.8267,0,0,,1,0.0428
97083.89,618.0,1119,Loader,240682.61,50512.55,54,IA,0.8265,0,0,low_credit,0,0.0938
131702.21,685.0,3331,Skid Steer,72693.22,35507.03,49,IA,0.6718,0,0,,1,0.0157
104781.75,661.0,1113,Tractor,199605.13,45920.04,43,MO,0.813,0,0,,1,0.0366
42599.63,661.0,4238,Sprayer,251753.51,36533.13,76,NE,0.8733,0,0,low_income;long_term,0,0.1767
87070.84,699.0,1121,Tractor,48419.4,3520.42,64,SD,0.9322,0,0,low_down_payment,1,0.0535
73324.66,690.0,3331,Planter,150158.49,28211.23,55,NE,0.8418,0,0,,1,0.0451
72288.55,720.0,4238,Tractor,190013.48,11716.06,54,IL,0.9419,0,0,low_down_payment,1,0.0686
104514.2,697.0,1121,Loader,131721.9,24577.7,84,MO,0.8428,1,0,long_term;prior_default,0,0.1287
103246.74,731.0,1112,Tractor,203773.75,47862.14,70,NE,0.8098,0,0,,1,0.0324
142368.94,605.0,1151,Loader,99186.65,24629.88,61,WI,0.8011,1,0,low_credit;prior_default,0,0.1957
159180.04,779.0,1121,Loader,143533.86,28331.6,79,MN,0.8352,1,0,long_term;prior_default,1,0.1209
242133.16,663.0,1113,Planter,92646.2,18256.13,70,MN,0.8354,0,0,,1,0.0555
106171.12,694.0,3331,Sprayer,122185.02,59430.27,59,IL,0.6728,0,0,,1,0.0167
119876.71,705.0,1119,Harvester,69152.36,10704.03,62,KS,0.866,0,0,,1,0.035
104747.15,744.0,1151,Skid Steer,299670.91,27628.4,76,MO,0.9156,0,0,low_down_payment;long_term,1,0.0611
155591.08,746.0,1111,Combine,289529.29,54781.13,62,WI,0.8409,1,0,prior_default,1,0.0966
43374.91,683.0,3331,Combine,34576.65,12588.11,64,IL,0.7331,0,0,low_income,1,0.0855
60714.24,777.0,3331,Tractor,90563.51,10463.74,54,IL,0.8964,0,0,,1,0.0709
166142.99,639.0,1111,Harvester,268985.05,890.06,58,WI,0.9967,0,0,high_ltv;low_down_payment;low_credit,0,0.1343
61371.02,581.0,1151,Combine,240585.61,104785.27,36,NE,0.6966,0,0,low_credit,1,0.1363
104397.63,673.0,1121,Harvester,241455.55,38534.27,63,MO,0.8624,0,0,,1,0.0468
116994.47,713.0,4238,Loader,245979.03,44407.99,84,MN,0.8471,0,0,long_term,1,0.0496
82263.15,656.0,1111,Combine,156003.57,17395.49,58,IN,0.8997,0,0,,0,0.077
64722.99,764.0,1113,Planter,37147.78,7937.16,84,SD,0.824,0,0,long_term,1,0.082
88695.92,640.0,1112,Planter,165739.83,12531.34,36,MO,0.9297,0,0,low_down_payment;low_credit,1,0.0844
138041.97,642.0,1112,Combine,90135.64,33803.04,68,IN,0.7273,0,0,,1,0.0528
57792.58,752.0,1121,Baler,116336.98,28034.66,49,KS,0.8058,0,0,low_income,1,0.0589
115425.35,686.0,1151,Skid Steer,152667.8,24353.19,54,IN,0.8624,0,0,,1,0.033
89774.59,706.0,1111,Combine,193323.17,18564.22,53,NE,0.9124,0,0,low_down_payment,1,0.0402
83045.58,630.0,1112,Baler,150402.56,61325.61,72,MN,0.7104,0,0,low_credit,1,0.0805
121027.22,676.0,1151,Combine,313618.94,33854.33,48,IN,0.9026,0,0,low_down_payment,1,0.0456
144646.8,736.0,4238,Loader,265796.44,34507.3,66,WI,0.8851,0,0,,1,0.0396
76380.21,654.0,1112,Sprayer,195891.18,44241.34,53,KS,0.8158,0,0,,1,0.0663
62841.89,658.0,1119,Skid Steer,259186.08,68243.2,66,IL,0.7916,1,0,prior_default,0,0.178
110845.63,688.0,1111,Loader,50052.47,10413.31,64,ND,0.8278,0,0,,1,0.0326
69247.29,689.0,3331,Harvester,187393.34,66025.84,61,ND,0.7395,0,0,,0,0.0389
60221.48,793.0,1152,Harvester,271784.47,63455.13,71,NE,0.8107,0,0,,1,0.0682
97032.07,733.0,1119,Harvester,165966.16,55826.63,67,MN,0.7483,0,0,,1,0.0249
189502.15,649.0,1152,Harvester,118267.64,28480.9,64,IN,0.8059,0,0,,1,0.0581
60420.1,737.0,1119,Baler,155743.7,35155.66,64,MO,0.8158,0,0,,0,0.0632
59185.6,712.0,4238,Baler,93154.26,24046.41,76,ND,0.7948,0,0,low_income;long_term,1,0.0837
193233.64,638.0,3331,Skid Steer,125502.3,25825.54,56,IN,0.8293,0,0,low_credit,1,0.0729
167678.94,716.0,1119,Loader,105189.3,44170.95,68,SD,0.7043,0,0,,1,0.0216
174459.2,715.0,1113,Skid Steer,143464.06,33325.73,73,KS,0.8115,0,0,long_term,1,0.0378
162862.97,680.0,1113,Loader,135621.19,41605.4,51,IN,0.7652,0,0,,1,0.0251
121165.92,686.0,1113,Baler,98377.19,12851.04,59,NE,0.8845,0,0,,1,0.0381
84829.44,663.0,1111,Sprayer,51334.97,16164.43,52,IN,0.7605,0,0,,1,0.0387
87935.17,715.0,1112,Planter,84206.17,3504.35,61,NE,0.96,0,0,high_ltv;low_down_payment,1,0.0606
183998.58,564.0,1112,Planter,231263.06,6484.54,56,NE,0.9727,0,0,high_ltv;low_down_payment;low_credit,0,0.2265
76386.14,744.0,1113,Planter,185227.43,23169.18,53,KS,0.8888,0,0,,1,0.0471
59917.82,627.0,1151,Skid Steer,146565.12,63338.47,64,SD,0.6982,0,0,low_income;low_credit,0,0.1198
30000.0,709.0,1119,Loader,58271.91,10100.67,66,IN,0.8523,0,0,low_income,0,0.1371
92892.59,588.0,1111,Baler,263749.6,80922.54,71,NE,0.7652,0,0,low_credit,0,0.1313
67356.29,691.0,1113,Sprayer,73349.39,11623.15,65,MO,0.8632,0,0,,0,0.0633
117462.38,621.0,1121,Harvester,141193.95,65636.46,41,IN,0.6827,0,0,low_credit,1,0.0494
116496.48,725.0,1121,Planter,141950.19,25674.36,60,NE,0.8468,0,0,,1,0.0318
30000.0,698.0,1119,Sprayer,243309.84,0.0,64,MO,1.0,0,0,high_ltv;low_down_payment;low_income,1,0.1999
190755.57,680.0,1113,Combine,183816.7,43108.92,50,ND,0.81,0,0,,1,0.0289
100442.69,785.0,1113,Baler,209806.75,107631.85,50,MO,0.6609,0,0,,1,0.0139
87743.16,717.0,1113,Planter,271510.93,70969.5,51,IL,0.7928,0,0,,1,0.0244
185481.17,733.0,4238,Harvester,119473.41,37444.18,47,NE,0.7614,0,0,,1,0.0193
81091.66,642.0,1151,Skid Steer,252765.62,49145.25,67,IN,0.8372,0,0,,0,0.089
114066.11,670.0,1119,Harvester,128564.79,27699.02,75,SD,0.8227,0,0,long_term,1,0.0559
143123.77,610.0,1111,Baler,69055.25,11294.15,47,NE,0.8594,0,0,low_credit,0,0.1045
120026.57,802.0,3331,Baler,71248.29,24822.08,51,SD,0.7416,0,0,,1,0.0191
144497.62,790.0,1121,Baler,89337.0,15807.95,77,IN,0.8497,0,0,long_term,1,0.0454
142768.0,554.0,4238,Skid Steer,168498.2,34803.26,57,MO,0.8288,0,0,low_credit,0,0.1789
102923.56,728.0,1121,Tractor,74599.78,6072.8,66,IN,0.9247,0,0,low_down_payment,1,0.05
137800.76,657.0,4238,Baler,117645.16,14412.05,36,IA,0.8909,0,0,,1,0.0463
105159.68,701.0,1121,Combine,52892.02,4433.71,66,WI,0.9227,0,0,low_down_payment,0,0.0496
116054.89,627.0,1151,Baler,131248.81,26834.3,41,NE,0.8303,0,0,low_credit,1,0.0715
30000.0,589.0,1152,Sprayer,295650.2,49373.88,67,NE,0.8569,0,0,low_income;low_credit,0,0.2442
30000.0,716.0,1151,Baler,176752.76,45522.64,84,WI,0.7952,1,0,low_income;long_term;prior_default,0,0.2187
86076.74,590.0,3331,Baler,253282.8,46329.66,45,IN,0.8454,0,0,low_credit,1,0.1325
143191.3,684.0,1151,Skid Steer,122165.26,38512.76,57,IA,0.7603,0,0,,1,0.0249
118951.21,700.0,4238,Baler,131112.83,31577.76,58,MO,0.8059,0,0,,1,0.0268
86922.72,593.0,4238,Planter,339680.76,7062.51,43,IN,0.9796,0,0,high_ltv;low_down_payment;low_credit,0,0.1847
30000.0,738.0,1151,Tractor,253749.54,54151.57,54,NE,0.8241,0,0,low_income,1,0.1153
146054.03,781.0,1119,Planter,71020.56,22478.39,50,SD,0.7596,0,0,,1,0.0201
89353.26,684.0,1112,Baler,243101.83,29490.21,63,MN,0.8918,0,0,,1,0.0436
92542.34,705.0,4238,Planter,241835.31,42964.51,67,NE,0.8491,0,0,,1,0.0355
98844.12,820.0,1111,Harvester,197369.08,128219.04,49,SD,0.6062,0,0,,1,0.0111
190251.19,608.0,1119,Harvester,312257.02,35317.7,55,ND,0.8984,0,0,low_credit,1,0.1283
123332.95,732.0,1113,Loader,148800.56,22676.61,72,IL,0.8678,0,0,,1,0.0407
30000.0,710.0,1121,Tractor,236884.91,28837.55,54,MN,0.8915,0,0,low_income,1,0.1356
167075.03,696.0,1152,Loader,265067.88,70342.9,53,WI,0.7903,0,0,,1,0.0235
155399.23,746.0,1151,Harvester,73053.73,10585.82,69,WI,0.8734,0,0,,1,0.0397
163657.96,702.0,1151,Tractor,91008.99,17812.93,36,MO,0.8363,0,0,,1,0.0214
124712.17,675.0,3331,Baler,189207.52,27244.87,68,WI,0.8741,0,0,,1,0.0506
83695.41,640.0,1151,Combine,104272.3,14365.05,57,KS,0.8789,0,0,low_credit,0,0.0949
66488.52,727.0,3331,Tractor,103394.72,37634.91,48,WI,0.7331,0,0,,0,0.0333
188982.64,660.0,1112,Tractor,72794.24,7811.6,45,MN,0.9031,0,0,low_down_payment,1,0.0567
108487.16,645.0,1111,Harvester,209939.62,51554.18,56,KS,0.8028,0,0,,1,0.055
30000.0,808.0,3331,Loader,76122.74,29224.98,49,WI,0.7226,0,0,low_income,1,0.0834
86354.06,650.0,1112,Harvester,282264.84,10583.06,40,IA,0.9639,0,0,high_ltv;low_down_payment,0,0.0891
178797.94,658.0,4238,Baler,233921.12,49567.7,52,IL,0.8252,1,0,prior_default,1,0.1225
228618.16,668.0,1111,Planter,250378.58,20414.39,57,NE,0.9246,0,0,low_down_payment,1,0.0626
32784.78,693.0,3331,Sprayer,250804.22,38170.75,57,KS,0.8679,0,0,low_income,0,0.126
137632.47,648.0,1151,Combine,185049.88,18746.44,66,IN,0.908,0,0,low_down_payment,1,0.0894
133696.65,650.0,3331,Sprayer,196441.22,94779.91,60,SD,0.6745,0,0,,1,0.0351
106927.02,628.0,1152,Tractor,53277.78,6663.78,64,SD,0.8888,0,0,low_credit,0,0.1081
122814.9,700.0,3331,Planter,172853.22,86581.19,44,IN,0.6663,0,0,,1,0.0129
84807.17,670.0,3331,Skid Steer,234366.18,47149.13,59,IL,0.8325,0,0,,1,0.0479
148766.12,787.0,1113,Tractor,197331.62,65358.66,68,IA,0.7512,0,0,,1,0.0256
79987.33,702.0,1121,Planter,45451.33,10302.75,53,IA,0.8152,0,0,,1,0.0335
168771.31,657.0,1152,Skid Steer,165451.66,15876.23,61,WI,0.9124,0,0,low_down_payment,1,0.0757
149030.51,712.0,1152,Baler,153896.3,2919.64,52,WI,0.9814,0,0,high_ltv;low_down_payment,1,0.0547
50265.84,734.0,1151,Baler,97549.67,12441.52,50,MN,0.8869,0,0,low_income,0,0.0896
130691.5,724.0,1151,Skid Steer,135850.46,33249.22,60,IL,0.8034,0,0,,1,0.0273
30000.0,658.0,1121,Skid Steer,318380.43,28811.45,50,IL,0.917,0,0,low_down_payment;low_income,0,0.1904
30000.0,712.0,1119,Skid Steer,163829.88,0.0,62,SD,1.0,0,0,high_ltv;low_down_payment;low_income,0,0.1977
138970.16,676.0,1113,Sprayer,48247.6,4469.52,80,MO,0.9152,0,0,low_down_payment;long_term,1,0.0797
81110.49,663.0,1113,Harvester,97407.18,39102.13,84,NE,0.7136,0,0,long_term,0,0.0604
111489.86,637.0,3331,Skid Steer,84351.51,22800.06,57,KS,0.7872,0,0,low_credit,1,0.0662
108578.16,615.0,1121,Baler,109589.31,15799.23,62,MN,0.874,0,0,low_credit,0,0.1191
75747.98,677.0,4238,Loader,207709.71,99126.83,74,MO,0.6769,0,0,long_term,1,0.0431
147821.63,623.0,1151,Combine,187075.22,24105.63,70,SD,0.8859,0,0,low_credit,0,0.1201
108997.25,657.0,1112,Planter,96334.24,12179.6,63,ND,0.8878,0,0,,1,0.0657
129637.88,743.0,1113,Planter,200954.82,66639.4,66,IN,0.751,0,0,,1,0.0248
143287.08,641.0,1152,Sprayer,72716.62,0.0,62,KS,1.0,0,0,high_ltv;low_down_payment,1,0.1285
87874.67,720.0,1112,Baler,135579.73,22213.24,61,NE,0.8592,0,0,,1,0.0356
158271.23,772.0,1113,Skid Steer,145916.09,88679.15,41,IN,0.622,0,0,,1,0.0104
136612.28,583.0,3331,Loader,112749.56,52153.89,49,IL,0.6837,0,0,low_credit,0,0.0931
118551.23,778.0,1151,Harvester,77663.41,11998.35,55,SD,0.8662,0,0,,1,0.0316
120222.11,738.0,1119,Harvester,246831.74,22366.3,54,IA,0.9169,0,0,low_down_payment,1,0.0412
44423.81,726.0,1112,Tractor,201915.33,30796.54,60,WI,0.8677,0,1,low_income;bankruptcy,0,0.2132
173649.46,781.0,1151,Loader,289747.16,38783.94,65,IL,0.8819,0,0,,1,0.0386
30000.0,763.0,1111,Sprayer,252873.71,58619.1,53,ND,0.8118,0,0,low_income,1,0.1107
30000.0,618.0,1112,Combine,110427.11,48427.97,60,SD,0.6951,1,0,low_income;low_credit;prior_default,1,0.2195
89025.49,628.0,4238,Baler,137662.12,34848.35,58,NE,0.798,0,0,low_credit,0,0.08
166581.8,709.0,1112,Planter,195862.25,80740.7,44,IN,0.7081,0,0,,1,0.0151
62717.33,724.0,3331,Loader,207493.52,34410.67,43,ND,0.8578,0,0,,1,0.052
156435.63,632.0,1121,Planter,71195.49,30102.31,65,MO,0.7028,0,0,low_credit,1,0.06
30000.0,830.0,1121,Loader,57639.89,4446.4,70,MO,0.9284,1,0,low_down_payment;low_income;prior_default,1,0.2475
80606.44,750.0,1111,Sprayer,168964.2,31262.9,53,IA,0.8439,0,1,bankruptcy,1,0.1254
201867.09,747.0,1111,Skid Steer,202279.51,50026.37,36,MO,0.8017,0,0,,1,0.0189
64352.84,713.0,1152,Combine,72209.34,7691.49,64,ND,0.9037,0,0,low_down_payment,1,0.0825
102146.84,655.0,1112,Planter,232469.6,44303.75,51,WI,0.8399,0,0,,1,0.0494
171607.53,784.0,1121,Sprayer,215249.94,60803.09,72,NE,0.7797,1,0,prior_default,1,0.0908
78850.36,700.0,4238,Baler,267314.77,15984.68,64,NE,0.9436,0,0,low_down_payment,1,0.0674
162953.5,755.0,1113,Combine,119165.94,39384.99,65,IN,0.7516,0,0,,0,0.0245
79145.64,685.0,1112,Tractor,145213.32,13637.57,48,IN,0.9141,0,0,low_down_payment,0,0.0535
80250.94,721.0,1119,Sprayer,81346.71,15575.85,54,SD,0.8393,0,0,,1,0.0367
76092.32,549.0,3331,Tractor,147572.54,19430.91,40,IL,0.8836,0,0,low_credit,0,0.209
93594.01,697.0,3331,Planter,183918.86,55549.75,74,KS,0.768,0,0,long_term,0,0.033
65497.29,693.0,1121,Planter,145206.1,34575.23,67,WI,0.8077,0,0,,1,0.0569
61653.77,641.0,1112,Harvester,198175.24,81383.47,44,IA,0.7089,0,0,,1,0.0713
158635.04,660.0,1152,Skid Steer,166522.09,67784.52,77,MN,0.7107,0,0,long_term,1,0.047
100019.8,706.0,1151,Loader,198435.25,39476.78,61,WI,0.8341,0,0,,1,0.0309
112823.71,768.0,1111,Sprayer,122687.12,22077.15,61,SD,0.8475,0,0,,1,0.0324
144363.36,714.0,4238,Tractor,110810.2,34209.0,61,IN,0.7641,0,0,,1,0.0241
135575.53,599.0,1112,Planter,282059.41,50158.08,63,ND,0.849,0,0,low_credit,1,0.1346
112096.04,707.0,1151,Loader,317717.89,30635.7,59,KS,0.9121,0,1,low_down_payment;bankruptcy,0,0.1423
103091.02,753.0,1152,Harvester,192347.14,29564.71,58,WI,0.8668,0,0,,1,0.0331
72532.78,661.0,1111,Loader,42044.5,11521.51,47,KS,0.7849,0,0,,0,0.054
112681.74,560.0,1119,Harvester,224904.37,47513.19,48,MO,0.8256,0,0,low_credit,0,0.1617
58269.21,593.0,3331,Loader,70231.47,12411.08,60,SD,0.8498,0,0,low_income;low_credit,0,0.2042
85309.17,571.0,1151,Loader,166330.67,42468.71,66,MO,0.7966,0,0,low_credit,0,0.1655
145426.37,798.0,1119,Combine,107347.28,4642.74,84,IN,0.9585,0,0,high_ltv;low_down_payment;long_term,1,0.0841
126396.64,610.0,3331,Sprayer,119047.48,15795.21,71,MO,0.8829,0,0,low_credit,0,0.1389
98736.89,683.0,1111,Combine,148258.64,28453.31,39,KS,0.839,0,0,,1,0.0256
35213.56,752.0,3331,Harvester,123713.0,23286.36,63,WI,0.8416,0,0,low_income,0,0.12
122557.43,744.0,1152,Tractor,63127.76,12620.37,61,IA,0.8334,0,0,,0,0.0308
87916.0,695.0,1152,Combine,220327.9,50261.46,81,NE,0.8143,0,0,long_term,0,0.045
134862.43,561.0,1113,Loader,61572.58,30014.77,54,WI,0.6723,0,0,low_credit,1,0.1201
73133.43,585.0,4238,Tractor,50643.49,11161.74,76,IL,0.8194,0,0,low_credit;long_term,0,0.1933
163456.89,674.0,1119,Tractor,77736.95,9885.99,50,ND,0.8872,0,0,,1,0.0419
104284.73,709.0,1152,Combine,180116.73,49937.4,41,MO,0.7829,0,0,,1,0.019
102288.53,790.0,1111,Combine,44001.53,17103.38,75,WI,0.7201,1,0,long_term;prior_default,1,0.0858
129590.73,679.0,3331,Combine,42954.73,11742.18,50,IL,0.7853,0,0,,1,0.027
63503.02,702.0,4238,Combine,35733.15,12437.49,54,MO,0.7418,0,0,,1,0.0403
68559.46,564.0,1151,Planter,278270.26,50280.41,73,IA,0.847,0,0,low_credit;long_term,0,0.2247
152146.53,678.0,1152,Tractor,95217.11,60115.2,50,NE,0.613,0,0,,1,0.0146
150543.23,755.0,1119,Harvester,280876.69,28122.33,43,WI,0.909,0,0,low_down_payment,1,0.0342
102230.52,660.0,1152,Baler,200151.57,21303.71,66,WI,0.9038,0,0,low_down_payment,1,0.0748
106270.8,579.0,1119,Skid Steer,52414.73,13360.62,67,SD,0.7969,0,0,low_credit,0,0.1483
157471.99,644.0,1113,Baler,301065.32,36875.31,70,MN,0.8909,0,0,,1,0.0871
99820.63,689.0,1152,Combine,254233.39,29867.0,59,IN,0.8949,0,0,,0,0.0375
84298.14,629.0,4238,Tractor,249976.84,31736.18,68,MN,0.8873,1,0,low_credit;prior_default,0,0.2127
56034.05,677.0,1111,Harvester,83080.43,33664.47,84,IN,0.7116,0,0,low_income;long_term,1,0.0908
117472.35,765.0,3331,Combine,184376.75,26556.47,68,SD,0.8741,0,0,,1,0.0393
130940.29,666.0,1119,Baler,124329.56,29405.45,60,NE,0.8087,0,0,,1,0.0422
73249.98,706.0,1121,Tractor,140790.12,38462.03,42,MN,0.7854,0,0,,1,0.0307
30000.0,683.0,1151,Loader,231525.34,94478.69,39,KS,0.7102,0,0,low_income,1,0.0787
110099.99,713.0,1119,Planter,262176.59,44647.41,73,SD,0.8545,0,0,long_term,1,0.0437
85540.5,740.0,1119,Loader,46101.99,295.54,67,IN,0.9936,0,0,high_ltv;low_down_payment,0,0.0766
91635.42,552.0,1113,Baler,95040.03,11075.55,68,SD,0.8956,0,1,low_credit;bankruptcy,0,0.2642
119875.21,645.0,1121,Baler,212710.36,93959.86,68,MN,0.6936,0,0,,0,0.045
130623.24,718.0,3331,Combine,220389.74,51639.7,51,IA,0.8102,0,0,,1,0.0245
104635.01,722.0,1121,Loader,178312.15,33340.82,78,IL,0.8425,0,0,long_term,1,0.045
74596.94,755.0,1113,Tractor,97219.46,13681.11,46,ND,0.8766,0,0,,1,0.0429
151167.91,681.0,1111,Harvester,161610.75,33129.44,84,NE,0.8299,1,0,long_term;prior_default,1,0.137
67194.14,637.0,1119,Tractor,257025.91,84507.63,68,MN,0.7526,0,0,low_credit,0,0.1063
129730.86,638.0,1152,Tractor,191906.66,62792.15,60,NE,0.7535,0,0,low_credit,1,0.0605
81547.14,584.0,1152,Tractor,182277.16,66119.47,65,SD,0.7338,0,0,low_credit,0,0.1362
158930.7,669.0,1112,Baler,56167.36,4629.53,42,ND,0.9239,0,0,low_down_payment,1,0.0509
109141.43,654.0,1111,Skid Steer,271089.11,32777.37,48,IN,0.8921,0,0,,1,0.0576
76288.92,791.0,1121,Baler,120704.39,27468.06,63,IN,0.8146,1,0,prior_default,1,0.1165
158233.3,697.0,1152,Skid Steer,239662.65,77061.22,62,MO,0.7567,0,0,,1,0.0238
161025.15,609.0,1152,Baler,159923.37,42116.44,51,WI,0.7915,0,0,low_credit,1,0.0922
85436.35,694.0,1111,Tractor,94923.55,21012.18,50,MO,0.8188,0,0,,0,0.0281
87016.39,726.0,1121,Baler,120461.62,34931.8,62,KS,0.7752,0,0,,1,0.0276
102151.77,620.0,1151,Sprayer,191908.37,18310.34,73,WI,0.9129,0,0,low_down_payment;low_credit;long_term,0,0.1539
118185.83,744.0,1112,Sprayer,84736.81,5506.39,52,ND,0.939,0,0,low_down_payment,1,0.0431
154361.27,739.0,1151,Loader,72323.32,7539.61,63,KS,0.9056,0,0,low_down_payment,1,0.045
86763.49,793.0,1112,Combine,151458.08,17045.6,46,NE,0.8988,0,0,,1,0.0338
30000.0,702.0,1121,Tractor,95752.06,8875.23,43,IN,0.9152,0,0,low_down_payment;low_income,1,0.1386
105062.85,691.0,1151,Loader,145779.39,58708.94,57,IA,0.7129,0,0,,1,0.0188
49845.17,707.0,1113,Harvester,125401.88,32431.77,75,KS,0.7945,0,0,low_income;long_term,1,0.0991
122562.98,690.0,1152,Loader,90103.86,22007.03,38,MN,0.8037,0,0,,1,0.0196
50015.86,577.0,1119,Planter,98032.71,9678.92,65,IL,0.9101,0,0,low_down_payment;low_income;low_credit,0,0.2508
140204.06,619.0,1121,Combine,73345.92,15522.78,61,MN,0.8253,0,0,low_credit,1,0.0994
127643.11,760.0,1151,Loader,53490.26,3157.27,63,MN,0.9443,1,0,low_down_payment;prior_default,1,0.1359
112222.08,583.0,1112,Planter,264475.15,12015.9,68,ND,0.9565,0,0,high_ltv;low_down_payment;low_credit,0,0.2106
126392.52,701.0,1112,Skid Steer,221313.36,52508.81,49,KS,0.8082,0,0,,1,0.0236
190682.53,655.0,1152,Combine,232605.27,90822.49,72,MN,0.7192,0,0,,1,0.0441
136448.42,717.0,1119,Baler,258523.36,69137.1,74,MN,0.789,0,0,long_term,1,0.0355
191771.38,642.0,1121,Combine,200906.26,6318.61,53,KS,0.9695,0,0,high_ltv;low_down_payment,1,0.1076
54346.45,803.0,3331,Skid Steer,241767.59,41846.91,60,SD,0.8525,0,0,low_income,1,0.0837
110625.28,612.0,1151,Skid Steer,140840.03,39066.99,58,NE,0.7828,0,0,low_credit,1,0.0929
167177.36,753.0,3331,Harvester,142231.6,3731.97,48,IA,0.9744,0,0,high_ltv;low_down_payment,1,0.0506
56196.41,661.0,1151,Baler,78715.88,18389.47,64,MN,0.8106,0,0,low_income,1,0.109
78543.45,688.0,1113,Tractor,163582.79,30027.61,39,ND,0.8449,0,0,,0,0.0323
140190.05,742.0,1113,Harvester,240256.67,85020.71,56,KS,0.7386,0,0,,1,0.0204
58065.02,694.0,1111,Baler,264989.9,44391.63,43,IN,0.8565,0,0,low_income,0,0.0635
125184.55,679.0,1121,Sprayer,118794.57,20400.6,37,KS,0.8534,0,0,,1,0.0282
133853.18,737.0,1113,Skid Steer,172988.06,54140.0,62,MN,0.7616,0,0,,1,0.0243
104143.52,693.0,1119,Combine,305474.8,26543.54,71,NE,0.9201,0,0,low_down_payment,0,0.0527
149267.7,675.0,3331,Baler,131954.46,45548.01,60,ND,0.7434,0,0,,1,0.0288
30000.0,653.0,1151,Baler,134931.59,16939.26,69,ND,0.8885,0,0,low_income,0,0.1986
48019.55,675.0,1121,Combine,200079.32,52726.67,66,NE,0.7914,0,0,low_income,0,0.1031
151604.75,676.0,1121,Sprayer,156598.7,51962.75,78,MN,0.7509,1,1,long_term;prior_default;bankruptcy,0,0.2059
127477.29,773.0,1113,Harvester,171414.63,61974.65,48,IL,0.7345,0,0,,1,0.0177
30000.0,729.0,1113,Sprayer,42588.76,15938.15,36,NE,0.7277,0,0,low_income,1,0.073
102530.43,775.0,1152,Tractor,214337.08,42187.62,51,SD,0.8355,0,0,,1,0.0268
76357.18,572.0,3331,Harvester,55949.97,15307.08,72,NE,0.7852,0,0,low_credit,0,0.182
116229.31,705.0,3331,Sprayer,318609.29,28375.71,58,SD,0.9182,0,0,low_down_payment,0,0.0437
103628.0,674.0,3331,Sprayer,172305.27,38048.17,62,SD,0.8191,0,0,,0,0.0395
58884.8,644.0,1151,Planter,95875.48,18030.77,58,SD,0.8417,0,0,low_income,0,0.1282
154958.56,749.0,1119,Tractor,140999.22,46855.06,60,WI,0.7506,0,0,,1,0.0226
110197.98,674.0,1151,Skid Steer,207279.84,24100.54,53,MN,0.8958,0,0,,1,0.0445
50351.97,691.0,1119,Combine,232738.15,49899.14,62,WI,0.8235,0,0,low_income,1,0.0855
148093.91,628.0,1111,Skid Steer,229372.24,51125.45,57,KS,0.8177,0,0,low_credit,1,0.0823
112677.91,637.0,1111,Baler,95195.97,51943.75,56,KS,0.647,0,0,low_credit,1,0.0411
151102.79,649.0,1121,Harvester,165712.85,63831.8,77,ND,0.7219,1,0,long_term;prior_default,1,0.1375
30000.0,675.0,1112,Sprayer,200799.59,117489.66,43,ND,0.6309,0,0,low_income,0,0.0725
124008.59,656.0,4238,Tractor,80433.87,13387.74,62,SD,0.8573,0,0,,1,0.0596
96199.17,704.0,1151,Harvester,295199.35,44807.32,78,IN,0.8682,0,0,long_term,1,0.049
30000.0,741.0,1111,Skid Steer,170411.75,65632.11,56,IA,0.7219,0,0,low_income,1,0.0898
120501.31,697.0,3331,Baler,112290.08,51713.66,78,NE,0.6847,0,0,long_term,0,0.026
162699.58,625.0,1111,Tractor,142233.3,7948.49,53,SD,0.9471,0,0,low_down_payment;low_credit,1,0.1243
168711.07,706.0,4238,Tractor,166948.41,71448.03,61,SD,0.7003,0,0,,1,0.0191
105737.44,707.0,1152,Combine,321460.54,24389.98,37,MO,0.9295,0,0,low_down_payment,1,0.0336
71207.16,656.0,3331,Baler,283873.95,34688.9,67,SD,0.8911,0,0,,1,0.1039
111008.8,694.0,1119,Tractor,224382.2,86910.6,39,ND,0.7208,0,0,,1,0.0147
97999.73,614.0,4238,Baler,44609.7,12768.82,59,IN,0.7775,0,0,low_credit,1,0.0906
98241.77,631.0,1119,Combine,244538.77,52352.63,73,MO,0.8237,0,0,low_credit;long_term,1,0.1034
54475.02,686.0,1112,Baler,162273.6,51951.12,61,WI,0.7575,0,0,low_income,1,0.0676
30000.0,622.0,1152,Tractor,220229.66,10639.11,69,IL,0.9539,0,0,high_ltv;low_down_payment;low_income;low_credit,0,0.2594
182007.89,708.0,1152,Tractor,46233.79,12349.9,58,WI,0.7892,0,0,,1,0.0252
133829.85,604.0,1121,Loader,163804.28,21843.25,56,KS,0.8823,0,0,low_credit,1,0.1294
54499.82,774.0,1113,Baler,185489.2,26756.42,50,WI,0.8739,0,0,low_income,1,0.079
103253.97,707.0,1121,Combine,113334.71,32088.39,57,IL,0.7793,0,0,,1,0.024
121586.75,647.0,1152,Skid Steer,171761.39,27046.06,60,IL,0.864,0,0,,1,0.0685
51531.54,796.0,1111,Harvester,236481.0,12713.85,56,MN,0.949,0,1,low_down_payment;low_income;bankruptcy,0,0.2303
82366.21,643.0,1112,Harvester,288263.76,42649.27,42,MO,0.8711,0,0,,0,0.0706
145138.19,689.0,1112,Sprayer,104232.75,76905.76,57,MN,0.5754,0,0,,1,0.0114
75191.56,579.0,1111,Skid Steer,212143.66,35301.8,72,IL,0.8573,0,0,low_credit,0,0.1991
122302.63,687.0,1113,Combine,156437.53,20460.69,47,MO,0.8843,0,0,,1,0.0315
88660.0,672.0,1151,Baler,109250.03,21480.68,52,MN,0.8357,0,0,,1,0.0384
46117.84,638.0,1113,Baler,205789.63,47740.04,49,SD,0.8117,0,0,low_income;low_credit,0,0.1503
78939.85,700.0,1121,Skid Steer,246172.47,32491.47,50,ND,0.8834,0,0,,1,0.0416
100706.64,696.0,1111,Loader,152629.01,23344.81,48,IN,0.8673,0,0,,1,0.0286
119682.29,761.0,1152,Skid Steer,171994.59,31846.95,63,WI,0.8438,0,1,bankruptcy,1,0.1177
30514.71,624.0,1121,Planter,165766.44,38516.62,74,WI,0.8115,1,0,low_income;low_credit;long_term;prior_default,0,0.2499
135610.82,611.0,1121,Combine,209332.0,43881.57,64,ND,0.8267,0,0,low_credit,0,0.113
165135.48,689.0,3331,Skid Steer,168832.2,35057.31,83,IL,0.8281,0,1,long_term;bankruptcy,0,0.1445
86700.01,622.0,1112,Harvester,184429.61,62730.93,67,SD,0.7462,0,0,low_credit,0,0.0866
100071.26,685.0,1151,Skid Steer,165844.04,45124.17,50,IA,0.7861,0,0,,1,0.0242
133920.43,652.0,4238,Loader,119439.01,14613.86,60,KS,0.891,0,0,,0,0.0691
104643.18,675.0,1111,Loader,84711.49,14896.65,68,ND,0.8504,0,0,,1,0.0468
48185.18,789.0,1111,Sprayer,282136.58,26591.31,75,NE,0.9139,0,0,low_down_payment;low_income;long_term,1,0.1458
105143.33,736.0,1152,Baler,192058.92,14488.37,57,MO,0.9299,0,0,low_down_payment,1,0.0448
192272.0,672.0,1121,Skid Steer,60769.35,15461.78,75,KS,0.7972,0,0,long_term,1,0.0498
101801.64,721.0,3331,Baler,231704.5,31726.97,50,IN,0.8796,0,0,,1,0.0308
81414.35,687.0,1111,Planter,116842.67,26737.09,81,MN,0.8138,0,0,long_term,0,0.0554
131055.05,665.0,1113,Baler,84243.52,21632.55,48,MO,0.7957,0,0,,1,0.0348
36435.96,667.0,1111,Sprayer,185339.12,29516.9,51,MN,0.8626,0,0,low_income,1,0.142
111091.02,608.0,1112,Skid Steer,91234.9,22189.05,77,ND,0.8044,0,0,low_credit;long_term,0,0.1313
135225.15,766.0,1112,Planter,102852.35,24717.97,63,WI,0.8062,0,0,,1,0.0289
172724.31,591.0,1111,Combine,170005.59,22176.0,63,KS,0.8846,0,0,low_credit,0,0.1568
76758.99,675.0,1112,Harvester,246252.8,64879.96,64,IL,0.7915,0,0,,1,0.0505
130976.48,649.0,1152,Combine,200140.66,43546.23,62,MO,0.8213,0,0,,1,0.0591
93902.92,718.0,4238,Harvester,88191.47,10277.3,64,IA,0.8956,0,0,,1,0.0399
84130.59,758.0,1119,Tractor,235324.2,54476.08,70,MN,0.812,0,0,,1,0.038
105522.48,644.0,1121,Baler,296601.53,46969.23,84,IL,0.8633,0,0,long_term,0,0.1021
181732.5,702.0,4238,Skid Steer,144156.57,36514.6,51,MN,0.7979,0,0,,1,0.0234
106848.91,573.0,1121,Baler,153848.01,29552.94,54,NE,0.8389,0,0,low_credit,0,0.1548
84916.34,719.0,1113,Planter,45881.74,8658.98,50,ND,0.8412,0,0,,1,0.0308
127174.2,708.0,1151,Baler,170075.72,50660.48,70,ND,0.7705,0,0,,1,0.0282
61914.91,654.0,1119,Harvester,142296.49,12451.06,63,NE,0.9195,0,0,low_down_payment,1,0.1381
130809.64,656.0,4238,Harvester,224281.52,85132.32,47,IN,0.7249,0,0,,1,0.031
94242.79,632.0,1152,Baler,64048.59,14440.88,62,NE,0.816,1,0,low_credit;prior_default,0,0.1712
160965.12,731.0,1121,Harvester,193549.18,44533.95,55,IL,0.8129,0,0,,1,0.0262
90048.47,830.0,4238,Sprayer,166975.89,18723.53,52,MO,0.8992,0,0,,1,0.0339
45146.71,767.0,1152,Harvester,247793.6,101303.93,55,MN,0.7098,0,0,low_income,1,0.0626
198486.52,749.0,1152,Sprayer,81242.67,22634.93,51,WI,0.7821,0,0,,1,0.0221
30000.0,736.0,4238,Planter,173627.13,88286.37,70,MN,0.6629,0,0,low_income,1,0.0882
133354.39,645.0,4238,Skid Steer,255618.77,43356.84,55,SD,0.855,0,0,,1,0.0646
57380.11,683.0,1119,Skid Steer,42626.51,10171.38,60,ND,0.8074,0,0,low_income,1,0.0764
180401.18,688.0,4238,Loader,45723.92,3225.07,63,MO,0.9341,0,0,low_down_payment,0,0.0509
59582.96,593.0,1121,Skid Steer,116395.48,50411.27,36,MN,0.6978,0,0,low_income;low_credit,0,0.1335
91905.22,682.0,1121,Skid Steer,225520.01,101290.02,51,ND,0.6901,0,0,,1,0.0185
138806.71,696.0,1119,Tractor,126521.53,32743.62,46,SD,0.7944,0,0,,0,0.0214
115604.41,785.0,4238,Planter,45406.72,6043.46,60,IN,0.8825,0,0,,1,0.036
138813.63,676.0,1113,Tractor,134186.4,52121.88,58,IN,0.7202,0,0,,1,0.0254
122699.54,545.0,1111,Skid Steer,341700.98,0.0,77,NE,1.0,0,0,high_ltv;low_down_payment;low_credit;long_term,0,0.268
194455.84,754.0,1111,Harvester,102549.64,57216.52,43,IA,0.6419,0,0,,1,0.0116
79491.45,721.0,1119,Sprayer,57134.25,3764.88,70,ND,0.9382,1,0,low_down_payment;prior_default,0,0.1649
214268.51,619.0,1151,Sprayer,180807.05,59629.75,75,MN,0.752,0,0,low_credit;long_term,1,0.1011
163278.37,697.0,1111,Planter,46938.87,23964.7,63,SD,0.662,0,0,,1,0.0171
30406.56,663.0,1119,Tractor,62775.0,18803.26,76,MN,0.7695,0,0,low_income;long_term,1,0.1626
92296.47,671.0,1111,Harvester,161735.16,39743.61,42,MO,0.8027,0,0,,1,0.0294
80989.42,685.0,1113,Loader,110615.93,36301.27,61,MN,0.7529,0,0,,1,0.0322
107750.42,670.0,1121,Baler,222326.6,39347.11,69,IN,0.8496,0,0,,1,0.0509
213044.77,719.0,3331,Sprayer,99392.75,12023.53,80,WI,0.8921,1,0,long_term;prior_default,1,0.1395
145965.55,692.0,1152,Tractor,275592.04,55703.83,64,MN,0.8319,0,0,,1,0.032
130470.76,679.0,1113,Sprayer,176369.53,43581.86,57,SD,0.8019,0,0,,0,0.0315
120294.49,716.0,1113,Skid Steer,70559.98,6630.36,59,ND,0.9141,0,0,low_down_payment,1,0.0438
77927.76,705.0,1113,Tractor,178872.82,54180.87,68,NE,0.7675,0,0,,1,0.0372
86052.78,682.0,1121,Planter,109135.32,26435.02,82,SD,0.805,0,0,long_term,0,0.053
73685.92,722.0,1119,Combine,290124.59,36072.98,56,IN,0.8894,0,0,,1,0.0526
97709.0,722.0,1151,Combine,188622.54,25194.44,42,NE,0.8822,0,0,,1,0.0276
111306.48,695.0,1121,Skid Steer,294554.89,29605.88,74,NE,0.9087,0,0,low_down_payment;long_term,1,0.0582
132466.18,700.0,4238,Sprayer,135927.18,11749.64,50,IA,0.9204,0,0,low_down_payment,1,0.0393
155581.66,649.0,1111,Sprayer,200700.34,31473.36,69,IN,0.8644,0,0,,1,0.074
67068.78,662.0,1121,Harvester,125282.62,19500.34,54,IL,0.8653,0,0,,1,0.0847
47571.96,772.0,1113,Harvester,201810.14,40734.6,61,MN,0.8321,0,0,low_income,0,0.0916
151815.21,694.0,1121,Baler,84293.23,19010.84,66,IN,0.816,0,0,,1,0.0312
112663.08,666.0,1152,Combine,276500.4,43532.79,69,SD,0.864,0,0,,1,0.0573
109402.17,614.0,1111,Combine,164138.21,25095.31,55,MO,0.8674,0,0,low_credit,1,0.1102
62627.04,546.0,1151,Skid Steer,62424.89,21842.27,74,SD,0.7408,1,0,low_credit;long_term;prior_default,0,0.239
92408.59,709.0,1119,Tractor,262832.39,45803.96,53,IL,0.8516,0,0,,0,0.0292
141577.41,690.0,3331,Tractor,256107.14,35893.95,42,KS,0.8771,0,0,,1,0.0271
84253.5,598.0,1113,Skid Steer,160340.09,39525.41,45,IL,0.8022,0,0,low_credit,1,0.1126
100212.01,732.0,1119,Harvester,208111.85,82694.41,69,SD,0.7156,0,0,,1,0.0228
62102.23,680.0,1113,Skid Steer,262423.35,56712.36,53,SD,0.8223,0,0,,1,0.0633
54126.87,718.0,1113,Planter,230830.82,38766.6,62,MN,0.8562,0,0,low_income,0,0.0869
135179.4,636.0,1152,Planter,163462.13,30090.08,84,ND,0.8445,1,0,low_credit;long_term;prior_default,1,0.2031
60479.6,682.0,1121,Sprayer,233315.21,72533.65,44,ND,0.7628,1,0,prior_default,0,0.1218
191384.57,805.0,3331,Sprayer,190267.24,120533.85,78,MO,0.6122,0,1,long_term;bankruptcy,1,0.079
44831.44,662.0,1113,Loader,62641.81,6069.65,56,MN,0.9117,0,0,low_down_payment;low_income,1,0.1614
120218.89,634.0,3331,Tractor,116142.76,28277.33,60,NE,0.8042,0,0,low_credit,1,0.0757
52159.74,653.0,1112,Combine,72152.59,13580.94,53,NE,0.8416,0,0,low_income,1,0.124
109518.0,738.0,1112,Sprayer,53360.5,4996.57,78,ND,0.9144,0,0,low_down_payment;long_term,1,0.0625
46102.25,722.0,1111,Baler,73040.45,10835.37,70,WI,0.8708,0,0,low_income,1,0.1145
121593.85,813.0,4238,Sprayer,130021.56,20998.28,60,MO,0.861,0,0,,1,0.0334
98967.59,746.0,1119,Loader,49352.07,19870.72,60,KS,0.7129,0,0,,1,0.0197
131527.24,696.0,1113,Baler,179313.07,32918.22,44,IA,0.8449,0,0,,1,0.0249
72688.71,678.0,1152,Skid Steer,246604.77,79186.14,70,WI,0.7569,0,0,,1,0.051
123909.93,575.0,1113,Tractor,196384.74,34335.09,45,IL,0.8512,1,0,low_credit;prior_default,0,0.2242
101095.29,673.0,1151,Sprayer,202242.37,9104.9,72,IA,0.9569,0,0,high_ltv;low_down_payment,1,0.085
82377.14,726.0,1152,Tractor,45790.69,12860.33,41,SD,0.7807,0,0,,1,0.0233
90813.54,759.0,3331,Harvester,132348.76,31679.57,82,MO,0.8069,1,0,long_term;prior_default,0,0.1159
67794.91,666.0,1119,Tractor,229322.46,33944.88,54,IN,0.8711,0,0,,0,0.0795
109710.19,702.0,1111,Harvester,147459.42,30476.28,65,MO,0.8287,0,0,,1,0.0322
114798.78,764.0,1113,Loader,234027.27,98501.33,56,ND,0.7038,0,0,,1,0.0179
81028.28,691.0,1151,Skid Steer,55760.71,11860.19,59,WI,0.8246,0,0,,1,0.0367
129246.83,674.0,1121,Baler,266308.69,38261.26,60,KS,0.8744,0,0,,1,0.0459
41914.38,641.0,1119,Sprayer,210497.68,97723.11,50,MO,0.6829,0,0,low_income,1,0.1096
130542.54,648.0,1119,Loader,60130.5,15144.88,56,IL,0.7988,0,0,,1,0.0521
83498.57,536.0,3331,Loader,38127.96,17386.78,46,KS,0.6868,0,0,low_credit,0,0.1558
147474.05,578.0,1113,Combine,43988.06,15699.79,49,IA,0.737,0,0,low_credit,1,0.1136
128115.52,622.0,1151,Harvester,116343.03,32215.74,49,ND,0.7831,0,0,low_credit,1,0.0738
49767.22,664.0,1112,Combine,184546.81,31890.54,71,IA,0.8527,0,0,low_income,1,0.1376
170025.79,660.0,1113,Planter,78116.35,9262.08,46,SD,0.894,0,0,,1,0.0512
77034.9,687.0,1112,Tractor,197962.96,33980.39,45,WI,0.8535,0,0,,1,0.0388
178962.35,728.0,4238,Combine,96244.25,35470.85,59,WI,0.7307,0,0,,1,0.0207
49193.05,618.0,1119,Sprayer,65298.22,7052.88,72,MN,0.9025,0,0,low_down_payment;low_income;low_credit,1,0.2245
135413.87,612.0,3331,Tractor,102419.28,14120.43,62,NE,0.8788,0,0,low_credit,1,0.1248
90278.01,649.0,1151,Combine,138267.01,788.61,71,WI,0.9943,1,0,high_ltv;low_down_payment;prior_default,0,0.2248
74395.35,630.0,1151,Sprayer,111703.7,36421.47,53,KS,0.7541,0,0,low_credit,0,0.0876
68704.14,633.0,1152,Planter,258367.5,84892.01,58,KS,0.7527,0,0,low_credit,0,0.0987
115281.84,757.0,4238,Sprayer,269572.93,59301.24,65,MN,0.8197,0,0,,1,0.0312
109357.79,674.0,1119,Combine,229998.24,54528.72,59,IN,0.8084,0,0,,1,0.0364
105936.49,616.0,1111,Loader,157032.15,45055.45,53,IL,0.777,0,0,low_credit,1,0.0821
115101.34,641.0,1119,Loader,91459.26,18683.91,58,MN,0.8304,0,0,,1,0.0656
68035.08,659.0,4238,Baler,148918.31,26438.26,40,WI,0.8492,0,0,,0,0.0697
135870.99,762.0,1152,Tractor,227593.13,40969.52,59,WI,0.8474,0,0,,1,0.0314
146799.25,714.0,4238,Tractor,222842.89,23711.24,72,IA,0.9038,0,0,low_down_payment,1,0.0507
121773.56,749.0,1111,Tractor,65376.75,24591.68,63,ND,0.7267,0,0,,1,0.0217
149223.45,688.0,1113,Harvester,235442.92,64369.69,62,IL,0.7853,0,0,,1,0.0274
133244.7,683.0,3331,Skid Steer,234714.12,46465.45,64,IA,0.8347,0,0,,0,0.0363
115567.24,776.0,1151,Loader,184258.2,23521.71,59,IN,0.8868,0,0,,0,0.036
133514.05,774.0,4238,Tractor,217224.48,37447.82,55,NE,0.853,0,0,,1,0.0302
77037.81,592.0,1113,Skid Steer,223121.21,49072.15,49,ND,0.8197,0,0,low_credit,1,0.1442
154713.55,639.0,1119,Combine,245064.13,23785.45,59,MN,0.9115,1,0,low_down_payment;low_credit;prior_default,1,0.1984
52872.41,670.0,1113,Sprayer,135418.69,25498.42,66,NE,0.8415,1,1,low_income;prior_default;bankruptcy,0,0.2536
98045.71,636.0,1119,Sprayer,89496.19,35596.24,66,ND,0.7154,0,0,low_credit,0,0.0597
50417.18,670.0,1151,Skid Steer,114828.84,13218.72,47,IN,0.8968,0,0,low_income,1,0.1151
140212.57,706.0,1152,Loader,108750.05,12588.7,56,ND,0.8963,1,1,prior_default;bankruptcy,1,0.2154
69964.06,743.0,3331,Harvester,135082.69,21722.44,55,KS,0.8615,0,0,,1,0.0519
170568.01,677.0,1152,Harvester,95286.33,15895.12,49,IN,0.857,0,0,,1,0.0354
91023.2,764.0,1119,Harvester,75049.6,15444.32,68,IA,0.8293,0,0,,1,0.0337
137464.57,783.0,3331,Sprayer,96072.01,55238.79,63,NE,0.6349,0,0,,1,0.0155
110897.56,651.0,1112,Planter,43503.24,24518.76,63,IA,0.6395,0,0,,1,0.0318
133615.84,727.0,1151,Loader,162666.9,39875.14,54,NE,0.8031,0,0,,1,0.025
108012.56,712.0,1121,Sprayer,262304.28,55802.4,74,MN,0.8246,0,0,long_term,0,0.04
83386.5,692.0,3331,Harvester,86559.73,19302.89,52,ND,0.8177,0,1,bankruptcy,1,0.1112
30000.0,735.0,3331,Baler,115405.89,24822.22,47,KS,0.823,0,0,low_income,1,0.1074
71476.12,766.0,1113,Combine,230309.27,44934.52,62,WI,0.8367,0,0,,1,0.0507
43375.3,656.0,1121,Planter,40406.65,6047.91,40,NE,0.8698,0,0,low_income,1,0.1322
128098.79,742.0,1112,Combine,126019.69,34612.79,66,KS,0.7845,0,0,,1,0.028
74657.44,681.0,1152,Harvester,75880.31,26325.24,66,KS,0.7424,0,0,,1,0.0418
96244.18,648.0,1111,Combine,263327.16,52041.12,49,WI,0.835,0,0,,0,0.0536
144766.54,755.0,1119,Planter,185830.71,17342.51,65,IA,0.9146,0,0,low_down_payment,1,0.0477
100773.97,742.0,4238,Planter,235805.62,26350.25,70,ND,0.8995,0,0,,1,0.044
91176.21,736.0,1112,Loader,40204.78,6851.44,66,KS,0.8544,0,0,,1,0.0357
142290.09,692.0,4238,Loader,229448.98,85118.91,44,ND,0.7294,0,0,,1,0.0164
144905.82,765.0,1119,Tractor,191452.31,24595.66,59,KS,0.8862,0,0,,1,0.0359
132736.09,680.0,3331,Tractor,257337.58,44974.94,46,IL,0.8512,0,0,,1,0.0315
126877.9,760.0,1151,Baler,46560.15,8984.3,68,SD,0.8383,0,0,,1,0.0347
137200.32,632.0,1112,Tractor,149276.73,31279.16,83,MN,0.8268,0,0,low_credit;long_term,1,0.1133
86554.02,678.0,1119,Baler,253089.06,59068.87,60,MN,0.8108,0,0,,1,0.0377
73786.06,671.0,1121,Planter,67098.23,13618.32,70,NE,0.8313,0,0,,1,0.0703
168791.37,757.0,1152,Sprayer,93901.9,38279.6,45,MO,0.7104,0,0,,1,0.0155
78416.89,724.0,1151,Loader,131901.69,41857.5,71,NE,0.7591,0,0,,1,0.0373
33171.65,707.0,1121,Harvester,91428.72,20940.54,62,ND,0.8136,0,0,low_income,1,0.1147
174277.66,749.0,4238,Harvester,238846.23,23803.51,71,IA,0.9094,0,0,low_down_payment,1,0.0509
144763.5,719.0,1152,Harvester,235842.71,7578.35,52,SD,0.9689,0,0,high_ltv;low_down_payment,1,0.0525
30000.0,694.0,1151,Loader,172509.07,33221.0,62,SD,0.8385,0,0,low_income,0,0.1284
30000.0,723.0,1111,Tractor,86384.64,3909.74,46,KS,0.9567,0,0,high_ltv;low_down_payment;low_income,0,0.1643
85218.04,695.0,1112,Tractor,235892.36,4941.99,46,IL,0.9795,0,0,high_ltv;low_down_payment,0,0.0563
162619.02,602.0,1152,Planter,238275.61,92013.32,72,IL,0.7214,0,0,low_credit,1,0.1033
96196.86,668.0,1119,Combine,162720.18,133605.35,55,MO,0.5491,0,0,,1,0.0148
67876.99,593.0,1152,Harvester,203390.11,44963.89,58,ND,0.819,0,0,low_credit,1,0.1703
64943.55,689.0,1112,Planter,65199.6,15885.67,67,NE,0.8041,0,0,,0,0.0581
120241.96,638.0,1113,Baler,51670.19,13926.48,83,IL,0.7877,0,0,low_credit;long_term,1,0.095
46387.47,592.0,4238,Harvester,186657.19,62707.22,55,IL,0.7485,0,0,low_income;low_credit,0,0.1883
30000.0,623.0,1119,Planter,114295.55,27724.83,65,NE,0.8048,0,0,low_income;low_credit,0,0.2059
95508.81,703.0,1121,Harvester,97968.75,16706.27,52,IL,0.8543,0,0,,0,0.029
89162.98,596.0,3331,Tractor,228955.09,63100.76,52,IN,0.7839,0,0,low_credit,1,0.1083
69378.33,746.0,1119,Tractor,319858.84,27483.66,53,NE,0.9209,0,0,low_down_payment,1,0.0679
140255.17,707.0,1152,Planter,41435.9,10084.37,62,IL,0.8043,0,0,,1,0.0282
63366.99,605.0,1119,Harvester,191103.27,36205.7,50,MN,0.8407,0,0,low_credit,0,0.1625
85793.83,623.0,1119,Tractor,112360.28,56837.96,55,SD,0.6641,0,0,low_credit,1,0.0596
71241.43,687.0,3331,Sprayer,142702.1,12687.46,70,ND,0.9184,0,0,low_down_payment,1,0.0834
100156.59,722.0,1151,Tractor,82575.66,13354.08,84,KS,0.8608,0,0,long_term,1,0.0519
49992.14,698.0,1119,Skid Steer,57048.1,9180.19,41,MO,0.8614,0,0,low_income,0,0.0753
74246.61,717.0,3331,Planter,276331.23,14887.98,69,IA,0.9489,0,0,low_down_payment,1,0.0808
85260.81,593.0,1119,Baler,230949.5,47037.55,59,IL,0.8308,0,0,low_credit,0,0.1421
51490.86,656.0,1113,Baler,127978.71,44368.74,50,ND,0.7426,0,0,low_income,0,0.0908
64645.99,691.0,1113,Planter,66194.91,13041.82,58,MN,0.8354,0,0,,1,0.0564
64897.42,642.0,4238,Harvester,89005.85,14563.17,50,IL,0.8594,0,0,,0,0.1071
126009.24,705.0,4238,Harvester,31966.92,14344.61,84,IL,0.6903,0,0,long_term,1,0.029
53921.73,644.0,1111,Loader,96313.7,9390.36,60,SD,0.9112,0,0,low_down_payment;low_income,0,0.1716
36156.92,682.0,1121,Tractor,129106.72,9871.14,59,IA,0.929,0,0,low_down_payment;low_income,1,0.1597
72153.62,731.0,1111,Planter,55786.64,19397.61,81,IL,0.742,0,0,long_term,1,0.052
110868.51,634.0,3331,Tractor,241448.47,94554.55,45,MN,0.7186,0,0,low_credit,1,0.0474
110107.5,754.0,1119,Baler,156805.53,59979.5,48,WI,0.7233,0,0,,1,0.017
74320.52,822.0,1119,Tractor,192258.16,75083.38,60,IN,0.7191,0,0,,1,0.0308
60275.0,747.0,1121,Baler,184302.44,98446.6,50,NE,0.6518,0,0,,1,0.0303
91935.2,620.0,1121,Planter,251040.73,89106.51,62,MO,0.738,0,0,low_credit,0,0.0767
105069.07,646.0,4238,Loader,126714.84,19340.09,53,MN,0.8676,0,0,,0,0.0639
54122.93,645.0,1112,Planter,80378.75,24910.99,46,KS,0.7634,0,0,low_income,1,0.1008
147995.29,705.0,1112,Loader,40287.33,10745.97,68,ND,0.7894,0,0,,1,0.0293
82760.04,707.0,3331,Combine,120466.3,36047.37,43,MN,0.7697,0,0,,0,0.0228
81823.34,637.0,4238,Planter,132028.83,71616.67,76,ND,0.6483,0,0,low_credit;long_term,0,0.0709
76088.79,671.0,4238,Combine,87390.99,28612.75,40,IL,0.7533,0,0,,1,0.0347
30000.0,741.0,1151,Tractor,133597.78,41116.29,70,MN,0.7647,0,0,low_income,0,0.1152
116894.1,628.0,1119,Sprayer,302362.4,39197.36,71,ND,0.8852,0,0,low_credit,1,0.1148
98545.16,643.0,1121,Sprayer,47045.96,18551.59,57,NE,0.7172,0,0,,1,0.0435
109691.19,663.0,4238,Harvester,32578.02,16377.03,56,WI,0.6655,0,0,,1,0.0256
128070.08,598.0,1112,Sprayer,47637.54,15243.16,66,MN,0.7576,0,0,low_credit,1,0.1111
132246.34,650.0,1152,Harvester,130003.41,20625.5,80,IL,0.8631,0,0,long_term,0,0.0906
82716.15,792.0,1111,Sprayer,277379.04,39370.14,52,IA,0.8757,0,0,,1,0.0379
112898.58,674.0,1119,Harvester,105489.72,18602.23,57,IN,0.8501,0,0,,0,0.0408
93138.88,702.0,1151,Planter,162155.69,14234.73,48,ND,0.9193,0,0,low_down_payment,1,0.0381
30000.0,600.0,1113,Baler,151571.12,25376.95,56,NE,0.8566,0,0,low_income;low_credit,1,0.2328
107958.77,677.0,1151,Sprayer,36070.47,18302.55,48,IL,0.6634,0,0,,1,0.0172
59968.18,699.0,1111,Harvester,68541.29,26611.23,49,WI,0.7203,0,0,low_income,1,0.0422
181053.8,640.0,1152,Sprayer,65173.01,3110.43,66,IA,0.9544,0,0,high_ltv;low_down_payment,1,0.121
65923.26,678.0,1112,Skid Steer,112152.82,36412.61,50,MO,0.7549,0,0,,1,0.0462
124828.34,660.0,4238,Harvester,138385.59,35252.81,76,IL,0.797,0,0,long_term,1,0.0611
205020.59,653.0,1113,Planter,232694.89,20938.39,54,WI,0.9174,0,0,low_down_payment,1,0.075
35781.71,626.0,1121,Baler,218456.35,56818.19,58,ND,0.7936,0,1,low_income;low_credit;bankruptcy,1,0.2417
150559.96,613.0,1112,Loader,159003.15,30048.71,61,SD,0.8411,0,0,low_credit,1,0.1106
101571.93,705.0,1119,Planter,232695.62,28557.03,72,MN,0.8907,0,0,,1,0.0439
224197.25,708.0,1121,Combine,203071.17,92763.81,69,MN,0.6864,1,0,prior_default,1,0.0668
131587.85,588.0,1113,Skid Steer,215484.34,7041.15,41,ND,0.9684,0,0,high_ltv;low_down_payment;low_credit,1,0.1788
76020.61,705.0,1113,Planter,92715.27,48816.4,44,IN,0.6551,0,0,,1,0.0183
111517.23,758.0,1152,Sprayer,129292.48,30620.95,51,SD,0.8085,1,0,prior_default,0,0.0779
178647.63,695.0,1119,Combine,40929.41,27503.16,66,IL,0.5981,0,0,,1,0.0141
87585.04,689.0,1112,Sprayer,137765.69,19238.05,67,KS,0.8775,0,0,,1,0.0424
149488.82,669.0,1121,Skid Steer,112175.48,30591.07,53,KS,0.7857,0,0,,1,0.0336
133179.59,648.0,1152,Harvester,134709.54,66068.65,61,ND,0.6709,0,0,,1,0.0361
189963.18,662.0,1119,Combine,161936.57,41611.25,40,SD,0.7956,0,0,,1,0.0326
90372.72,647.0,1112,Harvester,116578.98,23563.83,74,MO,0.8319,0,0,long_term,0,0.0799
48272.65,722.0,1151,Planter,99936.72,30999.19,42,NE,0.7632,0,0,low_income,0,0.0586
40755.24,706.0,4238,Skid Steer,135357.59,55650.2,67,MN,0.7086,0,0,low_income,1,0.0789
144253.2,666.0,4238,Loader,41881.24,7889.15,58,SD,0.8415,0,0,,1,0.0459
176964.22,586.0,4238,Loader,228856.13,26174.8,69,MO,0.8974,1,0,low_credit;prior_default,0,0.2436
118666.28,809.0,1151,Loader,189575.5,47896.7,41,IL,0.7983,0,0,,1,0.0201
173795.61,658.0,1119,Skid Steer,208637.72,21600.09,78,IN,0.9062,0,0,low_down_payment;long_term,1,0.0965
115235.89,775.0,1111,Combine,254867.71,41489.03,63,IA,0.86,0,0,,1,0.0348
92488.94,711.0,3331,Combine,218683.74,107165.1,52,ND,0.6711,0,0,,1,0.0149
76516.32,774.0,4238,Baler,167783.6,23417.3,70,IL,0.8775,0,0,,1,0.057
142575.82,617.0,3331,Baler,133264.59,22293.53,50,MN,0.8567,0,0,low_credit,0,0.0982
60113.5,756.0,1151,Tractor,57336.89,9071.66,52,WI,0.8634,0,0,,1,0.0634
126010.19,741.0,1111,Harvester,64647.75,12904.97,75,KS,0.8336,0,0,long_term,1,0.0419
46372.37,646.0,1151,Combine,202971.18,54252.18,56,MO,0.7891,1,0,low_income;prior_default,0,0.2101
121702.21,520.0,1119,Planter,238114.77,94444.42,73,IA,0.716,0,0,low_credit;long_term,0,0.1967
85503.37,645.0,1121,Combine,91201.13,25605.66,58,ND,0.7808,0,0,,1,0.059
102001.59,764.0,1112,Loader,144767.67,25353.14,54,SD,0.851,0,0,,1,0.0296
144726.25,674.0,1121,Harvester,90106.07,18190.45,51,WI,0.832,0,0,,1,0.0349
110607.67,599.0,1112,Skid Steer,71570.4,15453.9,41,SD,0.8224,0,0,low_credit,0,0.1025
120146.5,665.0,1119,Baler,180857.02,32365.18,52,KS,0.8482,0,0,,1,0.0437
94158.21,664.0,1152,Baler,59741.55,17529.39,48,NE,0.7731,0,0,,1,0.0327
139398.75,663.0,1111,Sprayer,179922.39,28924.58,60,KS,0.8615,0,0,,1,0.0526
79247.02,795.0,1113,Tractor,226209.06,35039.85,47,NE,0.8659,0,0,,1,0.0373
30000.0,681.0,1111,Sprayer,155584.67,81180.37,54,MO,0.6571,0,0,low_income,1,0.0823
80303.28,599.0,4238,Harvester,69127.44,8082.31,61,MO,0.8953,0,0,low_credit,0,0.1668
138532.38,623.0,1151,Baler,216190.06,71438.29,77,KS,0.7516,0,0,low_credit;long_term,1,0.0982
126656.9,714.0,1121,Baler,109444.01,20094.65,68,IL,0.8449,0,0,,1,0.0355
139393.71,741.0,1121,Combine,199298.94,119828.97,65,IA,0.6245,0,0,,1,0.0153
80662.82,666.0,1121,Harvester,58280.22,14366.58,41,MO,0.8022,0,0,,1,0.0402
151310.32,717.0,1151,Skid Steer,55196.72,17629.09,56,SD,0.7579,0,0,,1,0.0219
39748.86,614.0,1151,Sprayer,70937.58,8649.22,62,IA,0.8913,0,0,low_income;low_credit,1,0.2249
193527.2,689.0,1151,Skid Steer,171497.0,30767.95,68,SD,0.8479,0,0,,1,0.0364
100840.41,614.0,1112,Skid Steer,266287.37,32595.72,54,MO,0.8909,0,0,low_credit,1,0.1159
139653.22,614.0,1121,Tractor,169404.76,33541.31,36,MN,0.8347,0,0,low_credit,1,0.0828
91752.83,681.0,1113,Tractor,181515.11,57208.37,79,WI,0.7604,0,0,long_term,1,0.0403
70196.04,713.0,1119,Baler,284172.17,58319.64,39,IN,0.8297,0,0,,1,0.0371
88113.81,755.0,3331,Skid Steer,61155.99,6118.7,66,NE,0.909,0,0,low_down_payment,1,0.0497
68668.17,781.0,1113,Sprayer,91546.61,7682.59,55,ND,0.9226,0,0,low_down_payment,1,0.0711
84106.2,586.0,1111,Loader,127871.44,16411.47,47,ND,0.8863,0,0,low_credit,0,0.1581
78520.38,707.0,3331,Loader,172308.19,23257.41,59,SD,0.8811,0,0,,1,0.0473
75122.97,654.0,1112,Sprayer,163562.22,76930.18,53,ND,0.6801,0,0,,1,0.044
87992.94,635.0,3331,Skid Steer,204247.87,61166.62,37,SD,0.7695,0,0,low_credit,1,0.0519
35113.29,615.0,1113,Loader,62478.28,12172.09,73,SD,0.8369,0,0,low_income;low_credit;long_term,0,0.2254
97040.07,642.0,1152,Skid Steer,280917.82,38260.06,66,IA,0.8801,0,0,,1,0.083
119834.69,754.0,1121,Harvester,150429.41,28352.42,53,MN,0.8414,0,0,,1,0.0282
153305.17,625.0,1121,Baler,101097.82,31807.84,50,IL,0.7607,0,0,low_credit,1,0.067
153443.92,597.0,1151,Planter,234565.83,39353.28,54,WI,0.8563,0,0,low_credit,0,0.1282
37760.65,657.0,1112,Skid Steer,158289.03,59061.12,49,KS,0.7283,0,0,low_income,0,0.1098
103510.7,770.0,4238,Loader,73575.81,8731.83,43,SD,0.8939,0,0,,1,0.0292
129804.44,630.0,4238,Combine,274620.37,27436.82,56,ND,0.9092,0,0,low_down_payment;low_credit,0,0.1103
163625.83,696.0,4238,Loader,44798.6,8975.62,62,ND,0.8331,0,0,,1,0.0313
30000.0,639.0,1121,Planter,259252.36,48593.32,54,NE,0.8422,0,0,low_income;low_credit,1,0.1928
147501.99,587.0,1112,Planter,106829.34,38293.8,67,MO,0.7361,0,0,low_credit,1,0.1197
138534.8,745.0,1111,Planter,108796.15,35990.35,49,SD,0.7514,0,0,,1,0.0192
92363.65,638.0,1112,Tractor,141003.77,49774.73,47,IN,0.7391,0,0,low_credit,1,0.0488
61717.17,704.0,1111,Tractor,162640.95,37624.88,50,MO,0.8121,0,0,,1,0.0504
129996.14,715.0,1119,Harvester,195109.01,54236.25,60,WI,0.7825,0,0,,1,0.0254
187846.0,655.0,1151,Sprayer,267653.65,46859.97,71,IA,0.851,0,0,,1,0.0666
60130.94,561.0,3331,Planter,232374.4,28981.04,49,NE,0.8891,0,0,low_credit,0,0.2286
140322.86,581.0,1152,Baler,187637.28,20560.94,67,IA,0.9012,0,0,low_down_payment;low_credit,0,0.1873
40083.61,800.0,1113,Planter,258037.62,42236.56,63,NE,0.8593,0,0,low_income,1,0.1155
106138.56,682.0,1119,Planter,121906.88,7808.12,58,IL,0.9398,0,0,low_down_payment,1,0.0532
109691.69,614.0,1151,Harvester,171693.71,24414.17,74,MO,0.8755,0,0,low_credit;long_term,0,0.1425
58592.71,590.0,1111,Planter,229780.47,79773.69,64,IA,0.7423,0,0,low_income;low_credit,1,0.1773
117953.85,695.0,1113,Harvester,256362.68,46245.67,57,KS,0.8472,0,0,,1,0.0305
85012.67,676.0,1111,Planter,182567.36,77634.46,38,ND,0.7016,0,0,,1,0.02
100143.88,715.0,1113,Harvester,93295.3,30435.98,44,MO,0.754,0,0,,1,0.0179
69154.75,685.0,1111,Combine,91750.16,17809.26,64,MO,0.8374,0,0,,1,0.0594
30000.0,691.0,1121,Combine,103177.73,22254.27,70,IA,0.8226,0,0,low_income,1,0.1324
142223.33,720.0,1151,Combine,212558.83,47117.48,36,ND,0.8186,0,0,,1,0.0201
143730.63,755.0,3331,Skid Steer,158097.59,44252.36,67,NE,0.7813,0,0,,1,0.0281
66884.03,797.0,1119,Harvester,168117.29,34394.76,47,IL,0.8302,0,0,,1,0.0453
76768.02,716.0,1151,Loader,178423.71,44471.7,56,IA,0.8005,0,0,,1,0.0362
160054.58,638.0,1152,Harvester,57074.24,18205.6,62,NE,0.7582,0,0,low_credit,1,0.063
103751.84,723.0,1121,Tractor,175723.79,48150.16,55,WI,0.7849,0,0,,1,0.0237
144736.55,615.0,1151,Sprayer,164881.53,12315.36,55,MO,0.9305,0,0,low_down_payment;low_credit,1,0.1361
123033.91,788.0,1113,Planter,276096.46,0.0,54,MN,1.0,1,1,high_ltv;low_down_payment;prior_default;bankruptcy,1,0.2554
106841.33,617.0,1113,Tractor,194452.84,58618.25,41,IL,0.7684,0,0,low_credit,0,0.0685
59360.36,774.0,1112,Baler,266129.56,24342.36,55,KS,0.9162,0,0,low_down_payment;low_income,1,0.0928
137269.05,731.0,4238,Harvester,145461.6,33100.16,36,IN,0.8146,0,0,,1,0.0198
152653.96,689.0,1121,Loader,229359.47,25396.78,78,KS,0.9003,0,0,low_down_payment;long_term,1,0.061
30000.0,733.0,1152,Harvester,173488.4,38479.42,36,MO,0.8185,0,0,low_income,1,0.0948
55515.7,561.0,1111,Loader,61935.03,4594.27,46,ND,0.9309,0,0,low_down_payment;low_income;low_credit,0,0.2517
75896.54,655.0,1121,Skid Steer,39453.71,15482.02,54,IN,0.7182,0,0,,1,0.0488
80718.0,755.0,1152,Sprayer,66193.42,27895.28,39,NE,0.7035,0,0,,1,0.0178
71459.94,596.0,3331,Planter,237525.85,63383.73,71,SD,0.7894,0,0,low_credit,1,0.1637
165318.96,703.0,1119,Tractor,219910.24,38396.1,76,KS,0.8514,0,0,long_term,1,0.0451
150877.77,619.0,3331,Baler,107852.3,54309.95,54,WI,0.6651,0,0,low_credit,1,0.0567
152403.75,657.0,1121,Tractor,110920.16,13155.64,67,WI,0.894,0,0,,1,0.0703
71409.51,619.0,1111,Harvester,160021.1,42064.75,62,NE,0.7918,0,0,low_credit,0,0.126
68232.17,578.0,1113,Tractor,246920.24,72190.41,58,IA,0.7738,0,0,low_credit,1,0.1724
112554.73,700.0,3331,Combine,282974.59,22620.41,41,MO,0.926,0,0,low_down_payment,1,0.0352
140431.96,716.0,1112,Tractor,159794.18,36883.9,55,MO,0.8125,0,0,,1,0.0262
96605.11,685.0,1112,Baler,106856.77,47173.99,60,WI,0.6937,0,0,,1,0.02
115020.68,778.0,1111,Baler,168875.73,50833.03,50,SD,0.7686,0,0,,1,0.0207
53809.85,645.0,4238,Planter,172512.29,13862.74,51,WI,0.9256,0,0,low_down_payment;low_income,0,0.1646
105144.35,550.0,1119,Harvester,46840.7,10059.37,46,SD,0.8232,0,0,low_credit,0,0.1716
95939.07,708.0,1111,Harvester,84123.28,7525.66,75,IA,0.9179,0,0,low_down_payment;long_term,1,0.0608
43055.18,764.0,1152,Loader,198371.56,38539.0,65,MO,0.8373,0,0,low_income,1,0.1056
201859.68,654.0,1111,Baler,107669.71,27453.49,56,WI,0.7968,0,0,,1,0.047
130990.65,612.0,1112,Harvester,165400.78,25516.45,59,WI,0.8663,0,0,low_credit,1,0.1167
163139.21,713.0,1152,Loader,135222.45,24872.97,75,IN,0.8446,0,0,long_term,1,0.0434
124821.76,788.0,4238,Planter,102718.35,46172.33,73,MN,0.6899,0,0,long_term,1,0.0246
100557.78,663.0,1113,Skid Steer,228122.06,65604.91,68,IL,0.7766,0,0,,1,0.0447
68185.42,580.0,1111,Combine,148207.74,55780.13,36,SD,0.7266,0,0,low_credit,1,0.1343
98096.62,718.0,1113,Combine,192628.88,63717.91,72,MO,0.7514,0,0,,1,0.0272
208924.42,721.0,1151,Combine,124630.44,11425.68,52,SD,0.916,0,0,low_down_payment,1,0.0399
96643.88,698.0,3331,Skid Steer,186120.05,71893.35,60,WI,0.7214,0,0,,1,0.0203
86407.48,674.0,1119,Planter,135834.66,44108.99,48,MO,0.7549,0,0,,0,0.0281
132177.87,646.0,1151,Skid Steer,62582.36,12341.45,67,IL,0.8353,0,0,,1,0.0696
108161.07,779.0,1119,Tractor,238357.46,72692.31,56,ND,0.7663,0,0,,1,0.0225
151759.99,680.0,1119,Harvester,107231.28,31450.37,67,MO,0.7732,0,1,bankruptcy,1,0.1147
159129.04,797.0,1119,Combine,254637.75,89022.16,51,IA,0.741,0,0,,1,0.019
118750.78,686.0,1113,Sprayer,114752.99,31104.99,78,MN,0.7867,0,0,long_term,1,0.0398
160636.7,590.0,1152,Baler,156931.64,63631.74,66,MO,0.7115,0,0,low_credit,1,0.1084
149793.79,712.0,1113,Baler,278320.16,21737.34,54,WI,0.9276,0,0,low_down_payment,1,0.0426
72954.81,676.0,1152,Sprayer,286751.14,45517.39,64,IN,0.863,0,0,,1,0.0679
108643.15,640.0,1113,Baler,181516.52,42043.86,64,MO,0.8119,0,0,,1,0.0675
30000.0,653.0,1152,Sprayer,177268.87,62774.4,48,SD,0.7385,0,0,low_income,0,0.1309
91607.14,644.0,1152,Sprayer,200246.34,51798.27,61,ND,0.7945,0,0,,1,0.0586
109059.31,727.0,1111,Harvester,165564.33,51745.7,75,MO,0.7619,1,0,long_term;prior_default,0,0.0963
174160.72,662.0,1119,Harvester,68121.79,14924.55,76,IL,0.8203,0,0,long_term,1,0.0638
80430.58,716.0,1113,Sprayer,89022.88,27730.15,62,IA,0.7625,0,0,,1,0.0314
131067.92,646.0,1119,Tractor,126172.55,41032.88,74,MN,0.7546,0,0,long_term,1,0.0645
83052.6,592.0,1111,Harvester,167835.82,76897.71,50,MO,0.6858,0,0,low_credit,1,0.0956
97919.51,639.0,4238,Harvester,206016.79,41281.14,84,WI,0.8331,0,0,low_credit;long_term,0,0.1076
111032.58,593.0,1119,Tractor,121102.76,37014.39,84,KS,0.7659,0,0,low_credit;long_term,1,0.1465
117831.16,689.0,4238,Planter,105895.27,32077.43,68,NE,0.7675,1,0,prior_default,1,0.0852
109860.77,620.0,3331,Sprayer,130644.91,32638.01,55,SD,0.8001,0,0,low_credit,1,0.0848
102800.64,603.0,1112,Loader,70263.17,22889.01,74,SD,0.7543,0,0,low_credit;long_term,0,0.1206
72791.39,822.0,1111,Baler,115110.66,17638.51,37,IA,0.8671,0,0,,1,0.0383
75846.85,766.0,3331,Baler,213536.89,59450.76,77,IN,0.7822,0,0,long_term,1,0.0515
123303.47,674.0,1113,Baler,257865.51,74084.29,52,MO,0.7768,0,0,,1,0.0294
47233.2,726.0,1111,Combine,115678.14,16997.83,45,IL,0.8719,0,0,low_income,0,0.0863
96158.25,707.0,1152,Sprayer,227398.29,34454.18,60,SD,0.8684,1,0,prior_default,0,0.1019
159578.45,680.0,1121,Combine,113333.13,6434.74,44,IL,0.9463,0,0,low_down_payment,1,0.0468
30000.0,715.0,1152,Loader,101155.47,34418.25,58,SD,0.7461,0,0,low_income,1,0.0979
77583.23,660.0,1152,Harvester,216479.65,63402.14,36,NE,0.7735,0,0,,1,0.0407
116094.58,670.0,1113,Planter,222582.9,62929.04,46,IA,0.7796,0,0,,1,0.029
182499.02,656.0,1151,Loader,92746.22,21661.39,39,WI,0.8107,0,0,,1,0.0373
106852.86,676.0,3331,Loader,246222.3,16024.75,46,KS,0.9389,0,0,low_down_payment,1,0.05
171824.13,819.0,1151,Sprayer,266629.22,22396.82,47,IL,0.9225,1,0,low_down_payment;prior_default,1,0.1106
98105.09,760.0,1111,Combine,108901.89,29691.24,55,KS,0.7858,0,0,,1,0.0238
100101.72,696.0,4238,Planter,63073.32,11289.39,53,IA,0.8482,0,0,,1,0.0288
100518.82,698.0,3331,Skid Steer,64868.34,9009.39,50,IN,0.8781,0,0,,1,0.0306
78600.47,678.0,1152,Sprayer,75809.27,10315.29,57,ND,0.8802,0,0,,0,0.0555
123850.36,652.0,1121,Sprayer,80691.91,23903.21,36,NE,0.7715,0,0,,1,0.0336
111101.17,660.0,1112,Sprayer,196640.22,7486.45,50,MO,0.9633,0,0,high_ltv;low_down_payment,0,0.0798
160108.41,691.0,1151,Loader,203537.22,27917.63,77,WI,0.8794,0,0,long_term,1,0.0501
221975.65,726.0,1152,Planter,139648.77,29085.01,49,IA,0.8276,0,0,,1,0.0253
134444.26,652.0,3331,Loader,126910.17,22112.46,55,IA,0.8516,0,0,,0,0.0572
84918.96,603.0,3331,Planter,259929.13,66671.95,61,IN,0.7959,0,0,low_credit,1,0.1203
96498.09,692.0,1152,Sprayer,275047.68,47364.71,77,ND,0.8531,0,0,long_term,1,0.0459
68014.96,607.0,1113,Skid Steer,202434.71,50455.31,45,MN,0.8005,0,0,low_credit,1,0.1326
30000.0,641.0,1113,Harvester,64351.56,7281.29,62,WI,0.8984,0,0,low_income,0,0.2092
134188.61,746.0,3331,Combine,155893.49,36279.72,54,MO,0.8112,0,0,,1,0.0257
92245.59,727.0,1151,Loader,82329.55,30185.5,64,IN,0.7317,0,0,,1,0.0224
178076.83,572.0,1111,Planter,309102.55,14002.58,47,IN,0.9567,0,0,high_ltv;low_down_payment;low_credit,1,0.2034
67548.34,671.0,1152,Tractor,193323.92,59300.23,60,ND,0.7653,1,0,prior_default,1,0.1403
158182.42,634.0,1119,Sprayer,156807.84,7134.74,81,ND,0.9565,0,0,high_ltv;low_down_payment;low_credit;long_term,0,0.1656
190013.36,696.0,1112,Loader,174201.65,32540.8,58,IA,0.8426,0,0,,1,0.0305
84957.96,703.0,3331,Skid Steer,207098.28,54396.79,76,IN,0.792,0,0,long_term,0,0.0419
165792.32,734.0,1151,Sprayer,333803.98,14105.31,80,ND,0.9595,0,0,high_ltv;low_down_payment;long_term,1,0.0804
79318.6,694.0,1151,Baler,141985.55,24204.11,68,KS,0.8544,0,0,,1,0.0481
126619.13,701.0,4238,Combine,139254.47,10700.48,71,NE,0.9286,0,0,low_down_payment,1,0.0542
85236.55,672.0,1111,Tractor,128766.02,54953.23,84,MN,0.7009,0,0,long_term,1,0.0462
174062.57,777.0,1112,Loader,149731.25,8748.44,54,WI,0.9448,0,0,low_down_payment,1,0.0452
130518.91,595.0,1152,Harvester,185736.58,44401.19,64,IA,0.8071,0,0,low_credit,1,0.127
151316.31,615.0,3331,Planter,286994.04,23730.6,38,IN,0.9236,0,0,low_down_payment;low_credit,0,0.1138
160957.12,711.0,1121,Skid Steer,76932.35,25968.02,40,SD,0.7476,0,0,,1,0.0165
168914.38,627.0,1119,Planter,252662.11,28049.65,83,WI,0.9001,0,0,low_down_payment;low_credit;long_term,0,0.1514
167352.45,719.0,1111,Tractor,40112.31,8829.22,62,NE,0.8196,0,0,,1,0.0298
66022.03,640.0,4238,Baler,99740.5,7547.75,65,SD,0.9296,0,0,low_down_payment,0,0.1544
76748.08,713.0,1121,Combine,145683.51,38638.64,60,KS,0.7904,0,0,,1,0.037
80096.01,690.0,1119,Planter,114028.56,51230.64,70,IA,0.69,0,0,,0,0.0276
83428.37,670.0,4238,Baler,249009.55,73743.25,69,KS,0.7715,0,0,,1,0.0465
108539.43,763.0,1111,Skid Steer,75883.3,13251.5,46,SD,0.8513,0,0,,1,0.0263
30000.0,675.0,1111,Planter,298684.1,0.0,63,IA,1.0,0,0,high_ltv;low_down_payment;low_income,0,0.2175
72731.25,601.0,1112,Baler,189662.42,63499.27,54,NE,0.7492,0,0,low_credit,0,0.1256
124151.1,741.0,1112,Sprayer,132677.77,82768.22,51,IN,0.6158,0,0,,1,0.0119
142186.49,614.0,1152,Skid Steer,36451.84,14997.63,62,IA,0.7085,0,0,low_credit,1,0.0769
93218.7,712.0,4238,Sprayer,185620.28,33423.43,49,SD,0.8474,0,0,,1,0.0271
31137.71,691.0,1119,Baler,126823.03,9731.0,73,SD,0.9287,0,0,low_down_payment;low_income;long_term,0,0.1836
141433.03,709.0,1152,Skid Steer,285226.68,39606.14,67,MO,0.8781,0,0,,0,0.0392
71883.2,645.0,1119,Harvester,41507.29,15173.04,56,IN,0.7323,0,0,,0,0.067
34275.46,692.0,3331,Combine,207476.78,43093.36,75,NE,0.828,0,0,low_income;long_term,0,0.139
90717.93,719.0,1111,Tractor,265349.36,62050.87,49,IA,0.8105,0,0,,1,0.0238
99125.91,635.0,1152,Planter,156511.7,27892.65,56,KS,0.8487,0,0,low_credit,0,0.0802
104276.69,630.0,1113,Sprayer,138235.28,55596.86,73,MO,0.7132,0,0,low_credit;long_term,1,0.0767
61207.42,727.0,1119,Planter,167907.14,44293.11,63,WI,0.7913,1,0,prior_default,1,0.1389
40921.13,736.0,3331,Baler,124260.88,25078.14,47,MN,0.8321,0,0,low_income,1,0.0896
81210.5,570.0,1111,Combine,145748.63,42690.42,50,SD,0.7735,0,0,low_credit,0,0.1507
67498.7,609.0,1112,Harvester,92186.02,12348.44,64,MN,0.8819,0,0,low_credit,0,0.1773
118183.39,665.0,1112,Combine,159774.56,37324.59,55,ND,0.8106,0,0,,1,0.0401
36404.49,645.0,1121,Combine,54400.67,3414.54,55,SD,0.9409,0,0,low_down_payment;low_income,0,0.2079
199950.15,700.0,1111,Planter,127594.21,33084.1,42,MN,0.7941,0,0,,1,0.0201
184628.23,719.0,1113,Combine,257869.53,56056.65,80,MN,0.8214,0,0,long_term,1,0.0431
109264.74,708.0,1121,Combine,200589.21,53728.12,43,MN,0.7887,0,0,,1,0.02
124443.61,610.0,1119,Combine,56009.89,3082.27,71,IN,0.9478,0,0,low_down_payment;low_credit,1,0.1688
104424.18,740.0,1112,Skid Steer,247986.17,66507.06,69,WI,0.7885,0,0,,1,0.0296
130046.1,785.0,3331,Sprayer,118959.74,5509.41,36,NE,0.9557,0,0,high_ltv;low_down_payment,1,0.0402
108749.62,691.0,1151,Sprayer,66096.62,19009.51,50,NE,0.7766,0,0,,1,0.0214
92916.48,663.0,1111,Combine,132958.45,22562.24,60,IA,0.8549,0,0,,0,0.0518
121906.26,634.0,1152,Skid Steer,223972.8,37905.42,61,IN,0.8553,0,0,low_credit,0,0.0884
62480.35,695.0,3331,Baler,62411.58,17069.84,64,NE,0.7852,0,0,,1,0.0547
30000.0,641.0,1113,Harvester,307555.67,12107.4,57,IL,0.9621,1,0,high_ltv;low_down_payment;low_income;prior_default,0,0.2764
77561.26,671.0,1121,Combine,323992.33,24889.84,70,IA,0.9287,1,0,low_down_payment;prior_default,0,0.1914
130353.93,578.0,1151,Tractor,144699.82,18211.07,76,MO,0.8882,0,1,low_credit;long_term;bankruptcy,0,0.2582
59973.71,693.0,1111,Planter,163582.89,22726.55,43,KS,0.878,0,0,low_income,1,0.065
100605.74,651.0,1112,Baler,80581.42,11675.6,48,KS,0.8734,0,0,,1,0.0568
106907.12,614.0,1152,Loader,61116.72,18468.67,47,WI,0.7679,0,0,low_credit,0,0.077
97679.63,645.0,3331,Sprayer,230450.44,63770.0,71,MO,0.7833,0,0,,1,0.0634
94969.83,627.0,1112,Harvester,274836.92,51396.25,62,ND,0.8425,0,0,low_credit,0,0.095
143557.08,645.0,1119,Harvester,115182.5,20691.36,48,NE,0.8477,0,0,,0,0.0572
214267.79,672.0,1119,Planter,192803.58,52376.72,76,MO,0.7864,0,0,long_term,1,0.0489
158452.17,758.0,1119,Skid Steer,103111.53,27088.09,74,IN,0.7919,0,0,long_term,1,0.0358
96765.67,721.0,1152,Tractor,193159.83,30094.12,56,IN,0.8652,0,0,,1,0.032
173358.65,830.0,1119,Loader,36193.05,22216.99,47,IA,0.6196,0,0,,1,0.0113
53523.32,607.0,3331,Sprayer,146528.2,26658.79,42,ND,0.8461,0,0,low_income;low_credit,0,0.1788
135595.92,697.0,1111,Tractor,194918.86,51109.79,75,MN,0.7923,0,0,long_term,1,0.0364
127037.0,640.0,1111,Loader,121951.82,76076.51,64,IN,0.6158,0,0,low_credit,1,0.0396
50147.9,694.0,1151,Sprayer,72052.82,28522.54,76,NE,0.7164,0,0,low_income;long_term,1,0.0801
145045.87,619.0,4238,Planter,256147.73,87810.34,68,SD,0.7447,0,0,low_credit,0,0.0849
151890.12,712.0,1112,Harvester,221009.76,75795.51,54,NE,0.7446,0,0,,1,0.0202
135805.31,629.0,1152,Planter,223755.71,53539.38,54,IA,0.8069,0,0,low_credit,1,0.0764
57962.33,713.0,1152,Planter,94788.72,23157.93,79,MN,0.8037,0,0,low_income;long_term,1,0.0909
107949.32,685.0,1113,Skid Steer,56195.66,791.34,72,IA,0.9861,0,0,high_ltv;low_down_payment,1,0.0783
45494.87,698.0,1151,Planter,293908.38,20186.58,61,KS,0.9357,0,0,low_down_payment;low_income,0,0.1334
147500.06,793.0,1151,Harvester,173200.83,81808.0,66,IL,0.6792,0,0,,1,0.0191
173914.01,672.0,1112,Sprayer,236174.29,99088.3,57,MO,0.7044,0,0,,1,0.0251
65507.96,638.0,1113,Baler,105264.78,25488.15,36,IL,0.8051,1,0,low_credit;prior_default,0,0.1788
115661.32,718.0,1119,Planter,170317.88,86368.58,40,SD,0.6635,0,0,,1,0.012
101723.98,621.0,3331,Sprayer,228400.03,49035.22,61,IL,0.8233,1,0,low_credit;prior_default,0,0.1856
49567.06,643.0,3331,Skid Steer,132893.52,43613.84,54,WI,0.7529,0,0,low_income,1,0.1173
70124.58,732.0,1112,Combine,149415.52,36728.46,62,KS,0.8027,0,0,,1,0.0469
119636.28,771.0,1151,Harvester,241959.41,23199.65,36,KS,0.9125,0,0,low_down_payment,1,0.0312
58330.45,702.0,1112,Loader,50675.5,15514.27,76,KS,0.7656,0,0,low_income;long_term,0,0.0782
74862.17,627.0,1152,Combine,208569.23,56179.6,63,MO,0.7878,0,0,low_credit,1,0.1085
78998.35,712.0,1152,Loader,205152.87,86154.8,56,IA,0.7042,0,0,,1,0.0243
163431.21,648.0,1112,Baler,154014.37,80583.81,59,IA,0.6565,0,0,,1,0.0334
117765.09,577.0,1119,Skid Steer,304524.14,18835.23,55,MO,0.9418,0,0,low_down_payment;low_credit,1,0.1923
102532.41,712.0,1113,Planter,79639.18,15136.06,64,MN,0.8403,0,0,,1,0.033
113103.47,624.0,1111,Loader,188038.79,42663.91,60,MN,0.8151,1,0,low_credit;prior_default,0,0.1783
44215.36,712.0,1112,Sprayer,135534.45,17095.02,46,MN,0.888,0,0,low_income,1,0.097
74420.48,748.0,1151,Harvester,75936.69,30316.98,56,IL,0.7147,0,0,,0,0.0285
114193.51,681.0,1152,Sprayer,289108.17,31412.57,53,NE,0.902,0,0,low_down_payment,0,0.0448
163932.04,604.0,3331,Combine,95823.29,43105.54,60,NE,0.6897,0,0,low_credit,0,0.0812
152134.56,712.0,3331,Sprayer,99001.87,40137.96,68,KS,0.7115,0,0,,1,0.0222
80183.99,677.0,1112,Harvester,189482.04,28240.73,79,WI,0.8703,0,0,long_term,1,0.077
209328.06,717.0,1151,Skid Steer,137782.62,37628.41,50,MN,0.7855,0,0,,1,0.022
174150.79,759.0,1119,Sprayer,253274.83,27142.29,55,NE,0.9032,0,0,low_down_payment,1,0.0399
182032.1,708.0,3331,Loader,194819.36,29722.58,64,IN,0.8676,0,0,,1,0.0363
140737.91,663.0,3331,Tractor,43200.34,12178.5,55,MN,0.7801,0,0,,1,0.0373
111269.0,687.0,3331,Baler,292008.92,54896.74,36,MO,0.8418,0,0,,1,0.0232
45338.48,679.0,1152,Harvester,90632.35,19481.9,46,IA,0.8231,0,0,low_income,1,0.0917
51259.67,627.0,1112,Combine,108484.27,17157.78,63,WI,0.8634,0,0,low_income;low_credit,0,0.185
166272.29,634.0,4238,Combine,229410.42,100453.81,49,MO,0.6955,0,0,low_credit,1,0.0462
91212.21,584.0,1119,Baler,131654.4,45210.33,72,IN,0.7444,0,0,low_credit,1,0.131
111819.76,730.0,1113,Harvester,127136.17,12651.77,58,SD,0.9095,0,0,low_down_payment,1,0.0425
112464.92,683.0,1113,Baler,51178.41,11736.58,47,IA,0.8135,0,0,,1,0.0266
167775.57,697.0,1151,Baler,57815.05,12678.07,46,ND,0.8202,0,0,,1,0.0235
118565.34,733.0,1112,Loader,222897.29,43239.35,61,SD,0.8375,0,0,,1,0.0313
148704.53,712.0,1113,Sprayer,189249.11,53649.73,53,KS,0.7791,0,0,,1,0.0226
133666.5,694.0,1119,Baler,299768.72,22382.83,69,MO,0.9305,0,0,low_down_payment,1,0.053
155253.71,771.0,1119,Harvester,67877.99,7284.81,53,MO,0.9031,0,0,low_down_payment,1,0.0387
116804.9,742.0,3331,Skid Steer,216846.92,5310.19,55,SD,0.9761,0,0,high_ltv;low_down_payment,1,0.056
169117.77,614.0,1119,Sprayer,184067.94,45427.87,38,KS,0.8021,0,0,low_credit,1,0.0769
30000.0,596.0,3331,Tractor,167487.83,25339.1,42,ND,0.8686,0,0,low_income;low_credit,0,0.2306
49217.3,706.0,1121,Loader,142275.65,61172.4,75,NE,0.6993,0,0,low_income;long_term,1,0.0768
161583.87,632.0,1111,Tractor,106334.24,47668.91,56,NE,0.6905,0,0,low_credit,1,0.0514
48574.47,742.0,1119,Planter,105807.19,4132.65,37,MO,0.9624,0,0,high_ltv;low_down_payment;low_income,0,0.1151
241864.93,671.0,1152,Loader,154688.89,63019.46,59,WI,0.7105,0,0,,1,0.0274
65347.43,662.0,1113,Skid Steer,211337.09,77677.98,70,MO,0.7312,0,0,,1,0.0714
110205.07,775.0,1152,Skid Steer,108433.86,27069.6,78,WI,0.8002,0,0,long_term,1,0.039
74835.13,660.0,1113,Planter,104814.81,48223.35,84,KS,0.6849,0,0,long_term,1,0.0663
110054.93,648.0,1111,Skid Steer,242698.29,57986.15,58,WI,0.8072,0,0,,1,0.0549
144457.86,632.0,1119,Loader,238592.32,61186.45,59,ND,0.7959,0,0,low_credit,1,0.075
112648.97,752.0,1111,Loader,192520.75,49855.25,49,MO,0.7943,0,0,,1,0.0224
138621.43,705.0,1152,Skid Steer,75672.28,30816.69,57,SD,0.7106,0,0,,1,0.0187
36394.14,776.0,1113,Baler,260763.7,75151.13,59,IL,0.7763,0,0,low_income,1,0.0954
148829.94,673.0,1119,Harvester,77790.41,25229.46,71,WI,0.7551,0,0,,1,0.0368
137322.88,683.0,1119,Sprayer,329095.81,16087.48,72,KS,0.9534,0,0,high_ltv;low_down_payment,1,0.0729
42277.86,622.0,1152,Baler,249612.22,42352.71,61,MN,0.8549,1,0,low_income;low_credit;prior_default,0,0.25
117874.42,753.0,3331,Tractor,142100.68,31873.2,62,KS,0.8168,0,0,,1,0.0295
86613.55,635.0,1113,Skid Steer,67206.01,31054.97,44,KS,0.684,0,0,low_credit,0,0.0444
97974.73,669.0,1112,Combine,181119.65,60055.13,36,IN,0.751,0,0,,0,0.0232
30000.0,682.0,1151,Skid Steer,166497.84,57350.1,45,KS,0.7438,0,0,low_income,1,0.0936
169668.0,774.0,1151,Harvester,188927.08,37126.61,56,WI,0.8358,0,0,,1,0.0289
138147.72,676.0,3331,Baler,97054.27,36647.28,51,NE,0.7259,0,0,,1,0.0234
88146.01,629.0,1121,Combine,145766.42,46251.4,49,IN,0.7591,0,0,low_credit,0,0.0648
121732.64,635.0,1113,Tractor,259205.0,19617.49,69,IN,0.9296,0,0,low_down_payment;low_credit,1,0.1244
197339.83,670.0,4238,Planter,107114.08,25014.49,60,SD,0.8107,0,0,,1,0.0396
59977.18,625.0,1121,Sprayer,46308.44,15145.63,69,IN,0.7535,0,0,low_income;low_credit,1,0.1441
148190.15,709.0,1113,Skid Steer,207535.33,102206.21,76,IA,0.67,1,0,long_term;prior_default,1,0.075
78256.97,666.0,1152,Planter,95175.04,6058.97,43,NE,0.9401,0,0,low_down_payment,1,0.0751
30000.0,739.0,4238,Loader,109261.77,9848.11,56,KS,0.9173,0,0,low_down_payment;low_income,1,0.1546
136425.58,815.0,1121,Baler,207592.76,29135.79,53,SD,0.8769,0,0,,1,0.0319
222058.39,685.0,1112,Loader,51542.44,11332.84,82,IL,0.8198,0,0,long_term,1,0.0477
148915.44,659.0,1121,Harvester,50871.97,9266.42,72,MO,0.8459,0,0,,1,0.0631
78770.05,630.0,1151,Baler,49408.03,9249.78,75,IA,0.8423,0,0,low_credit;long_term,1,0.1349
106198.88,676.0,1113,Harvester,285937.07,35467.52,36,ND,0.8896,0,0,,1,0.0334
30000.0,712.0,1112,Baler,216733.38,69674.15,60,MO,0.7567,0,1,low_income;bankruptcy,0,0.1996
121656.17,618.0,1113,Harvester,74925.56,27952.62,84,KS,0.7283,0,0,low_credit;long_term,1,0.105
49075.18,742.0,1121,Planter,54344.4,11767.13,50,SD,0.822,0,0,low_income,1,0.0761
110457.42,658.0,1152,Sprayer,263593.78,43766.4,69,NE,0.8576,0,0,,1,0.0632
99473.11,622.0,1113,Combine,172019.5,52264.37,66,MO,0.767,0,0,low_credit,1,0.0856
146898.28,771.0,1113,Planter,130768.58,32097.12,59,NE,0.8029,0,0,,0,0.0269
30000.0,757.0,3331,Baler,178856.71,78218.7,78,ND,0.6957,0,0,low_income;long_term,1,0.1113
124995.8,703.0,1119,Combine,105993.56,27557.76,60,MO,0.7937,0,0,,1,0.0264
144070.45,720.0,3331,Baler,186527.4,38219.65,63,ND,0.8299,0,0,,1,0.0314
87489.65,785.0,3331,Loader,280500.18,37190.29,46,IL,0.8829,0,0,,1,0.0314
143517.43,703.0,1113,Tractor,64112.98,14809.56,65,MN,0.8124,0,0,,1,0.0304
112480.69,628.0,1121,Harvester,243013.48,59384.13,51,MO,0.8036,0,0,low_credit,1,0.0739
140995.92,679.0,1112,Sprayer,137603.67,30598.39,54,NE,0.8181,0,0,,1,0.032
131258.02,580.0,1113,Skid Steer,157975.47,22140.07,63,KS,0.8771,1,0,low_credit;prior_default,0,0.239
203137.5,730.0,1119,Sprayer,290156.17,44252.4,58,SD,0.8677,0,0,,1,0.0332
88000.21,642.0,1119,Loader,58074.82,24810.72,40,IA,0.7007,0,0,,1,0.0347
65644.79,703.0,1152,Tractor,189803.45,0.0,62,MN,1.0,0,0,high_ltv;low_down_payment,0,0.1111
108323.33,640.0,1152,Tractor,259397.93,84418.22,45,ND,0.7545,0,0,,1,0.044
119354.24,670.0,4238,Tractor,216994.74,44489.34,65,KS,0.8299,0,0,,1,0.0455
124302.66,549.0,1113,Skid Steer,108561.13,12884.46,72,SD,0.8939,0,0,low_credit,0,0.2176
124258.0,731.0,1119,Sprayer,202812.57,51819.06,67,IA,0.7965,1,0,prior_default,1,0.0902
30000.0,753.0,1119,Sprayer,122482.83,25773.26,65,IN,0.8262,0,0,low_income,0,0.1279
46061.63,690.0,1112,Baler,148142.13,26342.49,75,NE,0.849,1,0,low_income;long_term;prior_default,0,0.2086
121023.96,591.0,1119,Baler,107233.1,31011.55,50,SD,0.7757,0,0,low_credit,1,0.1084
112617.36,598.0,1112,Harvester,302434.22,29951.18,63,NE,0.9099,0,0,low_down_payment;low_credit,0,0.1634
92452.24,738.0,1112,Skid Steer,206160.35,61480.09,77,IN,0.7703,0,0,long_term,1,0.0347
140707.0,742.0,4238,Sprayer,216005.74,50328.51,44,WI,0.811,0,0,,1,0.0221
30000.0,751.0,3331,Combine,49086.87,21261.56,36,NE,0.6978,0,0,low_income,1,0.0667
157030.69,670.0,1152,Sprayer,208045.43,16232.87,56,ND,0.9276,0,0,low_down_payment,1,0.0611
99085.77,710.0,1113,Harvester,279053.11,47412.35,44,MO,0.8548,0,0,,1,0.0258
115480.44,622.0,3331,Harvester,186884.94,55276.27,55,MN,0.7717,0,0,low_credit,1,0.0766
111536.53,598.0,3331,Baler,49004.15,10283.42,55,MO,0.8266,0,0,low_credit,0,0.1195
99083.9,711.0,1111,Skid Steer,166661.63,16297.01,62,IN,0.9109,0,0,low_down_payment,1,0.0452
30000.0,618.0,4238,Planter,340654.91,6799.05,54,MN,0.9804,0,0,high_ltv;low_down_payment;low_income;low_credit,0,0.2614
194329.91,604.0,4238,Planter,87617.9,29609.4,36,ND,0.7474,0,0,low_credit,1,0.0731
123708.52,666.0,4238,Baler,70553.37,11424.12,62,IN,0.8606,0,0,,1,0.052
108881.87,627.0,3331,Loader,223734.79,33386.84,46,IA,0.8702,0,0,low_credit,1,0.0857
157866.76,679.0,1113,Planter,115591.2,44672.77,62,NE,0.7213,0,0,,1,0.0256
63161.84,665.0,1152,Loader,193999.09,26745.38,63,IN,0.8788,0,0,,0,0.1006
48712.43,710.0,1112,Planter,209204.71,31366.15,77,MN,0.8696,0,0,low_income;long_term,0,0.1249
103610.9,761.0,1112,Tractor,124350.09,39293.23,36,WI,0.7599,1,0,prior_default,1,0.0557
115942.6,745.0,1151,Sprayer,272357.86,49197.69,61,MN,0.847,1,0,prior_default,1,0.0972
84366.63,623.0,1152,Skid Steer,284668.87,53829.13,36,WI,0.841,0,0,low_credit,0,0.0833
116219.18,672.0,1152,Sprayer,67750.44,2554.7,65,ND,0.9637,0,0,high_ltv;low_down_payment,1,0.0812
100339.93,684.0,1121,Harvester,267950.84,10942.65,59,SD,0.9608,0,0,high_ltv;low_down_payment,1,0.0619
204755.06,625.0,1112,Baler,89796.97,41401.08,67,NE,0.6844,1,0,low_credit;prior_default,1,0.1438
103905.47,686.0,1111,Loader,281792.06,40644.15,53,IL,0.8739,0,0,,1,0.0336
222355.02,633.0,1119,Baler,75004.66,9351.95,63,KS,0.8891,0,0,low_credit,1,0.1001
111598.09,571.0,1151,Skid Steer,245812.02,31010.43,50,WI,0.888,0,0,low_credit,0,0.169
129212.82,634.0,1113,Sprayer,204086.23,7875.79,66,SD,0.9628,0,0,high_ltv;low_down_payment;low_credit,0,0.1414
136968.04,528.0,1112,Loader,48712.48,9756.0,48,NE,0.8331,0,0,low_credit,0,0.2
30000.0,757.0,1152,Sprayer,237018.62,37794.69,51,MN,0.8625,1,0,low_income;prior_default,1,0.2108
106162.07,713.0,1152,Combine,138925.76,20761.66,42,MO,0.87,0,0,,1,0.0264
177371.27,762.0,1112,Sprayer,235765.05,60338.25,53,NE,0.7962,0,0,,1,0.024
115506.74,646.0,1152,Combine,253572.03,47425.97,79,SD,0.8424,0,0,long_term,1,0.0884
95851.08,692.0,1151,Baler,130966.08,20998.74,66,SD,0.8618,0,0,,1,0.0366
114401.99,625.0,1151,Planter,158622.52,16685.52,72,IA,0.9048,0,0,low_down_payment;low_credit,1,0.1337
74565.02,562.0,1151,Loader,226216.62,62064.79,66,MN,0.7847,0,0,low_credit,0,0.1902
48435.63,649.0,3331,Skid Steer,103632.11,40522.42,56,KS,0.7189,0,0,low_income,1,0.1041
30000.0,628.0,3331,Tractor,293199.62,50466.91,41,IL,0.8532,0,1,low_income;low_credit;bankruptcy,0,0.2534
139102.37,606.0,1151,Harvester,254076.17,45244.25,43,IA,0.8488,0,0,low_credit,1,0.1028
107866.75,668.0,1119,Loader,67988.46,29405.24,84,MN,0.6981,0,0,long_term,1,0.0435
84450.2,667.0,1111,Baler,260218.13,67564.1,48,IA,0.7939,0,0,,0,0.0382
113541.98,637.0,1111,Baler,169294.06,42588.82,45,ND,0.799,0,0,low_credit,1,0.0586
112705.52,621.0,1121,Tractor,143699.55,30932.09,50,IN,0.8229,0,0,low_credit,0,0.0843
100265.38,658.0,3331,Loader,233740.99,79275.87,68,ND,0.7467,0,0,,1,0.0436
121911.31,703.0,1113,Loader,67087.18,6391.38,51,ND,0.913,0,0,low_down_payment,0,0.0389
30000.0,678.0,1152,Combine,238613.96,65519.51,56,IN,0.7846,0,0,low_income,0,0.1218
132949.47,824.0,1121,Skid Steer,145636.32,39588.71,60,SD,0.7863,0,0,,1,0.0257
122509.0,731.0,4238,Tractor,193891.01,46113.62,56,IN,0.8079,0,0,,1,0.0262
79041.55,708.0,1151,Combine,91845.42,22009.09,58,MO,0.8067,0,0,,1,0.0359
163145.11,720.0,1121,Loader,216031.25,68037.95,55,IL,0.7605,0,0,,1,0.0217
141900.09,830.0,1119,Sprayer,72476.12,29262.65,68,WI,0.7124,0,0,,1,0.0222
50599.39,669.0,1152,Sprayer,292512.14,39618.88,60,MN,0.8807,0,0,low_income,0,0.1252
199135.62,642.0,1119,Tractor,129835.05,8453.34,53,IA,0.9389,0,0,low_down_payment,1,0.0919
103262.62,786.0,1119,Sprayer,139559.81,41247.43,65,NE,0.7719,0,0,,1,0.0263
139616.66,775.0,1119,Skid Steer,260269.87,84123.13,53,SD,0.7557,0,0,,1,0.0207
70754.0,600.0,4238,Harvester,198911.79,79355.45,55,MN,0.7148,0,0,low_credit,0,0.1216
83592.35,703.0,1151,Sprayer,163358.08,33217.97,48,MN,0.831,0,0,,1,0.0299
166861.63,704.0,4238,Tractor,82196.36,20642.05,66,KS,0.7993,0,0,,1,0.0294
82921.36,658.0,1111,Planter,185919.25,52577.22,48,WI,0.7795,0,0,,1,0.044
196024.25,659.0,3331,Skid Steer,312125.46,0.0,49,IA,1.0,0,0,high_ltv;low_down_payment,1,0.0898
30000.0,710.0,1121,Combine,245500.61,84620.6,49,IL,0.7437,0,0,low_income,1,0.0885
127025.19,643.0,1113,Baler,211618.61,48077.86,49,IN,0.8149,0,0,,1,0.0545
118941.75,733.0,1152,Harvester,275892.87,9795.39,57,IA,0.9657,0,0,high_ltv;low_down_payment,0,0.0556
69785.49,618.0,1111,Combine,232333.62,46951.79,36,SD,0.8319,0,0,low_credit,1,0.1142
133654.6,666.0,1121,Loader,167072.52,59383.6,76,SD,0.7378,0,0,long_term,0,0.046
85682.44,730.0,1151,Combine,229490.89,32282.39,74,MN,0.8767,0,0,long_term,1,0.053
34830.32,707.0,3331,Sprayer,257589.47,56032.43,62,ND,0.8213,0,0,low_income,0,0.1137
70020.86,727.0,1111,Baler,148231.85,28640.23,47,WI,0.8381,0,0,,1,0.043
113226.12,718.0,1112,Planter,206434.31,61810.89,56,IL,0.7696,0,0,,1,0.0228
190139.78,757.0,1112,Combine,96072.14,11435.37,45,MO,0.8936,0,0,,1,0.03
124019.3,685.0,3331,Combine,179152.47,44868.8,53,IA,0.7997,0,0,,1,0.0265
118922.5,750.0,1152,Planter,213085.0,47945.83,71,NE,0.8163,1,0,prior_default,0,0.0993
42804.24,644.0,3331,Tractor,224045.71,34965.61,45,WI,0.865,0,0,low_income,0,0.1538
30000.0,618.0,4238,Combine,321245.21,15234.36,47,MO,0.9547,0,0,high_ltv;low_down_payment;low_income;low_credit,0,0.2507
80840.88,670.0,3331,Sprayer,55551.43,1534.09,68,NE,0.9731,0,0,high_ltv;low_down_payment,0,0.106
86829.73,696.0,1121,Baler,72735.05,8955.14,36,NE,0.8904,0,0,,1,0.0282
107431.7,768.0,1151,Skid Steer,142785.52,56048.05,69,IN,0.7181,0,0,,1,0.023
191143.66,585.0,1112,Combine,53645.59,16405.39,74,ND,0.7658,0,0,low_credit;long_term,1,0.1458
142124.8,653.0,1121,Tractor,195730.75,48625.35,57,IL,0.801,0,0,,0,0.0493
169917.94,639.0,4238,Combine,231557.45,80318.17,74,ND,0.7425,0,0,low_credit;long_term,1,0.0751
92508.39,683.0,1111,Loader,234909.84,73363.31,53,IN,0.762,0,0,,1,0.0242
135724.64,696.0,1111,Harvester,269284.54,59764.61,65,IN,0.8184,0,0,,1,0.031
125760.66,768.0,1111,Sprayer,137799.82,41702.03,53,KS,0.7677,0,0,,1,0.0216
125938.75,761.0,1111,Harvester,99984.23,23460.84,54,ND,0.8099,0,0,,1,0.0256
49756.92,830.0,1151,Loader,170713.41,44225.42,62,IA,0.7942,0,0,low_income,1,0.0796
77891.81,715.0,1113,Skid Steer,154146.66,29045.27,64,KS,0.8414,0,0,,0,0.0452
30000.0,688.0,1112,Harvester,108057.66,25126.74,47,IN,0.8113,1,0,low_income;prior_default,0,0.1938
142846.55,668.0,1111,Tractor,219713.1,77065.2,65,IA,0.7403,0,0,,1,0.0344
131484.98,714.0,1112,Skid Steer,305463.0,38694.08,80,IN,0.8876,0,0,long_term,1,0.0536
176918.18,693.0,1119,Harvester,140747.72,49757.5,44,ND,0.7388,0,0,,1,0.0169
57390.7,723.0,1119,Baler,53288.77,15932.61,56,MN,0.7698,0,0,low_income,1,0.058
37405.29,721.0,1112,Baler,236080.0,21975.62,66,IN,0.9148,0,0,low_down_payment;low_income,0,0.1499
121615.21,759.0,1113,Sprayer,175774.83,55164.82,82,IN,0.7611,0,0,long_term,1,0.0361
118889.28,649.0,1113,Combine,268988.37,30678.08,59,WI,0.8976,0,0,,0,0.0728
101565.03,694.0,3331,Sprayer,232442.36,49414.85,57,MN,0.8247,0,0,,1,0.0282
172095.56,755.0,1111,Sprayer,60936.12,21472.06,56,MN,0.7394,0,0,,1,0.0204
90419.15,659.0,1152,Loader,97753.59,8073.37,52,IN,0.9237,0,0,low_down_payment,0,0.0677
98786.65,732.0,1113,Baler,255335.17,37650.07,59,ND,0.8715,0,0,,1,0.0342
148222.3,755.0,3331,Baler,236300.32,29463.84,62,IN,0.8891,0,0,,1,0.0379
66747.06,732.0,1151,Loader,61283.75,22965.58,56,KS,0.7274,0,0,,1,0.0364
133146.09,815.0,4238,Combine,124897.71,30618.3,55,NE,0.8031,0,0,,1,0.0253
78409.69,636.0,1152,Combine,115773.61,28926.58,63,IN,0.8001,0,0,low_credit,1,0.0943
109871.9,644.0,3331,Harvester,182174.23,35475.46,52,IN,0.837,0,0,,1,0.0595
97359.83,658.0,1151,Planter,48092.33,9272.2,73,SD,0.8384,0,0,long_term,1,0.0687
30000.0,685.0,1112,Harvester,132261.05,36995.41,66,WI,0.7814,0,0,low_income,0,0.122
137801.49,665.0,1113,Skid Steer,44513.92,9503.35,72,IL,0.8241,0,0,,1,0.0535
60255.61,697.0,1152,Loader,237111.43,83111.34,51,ND,0.7405,0,0,,1,0.0418
70989.5,736.0,3331,Tractor,232031.19,73566.0,53,WI,0.7593,1,0,prior_default,1,0.1006
108170.76,615.0,1112,Harvester,118114.06,28507.76,60,KS,0.8056,1,0,low_credit;prior_default,0,0.1859
121091.19,707.0,4238,Skid Steer,83390.33,19105.12,58,IL,0.8136,0,0,,1,0.0275
132194.06,758.0,1151,Skid Steer,300364.65,35932.41,67,WI,0.8932,0,0,,1,0.0413
61451.2,767.0,1151,Skid Steer,168404.02,44646.7,45,KS,0.7904,0,0,,1,0.0441
141904.0,580.0,1121,Harvester,54907.98,13513.44,66,WI,0.8025,0,0,low_credit,1,0.1479
104510.09,635.0,4238,Baler,158778.69,28666.95,84,IL,0.8471,0,0,low_credit;long_term,0,0.1171
35734.5,665.0,1119,Baler,168081.16,34362.11,53,IL,0.8303,0,0,low_income,0,0.1378
87602.28,715.0,1119,Loader,151743.05,64754.29,44,IL,0.7009,0,0,,1,0.0157
95896.8,726.0,1152,Harvester,266835.48,22765.22,66,SD,0.9214,0,0,low_down_payment,1,0.0494
104650.6,686.0,1121,Baler,148274.75,4540.57,44,WI,0.9703,0,0,high_ltv;low_down_payment,1,0.0505
192229.88,655.0,1121,Combine,141218.36,35824.34,66,WI,0.7977,0,0,,0,0.0525
56594.62,776.0,4238,Combine,108039.55,39984.94,47,KS,0.7299,0,0,low_income,1,0.0461
63975.25,683.0,1121,Tractor,160401.78,85312.65,67,IN,0.6528,0,0,,1,0.0396
107381.84,726.0,1113,Tractor,262373.21,0.0,77,SD,1.0,0,0,high_ltv;low_down_payment;long_term,1,0.0872
49405.66,648.0,1151,Skid Steer,197217.02,85359.38,70,SD,0.6979,0,0,low_income,1,0.1117
55645.08,777.0,1119,Baler,249103.73,77078.14,53,KS,0.7637,0,0,low_income,1,0.057
105968.33,581.0,1121,Sprayer,110892.7,27859.57,47,IN,0.7992,0,0,low_credit,1,0.1257
147030.98,697.0,1111,Combine,142264.73,45952.8,53,MO,0.7559,0,0,,1,0.0207
165242.87,682.0,1152,Sprayer,248032.45,3887.59,36,NE,0.9846,1,0,high_ltv;low_down_payment;prior_default,1,0.1361
107450.75,700.0,1151,Loader,176646.47,35506.77,40,MO,0.8326,0,0,,1,0.0224
30000.0,735.0,4238,Combine,100446.68,20591.94,62,SD,0.8299,0,0,low_income,1,0.1257
76438.27,619.0,1112,Combine,172599.87,40631.13,58,IL,0.8095,0,0,low_credit,1,0.1172
93447.01,622.0,1152,Combine,277162.88,0.0,77,NE,1.0,0,0,high_ltv;low_down_payment;low_credit;long_term,0,0.1929
204282.11,755.0,3331,Sprayer,195959.04,43933.67,47,WI,0.8169,0,0,,1,0.0236
156917.45,643.0,1121,Tractor,164303.17,33839.37,39,WI,0.8292,1,0,prior_default,1,0.1292
30000.0,638.0,1121,Combine,109408.71,37845.14,42,IL,0.743,0,0,low_income;low_credit,1,0.1516
109665.29,723.0,1121,Loader,136220.59,41147.59,65,WI,0.768,0,0,,1,0.026
127016.57,702.0,1152,Tractor,280612.64,45248.81,57,IL,0.8611,0,0,,1,0.032
68720.13,665.0,1121,Harvester,260620.07,83151.56,49,KS,0.7581,0,0,,1,0.0524
125204.43,655.0,1151,Tractor,54948.2,20577.19,46,IL,0.7275,1,0,prior_default,1,0.0929
97242.48,706.0,4238,Sprayer,267486.23,12530.36,63,SD,0.9553,0,0,high_ltv;low_down_payment,1,0.0583
83591.73,617.0,1112,Loader,92672.67,29640.35,71,IL,0.7577,0,0,low_credit,0,0.1055
148229.89,698.0,1112,Skid Steer,57646.14,3316.49,78,MN,0.9456,0,0,low_down_payment;long_term,1,0.0688
96558.24,772.0,3331,Baler,208782.7,100956.78,54,ND,0.6741,0,0,,1,0.0156
116352.77,692.0,1121,Skid Steer,86533.22,39220.94,55,IN,0.6881,0,0,,1,0.0167
45323.51,735.0,4238,Harvester,100126.38,29304.88,51,NE,0.7736,0,0,low_income,1,0.0722
75263.78,598.0,1152,Tractor,141141.35,20750.97,60,IN,0.8718,0,0,low_credit,0,0.1686
91651.95,686.0,1112,Skid Steer,271782.02,35410.43,56,IN,0.8847,0,0,,1,0.0366
132740.5,693.0,1112,Sprayer,129401.74,35671.97,50,WI,0.7839,0,0,,1,0.0219
74510.83,656.0,1112,Skid Steer,63696.11,12770.25,65,ND,0.833,0,0,,0,0.0814
128267.78,734.0,1112,Skid Steer,80544.38,3258.35,43,IN,0.9611,0,0,high_ltv;low_down_payment,1,0.0452
99263.35,669.0,4238,Skid Steer,253319.8,72699.42,60,KS,0.777,0,0,,1,0.0363
149156.78,722.0,4238,Baler,182356.52,64785.89,50,IA,0.7379,0,0,,1,0.0185
112174.73,583.0,1112,Tractor,268996.95,76149.39,51,MN,0.7794,0,0,low_credit,0,0.1208
30000.0,680.0,1119,Harvester,266700.92,61590.26,67,KS,0.8124,0,0,low_income,0,0.1386
55868.49,663.0,1152,Tractor,38024.9,9711.67,84,NE,0.7966,0,0,low_income;long_term,1,0.1318
145294.78,639.0,4238,Loader,190909.09,77959.39,69,WI,0.71,0,0,low_credit,1,0.0585
108859.2,654.0,3331,Planter,109960.01,26144.56,70,IN,0.8079,0,0,,1,0.0587
78386.11,659.0,1113,Sprayer,55195.16,13012.34,50,MO,0.8092,0,0,,1,0.055
66855.9,654.0,1113,Harvester,45656.24,12817.67,84,WI,0.7808,0,0,long_term,1,0.1107
30000.0,632.0,1111,Sprayer,159609.43,49516.56,63,IN,0.7632,0,0,low_income;low_credit,0,0.1838
50342.6,710.0,1121,Tractor,190583.09,83033.97,61,NE,0.6965,0,0,low_income,1,0.0576
62277.13,630.0,3331,Planter,180135.69,85536.29,64,MO,0.678,0,0,low_credit,1,0.099
73875.88,692.0,1113,Loader,222798.05,65271.44,39,KS,0.7734,0,0,,1,0.0277
109755.5,702.0,1152,Skid Steer,112071.73,37636.26,65,KS,0.7486,0,0,,1,0.0242
75474.49,692.0,1119,Combine,246891.9,83800.8,60,NE,0.7466,0,0,,1,0.0329
122900.91,707.0,4238,Loader,294778.79,53294.06,75,KS,0.8469,0,0,long_term,1,0.0438
129620.04,649.0,1111,Loader,83682.66,8476.23,72,KS,0.908,0,0,low_down_payment,0,0.0944
85942.16,634.0,1121,Sprayer,157654.74,0.0,41,WI,1.0,1,0,high_ltv;low_down_payment;low_credit;prior_default,0,0.2285
72015.58,643.0,1121,Harvester,57087.68,20554.87,57,MN,0.7353,0,0,,1,0.0705
30000.0,711.0,1121,Loader,61104.16,15530.14,56,IN,0.7973,0,0,low_income,0,0.1098
30000.0,676.0,4238,Tractor,92705.17,7055.32,49,WI,0.9293,0,0,low_down_payment;low_income,1,0.1704
30000.0,794.0,1152,Sprayer,125241.41,15501.41,65,ND,0.8899,0,0,low_income,1,0.1478
94697.35,700.0,4238,Planter,138539.58,40552.37,55,IL,0.7736,0,0,,1,0.0228
152533.09,717.0,1152,Baler,39182.49,7122.86,54,MN,0.8462,0,0,,1,0.0291
102328.93,685.0,4238,Planter,80093.67,29651.14,51,MO,0.7298,0,0,,1,0.0202
79367.83,760.0,4238,Sprayer,79502.69,15619.81,79,IN,0.8358,0,0,long_term,1,0.0577
99075.6,647.0,4238,Harvester,60072.78,21007.93,56,IL,0.7409,0,0,,1,0.0435
69268.09,623.0,1112,Skid Steer,239846.42,39294.12,55,KS,0.8592,0,0,low_credit,0,0.1376
133993.57,578.0,1111,Tractor,193033.91,72930.45,84,SD,0.7258,0,0,low_credit;long_term,1,0.1518
135882.86,732.0,1111,Tractor,40932.66,11911.6,75,IA,0.7746,1,1,long_term;prior_default;bankruptcy,1,0.1993
161800.4,711.0,1113,Harvester,90906.1,16719.23,58,NE,0.8447,0,0,,1,0.0307
130534.8,601.0,1151,Skid Steer,81979.7,15927.75,48,MN,0.8373,0,0,low_credit,1,0.1115
186938.68,665.0,3331,Tractor,130503.0,57780.13,84,NE,0.6931,0,0,long_term,1,0.0444
114754.43,673.0,1113,Harvester,66773.1,7752.74,67,ND,0.896,0,0,,1,0.0552
86826.9,633.0,1152,Planter,170892.81,15772.62,66,MN,0.9155,0,0,low_down_payment;low_credit,0,0.1265
105805.82,711.0,1111,Loader,347709.5,0.0,58,KS,1.0,0,0,high_ltv;low_down_payment,1,0.0628
104390.23,699.0,1152,Tractor,59006.63,17589.74,69,SD,0.7704,0,0,,1,0.0278
34546.64,715.0,3331,Combine,137453.36,47941.77,69,SD,0.7414,0,1,low_income;bankruptcy,0,0.1958
68416.33,683.0,1113,Combine,104498.54,37713.57,46,ND,0.7348,0,0,,1,0.0349
82606.56,686.0,4238,Skid Steer,275423.4,43891.9,68,IA,0.8625,0,0,,0,0.049
120525.97,815.0,1111,Planter,152550.29,41006.86,51,WI,0.7881,0,0,,1,0.0226
146150.37,719.0,1151,Harvester,82771.67,18507.73,69,KS,0.8173,0,0,,1,0.0328
58918.65,716.0,3331,Tractor,99174.04,22773.05,44,NE,0.8133,0,0,low_income,1,0.055
186352.43,744.0,3331,Combine,239505.47,104137.18,67,IL,0.697,0,0,,1,0.0207
80965.53,728.0,1112,Tractor,156824.25,23745.57,63,IL,0.8685,0,0,,1,0.0452
138818.37,642.0,1111,Sprayer,186900.39,22840.55,50,MO,0.8911,0,0,,1,0.0704
116612.61,752.0,1119,Sprayer,217115.94,63554.78,47,IN,0.7736,0,0,,1,0.0202
95606.67,669.0,1152,Harvester,217450.25,58021.31,75,MN,0.7894,0,0,long_term,1,0.0512
75600.8,676.0,1151,Baler,250850.2,77364.17,58,IA,0.7643,0,0,,0,0.0431
70045.09,650.0,3331,Tractor,84589.97,1814.62,60,ND,0.979,0,0,high_ltv;low_down_payment,0,0.1505
123932.53,567.0,1151,Skid Steer,219147.44,0.0,60,WI,1.0,0,0,high_ltv;low_down_payment;low_credit,0,0.2349
62294.1,761.0,1111,Tractor,54771.86,17918.3,62,IN,0.7535,0,0,,1,0.0482
131071.65,729.0,1112,Sprayer,199506.73,43483.13,71,IL,0.821,0,0,,1,0.0342
106686.55,718.0,1152,Harvester,137040.89,41917.82,64,SD,0.7658,0,0,,1,0.0254
30000.0,689.0,3331,Skid Steer,59309.9,23788.46,43,SD,0.7137,0,0,low_income,1,0.0773
90578.98,714.0,1121,Skid Steer,58037.46,11234.75,59,ND,0.8378,0,0,,0,0.0304
75926.6,680.0,1111,Harvester,204343.32,30278.02,57,NE,0.8709,0,0,,1,0.056
133118.9,746.0,1121,Combine,143114.12,50838.79,56,SD,0.7379,0,0,,1,0.0203
111039.78,669.0,1151,Sprayer,187407.08,51179.85,71,IL,0.7855,0,0,,1,0.043
200601.58,671.0,4238,Skid Steer,150899.4,27214.47,59,IL,0.8472,0,0,,1,0.0433
30000.0,655.0,1111,Combine,159983.55,7049.45,45,SD,0.9578,0,0,high_ltv;low_down_payment;low_income,1,0.2094
146987.42,675.0,1111,Loader,211635.3,33238.51,75,IN,0.8643,0,0,long_term,1,0.0588
72201.03,734.0,1111,Skid Steer,242901.15,50447.7,70,KS,0.828,0,0,,0,0.0539
162102.16,707.0,1152,Planter,93020.01,28239.28,62,IN,0.7671,0,0,,1,0.0247
143239.54,676.0,1119,Combine,245778.61,35067.49,58,MO,0.8751,0,0,,1,0.0436
104239.89,686.0,1121,Baler,207367.37,23053.6,59,IN,0.9,0,0,,1,0.0401
157650.79,732.0,4238,Combine,37470.46,11081.39,71,WI,0.7718,0,0,,1,0.0288
174804.6,699.0,1112,Planter,297432.99,32248.23,47,IA,0.9022,0,0,low_down_payment,1,0.0354
39770.09,608.0,1121,Harvester,126329.04,83676.88,53,IL,0.6015,0,0,low_income;low_credit,0,0.1376
93213.84,748.0,4238,Skid Steer,190147.96,36657.68,70,WI,0.8384,0,0,,1,0.0358
30000.0,681.0,1112,Baler,156596.3,60325.63,59,IA,0.7219,0,0,low_income,0,0.1033
136896.11,658.0,1121,Sprayer,66609.39,22448.68,60,SD,0.7479,0,0,,1,0.0396
75565.09,718.0,1151,Skid Steer,120951.4,66639.65,75,WI,0.6448,0,0,long_term,1,0.0316
80621.28,677.0,1119,Harvester,284763.77,49719.05,82,MN,0.8514,0,0,long_term,0,0.0748
98696.17,674.0,1111,Baler,183096.81,32290.02,72,SD,0.8501,0,0,,1,0.0497
81384.8,679.0,1152,Skid Steer,277204.27,44837.36,65,IN,0.8608,0,0,,0,0.0535
102875.39,630.0,1111,Baler,222306.22,69003.26,58,NE,0.7631,0,0,low_credit,1,0.0684
40857.81,769.0,1151,Sprayer,272434.74,36138.28,67,MO,0.8829,0,0,low_income,1,0.1254
114929.56,646.0,3331,Sprayer,105782.04,9067.72,73,KS,0.921,0,0,low_down_payment;long_term,0,0.1106
78324.81,713.0,1152,Loader,275862.71,58046.72,55,ND,0.8262,0,0,,1,0.0374
185720.38,626.0,1113,Sprayer,74060.65,20646.01,48,MN,0.782,0,1,low_credit;bankruptcy,1,0.1717
126809.89,750.0,4238,Loader,232888.64,34021.98,57,IA,0.8725,1,0,prior_default,1,0.0998
47048.22,760.0,1152,Loader,164589.45,53399.61,67,NE,0.755,0,0,low_income,1,0.0795
108563.52,816.0,1152,Sprayer,123017.01,14058.64,64,KS,0.8974,0,0,,1,0.0401
148035.95,760.0,1113,Loader,242128.37,26305.5,61,ND,0.902,0,0,low_down_payment,1,0.0432
98661.01,776.0,1121,Baler,134607.43,20709.15,61,ND,0.8667,0,0,,1,0.0346
72812.73,610.0,1113,Sprayer,201502.45,42632.59,61,IA,0.8254,0,0,low_credit,0,0.1442
124337.56,681.0,1112,Harvester,177589.52,89595.71,62,IL,0.6647,0,0,,1,0.0201
77348.51,687.0,3331,Tractor,241222.14,66541.03,67,IN,0.7838,0,0,,1,0.0416
38907.09,688.0,1119,Skid Steer,49083.55,8360.72,68,IN,0.8545,0,0,low_income,0,0.1244
143585.62,729.0,4238,Sprayer,99492.17,24336.67,84,IA,0.8035,0,0,long_term,1,0.0429
105175.51,689.0,1151,Skid Steer,58753.51,7716.78,39,MN,0.8839,0,0,,1,0.0271
95921.98,731.0,1112,Tractor,160589.62,52698.02,68,SD,0.7529,0,0,,1,0.0257
135910.83,681.0,3331,Baler,135448.33,21951.03,60,IN,0.8605,0,0,,1,0.0388
194129.05,655.0,1152,Skid Steer,258845.86,41284.27,46,IL,0.8624,0,0,,1,0.0503
186141.99,699.0,1113,Baler,80283.57,12689.58,57,IA,0.8635,0,0,,1,0.0323
30000.0,680.0,1112,Combine,76814.97,47843.34,43,IA,0.6162,0,0,low_income,1,0.0655
123410.62,766.0,4238,Skid Steer,116811.05,9567.48,63,IL,0.9243,0,0,low_down_payment,1,0.0479
72495.3,603.0,4238,Combine,88605.41,0.0,63,IA,1.0,0,0,high_ltv;low_down_payment;low_credit,0,0.2278
162041.98,636.0,1152,Combine,326584.97,21066.2,53,IN,0.9394,0,0,low_down_payment;low_credit,1,0.1067
77164.25,684.0,1111,Loader,177593.94,64313.76,53,IN,0.7341,0,0,,1,0.03
73869.68,646.0,3331,Tractor,189684.13,50713.48,45,IN,0.789,0,0,,0,0.0658
93504.31,704.0,3331,Tractor,201708.24,50854.39,68,IN,0.7986,0,0,,1,0.0303
120854.25,702.0,1151,Combine,132489.75,40481.14,68,ND,0.766,0,0,,1,0.027
34420.23,683.0,1151,Combine,81064.11,24304.77,60,MO,0.7693,0,0,low_income,1,0.1063
106859.43,673.0,3331,Sprayer,292881.4,30604.61,59,IL,0.9054,0,0,low_down_payment,1,0.0559
45334.62,673.0,1112,Skid Steer,74009.57,24950.96,56,SD,0.7479,0,0,low_income,1,0.0899
138037.81,668.0,3331,Baler,69443.66,24862.23,44,WI,0.7364,0,0,,1,0.0251
30000.0,640.0,1113,Skid Steer,86437.88,13987.52,44,MN,0.8607,0,0,low_income,0,0.1806
87403.33,647.0,1111,Baler,174358.04,26834.28,84,WI,0.8666,0,0,long_term,1,0.1039
140691.6,625.0,1152,Harvester,169941.34,61082.72,73,ND,0.7356,0,0,low_credit;long_term,1,0.0878
66271.75,680.0,1111,Harvester,196663.72,71454.27,51,KS,0.7335,1,0,prior_default,0,0.1123
91597.72,667.0,3331,Combine,205328.02,61527.9,61,KS,0.7694,0,0,,1,0.0366
87325.71,677.0,4238,Sprayer,253142.39,888.51,57,ND,0.9965,0,0,high_ltv;low_down_payment,0,0.08
143679.76,728.0,1112,Loader,180791.22,20016.34,73,ND,0.9003,0,0,low_down_payment;long_term,1,0.056
119558.66,756.0,1113,Harvester,264780.26,64639.15,63,NE,0.8038,0,0,,1,0.0286
143891.4,755.0,1112,Tractor,64138.73,13802.75,46,MN,0.8229,0,0,,1,0.0237
52518.9,644.0,1119,Combine,53918.97,6834.34,41,IL,0.8875,0,0,low_income,0,0.1358
35340.72,697.0,4238,Baler,220675.15,57532.29,63,IA,0.7932,0,0,low_income,1,0.1059
162574.2,647.0,4238,Harvester,113723.37,22062.96,51,WI,0.8375,0,0,,1,0.0563
113311.68,669.0,1112,Combine,160926.12,81517.47,70,WI,0.6638,0,0,,1,0.0281
108920.47,690.0,1152,Harvester,230151.48,21722.34,73,IL,0.9138,0,0,low_down_payment;long_term,1,0.0584
107233.42,765.0,1112,Tractor,202469.25,39237.99,78,NE,0.8377,0,0,long_term,1,0.0443
99739.23,626.0,1119,Harvester,45858.9,16623.12,57,IN,0.734,0,0,low_credit,1,0.0658
104142.25,774.0,1113,Sprayer,210736.86,41679.68,55,KS,0.8349,0,0,,1,0.0284
92341.53,681.0,1151,Skid Steer,46930.85,16893.68,65,IN,0.7353,0,1,bankruptcy,1,0.1006
120216.02,717.0,1151,Tractor,136167.97,16336.16,63,SD,0.8929,0,0,,1,0.0389
111464.85,614.0,1151,Skid Steer,53015.87,9389.73,63,SD,0.8495,0,0,low_credit,1,0.1135
107315.23,705.0,1111,Skid Steer,88806.11,21045.65,56,KS,0.8084,0,0,,1,0.0262
184568.23,779.0,1111,Loader,258603.45,89380.7,81,ND,0.7431,0,0,long_term,1,0.0335
66298.31,691.0,1119,Skid Steer,311921.29,22153.69,40,KS,0.9337,0,0,low_down_payment,1,0.0642
30000.0,683.0,1111,Combine,43993.56,4988.52,78,ND,0.8982,0,0,low_income;long_term,1,0.1821
96490.52,577.0,1111,Combine,120461.63,32768.14,38,SD,0.7862,0,0,low_credit,0,0.1174
147361.36,830.0,1151,Baler,212888.43,24945.07,58,ND,0.8951,0,0,,1,0.0365
111197.88,668.0,1152,Skid Steer,117329.57,10029.86,76,IL,0.9212,0,0,low_down_payment;long_term,1,0.0856
37026.5,655.0,4238,Tractor,57416.86,20296.06,57,MO,0.7388,0,0,low_income,1,0.125
30000.0,714.0,1151,Planter,66780.55,17669.11,64,ND,0.7908,0,0,low_income,1,0.1164
74909.95,652.0,1152,Skid Steer,170427.19,52311.12,55,WI,0.7651,0,0,,1,0.0614
30000.0,787.0,1113,Sprayer,151679.94,46158.12,54,IA,0.7667,0,0,low_income,1,0.0993
137533.93,696.0,1113,Loader,188222.34,122737.94,53,WI,0.6053,0,0,,1,0.0118
60661.38,766.0,1112,Loader,113926.09,22179.33,50,MO,0.837,0,0,,1,0.0561
108152.17,705.0,4238,Tractor,226513.55,81164.27,58,KS,0.7362,0,0,,1,0.0208
140421.68,674.0,1152,Sprayer,188069.43,53968.18,52,IL,0.777,0,0,,0,0.0294
30000.0,660.0,1119,Loader,97849.7,19982.17,70,SD,0.8304,0,0,low_income,1,0.1739
122701.48,653.0,3331,Baler,55152.0,3131.66,62,MO,0.9463,0,0,low_down_payment,1,0.0886
172916.21,718.0,1151,Harvester,141408.77,53370.58,53,WI,0.726,0,0,,1,0.0186
112738.7,727.0,4238,Harvester,208838.47,66250.39,52,IL,0.7592,0,0,,1,0.0207
113237.28,674.0,1113,Sprayer,189940.38,40641.94,60,WI,0.8237,0,0,,1,0.0391
148700.72,668.0,1151,Baler,123396.13,58504.14,36,KS,0.6784,0,0,,1,0.018
44828.03,671.0,1152,Skid Steer,269341.23,53529.64,59,IN,0.8342,0,0,low_income,0,0.1191
30000.0,671.0,1113,Combine,170374.68,24929.27,61,IL,0.8724,0,0,low_income,0,0.1632
124500.53,676.0,1111,Loader,45777.09,12693.06,63,NE,0.7829,0,0,,1,0.0339
30000.0,735.0,1111,Baler,189736.6,56470.34,48,IA,0.7706,1,0,low_income;prior_default,1,0.1804
182646.05,698.0,3331,Sprayer,41808.01,11591.61,71,SD,0.7829,0,0,,1,0.0299
128178.05,691.0,1119,Harvester,44687.18,6859.92,66,NE,0.8669,0,0,,1,0.0372
51608.55,681.0,3331,Sprayer,192831.65,26190.0,58,WI,0.8804,0,0,low_income,1,0.1045
147888.78,657.0,1112,Skid Steer,114552.37,40829.24,61,IA,0.7372,0,0,,1,0.0388
181513.24,740.0,1111,Sprayer,110313.64,21764.93,57,ND,0.8352,0,0,,1,0.0292
106497.06,670.0,1119,Baler,248422.68,11611.3,47,MN,0.9553,0,0,high_ltv;low_down_payment,1,0.0644
110230.79,640.0,1152,Planter,131300.92,52680.55,53,MO,0.7137,0,0,low_credit,1,0.0473
129885.98,689.0,1119,Sprayer,235072.1,88948.68,58,SD,0.7255,0,0,,1,0.0205
33798.06,676.0,1111,Skid Steer,200848.9,52556.16,64,IA,0.7926,0,0,low_income,1,0.127
101246.22,726.0,1113,Planter,124834.32,43294.21,52,WI,0.7425,0,0,,1,0.0194
101822.23,714.0,4238,Combine,111626.63,34077.02,51,WI,0.7661,0,0,,1,0.0209
186244.2,701.0,4238,Loader,129994.27,21629.93,55,MN,0.8573,0,0,,1,0.0307
48257.13,707.0,1113,Combine,49845.94,8012.03,75,MO,0.8615,0,0,low_income;long_term,0,0.1211
105214.18,680.0,3331,Skid Steer,213124.89,22415.36,54,MO,0.9048,0,0,low_down_payment,1,0.047
44241.99,772.0,1151,Skid Steer,143543.57,95159.33,73,MN,0.6013,0,0,low_income;long_term,1,0.0618
109871.85,655.0,1113,Planter,95810.49,24985.33,62,MN,0.7932,0,0,,1,0.0495
30000.0,744.0,3331,Harvester,200327.94,51759.03,68,IL,0.7947,0,0,low_income,0,0.1218
49338.38,610.0,1121,Loader,281809.66,23239.69,59,IN,0.9238,0,0,low_down_payment;low_income;low_credit,0,0.2282
116079.49,688.0,1121,Baler,64243.36,29728.76,63,KS,0.6836,0,0,,1,0.0192
130759.77,581.0,1112,Planter,86852.53,15018.63,56,IL,0.8526,0,0,low_credit,1,0.1521
30000.0,798.0,1112,Tractor,204356.53,29745.31,54,ND,0.8729,0,0,low_income,1,0.1298
192904.53,711.0,1119,Baler,66246.74,11188.15,73,IL,0.8555,0,0,long_term,1,0.0438
105711.79,644.0,1152,Planter,249094.55,80509.8,80,KS,0.7557,0,0,long_term,1,0.0713
76363.61,613.0,4238,Harvester,57721.72,10967.78,46,SD,0.8403,0,0,low_credit,1,0.1217
153040.78,704.0,1151,Harvester,152152.27,59292.49,79,MN,0.7196,1,0,long_term;prior_default,1,0.0894
159012.07,686.0,1119,Skid Steer,104755.44,33947.56,63,NE,0.7553,0,0,,1,0.0258
171146.02,644.0,1151,Skid Steer,137205.46,34243.92,56,IN,0.8003,0,0,,1,0.0558
134845.05,695.0,3331,Planter,138823.65,57627.31,69,ND,0.7067,0,0,,1,0.0221
146298.19,625.0,1111,Loader,148377.69,24591.98,60,SD,0.8578,1,0,low_credit;prior_default,0,0.1909
30000.0,749.0,3331,Planter,164481.79,40414.47,84,KS,0.8028,0,0,low_income;long_term,0,0.1493
164037.53,750.0,4238,Tractor,123425.21,40359.48,75,IN,0.7536,0,0,long_term,1,0.0318
71350.31,627.0,1112,Baler,140153.21,19138.71,60,SD,0.8799,0,0,low_credit,0,0.1406
76140.72,706.0,4238,Loader,166119.27,63364.1,44,MN,0.7239,0,0,,0,0.0235
85855.06,723.0,1113,Harvester,94013.66,34399.06,59,WI,0.7321,0,0,,1,0.0233
76291.88,692.0,1152,Skid Steer,221063.64,47473.88,42,KS,0.8232,0,0,,1,0.0323
40937.43,670.0,1152,Loader,192157.12,29339.23,54,NE,0.8675,0,0,low_income,0,0.1337
188592.76,599.0,1119,Baler,158762.3,40311.25,63,WI,0.7975,0,0,low_credit,1,0.1184
101362.3,636.0,4238,Loader,72636.59,23536.25,70,SD,0.7553,0,0,low_credit,1,0.0708
98700.39,742.0,1121,Baler,154687.82,15302.53,84,KS,0.91,0,0,low_down_payment;long_term,1,0.0666
64995.25,678.0,1121,Baler,82744.53,19283.34,69,SD,0.811,0,0,,1,0.0714
119707.72,830.0,4238,Combine,85048.37,1399.43,73,IA,0.9838,0,0,high_ltv;low_down_payment;long_term,1,0.0793
92021.8,655.0,1112,Baler,233871.86,2496.32,59,MO,0.9894,0,0,high_ltv;low_down_payment,0,0.1019
175801.78,740.0,1151,Tractor,244628.49,53405.9,69,WI,0.8208,0,0,,1,0.0332
114822.1,730.0,1152,Planter,144410.95,43620.12,67,WI,0.768,0,0,,1,0.0268
75391.94,685.0,1112,Combine,248229.54,18150.17,45,IA,0.9319,0,0,low_down_payment,0,0.06
60128.39,631.0,1119,Tractor,169400.66,13901.39,40,KS,0.9242,0,0,low_down_payment;low_credit,0,0.1572
116684.72,708.0,1151,Planter,88293.64,18747.3,74,MO,0.8249,0,0,long_term,1,0.0401
76042.24,695.0,1151,Planter,150261.76,43921.16,58,WI,0.7738,0,0,,0,0.0346
49929.6,613.0,1113,Tractor,219767.65,51198.12,56,MO,0.8111,0,0,low_income;low_credit,0,0.181
118941.0,713.0,1112,Planter,191616.07,41661.31,60,IL,0.8214,0,0,,1,0.0291
95906.93,618.0,1112,Skid Steer,247536.43,66898.89,55,IL,0.7872,0,0,low_credit,1,0.0841
98293.18,648.0,3331,Planter,93368.35,9878.69,63,IA,0.9043,0,0,low_down_payment,1,0.0853
99305.54,737.0,1119,Tractor,97567.09,41158.76,36,MO,0.7033,0,0,,1,0.0131
69713.76,663.0,1121,Baler,198627.49,39860.17,36,MN,0.8329,1,0,prior_default,1,0.1405
74975.47,700.0,1111,Combine,134524.23,44137.9,57,WI,0.753,0,0,,0,0.0326
87826.59,614.0,1119,Harvester,110147.69,40933.07,53,IN,0.7291,0,0,low_credit,0,0.0764
30000.0,606.0,1121,Combine,139962.26,44902.69,73,MN,0.7571,0,0,low_income;low_credit;long_term,0,0.2151
50084.66,626.0,4238,Planter,51815.32,6483.37,74,ND,0.8888,0,0,low_income;low_credit;long_term,0,0.2129
127814.62,660.0,3331,Sprayer,114101.42,24314.54,47,KS,0.8243,0,0,,1,0.0407
30000.0,615.0,3331,Combine,239272.06,66754.71,36,NE,0.7819,0,0,low_income;low_credit,1,0.1838
155859.71,774.0,1111,Baler,77693.5,24401.97,72,NE,0.761,0,0,,1,0.0281
71929.01,604.0,1111,Baler,270128.34,9452.76,64,WI,0.9662,0,0,high_ltv;low_down_payment;low_credit,1,0.2174
137066.05,714.0,1151,Combine,287494.67,40137.04,71,ND,0.8775,0,0,,1,0.0414
104399.01,634.0,3331,Baler,205507.04,68831.33,61,NE,0.7491,0,0,low_credit,1,0.0645
105798.09,693.0,1151,Loader,292469.56,44244.81,42,ND,0.8686,0,0,,1,0.0263
62405.38,729.0,3331,Tractor,285226.33,25484.53,54,IA,0.918,0,0,low_down_payment,0,0.0796
168233.75,691.0,3331,Tractor,91443.78,41741.81,51,NE,0.6866,0,0,,1,0.0156
101216.53,692.0,1121,Tractor,202326.5,1111.02,53,MO,0.9945,0,0,high_ltv;low_down_payment,1,0.0578
83879.78,751.0,1119,Baler,102623.57,27377.92,54,IN,0.7894,0,0,,1,0.028
118218.57,685.0,1112,Baler,52934.96,4172.06,67,KS,0.9269,0,0,low_down_payment,1,0.0551
145872.94,644.0,1111,Planter,215930.74,38234.37,56,IA,0.8496,0,0,,1,0.0646
179771.24,676.0,1151,Harvester,47495.8,18227.56,51,MO,0.7227,0,0,,1,0.023
103619.54,730.0,1152,Skid Steer,67235.74,12702.14,84,ND,0.8411,0,0,long_term,1,0.0486
68936.33,627.0,1113,Sprayer,145092.52,62123.65,70,WI,0.7002,0,0,low_credit,0,0.1024
86825.89,822.0,1119,Loader,161363.38,31936.55,72,IA,0.8348,0,0,,1,0.0395
80240.43,717.0,1112,Baler,147822.79,7835.25,84,WI,0.9497,0,0,low_down_payment;long_term,0,0.0925
121928.19,709.0,1112,Harvester,179547.55,13058.72,64,IN,0.9322,0,0,low_down_payment,1,0.0498
73356.8,712.0,3331,Combine,207071.45,83779.67,76,KS,0.7119,0,1,long_term;bankruptcy,1,0.132
128974.82,733.0,1151,Tractor,54185.09,3352.37,68,IA,0.9417,0,0,low_down_payment,1,0.0542
62861.18,699.0,1151,Sprayer,221726.6,40847.01,76,IA,0.8444,0,0,long_term,0,0.0824
85209.98,670.0,1112,Planter,279907.17,61599.06,56,NE,0.8196,0,0,,1,0.0441
105927.81,653.0,3331,Loader,246329.41,43681.46,64,KS,0.8494,0,0,,1,0.0625
102942.0,731.0,1119,Loader,242436.34,32659.86,56,IL,0.8813,0,0,,0,0.0338
90062.24,723.0,1152,Baler,283791.26,62005.93,39,SD,0.8207,0,0,,1,0.0212
30000.0,746.0,1121,Sprayer,179751.34,53922.55,58,IN,0.7692,0,0,low_income,1,0.1041
66499.54,724.0,1111,Planter,309240.65,6279.78,72,MN,0.9801,0,0,high_ltv;low_down_payment,0,0.1151
34646.05,817.0,1152,Baler,42793.48,9249.87,51,IA,0.8223,0,0,low_income,0,0.1026
30000.0,629.0,4238,Combine,245036.85,55439.9,84,ND,0.8155,0,0,low_income;low_credit;long_term,0,0.2218
76478.78,635.0,1152,Baler,116547.55,5014.03,68,WI,0.9588,0,0,high_ltv;low_down_payment;low_credit,0,0.17
157618.73,617.0,4238,Combine,110607.31,40868.65,64,IL,0.7302,0,0,low_credit,1,0.0801
90431.05,681.0,1119,Loader,104012.55,35853.97,51,IL,0.7437,0,0,,0,0.0225
169170.9,675.0,1112,Baler,238286.11,60095.7,69,ND,0.7986,0,0,,1,0.0395
94534.86,676.0,4238,Tractor,107894.49,27600.49,36,SD,0.7963,0,0,,1,0.0239
137225.2,698.0,1121,Combine,216431.59,38919.46,52,WI,0.8476,0,0,,1,0.0284
84099.59,728.0,1113,Sprayer,179083.18,30920.45,56,KS,0.8528,0,0,,1,0.0358
100356.05,767.0,1111,Planter,298137.27,46028.78,84,IA,0.8663,0,0,long_term,1,0.0528
142481.8,730.0,1151,Tractor,121927.25,23494.41,51,ND,0.8384,0,0,,1,0.027
58967.74,810.0,1151,Baler,225748.71,29866.86,72,KS,0.8832,0,0,low_income,1,0.0951
127149.31,662.0,1152,Planter,185249.2,65769.12,45,MN,0.738,0,0,,1,0.0287
30000.0,592.0,1112,Combine,122697.47,16709.69,56,SD,0.8801,0,0,low_income;low_credit,0,0.2439
118024.56,677.0,4238,Harvester,245616.05,65805.47,56,IL,0.7887,0,0,,1,0.0309
41789.69,730.0,1121,Planter,188754.02,53567.48,64,SD,0.7789,0,0,low_income,1,0.0914
98528.23,617.0,1151,Harvester,67153.96,25352.58,75,ND,0.7259,0,0,low_credit;long_term,0,0.096
61950.46,678.0,3331,Skid Steer,219573.1,25267.92,55,ND,0.8968,0,0,,0,0.0838
96205.58,642.0,1119,Harvester,212099.29,48040.24,66,IL,0.8153,0,0,,1,0.0685
164490.28,775.0,1113,Sprayer,126696.85,25221.08,69,ND,0.834,0,0,,1,0.0347
76218.31,717.0,1119,Harvester,162476.43,28353.36,62,IA,0.8514,0,0,,1,0.0474
108168.55,718.0,1152,Harvester,126060.49,36875.77,73,IN,0.7737,0,0,long_term,1,0.0331
121872.18,568.0,1119,Planter,302253.35,15309.82,48,SD,0.9518,0,0,high_ltv;low_down_payment;low_credit,0,0.2077
135834.11,671.0,1151,Harvester,292045.6,45307.29,36,IN,0.8657,0,0,,1,0.0334
71423.6,728.0,4238,Loader,183413.76,4051.58,66,KS,0.9784,0,0,high_ltv;low_down_payment,1,0.0978
164925.77,670.0,1119,Loader,260324.11,70247.31,57,KS,0.7875,0,1,bankruptcy,1,0.121
88122.28,703.0,1119,Skid Steer,159440.15,70196.04,59,KS,0.6943,0,0,,1,0.0191
130207.15,830.0,4238,Tractor,168398.13,22916.52,73,SD,0.8802,0,1,long_term;bankruptcy,1,0.1484
90944.8,689.0,1119,Sprayer,215875.82,26610.55,73,WI,0.8903,0,0,long_term,1,0.0503
44636.21,727.0,1152,Tractor,184261.31,76014.94,36,ND,0.7079,0,0,low_income,1,0.0494
149951.02,779.0,1119,Planter,326728.58,19100.43,74,SD,0.9448,0,0,low_down_payment;long_term,1,0.0652
101652.68,640.0,1111,Combine,265624.91,35076.44,47,SD,0.8834,0,0,low_credit,1,0.0748
55197.71,701.0,1151,Sprayer,259413.91,43486.16,81,WI,0.8564,0,0,low_income;long_term,1,0.1124
30000.0,745.0,1111,Planter,174188.39,47130.89,49,NE,0.787,0,0,low_income,0,0.0997
133492.04,600.0,1113,Combine,255685.27,49035.19,52,ND,0.8391,0,0,low_credit,0,0.1174
71459.73,632.0,4238,Planter,219293.74,56962.94,36,IA,0.7938,0,0,low_credit,0,0.0838
135238.42,596.0,1111,Skid Steer,104396.11,25243.81,55,SD,0.8053,0,0,low_credit,1,0.116
91805.05,666.0,1113,Sprayer,122482.25,30116.92,84,MO,0.8026,0,0,long_term,1,0.0631
123708.13,736.0,1121,Loader,210532.08,26675.67,75,SD,0.8875,0,0,long_term,1,0.0501
66892.33,692.0,1111,Loader,39940.91,11499.03,47,NE,0.7765,0,0,,1,0.0377
44024.57,640.0,1119,Baler,264073.89,35498.14,54,KS,0.8815,0,0,low_income,0,0.1713
134237.22,690.0,4238,Planter,119602.57,13390.55,72,IA,0.8993,0,0,,1,0.0452
166705.6,633.0,1151,Baler,59889.7,20754.65,58,WI,0.7426,0,0,low_credit,1,0.0617
96752.6,662.0,1113,Baler,96020.25,11785.58,49,MO,0.8907,0,0,,1,0.0507
164457.47,674.0,1113,Harvester,92392.33,10583.05,66,MO,0.8972,0,0,,0,0.0536
119221.6,800.0,1119,Tractor,98715.27,28710.19,60,WI,0.7747,0,0,,1,0.0247
65154.87,632.0,1111,Combine,109112.03,8804.18,67,IA,0.9253,0,0,low_down_payment;low_credit,0,0.1775
209716.78,593.0,1112,Planter,107756.54,17115.38,65,WI,0.8629,0,0,low_credit,1,0.1481
78020.02,637.0,1113,Combine,56449.09,12949.09,64,MN,0.8134,0,0,low_credit,1,0.0983
174514.45,717.0,1152,Planter,256903.03,47789.27,37,IA,0.8432,1,0,prior_default,1,0.0731
73087.96,765.0,4238,Planter,77918.64,15921.41,54,MN,0.8303,1,0,prior_default,1,0.1176
30000.0,765.0,1152,Planter,227096.38,76665.37,67,MO,0.7476,0,0,low_income,1,0.1074
131853.84,675.0,1113,Baler,255035.06,22224.07,47,MO,0.9198,0,0,low_down_payment,1,0.0487
184021.22,759.0,1121,Tractor,176233.63,36574.89,66,MN,0.8281,0,0,,1,0.0326
30000.0,789.0,3331,Combine,252120.7,12924.69,58,WI,0.9512,0,0,high_ltv;low_down_payment;low_income,1,0.1766
104328.31,644.0,1119,Tractor,223292.36,71874.53,43,IN,0.7565,0,0,,0,0.0404
121337.16,694.0,1152,Planter,287687.63,3904.93,47,KS,0.9866,0,0,high_ltv;low_down_payment,1,0.0519
109088.93,793.0,3331,Skid Steer,93710.97,23473.27,50,MO,0.7997,0,0,,1,0.0232
65067.71,602.0,1119,Harvester,59251.97,5190.97,54,KS,0.9194,0,0,low_down_payment;low_credit,0,0.1994
162865.45,695.0,1152,Planter,228790.39,40533.67,73,MN,0.8495,0,0,long_term,1,0.0429
109466.12,822.0,1121,Baler,118120.05,48770.88,55,NE,0.7078,0,0,,1,0.0179
179867.11,640.0,1151,Planter,58371.42,9144.92,53,SD,0.8646,0,0,,1,0.0692
136274.94,666.0,1119,Loader,131155.45,49291.42,57,MN,0.7268,0,0,,1,0.0306
43374.67,723.0,3331,Sprayer,87105.32,31061.36,45,ND,0.7371,0,0,low_income,1,0.0627
69209.61,763.0,1112,Baler,166645.5,61960.56,70,IA,0.729,0,0,,1,0.0418
76253.7,687.0,1151,Baler,223065.59,59727.36,59,ND,0.7888,0,0,,1,0.0388
132686.21,684.0,1112,Loader,204982.11,75176.99,43,MN,0.7317,0,0,,1,0.0182
83033.91,612.0,4238,Combine,141068.18,54078.39,48,IN,0.7229,0,0,low_credit,1,0.0807
94363.28,678.0,4238,Baler,271123.02,73614.29,37,IA,0.7865,0,0,,1,0.0226
119982.55,639.0,1113,Loader,227073.34,22478.11,54,KS,0.9099,0,0,low_down_payment;low_credit,1,0.0959
30000.0,685.0,1113,Planter,111233.7,13381.26,51,NE,0.8926,1,0,low_income;prior_default,0,0.2248
41073.94,651.0,1121,Skid Steer,184959.75,47702.01,54,MN,0.795,0,0,low_income,0,0.1363
169107.06,791.0,1113,Baler,271550.43,23777.65,55,MN,0.9195,0,0,low_down_payment,1,0.0421
120539.18,768.0,1152,Sprayer,145391.9,14872.72,63,IN,0.9072,0,0,low_down_payment,1,0.0452
30000.0,625.0,1152,Planter,62773.8,8496.86,84,WI,0.8808,0,0,low_income;low_credit;long_term,0,0.2417
30831.08,742.0,3331,Combine,135355.87,29465.86,58,WI,0.8212,0,0,low_income,1,0.1172
110670.98,737.0,1112,Sprayer,70222.17,36207.52,53,NE,0.6598,0,0,,1,0.0145
126054.46,798.0,1152,Tractor,149306.86,12383.22,84,IA,0.9234,0,0,low_down_payment;long_term,1,0.0694
202213.94,634.0,1151,Combine,58770.72,10261.13,58,KS,0.8514,0,0,low_credit,1,0.0845
135171.25,731.0,1152,Baler,160022.16,46333.32,48,MO,0.7755,0,0,,0,0.0206
108305.24,752.0,1113,Baler,48921.96,6352.18,50,KS,0.8851,0,0,,1,0.0314
64319.41,637.0,1151,Skid Steer,154036.95,31614.64,58,IA,0.8297,0,0,low_credit,1,0.1232
123247.87,764.0,3331,Tractor,179664.35,46531.54,45,WI,0.7943,1,0,prior_default,1,0.0695
83516.09,767.0,4238,Combine,220575.67,49046.36,65,IA,0.8181,0,0,,1,0.0367
91753.71,690.0,1113,Loader,71393.23,23149.38,71,IN,0.7551,0,0,,1,0.0273
128817.41,697.0,1119,Combine,173566.73,61204.44,73,IN,0.7393,0,0,long_term,1,0.0294
130277.07,749.0,4238,Sprayer,255279.04,51651.13,67,IL,0.8317,0,0,,1,0.0335
50870.18,685.0,1121,Skid Steer,183376.11,34717.45,55,MO,0.8408,0,0,low_income,1,0.0882
106882.03,685.0,1151,Loader,41353.05,15118.98,47,KS,0.7323,0,0,,1,0.019
37156.29,687.0,1151,Harvester,120707.48,38555.73,58,ND,0.7579,0,0,low_income,1,0.0913
128516.14,747.0,1112,Planter,158450.48,26589.55,59,KS,0.8563,1,0,prior_default,1,0.0975
93152.95,631.0,1119,Skid Steer,234882.02,24559.87,53,ND,0.9053,0,0,low_down_payment;low_credit,1,0.1044
30000.0,738.0,1151,Skid Steer,105436.34,19777.79,71,IA,0.842,1,0,low_income;prior_default,0,0.2194
114028.93,731.0,1111,Skid Steer,169154.89,16732.18,75,ND,0.91,0,0,low_down_payment;long_term,1,0.0593
166267.39,689.0,1152,Loader,192380.94,69827.59,63,MO,0.7337,0,0,,1,0.0227
155050.64,680.0,1111,Sprayer,199050.65,32425.27,53,ND,0.8599,0,0,,1,0.0358
218418.26,658.0,1152,Harvester,78461.87,30276.74,74,NE,0.7216,0,0,long_term,1,0.0478
96696.45,665.0,1111,Sprayer,46310.84,12832.84,58,MO,0.783,0,0,,0,0.0386
144898.42,681.0,1119,Sprayer,62187.09,12802.94,69,MN,0.8293,0,0,,1,0.04
186737.91,608.0,1151,Planter,214765.63,65996.88,57,KS,0.7649,0,0,low_credit,1,0.0929
73553.4,652.0,1113,Combine,41246.05,11066.05,59,IL,0.7885,0,0,,1,0.0712
62150.55,770.0,1113,Planter,260540.59,69841.2,53,MO,0.7886,0,0,,1,0.0481
147429.85,688.0,3331,Planter,160041.23,31771.22,58,KS,0.8344,0,0,,1,0.0309
121927.82,606.0,1151,Sprayer,249987.04,814.58,62,MN,0.9968,0,0,high_ltv;low_down_payment;low_credit,0,0.1884
75881.38,706.0,1151,Harvester,168969.19,26130.93,74,MN,0.8661,0,0,long_term,1,0.0645
94616.85,690.0,1111,Sprayer,280626.73,53967.43,65,WI,0.8387,0,0,,1,0.0334
78386.19,603.0,1152,Skid Steer,206654.21,39821.63,43,SD,0.8384,0,0,low_credit,0,0.127
75684.41,645.0,1112,Loader,53927.39,4072.04,43,WI,0.9298,0,0,low_down_payment,1,0.1026
166802.61,681.0,1151,Loader,80478.29,12984.66,61,MO,0.8611,0,0,,1,0.04
112664.91,732.0,1113,Sprayer,94124.04,14612.55,55,MN,0.8656,0,0,,1,0.0316
52306.65,602.0,1152,Combine,150874.37,44988.11,64,KS,0.7703,0,0,low_income;low_credit,1,0.1834
134021.19,710.0,1111,Sprayer,88173.54,12149.9,57,MN,0.8789,0,0,,1,0.034
145495.33,681.0,1152,Harvester,295749.61,33122.91,58,WI,0.8993,0,0,,1,0.0435
198059.36,631.0,1111,Skid Steer,283758.77,32080.57,69,NE,0.8984,0,0,low_credit,0,0.1127
127099.34,789.0,1111,Combine,192031.82,70237.57,65,IA,0.7322,1,1,prior_default;bankruptcy,1,0.1731
77481.28,797.0,1111,Harvester,40435.42,6479.13,81,WI,0.8619,0,0,long_term,1,0.0671
62246.76,673.0,1113,Sprayer,304707.44,38079.94,52,ND,0.8889,0,0,,1,0.0838
30000.0,752.0,1113,Tractor,117929.97,6652.35,50,SD,0.9466,0,0,low_down_payment;low_income,1,0.1571
104181.37,706.0,1152,Sprayer,174829.99,39866.34,62,IN,0.8143,0,0,,1,0.0293
92312.0,657.0,1121,Tractor,44318.98,5009.7,54,IL,0.8984,0,0,,1,0.0606
165393.7,663.0,1112,Loader,199985.8,29239.22,54,IA,0.8724,0,0,,1,0.0502
75428.56,639.0,1112,Skid Steer,103776.12,16223.67,50,IA,0.8648,0,0,low_credit,1,0.1002
123363.17,667.0,1152,Baler,221833.52,47330.3,65,ND,0.8242,0,0,,1,0.0473
146834.0,615.0,1151,Baler,234043.71,5473.12,53,MO,0.9771,0,0,high_ltv;low_down_payment;low_credit,1,0.1584
66801.37,660.0,1112,Harvester,205982.93,64809.7,54,KS,0.7607,0,0,,0,0.0638
124058.26,784.0,4238,Baler,81553.75,13611.29,69,IL,0.857,0,0,,1,0.0376
49392.36,721.0,1151,Planter,85059.98,22422.12,55,NE,0.7914,0,0,low_income,0,0.0732
98435.66,811.0,3331,Harvester,184877.83,44861.56,39,WI,0.8047,0,0,,1,0.02
107962.97,762.0,1152,Planter,191304.01,120662.42,67,WI,0.6132,0,0,,1,0.0151
98250.49,649.0,3331,Planter,73081.5,20956.63,75,IL,0.7771,0,0,long_term,1,0.0666
30000.0,622.0,1151,Loader,158778.11,100530.89,36,SD,0.6123,0,0,low_income;low_credit,1,0.1263
145767.9,671.0,1152,Sprayer,104195.59,16907.19,80,WI,0.8604,0,0,long_term,1,0.0665
47073.35,711.0,1121,Sprayer,226235.75,58887.18,66,IN,0.7935,0,0,low_income,0,0.0877
183300.1,709.0,1152,Harvester,208508.28,26835.25,38,KS,0.886,0,0,,1,0.0263
168947.03,608.0,1121,Baler,83871.25,35519.82,67,IN,0.7025,0,0,low_credit,1,0.0867
91525.58,673.0,1112,Combine,178810.53,34185.58,84,ND,0.8395,0,0,long_term,1,0.0634
131740.06,615.0,1151,Baler,63612.79,7405.74,70,IA,0.8957,0,0,low_credit,1,0.134
145205.83,725.0,3331,Baler,76140.27,28630.16,42,IA,0.7267,0,0,,1,0.0157
164770.19,751.0,1113,Baler,176059.59,37998.11,62,IA,0.8225,0,0,,1,0.0301
114542.86,721.0,1112,Skid Steer,137700.14,27793.2,45,IN,0.8321,0,0,,1,0.0242
111741.59,734.0,1111,Baler,138452.39,37847.33,59,WI,0.7853,0,0,,1,0.0252
92822.5,663.0,1112,Baler,146902.89,24525.72,66,MN,0.8569,0,0,,1,0.0568
95841.86,693.0,1119,Harvester,272975.88,55811.44,64,ND,0.8303,0,0,,1,0.0319
101563.6,686.0,1119,Tractor,35563.21,10832.07,67,NE,0.7665,0,0,,1,0.0288
95527.2,686.0,1113,Tractor,216518.66,104671.17,53,KS,0.6741,0,0,,0,0.0164
102353.3,655.0,1112,Sprayer,196481.14,29328.75,72,WI,0.8701,0,0,,1,0.0713
119415.9,759.0,3331,Skid Steer,227054.96,75176.18,60,SD,0.7513,0,0,,1,0.0227
36666.67,712.0,1151,Combine,130067.01,37591.19,44,IL,0.7758,0,0,low_income,1,0.0804
93629.33,725.0,1151,Harvester,226154.99,51551.42,71,ND,0.8144,0,0,,1,0.0334
100044.86,697.0,1111,Baler,188832.56,24375.76,72,IL,0.8857,0,0,,1,0.0432
68587.87,643.0,1112,Skid Steer,233945.91,37005.02,54,WI,0.8634,0,0,,1,0.1046
43313.0,739.0,1111,Skid Steer,72285.26,22897.04,50,ND,0.7594,0,0,low_income,1,0.0714
30000.0,711.0,3331,Planter,98446.54,42562.76,77,IN,0.6982,0,0,low_income;long_term,1,0.111
45380.39,520.0,3331,Planter,212000.11,57531.36,48,NE,0.7866,0,0,low_income;low_credit,0,0.2392
72209.57,723.0,1151,Harvester,98965.76,35383.68,36,MO,0.7366,0,0,,1,0.0243
30000.0,789.0,1121,Baler,259443.5,56134.65,83,MN,0.8221,0,0,low_income;long_term,1,0.1543
144377.16,788.0,3331,Tractor,246977.74,31732.89,74,KS,0.8861,0,0,long_term,1,0.0492
50670.18,743.0,1111,Harvester,103865.6,20186.5,63,IA,0.8373,0,0,low_income,1,0.0894
72325.14,604.0,3331,Tractor,209088.87,48404.81,79,IL,0.812,0,0,low_credit;long_term,0,0.1746
81211.64,677.0,1121,Loader,224278.29,55175.34,67,WI,0.8026,0,0,,0,0.047
79016.15,656.0,1121,Baler,253395.88,56335.33,65,IL,0.8181,0,0,,0,0.0708
90824.61,721.0,3331,Tractor,57702.17,19152.49,70,KS,0.7508,0,0,,1,0.0263
117209.75,637.0,1112,Sprayer,156656.81,9365.72,60,IN,0.9436,0,0,low_down_payment;low_credit,1,0.1153
106542.19,675.0,4238,Planter,203970.01,36661.27,45,IN,0.8476,0,0,,1,0.0335
140999.85,693.0,1152,Combine,106816.74,53538.73,59,MN,0.6661,0,0,,1,0.0163
85328.68,624.0,1113,Harvester,162539.47,21186.61,61,IN,0.8847,0,0,low_credit,1,0.1183
93843.1,683.0,1119,Skid Steer,179223.27,4058.23,40,IL,0.9779,0,0,high_ltv;low_down_payment,0,0.0514
142378.6,643.0,1113,Harvester,242824.23,61443.57,73,WI,0.7981,0,0,long_term,1,0.0759
98859.26,737.0,1121,Planter,140235.87,21671.95,56,MO,0.8661,0,0,,1,0.0321
134568.8,703.0,1119,Baler,138306.58,5041.03,52,IA,0.9648,0,0,high_ltv;low_down_payment,1,0.0518
58754.38,605.0,1112,Baler,69249.31,25445.63,48,MN,0.7313,0,0,low_income;low_credit,0,0.1421
30000.0,582.0,4238,Harvester,140379.37,37955.93,62,NE,0.7872,0,0,low_income;low_credit,0,0.228
118290.56,830.0,1152,Sprayer,234520.52,50050.5,57,MO,0.8241,1,0,prior_default,1,0.0873
182357.2,703.0,1111,Combine,174490.84,8342.09,36,MO,0.9544,0,0,high_ltv;low_down_payment,1,0.04
177125.56,674.0,3331,Loader,191359.9,76011.47,36,SD,0.7157,0,0,,1,0.0185
77802.24,709.0,1151,Loader,240804.24,9943.68,46,MN,0.9603,0,0,high_ltv;low_down_payment,1,0.0633
118075.83,642.0,1121,Tractor,138539.81,27249.38,55,MO,0.8356,0,0,,1,0.0629
129544.86,649.0,1152,Combine,59798.57,22921.27,57,ND,0.7229,0,0,,1,0.0404
30000.0,671.0,1151,Harvester,110992.51,8990.88,77,IL,0.9251,0,0,low_down_payment;low_income;long_term,0,0.212
79306.5,690.0,1119,Harvester,63204.72,8428.28,73,SD,0.8823,0,0,long_term,0,0.0619
107095.08,655.0,4238,Baler,217148.93,61228.22,50,MO,0.7801,0,0,,1,0.0401
195576.87,593.0,3331,Sprayer,114620.81,34832.87,56,IN,0.7669,0,0,low_credit,1,0.1104
150382.13,808.0,1111,Tractor,141098.89,25479.17,49,IL,0.847,0,0,,1,0.0271
168997.29,658.0,1111,Skid Steer,92450.73,28647.04,40,MN,0.7634,0,0,,1,0.0314
95661.89,755.0,1111,Sprayer,107170.53,16630.97,61,IA,0.8657,0,0,,1,0.0345
158424.0,700.0,1112,Baler,147046.68,52364.74,66,SD,0.7374,0,0,,1,0.0236
92877.32,669.0,1113,Harvester,174458.44,25993.4,65,NE,0.8703,0,0,,1,0.0525
149716.93,752.0,3331,Loader,65695.44,18774.85,67,NE,0.7777,0,1,bankruptcy,0,0.1033
89790.14,640.0,1112,Sprayer,81775.87,8939.41,52,MO,0.9015,0,0,low_down_payment,1,0.0835
64434.64,806.0,1119,Tractor,60707.31,7617.34,53,IA,0.8885,0,0,,1,0.0628
182052.54,676.0,1112,Skid Steer,173479.8,50333.4,79,IL,0.7751,0,0,long_term,0,0.0462
79555.47,742.0,1113,Baler,112330.22,8566.3,60,IL,0.9291,0,0,low_down_payment,0,0.0602
123550.75,706.0,4238,Sprayer,45056.31,13105.37,56,IA,0.7747,0,0,,1,0.0232
128136.3,725.0,1111,Sprayer,267105.23,41733.32,49,SD,0.8649,0,1,bankruptcy,1,0.1084
139641.55,690.0,1111,Combine,266921.77,58964.04,50,NE,0.8191,0,0,,1,0.0249
61955.72,622.0,1121,Combine,173317.77,68725.86,62,MN,0.7161,1,0,low_credit;prior_default,0,0.1932
76129.43,709.0,1151,Harvester,137151.6,58554.68,36,MO,0.7008,0,0,,1,0.0191
104017.31,674.0,1111,Loader,211662.07,34486.53,63,MO,0.8599,0,0,,0,0.046
118862.72,678.0,1113,Harvester,50203.22,13749.22,49,IN,0.785,0,0,,0,0.0272
153230.65,731.0,1121,Baler,55670.56,16683.48,50,KS,0.7694,0,0,,1,0.0208
78307.49,691.0,1112,Harvester,220947.9,96210.0,49,ND,0.6966,0,0,,1,0.0217
138852.8,698.0,1112,Baler,56062.23,12026.51,72,IA,0.8234,0,0,,1,0.035
134872.5,646.0,1111,Harvester,86773.23,9554.25,36,ND,0.9008,0,0,low_down_payment,1,0.0627
67788.3,575.0,1113,Combine,123858.7,29859.86,54,MN,0.8057,0,0,low_credit,0,0.1832
68976.69,632.0,1111,Tractor,265848.1,16417.94,84,IN,0.9418,0,0,low_down_payment;low_credit;long_term,0,0.2012
98614.24,743.0,1152,Planter,271342.14,44448.14,64,IA,0.8592,0,0,,1,0.0352
73296.91,689.0,1112,Sprayer,108494.37,17395.68,75,SD,0.8618,0,0,long_term,1,0.0698
130305.58,830.0,1112,Baler,102022.66,54753.77,39,MO,0.6508,0,0,,1,0.0113
42340.59,670.0,1121,Sprayer,280131.01,47173.59,62,IL,0.8559,0,0,low_income,0,0.1363
112924.14,663.0,1112,Loader,159979.0,24414.63,46,SD,0.8676,0,0,,1,0.0444
161881.94,690.0,1113,Sprayer,196926.55,63603.91,67,MO,0.7559,0,0,,1,0.0258
84628.47,706.0,1113,Combine,57065.42,21552.32,68,IA,0.7259,0,0,,1,0.027
138384.61,698.0,3331,Baler,80220.44,28698.62,52,SD,0.7365,0,0,,1,0.019
158934.86,727.0,3331,Harvester,172218.85,42267.3,54,KS,0.8029,0,0,,1,0.0249
157757.4,657.0,4238,Harvester,224219.37,3035.84,56,IL,0.9866,0,0,high_ltv;low_down_payment,1,0.0958
100438.16,721.0,1151,Baler,88473.31,1994.3,74,MO,0.978,0,0,high_ltv;low_down_payment;long_term,1,0.0789
30000.0,691.0,1111,Combine,190597.47,79795.04,71,KS,0.7049,0,0,low_income,1,0.0998
65320.45,667.0,1121,Baler,231033.75,68607.61,63,IL,0.771,0,0,,1,0.0685
104446.17,595.0,1112,Skid Steer,205248.05,27113.42,79,WI,0.8833,0,0,low_credit;long_term,1,0.1763
69286.52,683.0,1152,Combine,98599.13,39465.67,56,IN,0.7142,0,0,,0,0.0366
41965.1,665.0,1111,Skid Steer,252697.4,29471.92,49,KS,0.8956,0,0,low_income,0,0.1414
138447.85,658.0,1119,Planter,112504.58,236.66,59,MN,0.9979,0,0,high_ltv;low_down_payment,1,0.1009
118419.69,635.0,1151,Skid Steer,251189.41,38501.73,50,MO,0.8671,0,0,low_credit,1,0.079
102756.11,670.0,3331,Combine,165587.33,24947.41,62,MN,0.8691,0,0,,1,0.0496
44492.5,567.0,1112,Loader,56278.59,21280.4,62,ND,0.7256,1,0,low_income;low_credit;prior_default,1,0.2349
93762.47,662.0,4238,Harvester,226058.66,98815.49,59,MN,0.6958,0,0,,1,0.0303
99738.81,766.0,1111,Skid Steer,78010.21,18809.48,57,SD,0.8057,0,0,,1,0.0263
94937.81,752.0,1121,Combine,124387.45,18855.76,50,IN,0.8684,0,0,,1,0.0296
83722.73,649.0,1152,Tractor,237133.96,12904.92,62,IA,0.9484,0,0,low_down_payment,1,0.1073
102404.1,735.0,1151,Harvester,81725.93,8980.91,50,IN,0.901,0,0,low_down_payment,0,0.0368
135603.76,618.0,1152,Tractor,36247.31,10602.25,64,IN,0.7737,0,0,low_credit,1,0.0901
63808.33,631.0,1111,Skid Steer,74850.74,24486.8,73,KS,0.7535,0,0,low_credit;long_term,0,0.1326
64061.29,577.0,1152,Combine,62676.48,29207.27,42,NE,0.6821,0,0,low_credit,0,0.1374
32937.54,693.0,4238,Sprayer,139790.58,37510.58,66,MN,0.7884,0,0,low_income,0,0.1123
65364.0,700.0,3331,Sprayer,269636.78,68933.56,57,NE,0.7964,0,0,,0,0.0482
206439.79,735.0,3331,Planter,230056.54,104135.83,59,ND,0.6884,0,0,,1,0.0177
130238.69,633.0,1152,Sprayer,49510.8,17009.71,60,IA,0.7443,0,0,low_credit,1,0.064
161829.4,571.0,1151,Skid Steer,51846.56,15186.6,79,MO,0.7734,1,0,low_credit;long_term;prior_default,0,0.2274
79533.56,754.0,1121,Tractor,121910.52,20512.73,66,IL,0.856,0,0,,1,0.0468
62150.45,748.0,1112,Planter,196223.2,36977.27,73,SD,0.8414,0,0,long_term,1,0.0801
93805.24,665.0,1151,Tractor,163958.55,36163.25,69,WI,0.8193,0,0,,1,0.0506
169902.95,724.0,1112,Combine,133396.02,32503.73,74,SD,0.8041,0,0,long_term,1,0.0373
56216.34,695.0,1113,Harvester,120495.27,30802.62,61,WI,0.7964,0,0,low_income,1,0.0689
43421.86,709.0,1111,Combine,286308.47,28533.77,56,WI,0.9094,0,0,low_down_payment;low_income,1,0.1237
159836.61,650.0,3331,Skid Steer,241943.42,81928.87,53,MO,0.747,0,0,,1,0.0406
167484.88,628.0,1121,Harvester,176628.34,62125.53,70,NE,0.7398,0,0,low_credit,1,0.0757
93083.75,659.0,1113,Planter,317669.57,11844.53,72,ND,0.9641,0,0,high_ltv;low_down_payment,1,0.105
134133.15,665.0,1121,Combine,101106.26,15484.9,67,MN,0.8672,0,0,,1,0.0574
103004.54,668.0,3331,Tractor,236445.79,88180.27,63,IN,0.7284,0,0,,1,0.0325
121406.25,695.0,1152,Skid Steer,125610.6,29970.47,54,IA,0.8074,0,0,,1,0.0253
113957.12,706.0,1119,Baler,78286.22,12628.55,66,NE,0.8611,0,0,,1,0.0365
49816.25,727.0,1113,Harvester,229690.17,80692.42,70,IA,0.74,0,0,low_income,1,0.0743
53993.25,593.0,1111,Baler,59289.98,15852.96,84,IN,0.789,0,0,low_income;low_credit;long_term,0,0.2139
90480.43,620.0,4238,Skid Steer,244163.74,38599.83,49,ND,0.8635,0,0,low_credit,0,0.0952
133069.92,668.0,1119,Combine,220382.46,59723.93,67,MN,0.7868,0,0,,1,0.0417
31818.9,747.0,1119,Skid Steer,115786.27,39208.61,49,IN,0.747,0,0,low_income,1,0.0863
75589.62,720.0,1119,Baler,136970.85,14748.09,68,NE,0.9028,0,0,low_down_payment,1,0.0674
150142.38,589.0,1151,Harvester,306528.48,21617.35,66,IN,0.9341,0,0,low_down_payment;low_credit,1,0.1867
97429.66,671.0,1121,Planter,189023.36,39633.92,50,IL,0.8267,0,0,,1,0.0358
68842.83,675.0,1111,Baler,170341.09,28132.51,79,ND,0.8583,0,0,long_term,0,0.0966
47368.51,691.0,1112,Harvester,137089.22,41201.92,65,KS,0.7689,0,0,low_income,1,0.0804
66681.46,664.0,1112,Skid Steer,113337.9,8763.15,59,MN,0.9282,0,0,low_down_payment,1,0.1126
154805.51,653.0,1112,Tractor,118643.53,28387.35,43,MN,0.8069,0,0,,1,0.0411
129775.62,703.0,4238,Sprayer,290071.07,14784.44,48,IL,0.9515,0,0,high_ltv;low_down_payment,1,0.047
44593.14,677.0,1119,Planter,196198.26,28491.35,51,KS,0.8732,0,0,low_income,1,0.1138
45555.16,717.0,1111,Combine,39435.26,12337.0,84,WI,0.7617,0,0,low_income;long_term,0,0.1074
126862.5,794.0,1113,Combine,128640.95,19494.16,71,MO,0.8684,0,0,,1,0.0402
156801.8,720.0,4238,Tractor,239967.13,38550.81,49,IA,0.8616,0,0,,1,0.0285
110835.3,726.0,1151,Combine,311289.34,32963.37,56,MN,0.9042,0,0,low_down_payment,1,0.0406
30000.0,752.0,1152,Planter,248677.28,60123.97,59,NE,0.8053,0,0,low_income,1,0.1152
144036.72,681.0,1121,Loader,87326.83,33716.71,76,IA,0.7214,0,0,long_term,1,0.0337
153763.68,754.0,1113,Harvester,283372.56,33063.91,84,KS,0.8955,0,1,long_term;bankruptcy,0,0.1658
81399.9,672.0,1152,Skid Steer,232878.66,41715.62,64,MO,0.8481,0,0,,0,0.0566
149228.2,707.0,1119,Tractor,272250.92,22578.16,53,SD,0.9234,0,0,low_down_payment,1,0.0415
131066.02,641.0,1112,Skid Steer,248860.83,58539.56,42,KS,0.8096,1,0,prior_default,1,0.1289
172770.23,685.0,1119,Tractor,119021.37,6869.94,62,IN,0.9454,0,0,low_down_payment,1,0.0546
72216.04,701.0,1113,Tractor,161859.58,15921.95,77,IN,0.9104,0,0,low_down_payment;long_term,1,0.0901
37446.02,705.0,1113,Loader,258895.23,65941.49,45,IL,0.797,0,0,low_income,1,0.0851
88742.99,654.0,4238,Skid Steer,75493.83,43664.52,69,WI,0.6336,0,0,,1,0.0332
108870.49,710.0,1113,Tractor,205913.95,66757.25,54,IA,0.7552,0,0,,1,0.021
114830.8,678.0,4238,Planter,193893.83,30919.36,46,IN,0.8625,0,0,,1,0.0339
134114.72,729.0,1112,Harvester,169313.94,0.0,66,IN,1.0,0,0,high_ltv;low_down_payment,1,0.0697
72962.71,693.0,1112,Harvester,110049.84,18339.56,75,MO,0.8572,0,0,long_term,1,0.068
111021.13,830.0,1112,Loader,82334.37,23395.18,45,IN,0.7787,0,0,,1,0.0199
66737.18,802.0,1119,Combine,283778.55,57064.99,50,IN,0.8326,0,0,,1,0.0477
79909.78,537.0,1121,Tractor,291206.7,53586.76,73,MO,0.8446,0,0,low_credit;long_term,0,0.2311
131151.45,762.0,1151,Sprayer,247680.87,41288.86,61,MO,0.8571,0,0,,1,0.0335
150041.45,784.0,1112,Baler,210754.52,41701.1,49,ND,0.8348,0,0,,1,0.0259
59901.93,624.0,1121,Baler,225486.46,59881.58,72,SD,0.7902,0,0,low_income;low_credit,0,0.1589
84594.47,627.0,1119,Combine,36835.79,11776.5,51,IN,0.7577,0,0,low_credit,1,0.0735
89123.45,748.0,1151,Baler,91032.69,23164.52,48,MN,0.7972,0,0,,1,0.0228
108657.88,691.0,1113,Tractor,240896.12,56659.14,63,IL,0.8096,0,0,,1,0.0292
120160.38,606.0,4238,Planter,35670.15,13131.49,46,IA,0.7309,1,0,low_credit;prior_default,0,0.1596
123937.08,664.0,1113,Loader,250140.6,62458.68,68,ND,0.8002,0,0,,1,0.0477
114048.91,641.0,1119,Loader,77037.41,9705.55,65,MN,0.8881,0,0,,0,0.0851
110199.61,702.0,1119,Harvester,101399.8,13850.68,56,MN,0.8798,0,0,,1,0.0337
89561.57,702.0,1119,Loader,43225.48,3897.5,61,MO,0.9173,0,0,low_down_payment,0,0.046
75921.06,631.0,1112,Tractor,247668.02,47495.12,51,KS,0.8391,0,0,low_credit,0,0.1037
94826.94,672.0,4238,Baler,153459.82,30993.31,84,MO,0.832,0,0,long_term,0,0.0629
109670.65,663.0,1151,Planter,170119.48,41304.09,53,WI,0.8046,0,0,,1,0.0397
223363.01,728.0,1111,Harvester,210240.74,61335.1,52,WI,0.7742,0,0,,1,0.0218
171054.63,650.0,1112,Loader,89192.85,20673.58,66,NE,0.8118,0,0,,1,0.0596
46505.84,670.0,1121,Sprayer,171151.91,4602.5,65,WI,0.9738,0,0,high_ltv;low_down_payment;low_income,1,0.1861
143500.15,716.0,1121,Harvester,93357.79,27475.98,65,ND,0.7726,0,0,,1,0.0264
70107.68,650.0,3331,Harvester,214861.23,43910.97,45,WI,0.8303,0,0,,1,0.0757
108135.32,716.0,1151,Sprayer,140137.17,48157.95,70,NE,0.7442,0,0,,1,0.0257
30000.0,780.0,1151,Planter,138895.06,10742.36,68,WI,0.9282,1,0,low_down_payment;low_income;prior_default,0,0.2464
73625.01,631.0,4238,Skid Steer,78811.18,13260.71,52,KS,0.856,0,0,low_credit,1,0.1143
59831.42,751.0,1112,Sprayer,314839.22,34444.39,49,MN,0.9014,0,0,low_down_payment;low_income,1,0.0822
58330.54,628.0,3331,Sprayer,89548.84,17383.33,50,IA,0.8374,0,0,low_income;low_credit,1,0.1486
112264.42,702.0,1152,Loader,77327.7,25342.85,71,SD,0.7532,0,0,,1,0.0269
169775.61,760.0,1112,Skid Steer,168602.07,53524.25,51,MN,0.759,0,0,,1,0.0203
172424.24,679.0,1113,Harvester,79345.75,12751.44,36,MN,0.8615,0,0,,1,0.0283
36820.05,644.0,3331,Combine,178109.9,56597.23,63,MO,0.7589,0,0,low_income,1,0.1507
37957.44,562.0,1152,Baler,135684.36,135684.36,73,MO,0.5,0,0,low_income;low_credit;long_term,0,0.1669
77451.31,755.0,1111,Combine,87820.48,40711.92,44,NE,0.6833,0,0,,1,0.0196
119962.62,646.0,1152,Skid Steer,84185.87,36951.56,48,WI,0.695,0,0,,1,0.0338
53351.69,797.0,1113,Baler,170390.19,37218.51,56,SD,0.8207,0,0,low_income,1,0.0743
141424.75,612.0,1152,Tractor,202240.9,20219.58,62,IN,0.9091,0,0,low_down_payment;low_credit,1,0.1423
104754.62,632.0,3331,Loader,206848.95,54934.5,38,KS,0.7902,0,0,low_credit,1,0.0565
51007.0,582.0,3331,Combine,77708.53,35966.06,57,WI,0.6836,0,0,low_income;low_credit,0,0.1733
111640.62,707.0,1111,Tractor,268901.2,62414.51,49,MN,0.8116,0,0,,1,0.0239
116004.05,683.0,1113,Baler,204876.29,28101.61,56,NE,0.8794,0,0,,1,0.0378
93014.58,788.0,1113,Planter,227784.72,21122.87,52,IN,0.9151,0,0,low_down_payment,1,0.0398
138699.93,572.0,1121,Harvester,108967.19,4879.77,69,MO,0.9571,0,0,high_ltv;low_down_payment;low_credit,0,0.2238
97937.56,659.0,1121,Baler,97840.55,14721.02,66,WI,0.8692,0,0,,1,0.0621
73741.99,661.0,1121,Loader,177789.44,47332.13,63,MO,0.7897,0,0,,0,0.0661
152902.7,686.0,1121,Tractor,49749.98,18204.75,53,MN,0.7321,0,0,,1,0.0206
204071.04,531.0,1151,Combine,65942.21,7878.82,42,SD,0.8933,0,0,low_credit,1,0.2107
123027.29,640.0,4238,Harvester,250546.93,66028.93,71,MN,0.7914,0,0,low_credit,1,0.076
110630.79,696.0,1111,Skid Steer,220473.31,86163.03,66,IL,0.719,0,0,,1,0.0221
213571.05,675.0,1152,Skid Steer,200670.5,43730.81,36,NE,0.8211,0,0,,1,0.0265
71925.42,674.0,4238,Planter,149662.29,18890.23,71,IN,0.8879,0,0,,1,0.0844
109212.13,679.0,1112,Combine,172267.96,74724.17,84,KS,0.6975,0,0,long_term,1,0.0358
31925.55,688.0,1121,Harvester,292477.85,46433.71,69,NE,0.863,0,0,low_income,0,0.143
105247.21,681.0,3331,Sprayer,64329.18,12344.76,75,SD,0.839,0,0,long_term,1,0.0494
118683.72,748.0,1111,Planter,171299.55,15037.15,58,MN,0.9193,0,0,low_down_payment,1,0.0439
143380.4,761.0,1119,Harvester,222999.76,54986.67,57,IA,0.8022,0,0,,1,0.026
183828.7,643.0,3331,Baler,148792.41,59607.23,81,KS,0.714,0,0,long_term,1,0.0644
96782.98,674.0,1111,Planter,268985.84,29230.21,73,WI,0.902,0,0,low_down_payment;long_term,0,0.0722
63680.74,674.0,1152,Tractor,289734.78,47207.6,69,IN,0.8599,0,0,,1,0.0898
32823.68,678.0,1111,Harvester,182076.26,46713.06,80,IN,0.7958,0,0,low_income;long_term,0,0.153
98734.16,682.0,1151,Harvester,121700.78,24060.92,49,ND,0.8349,0,0,,1,0.0297
35542.86,688.0,1112,Combine,121976.59,45735.77,66,ND,0.7273,0,0,low_income,0,0.0937
142491.52,713.0,3331,Harvester,224121.74,36372.49,78,NE,0.8604,0,0,long_term,1,0.0477
54563.24,625.0,1112,Baler,214344.47,24943.13,52,KS,0.8958,0,0,low_income;low_credit,1,0.1807
31083.69,697.0,1152,Loader,214277.36,29219.18,60,ND,0.88,0,0,low_income,1,0.1367
226432.53,676.0,1119,Harvester,236410.27,39455.58,59,MO,0.857,0,0,,1,0.0412
83250.78,694.0,3331,Harvester,151096.54,27511.03,57,WI,0.846,0,0,,1,0.0363
39728.06,663.0,3331,Harvester,73359.02,17080.77,40,IL,0.8111,0,0,low_income,1,0.112
167485.66,753.0,4238,Harvester,286328.19,26837.73,72,IA,0.9143,1,0,low_down_payment;prior_default,1,0.1371
120780.0,586.0,3331,Harvester,137871.02,14383.8,53,IL,0.9055,1,0,low_down_payment;low_credit;prior_default,1,0.2412
84165.94,653.0,1113,Planter,229633.75,106662.65,61,ND,0.6828,0,0,,1,0.0404
88998.75,727.0,1112,Planter,36558.63,21011.86,47,WI,0.635,0,0,,1,0.0124
119271.96,693.0,1121,Harvester,215874.02,9401.08,61,KS,0.9583,0,0,high_ltv;low_down_payment,0,0.0573
89899.73,650.0,1152,Skid Steer,155158.75,14661.83,70,MN,0.9137,0,0,low_down_payment,1,0.0925
94997.86,726.0,1121,Skid Steer,234571.02,57376.18,54,SD,0.8035,0,0,,1,0.025
44640.96,739.0,1112,Harvester,237003.51,77927.43,66,IL,0.7526,0,0,low_income,1,0.0819
108028.46,606.0,1151,Planter,191118.22,55161.1,82,MO,0.776,0,0,low_credit;long_term,0,0.1315
224035.48,668.0,1152,Harvester,89803.24,37562.91,55,SD,0.7051,0,0,,1,0.0263
56427.41,747.0,1111,Sprayer,223908.1,103989.74,58,MN,0.6829,0,0,low_income,1,0.0459
174909.75,668.0,1119,Planter,228792.59,43370.81,55,SD,0.8406,0,0,,1,0.0422
125236.64,632.0,1111,Skid Steer,210232.69,29514.77,58,MN,0.8769,0,0,low_credit,1,0.0926
198671.74,679.0,1121,Planter,142967.78,16806.96,71,IA,0.8948,1,0,prior_default,1,0.1373
175831.76,585.0,4238,Skid Steer,45922.14,8124.04,42,MO,0.8497,0,0,low_credit,1,0.129
101059.74,687.0,1152,Sprayer,137101.84,14469.68,63,SD,0.9045,0,0,low_down_payment,1,0.0471
134952.79,688.0,1152,Combine,211250.57,51409.7,52,IN,0.8043,0,0,,1,0.0251
168096.1,688.0,1119,Sprayer,233536.7,39780.81,71,IA,0.8545,0,0,,1,0.04
75925.42,668.0,1119,Loader,127331.17,21839.26,48,WI,0.8536,0,0,,1,0.0563
104108.8,602.0,1119,Loader,165414.87,72950.71,49,ND,0.694,0,0,low_credit,1,0.0745
123696.78,729.0,1152,Planter,203443.64,58602.96,51,MO,0.7764,0,0,,1,0.0217
135502.9,662.0,1119,Baler,189219.94,27897.8,65,IN,0.8715,0,0,,0,0.0596
48599.93,695.0,1151,Tractor,142435.23,45287.03,54,SD,0.7588,0,0,low_income,1,0.0667
110717.71,736.0,4238,Combine,69600.83,12990.9,50,IN,0.8427,0,0,,1,0.027
81086.3,732.0,3331,Baler,172063.08,113378.87,45,IA,0.6028,0,0,,1,0.0133
100229.45,763.0,1152,Loader,65707.55,7431.09,55,MO,0.8984,0,0,,1,0.0353
136659.49,694.0,1119,Planter,318749.4,7479.64,81,ND,0.9771,0,0,high_ltv;low_down_payment;long_term,0,0.0856
48204.5,532.0,1113,Loader,80608.05,18709.02,48,IA,0.8116,0,0,low_income;low_credit,0,0.2393
84725.15,694.0,4238,Loader,118122.72,31707.99,64,IN,0.7884,0,0,,1,0.0316
170121.95,647.0,1119,Tractor,115332.94,61728.11,56,NE,0.6514,0,0,,1,0.032
84036.12,731.0,1152,Planter,253326.71,62017.31,54,IN,0.8033,0,0,,1,0.0293
90264.24,573.0,1121,Baler,117451.24,37133.06,54,MO,0.7598,0,0,low_credit,0,0.1307
150268.5,697.0,1112,Loader,158600.85,23926.73,62,IN,0.8689,0,0,,1,0.0354
62651.11,782.0,1152,Sprayer,132846.65,62181.95,56,IN,0.6812,0,0,,1,0.0344
64000.6,722.0,3331,Skid Steer,165290.99,38043.83,63,KS,0.8129,0,0,,0,0.0569
147051.57,729.0,1121,Tractor,237605.8,19686.73,76,IL,0.9235,0,0,low_down_payment;long_term,0,0.0626
36596.38,654.0,1151,Sprayer,160868.35,23230.52,53,IL,0.8738,0,0,low_income,1,0.1645
101684.87,698.0,4238,Baler,229326.05,7504.39,69,ND,0.9683,0,0,high_ltv;low_down_payment,1,0.0657
68775.08,706.0,1152,Baler,93675.05,15968.18,56,ND,0.8544,0,0,,1,0.0529
149959.77,644.0,1113,Loader,118445.29,20664.34,59,NE,0.8515,0,0,,1,0.0682
68390.93,656.0,1121,Baler,164060.18,13664.83,67,NE,0.9231,0,0,low_down_payment,1,0.1275
79750.99,746.0,1111,Skid Steer,211561.61,37333.15,61,KS,0.85,0,0,,1,0.0426
57539.47,668.0,4238,Combine,123190.96,24928.34,51,IL,0.8317,0,0,low_income,1,0.0904
101223.49,696.0,3331,Sprayer,264923.7,10248.82,59,MN,0.9628,0,0,high_ltv;low_down_payment,1,0.0566
171412.28,665.0,1111,Combine,229032.07,42215.57,72,SD,0.8444,0,0,,1,0.0571
93304.26,657.0,1152,Planter,251021.29,63651.52,65,KS,0.7977,0,0,,1,0.0505
145016.42,707.0,1151,Harvester,121917.5,17285.62,83,IL,0.8758,0,0,long_term,1,0.0537
86598.07,724.0,1113,Baler,166412.44,36907.18,60,MN,0.8185,0,0,,1,0.0316
61981.77,754.0,4238,Harvester,272933.91,51292.43,80,MO,0.8418,0,0,long_term,1,0.0872
30000.0,684.0,1119,Combine,247067.61,52955.3,84,WI,0.8235,0,0,low_income;long_term,0,0.1634
114149.81,642.0,4238,Loader,117755.45,19845.61,65,ND,0.8558,0,0,,1,0.0758
151302.4,804.0,1152,Sprayer,136311.13,22490.12,60,NE,0.8584,0,0,,1,0.0331
117026.7,609.0,3331,Combine,93237.92,21725.17,73,KS,0.811,0,1,low_credit;long_term;bankruptcy,0,0.2205
30000.0,672.0,1121,Baler,47452.32,4887.78,80,KS,0.9066,0,0,low_down_payment;low_income;long_term,0,0.2072
123665.51,683.0,1112,Sprayer,183767.38,29785.8,36,MN,0.8605,0,0,,1,0.0265
30000.0,624.0,3331,Tractor,175080.68,38724.86,60,KS,0.8189,0,0,low_income;low_credit,0,0.2057
30000.0,701.0,3331,Combine,148124.78,29031.7,44,MN,0.8361,0,0,low_income,0,0.1079
146281.94,733.0,4238,Skid Steer,104991.38,28185.81,68,ND,0.7884,0,0,,1,0.0292
79940.89,653.0,1152,Skid Steer,278429.86,55607.07,49,KS,0.8335,0,0,,1,0.0625
166624.33,625.0,1151,Skid Steer,193386.24,42021.29,62,NE,0.8215,0,0,low_credit,1,0.092
76833.56,589.0,3331,Combine,125946.38,21379.95,65,IA,0.8549,1,0,low_credit;prior_default,0,0.2403
99642.21,692.0,1112,Sprayer,94064.58,20264.47,70,ND,0.8228,0,0,,1,0.0339
145272.27,746.0,4238,Baler,75128.32,3129.36,44,IN,0.96,0,0,high_ltv;low_down_payment,1,0.0457
84159.29,681.0,1119,Combine,200517.48,96331.77,72,IA,0.6755,0,0,,1,0.0283
58972.12,746.0,3331,Skid Steer,174593.45,52339.66,66,KS,0.7694,0,0,low_income,1,0.0634
190869.35,675.0,1119,Skid Steer,270905.34,78919.29,36,NE,0.7744,0,0,,1,0.0226
81463.51,626.0,3331,Planter,281807.62,41858.29,63,MN,0.8707,0,0,low_credit,1,0.122
57809.99,725.0,1152,Tractor,171122.2,50313.92,52,IN,0.7728,0,0,low_income,1,0.0551
162430.15,731.0,1151,Tractor,171481.24,28781.8,79,IA,0.8563,0,0,long_term,1,0.0477
106843.68,582.0,1151,Loader,286809.35,37396.73,36,SD,0.8847,0,0,low_credit,1,0.1378
74572.51,599.0,1152,Skid Steer,77378.88,15819.94,70,IN,0.8303,0,0,low_credit,0,0.1664
94808.09,676.0,1151,Loader,232335.19,15559.48,65,ND,0.9372,0,0,low_down_payment,1,0.0638
98986.89,645.0,1112,Baler,128775.19,64671.58,52,MO,0.6657,0,0,,1,0.0327
101283.92,610.0,4238,Baler,167796.13,56253.77,70,IL,0.7489,0,0,low_credit,0,0.0986
44444.7,744.0,1119,Planter,173952.99,41731.41,59,MN,0.8065,0,0,low_income,1,0.0888
103372.46,735.0,1119,Loader,98271.07,21013.63,75,IN,0.8238,1,0,long_term;prior_default,1,0.1132
130736.34,621.0,1121,Baler,49860.94,6382.79,60,IA,0.8865,0,0,low_credit,1,0.1117
115689.11,656.0,1151,Planter,225096.18,74152.64,45,ND,0.7522,0,0,,1,0.0331
120800.75,697.0,1113,Loader,208162.64,14500.61,58,SD,0.9349,0,0,low_down_payment,1,0.0462
156022.14,778.0,3331,Sprayer,100652.16,54695.82,49,MO,0.6479,0,0,,1,0.013
137182.5,720.0,1111,Planter,186929.74,16665.74,51,MN,0.9181,0,0,low_down_payment,1,0.0396
74064.51,636.0,1151,Loader,181103.08,77543.42,60,SD,0.7002,0,0,low_credit,1,0.0753
66741.03,659.0,1119,Harvester,78472.88,30569.63,70,IN,0.7197,0,0,,1,0.0692
191671.78,660.0,1113,Tractor,276008.5,39612.39,57,ND,0.8745,0,0,,1,0.0553
111593.98,754.0,1119,Baler,167457.09,65183.67,63,KS,0.7198,0,0,,1,0.0212
50057.86,736.0,3331,Harvester,98615.16,20614.74,49,NE,0.8271,0,0,low_income,1,0.0748
44682.42,627.0,1113,Planter,276151.48,30216.82,61,IL,0.9014,0,0,low_down_payment;low_income;low_credit,0,0.2132
142344.45,729.0,1113,Loader,127935.92,0.0,52,MO,1.0,0,0,high_ltv;low_down_payment,1,0.058
159880.67,625.0,1121,Harvester,207116.18,88390.08,49,KS,0.7009,0,0,low_credit,0,0.0546
95122.03,669.0,1111,Loader,155863.95,28135.61,64,IA,0.8471,0,0,,1,0.0482
105820.5,674.0,1121,Harvester,259399.64,41610.15,58,KS,0.8618,0,0,,1,0.0429
167818.26,588.0,1113,Skid Steer,275218.59,45346.43,59,SD,0.8585,0,0,low_credit,1,0.1469
174069.57,720.0,4238,Loader,131280.43,21115.89,36,MN,0.8614,0,0,,1,0.0234
155965.69,732.0,1151,Baler,320478.58,26093.14,59,NE,0.9247,0,0,low_down_payment,0,0.0453
89918.24,789.0,1151,Planter,235069.73,57492.71,47,NE,0.8035,0,0,,1,0.0225
75720.11,629.0,1111,Baler,151867.35,39163.79,50,IL,0.795,0,0,low_credit,1,0.0942
151800.1,603.0,1152,Combine,101454.81,28390.89,78,WI,0.7813,0,0,low_credit;long_term,1,0.132
118547.41,651.0,1111,Combine,248783.07,57145.2,67,SD,0.8132,0,0,,1,0.0603
41004.74,690.0,1152,Tractor,153934.66,46336.33,68,MN,0.7686,0,0,low_income,1,0.0941
112967.85,705.0,1113,Tractor,46970.24,21271.2,69,WI,0.6883,0,0,,1,0.0207
64330.7,719.0,1112,Skid Steer,120059.53,63147.56,57,SD,0.6553,0,0,,1,0.0305
115075.21,683.0,3331,Baler,193812.37,36650.74,58,IN,0.841,0,0,,1,0.034
166749.25,635.0,1151,Loader,83655.65,19895.12,50,MN,0.8079,0,0,low_credit,1,0.0663
30000.0,729.0,1113,Sprayer,186099.4,91406.16,36,NE,0.6706,0,0,low_income,1,0.0613
75343.93,620.0,1119,Combine,202113.88,82781.87,54,MO,0.7094,0,0,low_credit,1,0.087
43011.02,685.0,1121,Skid Steer,213515.94,88798.01,52,IL,0.7063,0,0,low_income,1,0.067
97292.0,685.0,1152,Loader,59227.47,16196.54,79,SD,0.7853,0,0,long_term,1,0.041
132666.47,640.0,3331,Sprayer,56505.88,11408.35,54,IL,0.832,0,0,,1,0.0634
142894.41,676.0,3331,Combine,192281.45,35150.16,57,IA,0.8454,0,0,,1,0.0387
122697.59,571.0,1119,Baler,311374.33,30976.46,79,IA,0.9095,0,0,low_down_payment;low_credit;long_term,1,0.2191
118290.72,773.0,1113,Tractor,174093.03,19459.76,74,MN,0.8995,0,1,long_term;bankruptcy,1,0.1557
140557.61,788.0,1111,Combine,158137.66,28984.65,64,MN,0.8451,0,0,,1,0.0336
158619.98,693.0,1151,Loader,102936.25,17628.81,43,IA,0.8538,0,0,,1,0.0253
84384.15,770.0,1113,Skid Steer,193634.97,15781.43,45,MO,0.9246,0,0,low_down_payment,1,0.0429
126222.9,774.0,3331,Baler,74720.39,12136.35,74,SD,0.8603,0,0,long_term,1,0.0451
89284.35,668.0,1151,Tractor,217439.93,42568.36,72,IL,0.8363,0,0,,1,0.054
115419.13,799.0,3331,Planter,177637.63,53005.22,40,SD,0.7702,0,0,,1,0.0179
90501.13,565.0,1111,Planter,219646.04,55535.69,53,WI,0.7982,1,0,low_credit;prior_default,0,0.2217
186700.02,713.0,1152,Sprayer,150194.29,31535.38,41,NE,0.8265,0,0,,1,0.0223
54303.82,718.0,1151,Harvester,121692.68,2950.03,61,MN,0.9763,0,0,high_ltv;low_down_payment;low_income,0,0.1358
192092.46,663.0,1151,Tractor,264305.91,37204.24,54,IN,0.8766,0,0,,1,0.051
30000.0,700.0,3331,Planter,168816.78,36670.49,64,IA,0.8215,0,0,low_income,1,0.1255
111855.2,660.0,1151,Planter,210416.02,75667.57,75,ND,0.7355,0,0,long_term,1,0.0494
76421.41,598.0,1121,Sprayer,225332.07,47590.11,53,SD,0.8256,0,0,low_credit,1,0.1442
88731.63,726.0,1152,Tractor,282273.03,63232.0,75,NE,0.817,0,0,long_term,0,0.0409
61170.11,715.0,1111,Loader,262469.77,41977.13,71,IL,0.8621,0,0,,0,0.078
139251.23,748.0,1152,Baler,208164.92,30420.31,61,IA,0.8725,0,0,,1,0.0353
85731.09,674.0,1113,Sprayer,239566.0,67474.24,39,IA,0.7802,0,0,,1,0.0273
122186.55,760.0,4238,Harvester,92047.51,24022.94,56,MN,0.793,0,0,,1,0.0248
167234.29,725.0,1119,Planter,278037.24,56145.07,52,IL,0.832,0,0,,1,0.0268
81876.36,732.0,1151,Loader,285316.71,38642.04,66,IL,0.8807,0,0,,0,0.0479
30000.0,731.0,1119,Tractor,105412.25,16960.77,36,MN,0.8614,0,0,low_income,1,0.1064
186883.6,736.0,1152,Combine,196273.96,24471.97,57,NE,0.8891,0,0,,1,0.0353
125327.79,656.0,1119,Harvester,74502.53,30793.09,63,IL,0.7076,0,0,,1,0.0372
142912.08,738.0,3331,Planter,214890.12,35692.74,61,IA,0.8576,0,0,,1,0.0335
97029.78,775.0,4238,Skid Steer,102101.37,36792.56,69,KS,0.7351,0,0,,1,0.0245
102173.59,615.0,1151,Planter,144115.92,41124.47,50,MO,0.778,0,0,low_credit,0,0.0811
94833.2,623.0,1121,Loader,265408.4,59404.07,52,KS,0.8171,0,0,low_credit,0,0.0829
106031.89,693.0,1119,Loader,264185.43,44277.28,64,ND,0.8565,0,0,,0,0.0349
204164.99,641.0,1113,Combine,220865.49,21780.05,43,MO,0.9102,0,0,low_down_payment,1,0.0761
57775.04,749.0,1111,Loader,188289.29,66514.27,60,KS,0.739,0,0,low_income,1,0.0549
116862.44,736.0,1111,Combine,191790.16,51513.88,74,MN,0.7883,0,0,long_term,1,0.0354
30000.0,565.0,3331,Combine,196621.63,51235.18,69,WI,0.7933,1,0,low_income;low_credit;prior_default,0,0.2537
84918.88,675.0,4238,Combine,166683.59,41456.13,46,ND,0.8008,0,0,,1,0.0326
105087.17,753.0,1121,Loader,190194.18,50263.16,46,MN,0.791,0,0,,1,0.0212
86347.3,679.0,1119,Tractor,67294.35,23191.4,63,NE,0.7437,0,0,,0,0.0308
139319.46,681.0,1113,Skid Steer,80680.5,7233.84,41,MN,0.9177,0,0,low_down_payment,1,0.0399
166001.11,586.0,1112,Combine,44065.39,16511.7,66,IA,0.7274,0,0,low_credit,1,0.1184
147392.58,673.0,1121,Tractor,258672.66,84449.65,47,WI,0.7539,0,0,,1,0.0256
30000.0,627.0,1113,Harvester,220748.54,71813.12,84,MN,0.7545,0,0,low_income;low_credit;long_term,0,0.2063
128392.14,637.0,1113,Tractor,168874.76,8964.59,48,IA,0.9496,0,1,low_down_payment;low_credit;bankruptcy,1,0.2188
32024.05,784.0,1112,Loader,38890.15,16801.45,43,KS,0.6983,0,0,low_income,1,0.0696
76683.29,578.0,1151,Loader,160097.31,56076.82,64,IA,0.7406,0,0,low_credit,0,0.1533
137056.99,643.0,1121,Skid Steer,86954.42,20091.49,55,KS,0.8123,0,0,,1,0.0577
144742.21,722.0,1151,Planter,230247.32,11523.91,50,IL,0.9523,0,0,high_ltv;low_down_payment,0,0.0484
50437.1,645.0,1111,Tractor,146338.67,12982.39,59,IA,0.9185,0,0,low_down_payment;low_income,1,0.1784
134997.17,667.0,1113,Skid Steer,287476.57,56452.26,56,ND,0.8359,0,0,,1,0.0434
190397.13,613.0,1119,Sprayer,172106.58,57505.7,64,NE,0.7496,0,0,low_credit,1,0.089
63997.83,632.0,1112,Sprayer,132507.39,23104.13,60,NE,0.8515,0,0,low_credit,0,0.1389
170170.91,670.0,1151,Harvester,50282.05,16245.05,68,WI,0.7558,0,0,,1,0.0366
143730.35,727.0,3331,Planter,98070.87,32435.22,59,ND,0.7515,0,0,,1,0.0224
98080.38,631.0,1121,Skid Steer,213848.44,94563.42,57,ND,0.6934,0,0,low_credit,1,0.0536
83536.08,711.0,1111,Baler,188883.73,59792.75,36,IL,0.7596,0,0,,0,0.0194
86474.95,596.0,1119,Skid Steer,250986.74,62739.58,68,IN,0.8,1,0,low_credit;prior_default,0,0.2123
85811.29,769.0,1112,Harvester,140541.74,1596.0,58,NE,0.9888,0,0,high_ltv;low_down_payment,0,0.067
122771.92,662.0,1113,Combine,124997.69,45678.37,69,ND,0.7324,0,0,,1,0.0393
118173.97,704.0,3331,Combine,71689.27,20430.81,58,IA,0.7782,0,0,,1,0.0242
52464.39,682.0,1111,Sprayer,302267.93,32178.4,69,IL,0.9038,0,0,low_down_payment;low_income,0,0.129
85895.53,710.0,4238,Harvester,165453.1,29724.33,65,MN,0.8477,0,0,,1,0.0382
102788.28,628.0,4238,Planter,263638.29,43325.43,47,KS,0.8589,0,0,low_credit,1,0.0829
112805.16,551.0,1152,Sprayer,218744.54,70906.85,84,MO,0.7552,0,0,low_credit;long_term,0,0.1895
151637.55,672.0,1151,Planter,139235.74,17829.74,61,MN,0.8865,0,0,,1,0.0506
63478.27,663.0,1152,Loader,323414.24,17617.81,58,IN,0.9483,1,0,low_down_payment;prior_default,0,0.2196
113291.52,711.0,1111,Tractor,146917.92,45979.24,74,MN,0.7616,1,0,long_term;prior_default,0,0.0952
89215.94,650.0,1121,Tractor,86219.96,22411.18,49,KS,0.7937,0,0,,0,0.0461
30000.0,773.0,1119,Tractor,142200.5,39594.26,69,KS,0.7822,1,0,low_income;prior_default,1,0.2006
79278.03,734.0,1119,Combine,128373.06,43949.69,74,SD,0.745,0,0,long_term,1,0.0401
147234.95,664.0,4238,Sprayer,166587.25,28157.67,56,IL,0.8554,0,0,,1,0.048
69929.17,725.0,1111,Loader,122547.39,12825.35,36,KS,0.9053,0,0,low_down_payment,0,0.051
33999.63,682.0,1112,Loader,181710.4,67909.39,73,IA,0.7279,0,0,low_income;long_term,1,0.1178
37529.16,637.0,1113,Loader,275457.45,47549.55,64,WI,0.8528,0,0,low_income;low_credit,1,0.1947
116491.33,654.0,1113,Combine,113861.81,12142.9,52,KS,0.9036,0,0,low_down_payment,1,0.0686
155862.3,616.0,1151,Skid Steer,237005.66,29221.73,58,WI,0.8902,0,0,low_credit,1,0.1178
73891.7,614.0,3331,Combine,332133.1,12721.13,56,IA,0.9631,0,0,high_ltv;low_down_payment;low_credit,0,0.1926
46446.82,739.0,1119,Loader,135034.6,43088.16,62,IN,0.7581,0,0,low_income,1,0.0767
31392.36,830.0,1113,Combine,70909.66,25677.9,46,MN,0.7341,0,0,low_income,1,0.0811
61490.67,687.0,1152,Combine,110349.16,18839.21,59,IN,0.8542,0,0,,1,0.0684
175267.48,615.0,3331,Tractor,120688.88,35918.01,61,ND,0.7706,0,0,low_credit,1,0.0897
169950.87,637.0,1151,Planter,119412.74,21298.39,66,IA,0.8486,0,0,low_credit,1,0.0885
193760.12,765.0,1151,Planter,31769.75,15315.75,66,KS,0.6747,0,0,,1,0.0188
30000.0,757.0,1111,Combine,175798.43,37895.72,59,IL,0.8227,0,0,low_income,0,0.1203
37125.54,708.0,1111,Combine,131340.53,29080.64,69,MO,0.8187,0,0,low_income,0,0.1161
112853.84,658.0,1113,Sprayer,228197.66,86953.83,77,WI,0.7241,0,0,long_term,1,0.0506
100304.97,700.0,1112,Skid Steer,117691.19,52807.69,48,ND,0.6903,0,0,,1,0.0151
70605.3,674.0,1112,Loader,43568.67,9292.23,46,IL,0.8242,0,0,,1,0.0522
88307.13,635.0,1152,Skid Steer,185470.63,9208.24,63,MO,0.9527,0,0,high_ltv;low_down_payment;low_credit,0,0.1368
89804.91,722.0,3331,Combine,167143.09,45507.09,56,ND,0.786,0,0,,1,0.0243
56083.44,666.0,1152,Skid Steer,75724.48,7881.45,59,IN,0.9057,0,0,low_down_payment;low_income,0,0.1333
87554.84,717.0,3331,Sprayer,135331.54,40782.9,59,IA,0.7684,0,0,,1,0.0254
34473.43,725.0,1111,Loader,96868.05,15512.19,52,MO,0.862,0,0,low_income,1,0.1152
100326.42,734.0,1113,Baler,211072.14,35391.77,68,IA,0.8564,0,0,,1,0.037
36741.81,737.0,1152,Planter,189073.61,53070.89,49,KS,0.7808,0,0,low_income,1,0.0861
154297.17,664.0,1112,Harvester,131465.96,52669.01,36,SD,0.714,0,0,,1,0.0221
105250.33,591.0,3331,Loader,120964.76,13353.15,60,ND,0.9006,0,0,low_down_payment;low_credit,0,0.1659
144584.07,621.0,1152,Sprayer,43234.77,11582.24,58,MN,0.7887,0,0,low_credit,1,0.0848
203830.7,702.0,1151,Planter,173991.39,0.0,66,IL,1.0,0,0,high_ltv;low_down_payment,1,0.0697
94169.15,686.0,1152,Skid Steer,71473.82,7040.83,66,MO,0.9103,0,0,low_down_payment,1,0.0513
92643.11,646.0,1152,Sprayer,133246.05,46804.49,49,MO,0.74,0,0,,1,0.0401
84526.19,691.0,3331,Planter,262723.27,77283.92,69,KS,0.7727,0,0,,1,0.0324
73023.41,728.0,1112,Loader,129494.98,50072.81,61,WI,0.7211,0,0,,1,0.0325
76794.8,535.0,1151,Loader,52683.18,7177.8,53,IA,0.8801,0,0,low_credit,0,0.2297
113098.07,706.0,4238,Baler,185392.65,58943.2,70,IN,0.7588,0,0,,1,0.0271
94507.72,658.0,1111,Tractor,69281.01,26880.88,46,IL,0.7205,0,0,,1,0.0294
72483.21,707.0,4238,Tractor,98863.42,35227.47,58,ND,0.7373,0,0,,1,0.0334
87502.76,691.0,4238,Baler,190092.28,24037.83,66,MO,0.8877,0,0,,1,0.0426
140575.59,743.0,1113,Skid Steer,191736.28,82202.98,64,KS,0.6999,0,0,,1,0.02
39133.8,680.0,3331,Baler,237325.76,15149.04,38,SD,0.94,0,1,low_down_payment;low_income;bankruptcy,0,0.2397
108532.85,691.0,1111,Sprayer,164670.49,48169.58,59,WI,0.7737,0,0,,1,0.0242
48655.25,652.0,1151,Sprayer,185079.5,18135.85,62,WI,0.9108,0,0,low_down_payment;low_income,1,0.1727
113233.17,774.0,1111,Combine,120142.23,7001.23,50,IN,0.9449,0,0,low_down_payment,1,0.0427
108498.67,671.0,1151,Baler,57024.32,14258.12,60,NE,0.8,0,0,,0,0.038
60153.14,753.0,1111,Loader,60999.0,21791.41,64,SD,0.7368,0,0,,1,0.0494
76079.2,625.0,1121,Baler,304304.7,45057.37,66,KS,0.871,0,0,low_credit,1,0.1372
158839.23,679.0,1111,Baler,178081.74,0.0,63,IA,1.0,0,0,high_ltv;low_down_payment,1,0.0796
130617.15,664.0,1151,Baler,216083.41,56544.72,72,SD,0.7926,0,0,,1,0.0488
42702.4,663.0,1119,Combine,72756.68,4979.37,59,MN,0.9359,0,0,low_down_payment;low_income,1,0.1759
91675.5,706.0,4238,Harvester,54871.09,20919.1,56,IA,0.724,0,0,,1,0.0193
68960.89,734.0,3331,Combine,66521.9,23355.46,64,NE,0.7401,0,0,,1,0.0402
163634.23,681.0,4238,Harvester,140762.75,2910.14,51,MN,0.9797,0,0,high_ltv;low_down_payment,1,0.0625
176217.21,702.0,1151,Tractor,200534.94,28342.85,43,IL,0.8762,0,0,,1,0.0274
129068.14,675.0,1152,Combine,206822.99,0.0,53,WI,1.0,0,0,high_ltv;low_down_payment,1,0.0743
110137.85,708.0,1152,Baler,121995.47,44796.18,53,ND,0.7314,0,0,,1,0.019
76847.18,728.0,1121,Tractor,118938.77,10878.31,59,MO,0.9162,0,0,low_down_payment,1,0.0608
83818.54,669.0,1119,Tractor,241102.01,38202.6,56,WI,0.8632,0,0,,0,0.0532
134704.53,742.0,1111,Planter,45525.5,15536.73,59,SD,0.7456,0,0,,1,0.0219
104298.78,674.0,3331,Harvester,225823.93,40979.5,78,KS,0.8464,0,0,long_term,1,0.0591
45292.11,616.0,1152,Sprayer,50120.47,15643.9,52,SD,0.7621,0,0,low_income;low_credit,0,0.1664
30000.0,627.0,1119,Loader,121925.27,35927.48,58,NE,0.7724,0,0,low_income;low_credit,1,0.1872
87110.56,723.0,1152,Combine,199225.43,36247.79,82,NE,0.8461,0,0,long_term,1,0.0516
102805.52,671.0,1113,Tractor,193513.83,65836.03,84,SD,0.7461,0,0,long_term,0,0.0486
139805.53,652.0,1151,Skid Steer,221066.24,65661.01,58,WI,0.771,0,0,,0,0.0456
57694.81,830.0,4238,Tractor,233958.02,22667.95,72,IL,0.9117,0,0,low_down_payment;low_income,1,0.1133
97774.91,693.0,4238,Combine,172528.92,49432.28,48,ND,0.7773,0,0,,1,0.0208
127123.52,727.0,3331,Combine,37646.75,16988.37,58,NE,0.6891,0,0,,1,0.0175
67812.25,696.0,1121,Skid Steer,229994.26,39183.61,65,IL,0.8544,0,0,,1,0.0609
48941.41,671.0,1113,Sprayer,188049.9,61880.29,58,WI,0.7524,0,0,low_income,1,0.0881
134466.5,622.0,1119,Baler,195881.56,98553.69,84,IN,0.6653,0,0,low_credit;long_term,1,0.084
167117.34,649.0,1121,Sprayer,49352.58,13629.68,64,MN,0.7836,0,0,,1,0.0543
164693.42,692.0,1152,Loader,116196.15,14525.19,57,IN,0.8889,0,0,,1,0.0352
108578.32,638.0,1151,Combine,57858.01,13827.37,59,MO,0.8071,1,0,low_credit;prior_default,1,0.1584
240063.33,741.0,1111,Harvester,139913.93,35300.67,53,WI,0.7985,0,0,,1,0.0242
131909.52,665.0,3331,Planter,221179.92,29735.15,64,ND,0.8815,0,0,,1,0.0578
74202.09,596.0,3331,Sprayer,241524.16,8817.09,71,IA,0.9648,0,0,high_ltv;low_down_payment;low_credit,0,0.2277
108664.96,709.0,1112,Tractor,191738.14,66232.46,76,IL,0.7433,0,0,long_term,1,0.0311
87740.73,752.0,1112,Combine,141330.38,22775.21,79,ND,0.8612,0,0,long_term,0,0.0513
127940.45,660.0,1113,Sprayer,146074.18,23659.43,55,ND,0.8606,0,0,,1,0.052
137752.36,661.0,1112,Baler,108786.17,34383.87,41,WI,0.7598,0,0,,1,0.0294
64397.06,646.0,1119,Skid Steer,264400.38,57099.07,58,KS,0.8224,1,1,prior_default;bankruptcy,0,0.2472
124955.04,677.0,4238,Planter,66986.81,15391.44,59,IN,0.8132,0,0,,1,0.0351
83524.29,721.0,1121,Combine,180449.47,27936.45,50,IL,0.8659,0,0,,1,0.0348
75536.46,694.0,1119,Combine,66297.72,14147.26,52,IA,0.8241,0,0,,1,0.0382
100552.47,720.0,1152,Loader,219262.17,77920.1,52,IA,0.7378,0,0,,1,0.0191
88677.45,640.0,1113,Baler,190112.31,19722.97,54,IN,0.906,0,0,low_down_payment;low_credit,0,0.0968
53676.58,744.0,1111,Combine,200522.24,93467.74,84,IA,0.6821,0,0,low_income;long_term,1,0.0738
173254.21,754.0,3331,Skid Steer,65097.25,22472.89,56,MN,0.7434,0,0,,1,0.0207
170512.31,689.0,1111,Tractor,112360.05,21121.91,47,NE,0.8418,0,0,,1,0.0261
53905.98,616.0,1152,Harvester,60848.11,8154.67,38,MN,0.8818,0,0,low_income;low_credit,0,0.1744
127485.42,731.0,1119,Planter,159493.28,27621.21,62,MO,0.8524,0,0,,1,0.0334
44210.68,651.0,1112,Sprayer,224494.52,74621.22,41,MN,0.7505,1,0,low_income;prior_default,0,0.186
75444.58,683.0,1119,Skid Steer,97662.8,19942.17,77,IL,0.8304,0,0,long_term,1,0.0678
30000.0,685.0,1111,Planter,157472.57,30782.62,62,SD,0.8365,0,0,low_income,0,0.1338
91310.14,779.0,3331,Combine,117438.21,26377.48,51,MO,0.8166,0,0,,1,0.025
89960.12,766.0,1112,Skid Steer,288313.79,0.0,47,SD,1.0,0,0,high_ltv;low_down_payment,0,0.0543
135195.84,625.0,1112,Combine,211329.16,45453.06,50,ND,0.823,0,0,low_credit,0,0.0804
208531.0,692.0,1112,Loader,64749.21,28276.11,54,NE,0.696,0,0,,1,0.0169
66785.92,750.0,4238,Loader,258505.25,28059.0,64,IA,0.9021,0,0,low_down_payment,0,0.0779
74145.61,659.0,1151,Harvester,300646.87,35327.67,56,WI,0.8949,0,0,,0,0.0843
111805.57,762.0,1121,Baler,227239.48,62670.71,69,MN,0.7838,0,0,,1,0.0292
101493.24,574.0,1121,Combine,156198.45,38387.02,37,SD,0.8027,0,0,low_credit,0,0.1245
34064.64,614.0,1119,Loader,166167.83,22272.07,48,MN,0.8818,0,1,low_income;low_credit;bankruptcy,0,0.2641
205829.85,668.0,1111,Combine,223385.34,19661.91,69,SD,0.9191,0,0,low_down_payment,1,0.0727
159893.54,800.0,1151,Sprayer,269594.43,65666.26,79,ND,0.8041,0,0,long_term,1,0.0401
93926.25,676.0,1112,Harvester,91437.09,26256.34,56,ND,0.7769,0,0,,1,0.0298
33623.49,608.0,1151,Tractor,152064.95,30508.21,51,IA,0.8329,0,0,low_income;low_credit,0,0.2125
63170.15,582.0,3331,Loader,219896.07,77348.79,51,KS,0.7398,0,0,low_credit,0,0.1592
87664.95,643.0,1119,Skid Steer,140767.34,45125.32,58,WI,0.7573,0,0,,1,0.0534
153401.79,719.0,3331,Planter,162057.86,71442.52,70,IN,0.694,0,0,,1,0.0214
30000.0,660.0,1152,Sprayer,129234.39,22244.41,70,WI,0.8532,0,0,low_income,0,0.181
103605.33,655.0,1112,Tractor,143543.32,25746.57,72,MN,0.8479,0,0,,1,0.0671
74079.57,726.0,1151,Sprayer,212320.72,19399.08,41,NE,0.9163,0,0,low_down_payment,1,0.0511
120362.62,561.0,1151,Baler,256407.16,47951.39,68,ND,0.8425,0,0,low_credit,0,0.1861
30000.0,748.0,1112,Tractor,220529.65,26676.06,55,KS,0.8921,0,0,low_income,0,0.1369
150977.35,681.0,4238,Sprayer,206800.09,44333.5,73,MN,0.8235,0,0,long_term,1,0.0458
137407.45,774.0,1111,Sprayer,80242.79,13288.79,58,ND,0.8579,0,0,,1,0.0321
118861.65,576.0,1113,Sprayer,163487.32,37770.29,50,ND,0.8123,0,0,low_credit,1,0.1389
59023.03,604.0,1111,Sprayer,143953.8,28883.52,62,ND,0.8329,0,0,low_income;low_credit,1,0.1883
140468.33,700.0,4238,Tractor,142307.8,17815.59,51,IN,0.8887,0,0,,1,0.0322
159410.73,621.0,1112,Combine,134988.95,48320.82,36,IN,0.7364,0,0,low_credit,1,0.0549
65968.41,637.0,1113,Harvester,184383.96,11173.4,57,IL,0.9429,0,0,low_down_payment;low_credit,0,0.1628
87440.47,614.0,1151,Tractor,132500.51,31673.81,58,IA,0.8071,0,0,low_credit,0,0.1017
117087.07,621.0,4238,Harvester,173786.97,75463.94,41,IN,0.6972,0,0,low_credit,1,0.0521
128096.61,629.0,1119,Skid Steer,155460.1,14031.1,65,MN,0.9172,0,0,low_down_payment;low_credit,0,0.1246
157161.96,727.0,1152,Harvester,300361.1,41620.42,36,WI,0.8783,0,0,,1,0.0248
83511.59,742.0,1113,Harvester,100860.69,8447.31,42,IN,0.9227,0,0,low_down_payment,1,0.0418
38808.63,690.0,1113,Planter,228014.93,56008.26,52,MN,0.8028,0,0,low_income,0,0.0909
171049.16,703.0,4238,Loader,142714.35,38542.93,67,IL,0.7874,0,0,,1,0.0287
49448.85,645.0,1112,Loader,46215.62,13674.59,68,IN,0.7717,0,0,low_income,0,0.1359
97762.68,695.0,1121,Tractor,98954.25,19759.44,70,IL,0.8336,0,0,,1,0.0352
50725.61,691.0,1151,Loader,85961.32,21178.14,64,ND,0.8023,0,0,low_income,0,0.0817
127845.86,790.0,3331,Sprayer,57954.77,16984.03,59,SD,0.7734,0,0,,1,0.0242
106225.21,726.0,1151,Loader,186672.36,44371.91,84,KS,0.808,0,0,long_term,0,0.0436
72121.14,830.0,4238,Sprayer,242315.01,62606.13,45,IA,0.7947,0,0,,1,0.0341
64219.19,684.0,1121,Tractor,54013.52,7889.38,83,MO,0.8726,0,0,long_term,1,0.1011
30000.0,588.0,1119,Tractor,78330.65,10114.01,61,IA,0.8856,0,0,low_income;low_credit,0,0.2496
107378.63,664.0,1151,Tractor,162881.7,68954.81,52,IN,0.7026,0,0,,1,0.0268
159584.57,707.0,1119,Harvester,242559.92,47690.37,57,IL,0.8357,0,0,,1,0.0293
129454.37,630.0,1113,Combine,219532.84,80293.23,52,IL,0.7322,0,0,low_credit,1,0.0579
102534.64,634.0,4238,Loader,132336.42,13903.37,52,NE,0.9049,0,0,low_down_payment;low_credit,1,0.0996
138353.3,720.0,1152,Skid Steer,257340.72,32275.88,77,IL,0.8886,0,0,long_term,1,0.0516
88406.44,689.0,1112,Loader,262643.46,43865.46,47,MO,0.8569,0,0,,1,0.0289
36582.56,600.0,1119,Harvester,148212.84,70790.81,65,ND,0.6768,0,0,low_income;low_credit,0,0.1807
140577.69,640.0,3331,Sprayer,139929.16,55665.21,56,WI,0.7154,0,0,,1,0.0448
82402.09,598.0,1152,Baler,97978.35,19948.15,69,SD,0.8308,0,0,low_credit,0,0.1511
101504.39,694.0,1119,Loader,279827.54,55849.19,70,MO,0.8336,0,0,,1,0.0352
184492.59,746.0,1111,Baler,81841.33,28624.05,48,MN,0.7409,0,0,,1,0.0182
161640.48,690.0,3331,Tractor,118539.58,13328.18,59,IN,0.8989,0,0,,0,0.0375
31121.39,707.0,1113,Loader,161187.93,37085.67,57,ND,0.813,0,0,low_income,0,0.1131
90779.44,708.0,1112,Loader,48630.06,13003.65,74,IN,0.789,0,0,long_term,1,0.0355
103085.23,707.0,1152,Skid Steer,265938.35,55963.64,43,SD,0.8261,0,0,,1,0.0229
30000.0,645.0,1121,Planter,82921.41,6390.98,57,IL,0.9284,0,0,low_down_payment;low_income,0,0.2163
88338.75,702.0,1112,Loader,94089.97,27545.67,63,MO,0.7735,0,0,,1,0.0269
161969.83,631.0,1113,Baler,52567.48,2859.71,81,NE,0.9484,0,0,low_down_payment;low_credit;long_term,1,0.159
84457.16,728.0,1112,Planter,177240.62,53164.46,62,IL,0.7693,0,0,,1,0.0289
69624.19,675.0,1152,Skid Steer,117850.02,22174.7,55,IL,0.8416,0,0,,0,0.0627
97080.28,651.0,1151,Skid Steer,63335.75,10905.29,66,IN,0.8531,0,0,,1,0.0669
125543.25,618.0,4238,Baler,284876.22,27113.11,50,WI,0.9131,0,0,low_down_payment;low_credit,1,0.1213
78712.18,633.0,4238,Planter,103527.99,28589.77,60,IN,0.7836,0,0,low_credit,1,0.0902
118405.62,678.0,1121,Skid Steer,104484.92,37888.11,59,KS,0.7339,0,0,,1,0.026
132580.21,744.0,3331,Planter,331276.2,0.0,65,IA,1.0,0,0,high_ltv;low_down_payment,1,0.0688
56365.34,647.0,1152,Planter,137113.46,50162.13,40,SD,0.7321,0,0,low_income,1,0.0817
74428.88,663.0,1113,Combine,86054.46,17573.02,52,IL,0.8304,0,1,bankruptcy,0,0.1674
131120.55,706.0,1119,Tractor,178585.66,80774.7,36,MO,0.6886,0,0,,1,0.0124
164310.94,755.0,1151,Baler,288735.02,58151.19,70,ND,0.8324,0,0,,1,0.035
99697.1,698.0,1112,Planter,234196.56,101161.14,61,NE,0.6983,0,0,,1,0.019
31454.15,679.0,1111,Skid Steer,42490.23,15392.58,60,IN,0.7341,0,0,low_income,1,0.107
44553.85,760.0,1119,Baler,299730.41,16188.97,65,MN,0.9488,0,0,low_down_payment;low_income,1,0.1444
51618.47,614.0,3331,Harvester,198408.01,102178.12,62,IA,0.6601,0,0,low_income;low_credit,0,0.1363
74155.52,671.0,1151,Loader,124888.23,46511.98,51,IL,0.7286,0,0,,1,0.039
102068.77,660.0,1111,Baler,181476.13,74503.31,76,WI,0.7089,0,0,long_term,0,0.0459
86453.54,747.0,1119,Baler,269295.44,78135.12,49,KS,0.7751,0,0,,0,0.023
121678.1,645.0,4238,Harvester,55990.34,12774.02,72,MN,0.8142,0,0,,1,0.0705
95606.35,623.0,3331,Skid Steer,269629.13,74099.32,62,SD,0.7844,0,0,low_credit,0,0.0852
82820.34,714.0,1111,Skid Steer,218674.03,73981.76,53,IL,0.7472,0,0,,0,0.0244
112821.91,664.0,1112,Tractor,227278.87,39471.71,48,ND,0.852,0,0,,1,0.0428
118284.85,684.0,1119,Baler,143634.32,39088.49,54,WI,0.7861,0,0,,1,0.0263
94913.07,802.0,1152,Planter,338641.25,0.0,64,IL,1.0,0,0,high_ltv;low_down_payment,0,0.0679
106929.82,612.0,3331,Sprayer,48121.09,7826.05,54,MN,0.8601,0,0,low_credit,0,0.1101
215895.23,640.0,1152,Baler,231427.29,85207.28,66,IL,0.7309,0,0,low_credit,1,0.0593
113259.73,626.0,4238,Skid Steer,52193.77,5068.34,55,WI,0.9115,0,0,low_down_payment;low_credit,1,0.1152
141511.6,613.0,1112,Combine,112170.96,15920.53,50,SD,0.8757,0,0,low_credit,1,0.1093
107515.45,626.0,1121,Loader,47219.03,11737.43,49,MO,0.8009,0,0,low_credit,1,0.0738
103912.28,664.0,4238,Sprayer,43193.3,4716.83,64,MO,0.9015,0,0,low_down_payment,1,0.0684
164845.17,673.0,4238,Tractor,118516.36,46217.4,53,IL,0.7194,0,0,,1,0.0245
184145.66,644.0,1113,Planter,153096.98,41090.43,62,KS,0.7884,0,0,,1,0.058
57406.67,661.0,1112,Combine,68626.96,15403.82,55,SD,0.8167,0,0,low_income,1,0.0987
122564.83,612.0,3331,Loader,132325.23,68107.98,55,NE,0.6602,0,0,low_credit,0,0.0631
176396.83,670.0,1113,Planter,97536.57,43220.17,37,MN,0.6929,0,0,,1,0.0184
100788.27,706.0,1113,Harvester,187988.03,10929.35,66,IL,0.9451,0,0,low_down_payment,0,0.0534
88629.31,717.0,1152,Baler,200280.46,27528.14,53,MN,0.8792,0,0,,1,0.0333
124766.65,633.0,1112,Baler,171026.12,62829.18,68,IA,0.7313,0,0,low_credit,1,0.067
78530.09,785.0,1121,Baler,144524.22,21181.58,75,IA,0.8722,0,0,long_term,1,0.0627
45452.64,680.0,1152,Harvester,239752.85,7507.02,54,SD,0.9696,0,0,high_ltv;low_down_payment;low_income,0,0.1592
182240.84,675.0,1113,Skid Steer,230805.95,44226.2,71,KS,0.8392,0,0,,1,0.0466
35018.03,809.0,1112,Sprayer,204676.28,48041.43,53,KS,0.8099,0,0,low_income,1,0.1007
102374.93,686.0,1121,Combine,222183.6,59916.5,52,SD,0.7876,0,0,,1,0.0248
51091.37,592.0,1119,Sprayer,163242.1,63935.35,54,IA,0.7186,1,0,low_income;low_credit;prior_default,1,0.2213
183826.92,665.0,3331,Baler,91961.72,8055.3,84,WI,0.9195,0,0,low_down_payment;long_term,1,0.0979
104041.77,830.0,1151,Planter,227723.65,13761.87,51,MN,0.943,0,0,low_down_payment,1,0.043
164393.29,669.0,1113,Skid Steer,68615.85,17911.55,84,NE,0.793,0,0,long_term,1,0.0581
45495.38,662.0,1111,Skid Steer,220259.77,27450.37,70,WI,0.8892,0,0,low_income,1,0.1599
68389.7,757.0,1111,Tractor,38343.15,7294.18,40,WI,0.8402,0,0,,1,0.0409
136985.23,664.0,1113,Tractor,151095.96,22633.54,56,IN,0.8697,0,0,,1,0.0503
117403.16,678.0,1113,Loader,171161.27,18705.79,69,IN,0.9015,0,0,low_down_payment,1,0.0582
139252.23,670.0,4238,Harvester,64688.14,38338.84,61,KS,0.6279,0,0,,1,0.0209
114034.19,692.0,1112,Loader,105253.27,9847.8,46,SD,0.9144,0,0,low_down_payment,1,0.0364
89588.59,621.0,1113,Planter,199242.23,37846.23,65,MO,0.8404,0,0,low_credit,0,0.105
66833.7,778.0,3331,Baler,176717.93,33315.8,44,MO,0.8414,0,0,,1,0.0451
194815.13,747.0,1121,Planter,222476.77,36693.17,66,NE,0.8584,1,0,prior_default,1,0.1055
204998.06,772.0,1111,Combine,91867.01,36256.83,45,NE,0.717,0,0,,1,0.0159
120191.99,722.0,4238,Baler,249231.18,54721.09,76,KS,0.82,0,0,long_term,1,0.0406
164342.32,762.0,4238,Skid Steer,120601.13,25623.25,59,KS,0.8248,0,0,,1,0.029
125389.25,671.0,1152,Planter,140307.99,55692.7,65,KS,0.7159,0,0,,1,0.0302
69439.96,665.0,1111,Planter,128482.6,7319.13,51,IN,0.9461,0,0,low_down_payment,1,0.101
170511.66,649.0,1151,Combine,274360.48,72558.16,69,MO,0.7908,0,0,,1,0.0594
175179.0,722.0,3331,Harvester,270171.44,26311.42,50,SD,0.9113,0,0,low_down_payment,1,0.0381
102032.75,741.0,1151,Tractor,296365.8,38155.66,70,IA,0.8859,0,0,,1,0.042
107177.28,731.0,1113,Loader,166803.39,31956.49,45,IN,0.8392,0,0,,1,0.0248
30000.0,718.0,1113,Baler,125754.52,62900.54,67,NE,0.6666,0,0,low_income,1,0.0863
129651.6,629.0,1152,Tractor,69623.32,19735.72,59,KS,0.7791,0,0,low_credit,1,0.074
149290.02,670.0,1112,Combine,189146.04,44411.2,71,KS,0.8098,0,0,,1,0.0459
71857.58,683.0,1151,Baler,136592.43,30528.82,68,IL,0.8173,0,0,,0,0.0576
64145.36,664.0,1119,Planter,60416.18,9331.7,77,KS,0.8662,0,0,long_term,1,0.1194
55345.04,682.0,1111,Tractor,164873.34,68321.35,75,MO,0.707,0,0,low_income;long_term,1,0.0776
88286.73,730.0,1113,Loader,227263.44,82216.42,66,IN,0.7343,0,0,,1,0.0245
116787.19,741.0,1121,Combine,135863.26,37861.9,71,MO,0.7821,0,0,,1,0.0298
119824.56,735.0,1119,Skid Steer,62105.77,10824.34,60,NE,0.8516,0,0,,1,0.0324
30000.0,658.0,1151,Skid Steer,61169.89,11502.74,59,NE,0.8417,0,0,low_income,0,0.1683
105831.13,655.0,1111,Sprayer,135641.6,31418.06,64,ND,0.8119,0,0,,1,0.0544
68012.76,549.0,1119,Sprayer,123810.86,38953.08,39,SD,0.7607,0,0,low_credit,1,0.183
155862.86,737.0,4238,Planter,124832.07,44552.37,71,IL,0.737,0,0,,1,0.0254
109582.29,593.0,4238,Tractor,203839.92,92720.32,45,MO,0.6873,0,0,low_credit,1,0.0787
43559.64,613.0,1112,Tractor,211023.25,31929.97,70,IN,0.8686,0,0,low_income;low_credit,0,0.2198
121900.97,636.0,1119,Planter,258002.05,48916.84,41,ND,0.8406,0,0,low_credit,1,0.0643
147325.78,732.0,1119,Harvester,206326.54,47296.32,40,KS,0.8135,0,0,,1,0.0209
153415.7,751.0,3331,Sprayer,55866.34,14635.8,54,WI,0.7924,0,0,,1,0.024
69573.49,790.0,1119,Planter,126089.02,28057.63,37,IA,0.818,0,0,,1,0.0352
92055.84,698.0,1152,Sprayer,196404.22,62885.91,46,KS,0.7575,0,0,,0,0.0187
131110.01,652.0,1121,Sprayer,39780.3,14300.33,84,MO,0.7356,0,0,long_term,1,0.0629
97562.51,726.0,1113,Sprayer,96613.7,33436.81,58,ND,0.7429,0,0,,1,0.0213
63990.73,607.0,1151,Loader,304712.59,34855.61,57,NE,0.8974,0,0,low_credit,0,0.1838
82591.68,720.0,1112,Combine,90792.03,20414.27,74,ND,0.8164,0,0,long_term,1,0.0469
106235.45,780.0,4238,Skid Steer,205271.71,0.0,52,IA,1.0,0,0,high_ltv;low_down_payment,1,0.058
50532.79,742.0,3331,Planter,279062.82,35123.37,68,ND,0.8882,0,0,low_income,1,0.1085
81868.81,656.0,1152,Sprayer,102069.88,1635.63,47,MO,0.9842,0,0,high_ltv;low_down_payment,1,0.1026
93980.45,706.0,1119,Loader,47973.77,7575.54,78,WI,0.8636,0,0,long_term,1,0.0482
170900.13,636.0,3331,Baler,48976.62,8230.71,72,KS,0.8561,0,0,low_credit,0,0.0978
88170.81,656.0,1151,Loader,132868.29,27877.3,58,NE,0.8266,0,0,,1,0.0537
150250.37,624.0,4238,Sprayer,257196.6,79928.5,63,MO,0.7629,0,0,low_credit,1,0.0796
109197.23,661.0,1111,Combine,138802.25,42919.79,49,NE,0.7638,0,0,,1,0.0339
108144.85,694.0,1152,Tractor,81105.1,28497.04,63,WI,0.74,0,0,,0,0.0228
90386.29,672.0,1112,Loader,74715.81,12960.8,56,IA,0.8522,0,0,,1,0.0418
101588.73,644.0,3331,Harvester,298522.83,21034.54,72,SD,0.9342,0,0,low_down_payment,1,0.1081
30000.0,671.0,1151,Tractor,216244.61,64565.53,59,MN,0.7701,0,0,low_income,1,0.1297
36548.58,730.0,1113,Planter,236538.23,73056.23,58,KS,0.764,0,0,low_income,1,0.091
82074.56,653.0,1111,Harvester,249446.54,42498.24,41,ND,0.8544,0,0,,1,0.057
48539.46,725.0,1111,Combine,60796.16,11409.56,77,IN,0.842,0,0,low_income;long_term,1,0.117
99129.3,622.0,1151,Sprayer,186132.82,27490.15,67,IL,0.8713,0,0,low_credit,0,0.1148
159670.76,646.0,1119,Harvester,178508.24,45614.85,59,NE,0.7965,0,0,,1,0.0558
30000.0,622.0,1111,Harvester,132760.89,24132.46,57,WI,0.8462,0,0,low_income;low_credit,0,0.2135
147801.69,631.0,1111,Skid Steer,119339.79,30640.72,54,IA,0.7957,0,0,low_credit,1,0.0716
77570.34,752.0,4238,Combine,116131.48,36319.99,55,IL,0.7618,0,0,,1,0.0305
131994.12,801.0,4238,Loader,153556.38,39856.14,62,IN,0.7939,0,0,,1,0.0272
41161.79,590.0,1151,Planter,192834.04,82137.9,49,MO,0.7013,0,0,low_income;low_credit,1,0.1781
110883.39,625.0,1119,Loader,221165.22,14498.6,61,IN,0.9385,0,0,low_down_payment;low_credit,0,0.1316
113816.52,740.0,1151,Planter,219255.16,56690.53,66,MN,0.7946,1,0,prior_default,1,0.0887
78697.27,741.0,3331,Harvester,85360.84,30545.14,49,NE,0.7365,0,0,,1,0.0248
207176.75,683.0,1113,Combine,232999.59,53098.67,48,WI,0.8144,0,0,,1,0.0268
158980.11,694.0,1151,Combine,157859.17,21446.55,54,ND,0.8804,0,0,,1,0.0327
60653.39,736.0,1113,Combine,100304.3,28594.52,71,IA,0.7782,0,0,,1,0.0611
111536.68,640.0,1151,Tractor,118931.08,46143.46,58,NE,0.7205,0,1,low_credit;bankruptcy,0,0.1466
30000.0,704.0,1113,Baler,227911.39,91358.47,78,ND,0.7139,0,0,low_income;long_term,1,0.1164
113356.99,752.0,4238,Combine,85529.05,26632.64,62,KS,0.7626,1,0,prior_default,1,0.0773
154336.53,647.0,3331,Sprayer,160728.6,52874.75,39,KS,0.7525,0,1,bankruptcy,1,0.1203
134753.95,734.0,1112,Combine,55177.28,2851.15,62,ND,0.9509,0,0,high_ltv;low_down_payment,1,0.0568
180785.82,670.0,1112,Harvester,209849.46,14812.64,77,MN,0.9341,0,0,low_down_payment;long_term,1,0.0882
134790.33,744.0,1111,Baler,111013.58,12292.3,82,SD,0.9003,0,0,low_down_payment;long_term,1,0.063
55621.46,744.0,1113,Sprayer,92241.84,9905.2,71,MO,0.903,0,0,low_down_payment;low_income,1,0.1139
50074.2,702.0,1119,Sprayer,55319.87,5701.99,69,KS,0.9066,0,0,low_down_payment;low_income,0,0.1241
98827.41,565.0,3331,Baler,266084.19,39853.0,56,IA,0.8697,0,0,low_credit,0,0.1774
112013.97,648.0,1111,Baler,260700.66,72712.01,56,IL,0.7819,0,0,,1,0.0493
102096.37,596.0,1113,Combine,118979.22,32395.71,60,MN,0.786,1,1,low_credit;prior_default;bankruptcy,0,0.2442
89813.31,618.0,1113,Sprayer,170277.33,29666.51,59,MN,0.8516,0,0,low_credit,0,0.1057
141115.66,702.0,1113,Harvester,226900.23,74474.33,55,IN,0.7529,0,0,,1,0.0211
126174.99,614.0,3331,Loader,177876.71,60960.94,54,IL,0.7448,0,0,low_credit,1,0.0779
135214.98,651.0,3331,Loader,258654.92,60203.91,58,WI,0.8112,0,0,,0,0.0534
83807.46,752.0,1121,Combine,43332.13,7886.45,36,NE,0.846,0,0,,0,0.0262
97903.74,751.0,1119,Tractor,271894.02,33020.94,55,SD,0.8917,0,0,,1,0.0345
89497.46,583.0,1121,Loader,128440.95,19479.7,67,WI,0.8683,1,0,low_credit;prior_default,0,0.2372
97188.54,680.0,1121,Tractor,164822.64,72438.76,84,IA,0.6947,0,0,long_term,1,0.035
137272.19,690.0,1112,Combine,202323.48,60070.84,65,KS,0.7711,0,0,,1,0.0263
111679.39,684.0,1151,Planter,250406.23,90997.15,55,NE,0.7335,0,0,,1,0.0222
51847.59,711.0,1151,Loader,174343.41,58640.83,56,IA,0.7483,0,0,low_income,1,0.0615
168049.73,707.0,3331,Combine,134239.71,66596.92,53,WI,0.6684,0,0,,1,0.015
83765.16,708.0,3331,Loader,224924.64,42040.57,66,IL,0.8425,0,0,,1,0.0402
74560.43,696.0,4238,Loader,37583.28,11146.53,50,MN,0.7713,0,0,,1,0.0317
193919.01,638.0,1111,Tractor,183960.86,50458.7,73,ND,0.7848,0,0,low_credit;long_term,1,0.0846
128972.05,750.0,4238,Baler,86825.58,9659.33,67,SD,0.8999,0,1,bankruptcy,1,0.1394
30000.0,719.0,1151,Combine,132013.23,11089.04,47,NE,0.9225,0,0,low_down_payment;low_income,1,0.1457
176972.13,634.0,1151,Harvester,236865.03,59642.29,61,KS,0.7989,0,0,low_credit,1,0.0754
207850.48,639.0,1119,Tractor,129740.75,24398.21,45,WI,0.8417,0,0,low_credit,1,0.0657
235907.14,744.0,1152,Tractor,88812.88,14274.41,36,IA,0.8615,0,0,,1,0.0234
30000.0,666.0,4238,Baler,166014.06,58753.99,69,IA,0.7386,1,0,low_income;prior_default,0,0.2071
129341.99,711.0,1151,Harvester,145901.65,36637.52,51,MO,0.7993,0,0,,1,0.0235
148194.04,752.0,1113,Sprayer,121765.04,33386.59,67,MN,0.7848,0,0,,1,0.0284
122887.52,767.0,1151,Loader,45336.39,14224.42,71,MO,0.7612,0,0,,1,0.0277
82626.69,570.0,1119,Sprayer,250627.74,71843.67,82,SD,0.7772,0,0,low_credit;long_term,0,0.1873
140566.02,699.0,1152,Sprayer,129816.5,45621.2,62,MN,0.74,0,0,,1,0.0224
213496.76,622.0,1112,Loader,239434.65,43912.21,60,SD,0.845,0,0,low_credit,1,0.0999
78750.78,725.0,4238,Tractor,99232.7,26897.72,73,NE,0.7867,1,0,long_term;prior_default,1,0.1221
115755.1,604.0,4238,Baler,185169.18,47865.96,45,MO,0.7946,0,0,low_credit,1,0.0928
33452.4,637.0,1113,Loader,83355.44,31807.37,48,MN,0.7238,0,0,low_income;low_credit,1,0.1465
109571.45,692.0,1152,Skid Steer,82003.8,6667.41,62,KS,0.9248,0,0,low_down_payment,1,0.0473
162920.87,650.0,3331,Loader,134206.91,39569.42,40,IN,0.7723,0,0,,1,0.0369
104041.96,710.0,1121,Harvester,195438.24,55370.0,63,IN,0.7792,0,0,,1,0.0262
106519.3,659.0,1112,Sprayer,192086.53,27370.11,80,MO,0.8753,0,0,long_term,1,0.083
118866.08,681.0,3331,Tractor,31777.96,13712.0,40,IL,0.6986,0,0,,1,0.0164
69999.95,696.0,1121,Loader,155419.73,46629.67,66,SD,0.7692,0,0,,1,0.0444
158335.01,632.0,1152,Skid Steer,64945.48,5320.95,48,IN,0.9243,0,0,low_down_payment;low_credit,1,0.1028
30000.0,607.0,4238,Tractor,37174.84,15278.31,84,KS,0.7087,0,0,low_income;low_credit;long_term,0,0.207
65664.31,658.0,1152,Baler,142321.98,60474.82,60,MN,0.7018,0,0,,1,0.0602
93074.17,656.0,1121,Planter,50579.91,11041.42,42,IN,0.8208,0,0,,1,0.0401
121080.16,643.0,3331,Skid Steer,59213.37,12507.08,80,ND,0.8256,0,0,long_term,1,0.0894
107634.01,750.0,3331,Tractor,253857.62,84665.61,66,NE,0.7499,0,0,,1,0.0247
96265.5,728.0,1119,Loader,196173.0,22569.85,68,MO,0.8968,0,0,,1,0.0424
171214.25,620.0,1113,Combine,61409.13,14956.56,48,IN,0.8041,0,0,low_credit,1,0.0799
30000.0,660.0,4238,Skid Steer,37399.28,12153.1,57,IA,0.7547,0,0,low_income,1,0.1368
132160.19,639.0,3331,Combine,109981.2,17792.09,49,WI,0.8608,0,0,low_credit,1,0.073
121500.49,642.0,1113,Tractor,171843.77,34721.78,68,ND,0.8319,0,0,,1,0.0738
126987.43,661.0,1152,Planter,223475.57,79388.94,60,WI,0.7379,0,0,,1,0.0363
77656.37,752.0,4238,Combine,218216.24,25901.28,76,MO,0.8939,0,0,long_term,1,0.0693
42252.81,670.0,4238,Loader,74066.55,17960.96,53,IL,0.8048,0,0,low_income,1,0.1107
161881.32,720.0,3331,Tractor,173309.63,20056.14,40,KS,0.8963,0,0,,1,0.0281
156919.52,712.0,1119,Loader,75958.22,9786.41,50,WI,0.8859,0,0,,1,0.0315
65981.12,716.0,3331,Sprayer,89046.64,40714.37,70,SD,0.6862,0,0,,1,0.0392
152466.75,660.0,1121,Tractor,206927.08,22158.05,56,MO,0.9033,0,0,low_down_payment,1,0.0661
67944.56,754.0,1119,Loader,51016.48,18049.97,66,SD,0.7387,0,0,,1,0.0422
71851.46,611.0,1152,Sprayer,165635.54,41973.21,57,NE,0.7978,0,1,low_credit;bankruptcy,1,0.2213
104203.52,663.0,3331,Planter,158695.87,55352.94,65,NE,0.7414,0,0,,1,0.038
70162.7,686.0,1112,Loader,241356.85,27444.37,58,ND,0.8979,0,0,,1,0.0644
133676.43,682.0,1113,Loader,92104.39,33478.14,71,KS,0.7334,0,0,,1,0.0288
132554.63,714.0,1113,Tractor,263106.98,44021.14,51,IA,0.8567,0,0,,1,0.0288
30000.0,652.0,1152,Harvester,256932.67,22308.37,68,SD,0.9201,0,0,low_down_payment;low_income,0,0.2163
171937.88,676.0,1152,Tractor,60768.6,2308.16,71,SD,0.9634,0,0,high_ltv;low_down_payment,1,0.0824
158295.41,712.0,1112,Harvester,231788.57,77195.11,63,ND,0.7502,0,0,,1,0.0236
42236.06,633.0,1152,Planter,113352.14,20944.47,62,KS,0.844,0,0,low_income;low_credit,0,0.1874
115889.65,784.0,1111,Baler,50143.67,10570.58,60,IA,0.8259,0,0,,1,0.0296
35919.7,652.0,1111,Loader,232621.47,37752.5,54,WI,0.8604,0,0,low_income,0,0.1651
95964.73,664.0,1152,Loader,173166.96,54579.9,72,IL,0.7603,0,0,,1,0.0438
30000.0,630.0,1152,Harvester,277153.77,57113.87,57,WI,0.8291,0,0,low_income;low_credit,1,0.2007
122354.77,685.0,3331,Skid Steer,126623.76,19481.51,70,MO,0.8667,0,0,,1,0.0428
140076.26,639.0,1121,Skid Steer,168710.27,44985.15,44,IL,0.7895,0,0,low_credit,0,0.0548
61539.47,621.0,1121,Baler,137325.73,21531.9,45,SD,0.8645,0,0,low_credit,0,0.1468
128875.43,675.0,1119,Baler,51368.77,14497.97,59,IL,0.7799,0,0,,1,0.0325
115570.93,685.0,1121,Tractor,184743.74,54480.29,57,IN,0.7723,0,0,,1,0.0255
151965.22,723.0,1119,Harvester,279090.51,64772.64,56,MO,0.8116,1,0,prior_default,0,0.0833
124699.86,709.0,1113,Baler,71594.88,4186.18,57,ND,0.9448,0,0,low_down_payment,1,0.0471
100690.77,695.0,1113,Harvester,81077.08,31209.39,82,IA,0.7221,0,0,long_term,1,0.0315
165953.6,658.0,1112,Sprayer,197175.02,65469.66,59,NE,0.7507,0,0,,1,0.0393
81652.05,616.0,1151,Harvester,256696.22,13770.43,73,MO,0.9491,0,0,low_down_payment;low_credit;long_term,0,0.1884
105326.87,720.0,1113,Sprayer,218519.72,28109.02,84,ND,0.886,0,0,long_term,1,0.0562
93676.46,702.0,1119,Baler,64124.51,21404.67,62,IL,0.7497,0,0,,1,0.0232
115276.23,701.0,1151,Sprayer,211635.97,49780.4,50,ND,0.8096,0,0,,1,0.024
85933.97,660.0,1112,Planter,71637.63,10573.45,54,IL,0.8714,0,0,,1,0.058
72329.21,618.0,1113,Baler,148866.3,2953.42,45,ND,0.9805,0,0,high_ltv;low_down_payment;low_credit,0,0.1829
83721.81,755.0,3331,Tractor,242383.75,0.0,84,IN,1.0,0,0,high_ltv;low_down_payment;long_term,1,0.1072
156698.48,520.0,1113,Loader,272065.18,51876.32,59,IN,0.8399,0,0,low_credit,0,0.218
33441.27,697.0,1119,Skid Steer,170479.94,71499.21,44,IA,0.7045,0,0,low_income,1,0.0696
113459.74,686.0,1113,Sprayer,187871.13,45638.62,68,KS,0.8046,0,0,,1,0.0332
68234.6,606.0,3331,Planter,307323.56,32043.4,55,IN,0.9056,0,0,low_down_payment;low_credit,0,0.1851
176202.13,728.0,1112,Combine,248032.37,35588.63,57,SD,0.8745,1,0,prior_default,1,0.1003
96625.46,630.0,1152,Combine,194312.12,16708.36,60,WI,0.9208,0,0,low_down_payment;low_credit,1,0.1178
203492.94,648.0,1121,Loader,220808.89,78409.42,47,IA,0.738,0,0,,1,0.0375
86501.53,587.0,1113,Combine,256963.11,54050.44,49,ND,0.8262,0,0,low_credit,1,0.1344
108357.53,657.0,4238,Baler,128803.75,29079.0,56,MO,0.8158,0,0,,0,0.0477
173332.43,642.0,1121,Planter,101264.43,27843.61,84,SD,0.7843,0,0,long_term,1,0.0843
133082.46,714.0,1152,Baler,152845.75,14862.03,60,NE,0.9114,0,0,low_down_payment,1,0.044
30000.0,707.0,1111,Harvester,78229.62,10184.52,44,ND,0.8848,0,0,low_income,1,0.122
41918.06,689.0,1119,Combine,56654.26,15191.58,58,KS,0.7886,0,0,low_income,1,0.089
120018.03,761.0,4238,Sprayer,56837.52,14308.26,59,MN,0.7989,0,0,,1,0.0265
102485.38,650.0,1113,Baler,209240.35,114509.45,63,KS,0.6463,0,0,,1,0.0331
116375.29,638.0,1121,Sprayer,153639.48,27406.62,73,ND,0.8486,0,0,low_credit;long_term,1,0.1011
50340.52,714.0,4238,Planter,163759.48,45477.84,61,SD,0.7826,0,0,low_income,0,0.0751
33288.81,653.0,1152,Planter,186402.23,33192.03,38,IN,0.8488,0,0,low_income,1,0.1479
189247.36,592.0,1121,Planter,196327.66,33895.53,68,IL,0.8528,1,0,low_credit;prior_default,1,0.2265
79991.66,830.0,1151,Loader,212591.87,65130.03,70,IL,0.7655,0,0,,1,0.0361
170122.99,631.0,3331,Harvester,177261.65,44983.39,59,KS,0.7976,0,0,low_credit,0,0.0757
136999.49,622.0,4238,Harvester,82654.18,34723.49,77,IA,0.7042,0,0,low_credit;long_term,1,0.087
238626.82,701.0,1121,Skid Steer,229730.11,74006.95,58,ND,0.7563,0,0,,1,0.0224
74628.51,749.0,4238,Harvester,204197.57,30933.7,76,SD,0.8684,0,0,long_term,1,0.0686
61325.42,669.0,3331,Planter,241572.86,24967.97,53,MO,0.9063,0,0,low_down_payment,0,0.1029
133726.36,667.0,1113,Combine,52741.98,4332.47,41,IL,0.9241,0,0,low_down_payment,1,0.0513
127138.34,547.0,1152,Skid Steer,176434.28,50102.89,66,MN,0.7788,0,0,low_credit,0,0.1792
43655.78,648.0,1121,Loader,73946.47,12301.15,54,IN,0.8574,0,0,low_income,0,0.1539
57605.71,634.0,4238,Skid Steer,116285.34,21318.53,81,WI,0.8451,0,0,low_income;low_credit;long_term,1,0.185
106440.47,640.0,1119,Sprayer,55189.27,3035.72,45,NE,0.9479,0,0,low_down_payment;low_credit,0,0.0957
159053.37,689.0,1112,Sprayer,236305.49,47571.42,51,ND,0.8324,0,0,,0,0.027
85944.08,770.0,1111,Combine,231718.86,47309.81,63,WI,0.8304,0,0,,1,0.035
107222.95,740.0,1111,Baler,43185.8,12501.69,48,SD,0.7755,0,0,,1,0.0206
146934.53,658.0,1152,Loader,265531.35,29819.63,63,IL,0.899,0,0,,1,0.0671
145986.85,667.0,1113,Loader,69076.09,22855.95,50,MN,0.7514,0,0,,1,0.0296
50643.14,756.0,1112,Harvester,241471.05,64776.99,69,IL,0.7885,0,0,low_income,1,0.0832
146381.3,662.0,3331,Combine,131778.13,18872.82,44,MN,0.8747,0,0,,1,0.0451
110634.5,693.0,3331,Tractor,93124.02,28136.08,63,KS,0.768,0,0,,1,0.0252
116805.07,705.0,1111,Sprayer,168968.98,56119.16,66,MN,0.7507,0,0,,1,0.0248
157349.45,762.0,1121,Sprayer,139093.41,29944.74,63,MN,0.8229,0,0,,1,0.0306
77905.3,787.0,4238,Combine,156974.07,34274.88,81,WI,0.8208,0,0,long_term,1,0.0585
77547.6,736.0,1121,Planter,132692.34,13857.94,62,MO,0.9054,0,0,low_down_payment,0,0.0601
56075.24,721.0,1151,Skid Steer,46722.66,15817.28,72,KS,0.7471,0,0,low_income,1,0.068
64663.07,724.0,1112,Skid Steer,193341.34,56612.73,79,MO,0.7735,0,0,long_term,1,0.0665
98857.77,691.0,4238,Harvester,207188.13,32161.17,56,IL,0.8656,0,0,,1,0.032
158647.64,684.0,1121,Harvester,174549.19,32218.75,64,ND,0.8442,0,0,,1,0.0372
89727.61,673.0,1112,Tractor,219907.73,37279.15,57,WI,0.8551,0,0,,0,0.042
122601.51,735.0,1113,Loader,292244.15,0.0,53,MO,1.0,0,0,high_ltv;low_down_payment,1,0.0588
117844.5,684.0,1112,Skid Steer,124152.08,28091.9,73,WI,0.8155,0,0,long_term,1,0.0424
114673.77,607.0,1111,Baler,74669.12,0.0,55,IA,1.0,0,0,high_ltv;low_down_payment;low_credit,1,0.1802
72453.86,667.0,4238,Loader,260805.84,29291.69,58,WI,0.899,0,0,,0,0.0815
127022.74,719.0,1112,Planter,43774.97,2815.55,69,NE,0.9396,1,0,low_down_payment;prior_default,1,0.1416
61131.87,724.0,1119,Planter,237381.34,37171.1,57,IN,0.8646,0,0,,1,0.0662
165135.16,665.0,4238,Combine,152180.17,41515.91,44,ND,0.7857,0,0,,1,0.0313
135110.59,613.0,1119,Baler,219703.55,30646.7,66,SD,0.8776,0,0,low_credit,0,0.1277
76058.9,674.0,1121,Skid Steer,130339.98,72592.39,48,MN,0.6423,0,0,,0,0.0249
65980.3,644.0,1121,Skid Steer,124345.07,36517.98,40,ND,0.773,0,1,bankruptcy,1,0.1747
75484.19,703.0,1152,Tractor,244307.44,81940.01,50,IL,0.7488,0,0,,1,0.0286
133767.31,622.0,1151,Loader,56696.53,9676.95,65,IA,0.8542,0,0,low_credit,1,0.1069
61732.69,741.0,1152,Planter,239937.73,12607.83,54,KS,0.9501,1,0,high_ltv;low_down_payment;prior_default,0,0.195
95648.87,642.0,3331,Tractor,58719.26,13973.96,69,IA,0.8078,0,0,,0,0.0698
98878.64,739.0,1111,Loader,125610.99,10416.63,63,KS,0.9234,0,0,low_down_payment,1,0.0477
110761.1,695.0,1112,Sprayer,93235.04,25360.81,74,IA,0.7862,0,0,long_term,1,0.0351
139781.99,708.0,4238,Loader,56586.37,15218.98,43,ND,0.7881,0,0,,1,0.02
166145.41,662.0,1113,Harvester,256404.3,63772.84,77,MN,0.8008,0,0,long_term,1,0.0609
99031.45,767.0,3331,Tractor,156294.53,74815.56,72,IN,0.6763,0,0,,1,0.0207
132059.28,735.0,1113,Planter,79692.86,14266.01,50,IL,0.8482,0,0,,1,0.0276
115793.27,714.0,1119,Tractor,237211.36,106329.7,66,IA,0.6905,0,0,,1,0.0199
186968.03,717.0,1119,Skid Steer,93344.22,38877.39,62,NE,0.706,0,0,,1,0.0198
183462.78,726.0,1119,Combine,218522.22,75220.86,75,SD,0.7439,0,0,long_term,1,0.0307
126703.85,702.0,1121,Sprayer,272134.75,53048.4,66,NE,0.8369,0,0,,1,0.0336
151400.44,738.0,1112,Tractor,107273.3,28453.97,72,IN,0.7904,0,0,,1,0.0312
106343.87,650.0,1112,Tractor,195467.15,60423.24,60,MO,0.7639,0,0,,1,0.0472
77795.53,743.0,3331,Baler,182706.41,118249.73,44,NE,0.6071,0,0,,1,0.0146
105146.6,643.0,1151,Baler,207122.68,31645.22,74,IA,0.8675,0,0,long_term,0,0.0939
110129.56,692.0,1152,Planter,168319.31,52369.3,60,NE,0.7627,0,0,,1,0.0236
97101.93,695.0,1119,Sprayer,127028.91,42589.97,71,WI,0.7489,0,0,,1,0.0265
32291.84,783.0,1152,Sprayer,102754.16,36704.23,51,NE,0.7368,0,0,low_income,1,0.0849
36828.19,688.0,1111,Sprayer,116289.48,6735.65,60,WI,0.9452,0,1,low_down_payment;low_income;bankruptcy,0,0.2511
30000.0,661.0,1119,Sprayer,185503.49,52473.06,77,NE,0.7795,0,0,low_income;long_term,0,0.1704
82796.79,657.0,3331,Sprayer,209694.65,35066.85,49,IN,0.8567,0,0,,1,0.0585
30613.38,699.0,3331,Baler,235660.25,73501.71,63,MO,0.7623,0,0,low_income,1,0.1062
144721.52,635.0,1152,Loader,303532.4,29095.81,52,MN,0.9125,0,0,low_down_payment;low_credit,1,0.1006
93892.09,691.0,1121,Combine,183138.54,68666.16,48,NE,0.7273,0,0,,1,0.0173
93126.72,662.0,1112,Sprayer,89660.63,25562.38,59,KS,0.7781,0,1,bankruptcy,1,0.1301
44114.68,773.0,3331,Loader,245392.36,42240.8,41,WI,0.8531,0,0,low_income,1,0.0833
166317.25,606.0,1119,Sprayer,94333.94,35538.0,75,MN,0.7264,0,0,low_credit;long_term,1,0.1091
118198.31,729.0,1111,Combine,226448.31,49668.27,74,IA,0.8201,0,0,long_term,1,0.0394
45945.12,671.0,3331,Loader,171392.63,28098.39,68,IN,0.8591,0,0,low_income,0,0.135
30000.0,612.0,4238,Tractor,114693.43,30967.27,41,ND,0.7874,1,0,low_income;low_credit;prior_default,0,0.2383
106695.79,643.0,4238,Sprayer,289171.55,23162.28,50,SD,0.9258,0,0,low_down_payment,1,0.0837
30000.0,682.0,1152,Combine,104110.72,20400.85,48,MO,0.8362,0,0,low_income,0,0.1224
103995.58,635.0,1152,Harvester,312881.93,31036.86,67,ND,0.9098,0,0,low_down_payment;low_credit,1,0.1163
70168.19,736.0,3331,Tractor,107612.73,35015.07,61,MO,0.7545,0,0,,1,0.0393
54379.42,659.0,1111,Combine,181540.67,25402.79,69,WI,0.8772,0,0,low_income,1,0.1412
63540.95,730.0,3331,Baler,267438.66,39612.2,72,SD,0.871,0,0,,1,0.077
54957.94,596.0,1152,Combine,116880.36,12474.78,73,NE,0.9036,0,0,low_down_payment;low_income;low_credit;long_term,0,0.2409
91890.97,611.0,1111,Skid Steer,139585.95,60791.33,51,MO,0.6966,0,0,low_credit,1,0.0676
31567.6,674.0,1119,Baler,203986.8,51164.96,39,KS,0.7995,1,0,low_income;prior_default,0,0.1953
223589.7,611.0,1121,Combine,136658.23,12742.94,68,MO,0.9147,0,0,low_down_payment;low_credit,1,0.1519
140641.26,712.0,3331,Harvester,253954.2,55594.46,60,IA,0.8204,0,0,,1,0.029
95598.58,676.0,1151,Skid Steer,90714.96,19290.33,74,MO,0.8246,0,0,long_term,1,0.0509
92644.19,556.0,1152,Sprayer,127350.15,26029.7,69,MO,0.8303,0,0,low_credit,0,0.1888
129501.23,719.0,1112,Combine,106031.68,30093.82,66,SD,0.7789,0,0,,1,0.0274
128392.46,712.0,1121,Harvester,201939.74,50682.33,57,SD,0.7994,0,0,,1,0.0258
225411.19,658.0,1113,Baler,144897.88,12786.53,36,KS,0.9189,0,0,low_down_payment,1,0.0547
126949.66,688.0,1152,Planter,222957.36,0.0,74,IA,1.0,0,0,high_ltv;low_down_payment;long_term,0,0.0863
163797.93,697.0,1111,Loader,132355.58,6207.94,67,KS,0.9552,0,0,high_ltv;low_down_payment,1,0.0615
113775.5,713.0,1151,Sprayer,160309.33,9383.78,44,WI,0.9447,0,0,low_down_payment,1,0.0392
141793.8,663.0,4238,Skid Steer,87197.2,27216.9,61,SD,0.7621,0,0,,1,0.0383
161301.56,712.0,1113,Sprayer,253525.7,26150.3,59,NE,0.9065,0,0,low_down_payment,1,0.0427
175707.23,668.0,1119,Tractor,89292.59,25448.0,53,MO,0.7782,0,0,,0,0.0335
147162.73,688.0,1152,Loader,203668.6,56993.32,57,IL,0.7814,0,0,,1,0.0252
30000.0,662.0,4238,Tractor,171046.46,38028.76,66,IL,0.8181,0,0,low_income,0,0.1634
37083.45,658.0,1112,Sprayer,128129.41,28201.65,50,IL,0.8196,0,0,low_income,0,0.1377
119035.74,713.0,3331,Baler,239149.64,68794.89,61,WI,0.7766,0,0,,1,0.0252
62702.45,711.0,4238,Loader,108421.65,4633.36,54,MN,0.959,0,0,high_ltv;low_down_payment,0,0.0966
141038.26,755.0,1152,Skid Steer,103687.82,23294.79,76,IN,0.8166,0,1,long_term;bankruptcy,1,0.1319
49668.59,586.0,1152,Loader,83852.38,13515.53,36,MO,0.8612,0,0,low_income;low_credit,1,0.2074
138148.12,658.0,1111,Combine,85906.0,19805.08,73,IN,0.8126,0,0,long_term,1,0.0636
160753.16,676.0,1152,Planter,82118.58,26311.97,53,MN,0.7573,0,0,,1,0.0268
30000.0,611.0,1113,Harvester,169610.25,34601.08,68,NE,0.8306,0,0,low_income;low_credit,0,0.2246
172524.45,732.0,4238,Skid Steer,201956.33,5708.72,47,KS,0.9725,1,0,high_ltv;low_down_payment;prior_default,1,0.1343
148311.44,680.0,1121,Harvester,148294.69,15791.95,45,MN,0.9038,0,0,low_down_payment,1,0.0413
161799.57,656.0,1111,Loader,89915.07,22510.67,60,SD,0.7998,0,0,,1,0.0487
141014.61,534.0,3331,Loader,92147.5,8858.48,54,SD,0.9123,0,0,low_down_payment;low_credit,0,0.2285
63529.46,707.0,3331,Harvester,105188.17,73756.24,61,IA,0.5878,0,0,,1,0.0259
71738.24,695.0,1113,Loader,182209.94,71703.72,58,IL,0.7176,0,0,,1,0.0318
96813.53,649.0,1121,Baler,96412.89,21696.86,55,ND,0.8163,0,0,,1,0.0538
30000.0,687.0,1119,Skid Steer,201970.5,41074.84,69,KS,0.831,0,0,low_income,0,0.1373
67243.39,686.0,1111,Baler,82866.42,9425.24,70,MN,0.8979,0,0,,1,0.0791
34272.97,644.0,1121,Skid Steer,130365.67,53940.37,84,SD,0.7073,0,0,low_income;long_term,1,0.1661
65766.58,596.0,1113,Loader,49100.22,7093.37,57,IN,0.8738,0,0,low_credit,0,0.1863
106836.41,609.0,1119,Loader,240474.61,53616.4,56,KS,0.8177,0,0,low_credit,0,0.1044
77783.59,627.0,1112,Harvester,216832.39,11967.42,38,KS,0.9477,0,0,low_down_payment;low_credit,0,0.1311
115452.4,668.0,4238,Planter,174346.96,30817.95,71,IL,0.8498,0,0,,1,0.0543
109519.02,645.0,1113,Loader,57079.34,13124.7,55,IA,0.813,0,0,,1,0.056
104197.86,779.0,1112,Tractor,176940.35,20993.28,58,IN,0.8939,0,0,,1,0.0364
92270.82,581.0,4238,Loader,104228.84,17097.21,40,IA,0.8591,0,0,low_credit,0,0.1352
144885.48,604.0,1119,Combine,162317.08,30473.82,64,IL,0.8419,0,0,low_credit,1,0.1268
153908.34,633.0,1121,Harvester,264799.42,59760.34,71,MN,0.8159,0,0,low_credit,1,0.0896
73753.93,701.0,3331,Sprayer,55353.49,12284.89,82,IL,0.8184,0,0,long_term,0,0.0647
102179.32,648.0,1151,Skid Steer,246230.98,46156.06,65,IL,0.8421,0,0,,1,0.0671
44976.82,631.0,1152,Combine,119257.65,27954.81,62,NE,0.8101,0,0,low_income;low_credit,0,0.1745
151033.51,739.0,1112,Harvester,242087.22,15656.19,63,IN,0.9393,0,0,low_down_payment,1,0.0503
42163.06,636.0,1121,Skid Steer,94380.79,38850.07,54,ND,0.7084,0,0,low_income;low_credit,1,0.1335
112121.95,623.0,1151,Combine,282762.34,41032.67,57,IL,0.8733,0,0,low_credit,1,0.1023
144352.3,708.0,1151,Loader,104333.17,18640.91,79,MO,0.8484,0,0,long_term,1,0.0465
78570.15,641.0,4238,Tractor,200468.68,34627.03,61,KS,0.8527,0,0,,0,0.0931
114312.3,717.0,1112,Baler,36924.11,10529.9,80,MN,0.7781,0,0,long_term,1,0.0372
126667.25,658.0,3331,Loader,197803.96,79676.26,64,NE,0.7129,0,0,,1,0.0368
85470.88,643.0,1111,Sprayer,149761.88,0.0,51,IN,1.0,0,0,high_ltv;low_down_payment,0,0.1229
117977.75,706.0,1119,Harvester,191840.06,64461.1,63,MN,0.7485,0,0,,1,0.0235
85213.55,694.0,1111,Tractor,127331.83,23450.36,67,IL,0.8445,0,0,,1,0.0396
68390.37,737.0,1113,Harvester,206631.31,37029.98,57,IL,0.848,0,0,,1,0.053
98713.51,696.0,1152,Skid Steer,207377.88,70212.85,79,ND,0.7471,0,0,long_term,0,0.0329
84593.89,732.0,1121,Sprayer,227039.42,29740.69,44,NE,0.8842,0,0,,1,0.033
106469.42,735.0,1113,Harvester,147987.54,31253.19,38,MN,0.8256,0,0,,1,0.0212
142462.44,680.0,4238,Tractor,134177.1,39974.25,54,IL,0.7705,0,0,,1,0.0267
123473.77,660.0,3331,Loader,228305.18,74825.33,59,KS,0.7532,0,0,,1,0.0381
45263.29,762.0,1111,Loader,99702.36,29673.12,62,NE,0.7706,0,0,low_income,1,0.0815
60511.61,601.0,4238,Sprayer,54148.37,14571.02,51,WI,0.788,0,0,low_credit,0,0.1566
124463.33,705.0,1112,Tractor,199882.69,53406.46,38,SD,0.7891,0,0,,0,0.0186
41680.35,707.0,1119,Sprayer,61751.7,13042.56,84,IA,0.8256,0,0,low_income;long_term,0,0.1335
133233.44,664.0,4238,Loader,233415.62,52396.87,62,KS,0.8167,0,0,,0,0.0464
79387.85,753.0,1152,Harvester,110360.65,24181.12,57,IA,0.8203,0,0,,1,0.0367
156497.78,600.0,1113,Sprayer,172197.21,4664.05,36,IA,0.9736,0,0,high_ltv;low_down_payment;low_credit,1,0.158
68398.35,688.0,1111,Baler,149252.28,63183.06,36,ND,0.7026,0,0,,1,0.0249
125724.42,649.0,1119,Combine,252389.32,76146.04,79,MN,0.7682,0,0,long_term,1,0.0687
54048.59,701.0,1121,Loader,165225.29,26575.78,54,IN,0.8614,0,0,low_income,1,0.0806
125793.97,580.0,1112,Sprayer,40354.13,22946.92,82,WI,0.6375,0,0,low_credit;long_term,1,0.1222
75759.42,717.0,1152,Loader,75831.82,12751.08,58,ND,0.8561,0,0,,1,0.046
101080.7,742.0,4238,Baler,46053.9,8308.38,70,IN,0.8472,0,0,,1,0.0369
32588.61,668.0,1121,Planter,200669.33,9430.89,58,NE,0.9551,0,0,high_ltv;low_down_payment;low_income,0,0.2012
72491.34,732.0,1112,Baler,118108.9,33918.53,47,KS,0.7769,0,0,,1,0.0327
54593.43,719.0,4238,Harvester,257344.46,55283.14,73,ND,0.8232,0,0,low_income;long_term,0,0.0959
92651.33,774.0,1121,Skid Steer,208237.07,45541.05,57,SD,0.8205,0,0,,1,0.0278
104196.72,622.0,4238,Planter,196916.12,55459.6,65,KS,0.7802,0,0,low_credit,1,0.0879
131639.4,666.0,1151,Loader,269806.29,78870.97,60,MN,0.7738,0,0,,1,0.0377
114470.02,649.0,1113,Harvester,78163.78,6092.91,58,ND,0.9277,0,0,low_down_payment,1,0.0853
164394.07,691.0,1111,Tractor,265087.26,26257.08,47,IA,0.9099,0,0,low_down_payment,1,0.0363
108680.18,645.0,1112,Tractor,101183.86,0.0,61,KS,1.0,0,0,high_ltv;low_down_payment,0,0.1217
77629.81,726.0,1152,Baler,150867.49,65540.62,69,NE,0.6971,0,0,,1,0.0297
248538.46,625.0,1111,Sprayer,94365.71,3889.63,67,SD,0.9604,0,0,high_ltv;low_down_payment;low_credit,1,0.154
105261.56,587.0,3331,Skid Steer,111169.83,62996.42,47,IN,0.6383,0,0,low_credit,0,0.0756
103158.68,665.0,1121,Sprayer,276782.02,55219.05,59,IN,0.8337,0,0,,1,0.0459
97377.7,604.0,1111,Loader,203402.2,59509.97,43,ND,0.7737,0,0,low_credit,1,0.0858
85129.54,664.0,1111,Combine,92289.89,24209.73,68,ND,0.7922,0,0,,1,0.0517
56110.68,726.0,1121,Combine,85485.67,30525.32,52,WI,0.7369,0,0,low_income,1,0.051
44131.37,629.0,3331,Harvester,43381.51,13534.87,62,ND,0.7622,0,0,low_income;low_credit,0,0.1628
136887.35,691.0,1152,Skid Steer,152804.52,18492.73,66,NE,0.892,0,0,,1,0.0405
132090.56,634.0,1121,Tractor,142268.67,0.0,70,SD,1.0,1,0,high_ltv;low_down_payment;low_credit;prior_default,0,0.247
110907.18,767.0,4238,Planter,226512.72,39783.39,66,IA,0.8506,0,0,,1,0.0352
30000.0,609.0,1151,Baler,280789.13,44899.74,46,KS,0.8621,0,0,low_income;low_credit,1,0.2217
142112.88,783.0,3331,Baler,146571.08,24978.92,43,ND,0.8544,0,0,,1,0.0254
135036.48,764.0,1113,Tractor,220005.02,42024.4,48,MN,0.8396,0,1,bankruptcy,1,0.1004
40916.92,709.0,1112,Harvester,253572.41,77710.8,59,IL,0.7654,0,0,low_income,1,0.0847
51524.61,713.0,4238,Combine,106070.5,66256.27,67,WI,0.6155,0,0,low_income,1,0.0464
101204.94,651.0,1113,Skid Steer,172986.44,26990.71,76,IN,0.865,0,0,long_term,0,0.0849
79703.83,624.0,4238,Harvester,224996.99,12137.29,51,MO,0.9488,0,0,low_down_payment;low_credit,0,0.1462
80074.4,647.0,1111,Loader,251588.89,43860.32,51,MO,0.8515,0,0,,1,0.0733
105360.1,643.0,1112,Harvester,243622.94,45197.31,54,WI,0.8435,1,0,prior_default,0,0.1509
113247.95,668.0,3331,Planter,113656.36,39577.78,70,SD,0.7417,0,0,,1,0.0374
67065.54,714.0,1151,Sprayer,198798.68,32288.02,72,NE,0.8603,0,0,,1,0.069
46978.38,638.0,1121,Sprayer,142860.6,20768.3,53,ND,0.8731,0,0,low_income;low_credit,1,0.1723
129056.68,580.0,3331,Harvester,48043.49,7934.49,46,ND,0.8583,0,0,low_credit,1,0.1441
104772.66,609.0,1119,Tractor,236978.52,27296.66,73,KS,0.8967,0,0,low_credit;long_term,0,0.1549
120892.38,770.0,4238,Tractor,71519.57,9543.7,51,IN,0.8823,0,0,,1,0.0315
51983.1,609.0,1119,Loader,132541.01,23822.42,59,MN,0.8476,0,0,low_income;low_credit,0,0.1961
70116.06,775.0,1112,Skid Steer,130376.19,26507.08,56,IN,0.831,0,0,,1,0.0474
148769.27,629.0,1121,Harvester,176880.2,30024.08,63,NE,0.8549,0,0,low_credit,1,0.0959
55916.03,734.0,1111,Skid Steer,38703.83,7964.32,36,MO,0.8293,0,0,low_income,1,0.056
57125.66,591.0,1113,Skid Steer,250887.69,38462.14,54,IN,0.8671,0,0,low_income;low_credit,0,0.2077
113320.84,741.0,1152,Combine,79127.86,22444.65,40,IA,0.779,0,0,,1,0.0185
108971.94,677.0,1151,Skid Steer,113739.92,20761.51,55,IL,0.8456,0,0,,1,0.0369
76269.95,620.0,1151,Combine,191040.49,52951.53,70,WI,0.783,0,0,low_credit,1,0.1217
91786.26,671.0,1112,Baler,298439.85,42854.81,54,IN,0.8744,0,0,,1,0.0448
93274.98,746.0,1151,Skid Steer,70895.39,9584.11,47,MO,0.8809,0,0,,1,0.0296
181864.83,681.0,1151,Baler,117592.43,16401.52,72,SD,0.8776,0,0,,1,0.0491
88133.49,675.0,1151,Sprayer,248568.11,46752.4,68,MO,0.8417,0,0,,0,0.0475
99984.38,662.0,1151,Combine,165534.42,95449.01,70,MN,0.6343,0,0,,1,0.0285
117479.5,756.0,1111,Combine,149544.29,19150.85,53,WI,0.8865,0,0,,1,0.033
94252.59,725.0,1151,Skid Steer,105456.61,37313.69,62,IN,0.7386,0,0,,1,0.0223
30000.0,716.0,1111,Skid Steer,266818.83,51386.54,58,MN,0.8385,0,0,low_income,0,0.1239
119850.66,673.0,1112,Loader,140242.33,31964.59,54,MO,0.8144,0,0,,1,0.035
114239.79,710.0,1151,Harvester,192715.71,22838.53,75,MO,0.894,0,0,long_term,1,0.0511
190061.51,670.0,3331,Planter,124076.12,44872.66,77,IL,0.7344,0,0,long_term,1,0.0427
96423.58,581.0,1112,Loader,193362.83,59532.37,52,ND,0.7646,0,0,low_credit,0,0.1208
58388.57,678.0,1113,Planter,93488.18,16514.59,69,MN,0.8499,0,0,low_income,1,0.0994
118387.78,587.0,1119,Harvester,71007.25,43914.56,55,NE,0.6179,0,0,low_credit,1,0.0782
36999.14,740.0,1151,Skid Steer,192200.57,18481.83,56,ND,0.9123,0,0,low_down_payment;low_income,0,0.1382
95238.64,622.0,4238,Baler,118192.85,38438.56,64,MN,0.7546,0,0,low_credit,0,0.08
89166.02,632.0,1121,Combine,67234.2,18372.07,71,ND,0.7854,0,0,low_credit,1,0.0845
114552.48,732.0,1121,Baler,299966.4,39923.21,36,IN,0.8825,0,0,,1,0.0252
34336.99,651.0,1111,Sprayer,164468.74,28663.7,55,WI,0.8516,1,0,low_income;prior_default,0,0.2357
52988.44,662.0,1152,Skid Steer,249695.51,52434.42,62,MN,0.8265,0,0,low_income,1,0.116
64752.2,546.0,1151,Tractor,187143.81,52322.63,52,IL,0.7815,0,0,low_credit,0,0.2061
122338.01,793.0,1152,Skid Steer,258124.94,34951.62,62,KS,0.8807,0,0,,1,0.0368
178414.06,733.0,4238,Baler,90899.0,23889.75,62,MN,0.7919,0,0,,1,0.027
148818.43,616.0,1111,Harvester,236963.62,49324.96,52,IA,0.8277,0,0,low_credit,1,0.0942
121590.04,721.0,1119,Skid Steer,224451.51,53244.27,36,ND,0.8083,0,0,,1,0.0193
66212.42,715.0,3331,Loader,206311.67,92411.1,72,KS,0.6906,0,0,,1,0.0407
80457.35,648.0,1151,Skid Steer,119489.45,14599.27,56,KS,0.8911,0,0,,1,0.0855
66020.64,644.0,1111,Loader,51137.02,9166.71,75,MN,0.848,0,0,long_term,0,0.1353
82749.82,669.0,1121,Harvester,95636.41,14234.27,46,IN,0.8704,0,0,,1,0.0489
30000.0,702.0,1151,Tractor,265932.95,76754.31,73,MN,0.776,0,0,low_income;long_term,1,0.1293
166663.26,657.0,1113,Sprayer,218427.18,59811.62,48,NE,0.785,0,0,,1,0.0385
48654.01,643.0,1152,Loader,91006.6,22014.04,61,SD,0.8052,0,1,low_income;bankruptcy,0,0.2273
108336.63,670.0,1111,Combine,225111.53,41792.25,49,IA,0.8434,0,0,,1,0.038
117286.32,610.0,1112,Planter,188804.79,46184.28,68,IL,0.8035,0,0,low_credit,0,0.1121
47835.51,690.0,3331,Harvester,107128.08,30682.88,56,IL,0.7774,0,0,low_income,1,0.0735
65916.73,687.0,1112,Planter,84838.36,27378.18,51,KS,0.756,0,0,,1,0.0404
150774.85,683.0,1152,Planter,122030.34,84724.16,84,IL,0.5902,0,0,long_term,1,0.0229
123460.33,588.0,1113,Sprayer,274859.1,49590.0,47,IL,0.8472,0,0,low_credit,1,0.1304
109464.4,673.0,1112,Sprayer,167671.59,57004.19,54,IL,0.7463,0,0,,1,0.0276
138768.47,699.0,3331,Skid Steer,103851.2,16294.19,66,SD,0.8644,0,0,,0,0.0369
30000.0,723.0,1151,Combine,283892.81,52544.59,69,SD,0.8438,0,0,low_income,1,0.1378
93321.38,639.0,1119,Tractor,183669.74,19606.98,51,MN,0.9035,0,0,low_down_payment;low_credit,0,0.0913
95039.88,638.0,4238,Loader,45828.71,5429.83,63,MN,0.8941,0,0,low_credit,1,0.0959
30000.0,746.0,1111,Tractor,311825.78,14374.99,55,MN,0.9559,0,0,high_ltv;low_down_payment;low_income,0,0.1747
114535.91,591.0,1119,Sprayer,94115.51,14394.65,60,MN,0.8673,0,0,low_credit,1,0.1475
138470.67,651.0,4238,Combine,63408.06,16495.67,59,IA,0.7936,0,0,,1,0.0506
54301.36,707.0,1112,Combine,40678.16,13646.69,53,WI,0.7488,0,0,low_income,1,0.0561
204145.52,660.0,1121,Sprayer,49000.64,11095.13,49,SD,0.8154,0,0,,1,0.0409
165024.61,721.0,1152,Baler,119916.68,55318.18,59,KS,0.6843,0,0,,1,0.0175
119667.53,599.0,1113,Loader,204503.43,52081.92,54,MN,0.797,0,0,low_credit,1,0.1083
76146.01,710.0,1111,Baler,252730.28,0.0,51,IA,1.0,0,0,high_ltv;low_down_payment,1,0.079
131287.38,785.0,1121,Planter,81663.72,25254.73,64,MO,0.7638,0,0,,1,0.0252
126407.46,664.0,1152,Baler,197482.58,41826.96,47,KS,0.8252,0,0,,1,0.0383
61660.13,779.0,1151,Sprayer,252508.54,63548.89,74,NE,0.7989,0,0,long_term,1,0.0722
87988.49,810.0,1151,Skid Steer,50136.53,3561.26,61,MO,0.9337,0,0,low_down_payment,1,0.0505
179959.34,696.0,1111,Planter,209534.92,58283.46,69,IL,0.7824,0,0,,1,0.029
120144.1,731.0,1112,Harvester,107385.65,44554.56,72,MO,0.7068,0,0,,1,0.0231
119505.41,634.0,1113,Planter,199529.87,49812.24,68,IA,0.8002,0,0,low_credit,1,0.0822
126498.71,808.0,1112,Loader,68237.75,40676.18,46,MO,0.6265,0,0,,1,0.0115
118567.76,758.0,1151,Skid Steer,316432.41,17594.96,37,ND,0.9473,0,0,low_down_payment,1,0.0357
125598.95,714.0,1119,Harvester,224441.88,39544.51,50,KS,0.8502,0,0,,1,0.0278
54720.91,706.0,1112,Combine,70820.04,17210.35,47,IA,0.8045,0,0,low_income,1,0.0614
132221.18,648.0,4238,Harvester,90626.99,15007.78,37,ND,0.8579,0,0,,1,0.0486
90234.51,669.0,1113,Loader,104122.52,5402.06,48,ND,0.9507,0,0,high_ltv;low_down_payment,1,0.0658
48977.97,688.0,1113,Skid Steer,42307.66,14991.37,54,SD,0.7384,0,0,low_income,1,0.064
125930.69,642.0,1119,Skid Steer,188516.9,45317.59,62,KS,0.8062,1,0,prior_default,1,0.1487
164329.16,769.0,1152,Tractor,165607.38,19343.31,48,IA,0.8954,0,0,,1,0.0316
48424.77,661.0,1112,Skid Steer,213881.71,60190.53,48,KS,0.7804,0,0,low_income,0,0.0986
80635.05,665.0,4238,Combine,130796.82,48565.77,63,KS,0.7292,0,0,,1,0.0436
105995.03,595.0,1112,Harvester,113841.04,25885.83,53,MO,0.8147,0,0,low_credit,1,0.1177
125101.63,694.0,1121,Tractor,199813.45,101421.35,58,NE,0.6633,0,0,,1,0.0159
143536.34,639.0,1119,Sprayer,301095.79,43438.47,64,ND,0.8739,0,0,low_credit,0,0.09
103917.5,681.0,1112,Combine,161626.47,67953.38,42,MO,0.704,0,0,,1,0.017
122806.09,749.0,1151,Skid Steer,290527.25,33534.94,59,IL,0.8965,0,0,,0,0.0372
70913.08,744.0,4238,Loader,57364.79,2810.46,49,SD,0.9533,0,0,high_ltv;low_down_payment,1,0.0753
84238.18,616.0,1151,Combine,154273.31,46556.88,54,NE,0.7682,0,0,low_credit,1,0.0912
104039.94,760.0,1151,Planter,298212.42,39606.68,63,WI,0.8828,0,0,,1,0.0376
106738.09,633.0,1113,Skid Steer,258223.43,68410.01,78,WI,0.7906,0,0,low_credit;long_term,1,0.0973
126198.8,674.0,1111,Baler,295414.5,37065.62,84,ND,0.8885,0,0,long_term,1,0.0722
94555.79,616.0,1151,Loader,213785.13,26459.22,36,IL,0.8899,0,0,low_credit,0,0.0943
117392.73,636.0,1152,Tractor,156471.63,0.0,60,MN,1.0,0,0,high_ltv;low_down_payment;low_credit,1,0.1425
93875.3,617.0,1111,Combine,52630.12,16649.56,39,WI,0.7597,0,0,low_credit,1,0.0656
30000.0,774.0,1152,Sprayer,180797.02,38696.79,60,ND,0.8237,0,0,low_income,1,0.1217
49173.36,628.0,1113,Skid Steer,249230.85,22192.34,36,SD,0.9182,1,0,low_down_payment;low_income;low_credit;prior_default,0,0.2513
112148.77,758.0,1113,Harvester,209312.21,59315.84,82,IN,0.7792,0,0,long_term,0,0.0384
76678.02,664.0,1113,Loader,316318.61,23672.82,49,MN,0.9304,0,0,low_down_payment,1,0.0834
121181.2,612.0,1119,Tractor,142037.68,67443.27,50,IN,0.678,0,0,low_credit,0,0.0627
70614.0,733.0,3331,Baler,245125.35,36878.24,56,IA,0.8692,0,0,,1,0.0531
78430.35,735.0,1112,Baler,284639.42,61683.16,64,KS,0.8219,0,0,,1,0.0418
174209.1,675.0,3331,Baler,256549.15,63939.61,69,IA,0.8005,0,0,,1,0.0398
149335.27,703.0,4238,Baler,96854.72,8456.51,48,IN,0.9197,0,0,low_down_payment,1,0.0381
130337.98,760.0,1119,Skid Steer,76737.07,30208.11,69,NE,0.7175,1,0,prior_default,1,0.0734
161836.83,753.0,1113,Harvester,119947.42,25312.41,67,ND,0.8257,0,0,,1,0.0328
125037.58,705.0,3331,Combine,201400.44,50441.82,63,MN,0.7997,0,0,,1,0.0282
67064.85,654.0,1111,Planter,66751.32,17459.06,54,MN,0.7927,0,0,,1,0.0767
103494.58,671.0,1113,Planter,227755.91,120756.49,65,IL,0.6535,0,0,,1,0.0243
94251.56,731.0,1152,Harvester,113049.31,34042.43,73,MO,0.7686,0,0,long_term,1,0.0326
65928.75,655.0,3331,Baler,280537.01,61044.56,60,KS,0.8213,0,0,,1,0.0898
136096.01,636.0,1112,Baler,166223.73,33695.74,70,IL,0.8315,0,0,low_credit,1,0.0888
102671.18,679.0,1152,Skid Steer,237534.56,48958.23,54,MO,0.8291,0,0,,0,0.0332
138021.79,732.0,1111,Baler,103206.92,13879.49,56,SD,0.8815,0,0,,1,0.0338
171750.47,662.0,3331,Harvester,244983.34,47062.59,84,NE,0.8389,0,0,long_term,1,0.0746
72131.77,600.0,4238,Baler,182338.48,17342.51,81,IA,0.9131,0,0,low_down_payment;low_credit;long_term,0,0.2194
175532.66,729.0,4238,Skid Steer,70454.47,22505.39,68,IN,0.7579,0,0,,1,0.0262
72856.68,680.0,4238,Tractor,179226.86,57294.13,47,NE,0.7578,0,0,,1,0.036
148502.39,670.0,1113,Baler,200093.14,43568.46,58,WI,0.8212,0,0,,1,0.0397
152259.76,619.0,4238,Loader,214560.43,50136.54,74,IN,0.8106,0,0,low_credit;long_term,0,0.1156
30976.21,708.0,1113,Baler,185221.31,17471.12,59,IA,0.9138,1,0,low_down_payment;low_income;prior_default,1,0.2357
128365.61,716.0,1119,Skid Steer,157229.41,31773.42,72,KS,0.8319,0,0,,1,0.036
101166.63,799.0,4238,Skid Steer,39383.84,25454.95,68,MO,0.6074,0,0,,1,0.015
191265.61,688.0,1152,Planter,103439.26,24171.62,83,NE,0.8106,0,0,long_term,1,0.0452
163085.65,820.0,1151,Combine,152554.63,46100.38,51,SD,0.7679,1,0,prior_default,1,0.069
113828.57,780.0,1111,Baler,298028.8,39011.96,68,IA,0.8843,0,0,,1,0.0406
65063.35,687.0,1151,Harvester,110275.89,8745.35,67,WI,0.9265,0,0,low_down_payment,1,0.0938
30000.0,715.0,4238,Loader,264216.27,36060.06,50,IN,0.8799,0,0,low_income,0,0.1274
156965.78,643.0,1111,Baler,40070.25,11510.05,54,IA,0.7769,0,0,,1,0.0509
42390.12,687.0,1121,Skid Steer,243100.67,60405.38,59,NE,0.801,0,0,low_income,1,0.0948
106893.81,652.0,1121,Harvester,134401.63,23234.87,71,SD,0.8526,0,0,,1,0.0703
129181.99,638.0,1152,Tractor,153004.58,22700.62,36,SD,0.8708,0,0,low_credit,0,0.0642
30000.0,605.0,1113,Tractor,239871.86,7975.37,57,MN,0.9678,1,0,high_ltv;low_down_payment;low_income;low_credit;prior_default,0,0.2866
109445.64,616.0,1113,Baler,237142.04,57252.1,81,NE,0.8055,0,0,low_credit;long_term,1,0.1255
94773.24,613.0,4238,Harvester,103157.43,21661.94,70,IA,0.8265,0,0,low_credit,0,0.1159
101779.08,712.0,1111,Loader,75613.9,17905.03,82,NE,0.8085,0,0,long_term,1,0.0425
134445.76,709.0,1119,Planter,200904.31,60914.68,80,IN,0.7673,0,0,long_term,1,0.0359
50792.15,674.0,1111,Sprayer,301265.17,45706.55,60,SD,0.8683,0,0,low_income,1,0.1145
148531.7,739.0,3331,Planter,61045.77,8649.73,84,IA,0.8759,0,0,long_term,1,0.0544
106747.02,758.0,3331,Tractor,246723.99,54279.0,53,SD,0.8197,1,0,prior_default,1,0.0824
137683.91,679.0,3331,Loader,94469.8,36237.75,52,MN,0.7228,0,0,,1,0.0223
167683.44,726.0,1152,Tractor,304218.34,34991.84,68,ND,0.8968,0,0,,1,0.0424
60060.84,721.0,1121,Planter,180336.76,49879.0,68,ND,0.7833,0,0,,1,0.0606
100057.74,790.0,3331,Harvester,83242.49,18157.7,82,KS,0.8209,0,0,long_term,1,0.0443
136660.05,587.0,1152,Baler,155912.4,42588.11,75,NE,0.7855,0,0,low_credit;long_term,0,0.1506
72424.52,616.0,4238,Baler,198375.26,40121.03,84,SD,0.8318,0,0,low_credit;long_term,0,0.1715
106387.75,661.0,1152,Loader,257922.92,42178.05,38,WI,0.8595,0,0,,1,0.0401
30000.0,626.0,1121,Planter,109209.36,22090.78,62,MO,0.8318,0,0,low_income;low_credit,0,0.2092
99261.45,687.0,3331,Combine,166489.49,20947.85,75,IL,0.8882,0,0,long_term,1,0.0529
148545.54,745.0,1151,Harvester,49626.6,17563.79,36,NE,0.7386,0,0,,1,0.0149
176099.75,734.0,1111,Sprayer,86943.55,12062.7,58,MO,0.8782,0,0,,1,0.0345
99550.16,660.0,1113,Harvester,203301.98,39711.25,71,MN,0.8366,0,0,,1,0.0593
116569.55,731.0,1113,Planter,62900.78,9019.68,67,SD,0.8746,0,0,,1,0.0388
30000.0,668.0,1112,Harvester,102980.06,7805.65,57,ND,0.9295,0,0,low_down_payment;low_income,0,0.1893
128390.35,665.0,1112,Baler,84835.81,25095.75,47,IL,0.7717,0,0,,1,0.0312
131039.71,629.0,1112,Baler,163187.34,64248.69,68,SD,0.7175,0,0,low_credit,1,0.0689
73434.84,666.0,1111,Harvester,237779.18,69000.34,82,IA,0.7751,0,0,long_term,1,0.0805
89039.41,722.0,1121,Harvester,152439.38,67180.68,48,IN,0.6941,0,0,,1,0.0157
221431.1,715.0,3331,Planter,193465.72,24321.33,55,NE,0.8883,0,0,,1,0.0341
145809.7,763.0,1113,Harvester,294830.63,37997.94,49,MO,0.8858,0,0,,1,0.031
73638.25,657.0,1152,Sprayer,131441.68,12603.8,72,IA,0.9125,0,1,low_down_payment;bankruptcy,0,0.2263
177272.39,622.0,1119,Loader,237092.39,85377.47,77,IA,0.7352,0,0,low_credit;long_term,1,0.0951
68396.89,704.0,1113,Harvester,231726.67,90377.5,44,SD,0.7194,0,0,,1,0.0285
105738.65,738.0,1113,Sprayer,164786.58,34595.7,39,IN,0.8265,0,0,,0,0.0216
60970.36,679.0,1151,Loader,274918.02,26272.7,61,KS,0.9128,0,0,low_down_payment,0,0.1017
139725.5,756.0,4238,Harvester,68663.62,12526.84,45,NE,0.8457,0,0,,1,0.0254
106084.39,722.0,1111,Sprayer,182713.24,27472.16,70,NE,0.8693,0,0,,1,0.0397
109407.46,770.0,1111,Baler,185697.82,36972.86,49,IN,0.834,0,0,,1,0.0258
87257.7,664.0,1111,Skid Steer,171956.36,42608.65,62,IL,0.8014,0,0,,1,0.047
38642.37,690.0,1152,Harvester,92442.02,24772.2,73,IL,0.7887,0,0,low_income;long_term,0,0.1165
30000.0,698.0,1113,Skid Steer,269076.88,78723.36,66,WI,0.7737,0,0,low_income,0,0.1136
116372.72,752.0,1151,Tractor,121910.59,65128.57,40,IL,0.6518,0,0,,1,0.0115
94442.11,565.0,1111,Combine,54871.84,13712.43,56,MN,0.8001,1,0,low_credit;prior_default,0,0.2235
136324.91,749.0,1152,Sprayer,190045.43,24925.66,73,IN,0.8841,0,0,long_term,1,0.0482
60449.44,685.0,1112,Combine,181817.23,66463.55,41,ND,0.7323,1,0,prior_default,1,0.1064
117622.31,660.0,1152,Tractor,254185.34,39507.71,55,MO,0.8655,0,0,,1,0.0524
119257.71,565.0,1152,Planter,114299.26,42529.11,72,MN,0.7288,0,0,low_credit,1,0.1495
126645.77,631.0,1121,Loader,153915.46,44713.54,71,MO,0.7749,0,0,low_credit,0,0.0818
114335.86,773.0,1151,Harvester,175224.25,44503.67,68,IL,0.7975,0,0,,1,0.0301
180511.43,638.0,1152,Sprayer,116717.49,24925.6,47,IA,0.824,0,0,low_credit,0,0.064
151661.67,735.0,4238,Harvester,209202.96,24320.0,45,MO,0.8959,0,0,,1,0.0302
55125.41,716.0,1151,Planter,247002.98,44378.8,58,WI,0.8477,0,0,low_income,0,0.0793
108584.95,689.0,1152,Skid Steer,245023.17,95468.02,57,MO,0.7196,0,0,,1,0.0197
107857.33,646.0,3331,Tractor,103661.59,12383.89,56,SD,0.8933,0,0,,1,0.0726
255149.0,642.0,1119,Loader,214017.16,40547.05,61,MN,0.8407,1,0,prior_default,1,0.1588
78776.49,740.0,1152,Tractor,243482.56,64882.72,38,MO,0.7896,0,0,,1,0.0253
98978.32,719.0,3331,Sprayer,51143.2,17462.09,59,WI,0.7455,1,0,prior_default,1,0.0709
46174.75,736.0,4238,Baler,145973.63,36890.95,53,IL,0.7983,0,0,low_income,1,0.0782
136107.21,650.0,4238,Skid Steer,51407.69,21695.03,63,SD,0.7032,0,0,,1,0.0402
137865.24,694.0,1112,Sprayer,211360.34,49161.21,51,IL,0.8113,0,0,,1,0.0246
108497.08,692.0,1112,Tractor,156476.77,69653.76,61,KS,0.692,0,0,,0,0.0185
72886.13,719.0,1121,Skid Steer,98153.35,45840.0,68,NE,0.6817,0,0,,1,0.0314
99189.41,694.0,4238,Baler,241399.96,56011.3,51,MO,0.8117,0,0,,1,0.0246
48209.65,727.0,1152,Sprayer,55052.48,2261.45,46,KS,0.9605,0,0,high_ltv;low_down_payment;low_income,1,0.126
47305.04,691.0,3331,Sprayer,217668.86,27090.74,63,KS,0.8893,0,0,low_income,1,0.1097
151566.88,731.0,1121,Tractor,97567.28,7909.81,73,MN,0.925,0,0,low_down_payment;long_term,1,0.0605
79856.72,520.0,1151,Sprayer,173497.12,37736.07,69,IL,0.8214,0,0,low_credit,0,0.2295
32885.24,689.0,1113,Tractor,186496.59,23686.3,53,NE,0.8873,0,0,low_income,0,0.1291
73258.95,655.0,1151,Tractor,235937.0,64677.48,65,IA,0.7848,0,0,,1,0.0734
95431.18,662.0,3331,Sprayer,163044.15,1801.29,69,NE,0.9891,0,0,high_ltv;low_down_payment,0,0.1037
167842.16,666.0,1113,Tractor,72014.38,22376.98,56,IL,0.7629,1,0,prior_default,1,0.0997
99330.18,719.0,1121,Planter,148076.86,5954.1,51,MN,0.9613,0,0,high_ltv;low_down_payment,0,0.0505
172964.68,682.0,4238,Loader,81763.62,29359.86,42,MO,0.7358,0,0,,1,0.0189
170370.3,722.0,3331,Skid Steer,140353.87,15990.99,61,NE,0.8977,0,0,,1,0.0385
30000.0,810.0,1151,Skid Steer,299087.23,36402.23,45,MO,0.8915,0,0,low_income,1,0.1252
56747.46,672.0,1113,Planter,211397.37,55006.75,74,SD,0.7935,0,0,low_income;long_term,0,0.1079
50137.85,658.0,4238,Tractor,66338.16,13216.81,66,IL,0.8339,0,0,low_income,0,0.1334
145840.16,718.0,1121,Harvester,96688.05,22538.05,52,WI,0.811,0,0,,1,0.0249
44340.8,680.0,1121,Harvester,247165.77,53788.97,63,KS,0.8213,0,0,low_income,0,0.1099
171855.26,690.0,1119,Baler,189813.34,44350.68,75,IA,0.8106,0,0,long_term,1,0.0387
147296.13,708.0,1113,Tractor,226291.76,26314.31,79,KS,0.8958,0,0,long_term,1,0.0543
91087.78,615.0,1112,Sprayer,192253.69,23241.24,48,MO,0.8921,0,0,low_credit,1,0.1079
117630.17,714.0,1152,Tractor,190752.04,35080.0,58,MN,0.8447,0,0,,1,0.0307
160795.13,738.0,4238,Baler,179046.48,31676.9,58,WI,0.8497,0,0,,1,0.0312
57210.85,695.0,3331,Harvester,131354.48,37318.29,70,ND,0.7788,0,0,low_income,1,0.0713
64578.18,735.0,1119,Skid Steer,265119.14,73589.73,84,MN,0.7827,1,0,long_term;prior_default,1,0.1593
78096.17,734.0,1111,Tractor,43942.08,14070.9,50,SD,0.7575,0,0,,1,0.0275
128361.93,728.0,1112,Sprayer,187142.32,27390.52,47,NE,0.8723,0,1,bankruptcy,1,0.1083
90026.28,595.0,1119,Sprayer,262051.7,52432.86,72,MN,0.8333,0,0,low_credit,0,0.1449
104407.78,744.0,1152,Sprayer,47161.04,8734.41,65,NE,0.8437,0,0,,1,0.0339
63310.72,666.0,1113,Sprayer,209088.77,77862.6,54,IN,0.7287,0,0,,1,0.0571
148065.43,702.0,1111,Sprayer,121923.75,18168.28,40,IL,0.8703,0,0,,1,0.0257
109180.09,548.0,1112,Harvester,275117.28,34125.92,76,MN,0.8896,0,0,low_credit;long_term,0,0.2258
30000.0,744.0,1111,Baler,204878.54,90766.18,60,MN,0.693,0,0,low_income,1,0.0864
174015.24,773.0,1152,Combine,264926.6,66447.05,62,MN,0.7995,0,0,,1,0.0278
163248.76,746.0,3331,Sprayer,195944.59,96332.45,57,SD,0.6704,0,0,,1,0.0161
139513.64,688.0,1121,Baler,219817.08,36720.0,78,MN,0.8569,0,0,long_term,1,0.049
111103.7,617.0,1113,Planter,182585.88,42300.91,53,IN,0.8119,0,0,low_credit,1,0.0903
215682.55,691.0,3331,Combine,170325.19,57157.06,55,IA,0.7487,0,0,,1,0.0208
116788.47,697.0,1151,Baler,85850.05,19245.19,64,IA,0.8169,0,0,,1,0.0304
56877.77,610.0,3331,Combine,150639.4,26583.78,47,MN,0.85,0,0,low_income;low_credit,0,0.1756
30000.0,688.0,4238,Baler,97813.25,11502.62,78,ND,0.8948,0,0,low_income;long_term,0,0.1745
172266.92,745.0,3331,Sprayer,49117.38,15341.01,40,MN,0.762,0,0,,1,0.0174
118306.99,648.0,1119,Planter,227471.06,48589.31,48,KS,0.824,0,0,,1,0.051
95656.58,714.0,1111,Baler,243175.01,64364.39,51,WI,0.7907,0,0,,1,0.0228
132517.34,635.0,1112,Sprayer,277550.15,64242.52,54,ND,0.812,0,0,low_credit,1,0.0705
59821.88,738.0,1151,Tractor,291429.49,53739.85,55,IN,0.8443,1,0,low_income;prior_default,1,0.1574
194737.62,628.0,1119,Combine,121896.02,57759.28,51,MO,0.6785,0,0,low_credit,1,0.0499
159883.81,647.0,1112,Loader,75174.58,11932.41,65,IN,0.863,0,0,,1,0.0726
99118.63,671.0,3331,Baler,141478.36,45165.23,46,KS,0.758,0,0,,1,0.0264
128346.16,677.0,1113,Harvester,295933.12,40908.91,59,SD,0.8786,0,0,,1,0.0437
136724.97,745.0,3331,Sprayer,168262.2,39080.82,48,SD,0.8115,0,0,,1,0.0235
67679.3,681.0,3331,Harvester,159019.19,6678.13,61,IA,0.9597,0,0,high_ltv;low_down_payment,1,0.1061
39433.07,596.0,1152,Planter,194447.63,42558.48,49,NE,0.8204,0,0,low_income;low_credit,0,0.2102
88236.97,573.0,4238,Tractor,172827.66,22350.4,62,IA,0.8855,0,0,low_credit,0,0.1821
129503.48,770.0,1151,Planter,51301.55,29463.01,51,IA,0.6352,0,0,,1,0.0128
108985.97,658.0,1119,Combine,51064.6,11680.04,44,MO,0.8138,0,0,,1,0.0392
103085.37,604.0,1113,Skid Steer,290127.15,51123.58,53,SD,0.8502,0,0,low_credit,1,0.1164
116359.78,656.0,1112,Baler,40435.08,16105.77,73,MN,0.7151,0,0,long_term,0,0.0483
30000.0,664.0,4238,Combine,276560.23,66991.88,63,SD,0.805,0,0,low_income,1,0.1532
107527.37,695.0,1121,Sprayer,79832.59,16206.96,72,IA,0.8312,0,0,,1,0.0359
119285.25,680.0,1111,Harvester,186033.31,56529.34,56,NE,0.7669,0,0,,1,0.0272
95383.5,714.0,1111,Planter,128370.07,36877.73,61,KS,0.7768,0,0,,1,0.0252
30000.0,738.0,3331,Combine,59192.66,7904.43,62,WI,0.8822,0,0,low_income,1,0.1419
87326.92,642.0,1121,Loader,69101.61,22836.3,63,IA,0.7516,0,0,,1,0.0573
161505.49,726.0,1121,Loader,191618.39,19755.92,44,MO,0.9065,0,0,low_down_payment,1,0.0344
154729.02,725.0,1152,Sprayer,233935.23,40193.07,63,IA,0.8534,0,0,,1,0.034
114119.7,611.0,1152,Tractor,90991.41,40584.97,68,WI,0.6915,0,0,low_credit,1,0.0816
78044.8,714.0,1111,Harvester,263205.48,28750.59,62,ND,0.9015,0,0,low_down_payment,1,0.0587
73403.37,607.0,1121,Baler,97419.95,36615.19,44,MN,0.7268,0,0,low_credit,0,0.0999
107672.41,820.0,1119,Skid Steer,142579.18,63988.92,69,MO,0.6902,0,0,,1,0.0208
137624.24,635.0,1119,Combine,94074.45,13773.75,36,IL,0.8723,0,0,low_credit,1,0.0679
44255.18,682.0,1119,Sprayer,164656.0,46789.91,70,IL,0.7787,0,0,low_income,1,0.1029
139843.96,718.0,1152,Baler,234366.75,16134.34,49,MO,0.9356,0,0,low_down_payment,1,0.0408
180448.83,645.0,1121,Combine,109050.16,13780.2,68,MN,0.8878,0,0,,1,0.0827
145066.62,775.0,1119,Tractor,109014.42,22936.94,80,IN,0.8262,0,0,long_term,1,0.0438
86570.29,690.0,3331,Tractor,76219.95,21990.41,64,IA,0.7761,0,0,,1,0.0289
146825.35,615.0,1111,Combine,36815.57,15548.3,36,KS,0.7031,0,0,low_credit,1,0.054
139089.53,566.0,3331,Sprayer,232246.77,80037.09,61,NE,0.7437,1,0,low_credit;prior_default,0,0.2104
30000.0,780.0,1151,Planter,73915.4,22781.72,71,WI,0.7644,0,0,low_income,1,0.1162
55011.21,677.0,1112,Planter,39281.55,11530.16,64,NE,0.7731,0,0,low_income,1,0.0818
85899.18,595.0,1111,Combine,203746.25,32534.69,64,MO,0.8623,0,0,low_credit,0,0.1535
137990.31,645.0,3331,Combine,247166.24,79268.32,62,MO,0.7572,0,0,,1,0.0513
92554.2,733.0,1112,Sprayer,127294.0,18979.62,60,IL,0.8702,0,0,,1,0.0345
57408.55,705.0,3331,Combine,180883.28,56894.26,53,IA,0.7607,0,0,low_income,1,0.0542
30000.0,750.0,1152,Planter,61354.16,7521.02,64,ND,0.8908,0,0,low_income,1,0.1469
51278.73,646.0,1112,Skid Steer,213999.06,0.0,63,KS,1.0,0,0,high_ltv;low_down_payment;low_income,0,0.214
54229.7,710.0,1121,Planter,121485.96,34985.89,54,IN,0.7764,0,0,low_income,1,0.0621
101214.57,717.0,3331,Sprayer,228024.66,41907.15,68,IN,0.8447,0,0,,1,0.0355
116773.39,702.0,1152,Baler,126060.16,26967.15,57,SD,0.8238,1,0,prior_default,1,0.0872
125818.27,741.0,1119,Harvester,161262.83,22456.79,61,ND,0.8778,0,0,,1,0.0359
128358.69,705.0,1112,Tractor,221099.11,38747.63,65,KS,0.8509,0,0,,1,0.0347
67344.39,770.0,1119,Harvester,62868.58,16323.95,63,IA,0.7939,0,0,,1,0.0494
112830.71,650.0,3331,Baler,280585.95,27647.15,61,NE,0.9103,0,0,low_down_payment,1,0.0824
82388.2,762.0,4238,Skid Steer,250185.68,59855.56,70,ND,0.8069,0,0,,1,0.0391
69560.42,740.0,1112,Tractor,153033.96,13601.32,78,KS,0.9184,0,0,low_down_payment;long_term,1,0.0983
83351.39,682.0,3331,Baler,111286.8,41431.76,55,KS,0.7287,0,0,,1,0.0266
56855.31,553.0,1111,Harvester,193006.39,49861.88,69,ND,0.7947,0,0,low_income;low_credit,0,0.2268
73953.0,678.0,3331,Tractor,46720.9,18532.98,43,KS,0.716,0,0,,1,0.0293
59186.98,647.0,1112,Harvester,229521.4,42707.91,47,IL,0.8431,0,0,low_income,0,0.1123
30000.0,659.0,1151,Planter,147379.12,44826.83,36,MO,0.7668,0,0,low_income,1,0.119
68338.28,713.0,1121,Tractor,255385.37,60004.71,59,ND,0.8097,0,0,,1,0.0481
30000.0,702.0,4238,Combine,219991.33,773.35,49,NE,0.9965,0,0,high_ltv;low_down_payment;low_income,0,0.1814
168925.28,700.0,1152,Sprayer,317794.32,29676.45,66,KS,0.9146,0,0,low_down_payment,1,0.0483
188536.3,701.0,3331,Skid Steer,213310.75,50232.68,60,IN,0.8094,0,0,,1,0.0279
79541.13,672.0,1112,Tractor,110990.4,18065.77,51,MN,0.86,0,0,,0,0.0519
91713.25,823.0,1121,Combine,240893.6,45287.1,71,MN,0.8418,0,0,,1,0.0367
144791.37,778.0,1111,Tractor,303097.98,34209.04,59,ND,0.8986,0,0,,1,0.0375
147122.08,633.0,3331,Tractor,41425.49,11131.19,63,MN,0.7882,0,0,low_credit,0,0.0756
105869.95,704.0,3331,Sprayer,148875.82,73225.12,67,SD,0.6703,0,0,,1,0.0188
68391.11,690.0,1113,Loader,128275.77,33702.25,45,MO,0.7919,0,0,,0,0.0372
116504.78,770.0,1121,Combine,103406.76,13803.74,74,IL,0.8822,0,0,long_term,1,0.0485
59576.68,724.0,1152,Loader,275526.64,41592.35,51,IL,0.8688,0,0,low_income,1,0.0705
56540.76,672.0,1151,Skid Steer,77340.39,14499.4,49,KS,0.8421,0,0,low_income,1,0.0872
86715.95,699.0,1152,Loader,63169.59,17537.2,38,WI,0.7827,0,0,,1,0.0199
144620.33,678.0,3331,Planter,116401.34,32172.58,75,NE,0.7835,0,0,long_term,1,0.0431
41249.46,711.0,1112,Loader,284102.7,48055.31,58,MN,0.8553,0,1,low_income;bankruptcy,1,0.2124
124127.14,764.0,1111,Baler,43868.8,9748.7,71,NE,0.8182,0,0,,1,0.0338
98492.3,665.0,4238,Sprayer,226612.03,36641.66,60,IA,0.8608,0,0,,0,0.0514
112377.98,703.0,1112,Loader,185310.37,20375.34,42,ND,0.9009,0,0,low_down_payment,1,0.0328
134539.05,652.0,1152,Planter,251601.26,62663.04,63,MO,0.8006,0,0,,1,0.054
82732.07,680.0,1119,Tractor,93031.23,38727.35,41,MN,0.7061,0,0,,1,0.0211
31674.65,640.0,1112,Sprayer,58085.25,2846.29,64,MO,0.9533,0,0,high_ltv;low_down_payment;low_income;low_credit,0,0.2426
169106.89,719.0,1112,Planter,59188.25,14164.25,55,ND,0.8069,0,0,,1,0.0257
124887.0,632.0,1113,Tractor,262512.67,36888.72,70,MN,0.8768,0,0,low_credit,0,0.1065
39571.48,697.0,1111,Tractor,208212.81,28635.29,47,IA,0.8791,0,0,low_income,0,0.1045
167286.68,782.0,1152,Sprayer,124763.97,22995.09,68,WI,0.8444,0,0,,1,0.0355
46100.97,635.0,1112,Planter,68215.4,14032.47,63,ND,0.8294,0,0,low_income;low_credit,0,0.1739
62867.88,661.0,1121,Combine,254692.83,76861.4,68,KS,0.7682,0,0,,1,0.083
192099.32,649.0,4238,Combine,214063.41,57641.94,49,IN,0.7879,0,0,,1,0.0451
40461.11,657.0,3331,Combine,175770.2,54802.17,57,MN,0.7623,0,0,low_income,1,0.1228
71243.2,830.0,1121,Planter,292131.49,31644.97,61,IL,0.9023,0,0,low_down_payment,1,0.068
103738.12,699.0,1112,Combine,157217.66,68445.33,55,ND,0.6967,0,0,,1,0.0172
60725.8,573.0,1119,Skid Steer,55667.88,16429.36,56,NE,0.7721,0,0,low_credit,1,0.1876
123897.85,706.0,1152,Planter,186649.96,77423.67,53,IA,0.7068,1,0,prior_default,1,0.0585
133495.5,699.0,1152,Loader,149595.26,30579.22,66,IA,0.8303,0,0,,1,0.0328
236641.49,683.0,3331,Baler,117666.11,24331.8,38,IA,0.8286,0,0,,1,0.0245
138555.52,738.0,1119,Loader,156986.21,51110.15,42,IL,0.7544,0,0,,1,0.0174
85470.07,732.0,1112,Harvester,328820.38,0.0,69,IL,1.0,0,0,high_ltv;low_down_payment,0,0.0801
74906.11,748.0,1121,Harvester,218638.36,62680.39,79,KS,0.7772,0,0,long_term,1,0.0532
180655.09,722.0,3331,Skid Steer,202694.44,0.0,57,NE,1.0,0,0,high_ltv;low_down_payment,1,0.062
93461.04,718.0,1112,Baler,79495.31,14079.7,49,SD,0.8495,0,0,,1,0.0273
114959.98,684.0,1112,Skid Steer,74100.72,10367.35,70,IA,0.8773,0,0,,1,0.0455
96726.37,678.0,4238,Planter,176229.77,17411.69,71,SD,0.9101,0,0,low_down_payment,1,0.062
92747.86,664.0,3331,Skid Steer,83168.64,20820.17,45,WI,0.7998,0,0,,1,0.0341
99546.28,692.0,3331,Combine,155399.15,44002.73,62,NE,0.7793,0,0,,1,0.0259
146001.53,732.0,1152,Loader,60722.64,11317.17,64,IA,0.8429,0,0,,1,0.0333
124464.03,672.0,3331,Harvester,264022.76,60765.03,67,SD,0.8129,0,0,,1,0.0424
147361.55,785.0,1113,Skid Steer,235497.44,76620.74,65,WI,0.7545,0,0,,1,0.0247
47469.24,694.0,1121,Loader,222750.1,37730.09,62,IN,0.8552,0,0,low_income,1,0.0989
30000.0,731.0,1119,Harvester,88577.55,8327.42,62,IL,0.9141,0,0,low_down_payment;low_income,1,0.1605
81332.2,735.0,3331,Skid Steer,74272.86,1514.46,63,IL,0.98,0,0,high_ltv;low_down_payment,0,0.0769
95294.46,704.0,1119,Tractor,62475.08,6562.12,52,IN,0.9049,0,0,low_down_payment,0,0.0384
80281.66,646.0,1151,Loader,234242.39,66676.34,62,SD,0.7784,0,0,,1,0.0684
138552.63,630.0,1152,Skid Steer,135532.84,14281.96,37,NE,0.9047,0,0,low_down_payment;low_credit,0,0.0881
157052.59,683.0,1151,Skid Steer,201415.74,49900.31,65,NE,0.8014,0,0,,1,0.0333
67206.89,684.0,1112,Skid Steer,200039.12,51549.31,66,MN,0.7951,0,0,,1,0.0566
104106.81,676.0,1151,Combine,153356.38,44714.88,57,SD,0.7742,0,0,,1,0.0301
66385.36,613.0,1111,Sprayer,75015.36,17249.31,59,WI,0.813,0,0,low_credit,0,0.147
151731.57,581.0,1113,Tractor,202747.79,22016.8,59,MO,0.902,0,0,low_down_payment;low_credit,1,0.179
60106.06,685.0,3331,Sprayer,79911.64,30151.52,84,IA,0.7261,0,0,long_term,1,0.0723
88735.72,657.0,1113,Combine,98284.15,31002.57,72,IL,0.7602,0,0,,0,0.051
41325.24,733.0,1112,Planter,116990.55,13417.36,54,NE,0.8971,0,0,low_income,1,0.1139
135691.27,565.0,1121,Loader,164268.01,10632.67,62,KS,0.9392,0,0,low_down_payment;low_credit,0,0.2134
109693.16,637.0,1113,Loader,114239.28,76352.98,41,IA,0.5994,1,0,low_credit;prior_default,1,0.0833
59835.8,661.0,1152,Planter,219326.51,59853.94,54,MO,0.7856,0,0,low_income,0,0.0855
63789.54,634.0,1151,Combine,188759.93,16885.09,57,MO,0.9179,0,0,low_down_payment;low_credit,1,0.1639
63625.43,622.0,1113,Baler,137057.97,10947.95,40,ND,0.926,0,0,low_down_payment;low_credit,1,0.1628
152501.77,720.0,3331,Combine,184856.05,27175.59,58,NE,0.8718,0,0,,1,0.0337
124479.38,737.0,1112,Baler,37648.91,10994.25,70,KS,0.774,0,0,,1,0.0286
59085.21,711.0,1111,Harvester,39897.05,11173.3,74,MO,0.7812,0,0,low_income;long_term,1,0.0788
162139.04,696.0,3331,Planter,146490.06,33262.35,52,MO,0.815,0,0,,1,0.0253
43541.07,623.0,1113,Skid Steer,293562.74,47790.71,59,IN,0.86,0,0,low_income;low_credit,0,0.1978
113215.7,714.0,1112,Tractor,146429.05,46201.45,69,MO,0.7602,0,0,,1,0.0268
152076.32,682.0,1113,Baler,75399.06,25584.65,67,MN,0.7466,0,0,,1,0.0285
52052.93,570.0,1113,Skid Steer,122638.02,27525.48,58,NE,0.8167,0,0,low_income;low_credit,0,0.2207
45706.72,631.0,1111,Skid Steer,38409.79,22585.55,71,WI,0.6297,0,0,low_income;low_credit,1,0.1267
51081.24,739.0,1113,Harvester,47853.23,13785.59,78,MO,0.7763,0,0,low_income;long_term,1,0.0951
163981.77,623.0,1112,Planter,218173.12,38771.89,49,MO,0.8491,0,0,low_credit,1,0.0883
30000.0,644.0,1113,Skid Steer,295751.41,25002.4,49,NE,0.9221,0,0,low_down_payment;low_income,0,0.2082
116562.45,674.0,1119,Harvester,214510.77,27919.61,56,IA,0.8848,0,0,,1,0.0453
89351.71,762.0,4238,Skid Steer,114328.23,30614.56,56,IL,0.7888,0,0,,1,0.0249
98701.04,641.0,4238,Baler,35797.3,21525.18,51,IL,0.6245,0,0,,1,0.0298
105224.31,556.0,1111,Baler,296311.43,25113.05,64,IN,0.9219,0,0,low_down_payment;low_credit,0,0.2185
71150.6,639.0,1151,Skid Steer,90069.56,45840.2,60,WI,0.6627,0,0,low_credit,1,0.0682
173792.7,712.0,1113,Baler,193564.33,99717.87,75,IL,0.66,0,0,long_term,1,0.0227
191595.15,613.0,4238,Loader,54480.98,22979.83,43,WI,0.7033,0,0,low_credit,1,0.0607
65480.17,710.0,3331,Loader,215926.2,124085.19,68,SD,0.6351,0,0,,1,0.0323
132823.99,684.0,1112,Skid Steer,194509.39,91055.74,78,IA,0.6811,0,0,long_term,0,0.0284
109877.88,709.0,1119,Sprayer,106469.49,28817.06,65,NE,0.787,0,0,,1,0.0278
106064.08,754.0,1119,Baler,44045.26,20770.39,51,IN,0.6795,0,0,,1,0.0152
113562.47,655.0,1112,Planter,170818.33,45443.68,40,MO,0.7899,0,0,,1,0.0359
116343.3,663.0,1152,Combine,163398.45,127372.89,73,WI,0.5619,0,1,long_term;bankruptcy,1,0.0902
62323.22,632.0,1151,Harvester,48968.99,14058.65,69,MN,0.7769,0,0,low_credit,1,0.1297
73830.42,597.0,4238,Loader,71024.02,24516.42,58,IL,0.7434,0,0,low_credit,1,0.1312
102784.39,721.0,4238,Planter,139412.78,21338.18,77,ND,0.8673,0,0,long_term,1,0.0481
113148.5,654.0,1151,Baler,63147.66,26241.56,59,MN,0.7064,0,0,,1,0.0358
159129.01,657.0,1121,Combine,184143.97,8129.89,36,WI,0.9577,0,1,high_ltv;low_down_payment;bankruptcy,0,0.1847
134299.34,733.0,1151,Planter,201128.84,44402.82,66,MO,0.8192,0,0,,1,0.0316
149868.01,722.0,1152,Tractor,144751.76,38679.94,68,IA,0.7891,0,0,,1,0.0293
56088.01,615.0,1111,Baler,245547.29,37712.98,70,SD,0.8669,0,0,low_income;low_credit,0,0.199
141678.2,638.0,1113,Harvester,41877.18,3991.11,53,MN,0.913,0,0,low_down_payment;low_credit,1,0.0978
100703.15,698.0,1151,Combine,170076.72,35632.05,73,ND,0.8268,0,0,long_term,0,0.0398
156573.58,678.0,1151,Combine,124547.44,4885.91,57,SD,0.9623,0,0,high_ltv;low_down_payment,1,0.0665
184920.63,633.0,1111,Planter,186390.46,62893.84,69,NE,0.7477,0,0,low_credit,0,0.0713
160045.02,668.0,1151,Planter,118573.51,22670.98,65,ND,0.8395,0,0,,1,0.0483
74466.59,785.0,1121,Tractor,76131.67,16197.26,39,MN,0.8246,0,0,,1,0.0326
127554.71,762.0,1111,Harvester,71869.97,15812.07,44,MN,0.8197,0,0,,1,0.0228
93295.84,716.0,1113,Planter,215107.13,8708.97,56,MN,0.9611,0,1,high_ltv;low_down_payment;bankruptcy,0,0.1634
183857.67,760.0,1121,Sprayer,44518.05,2223.92,68,IA,0.9524,1,0,high_ltv;low_down_payment;prior_default,1,0.1533
111494.15,704.0,3331,Combine,282550.55,52118.0,59,MN,0.8443,0,0,,1,0.0311
128671.26,692.0,1111,Harvester,63901.17,1631.97,52,WI,0.9751,0,0,high_ltv;low_down_payment,1,0.0536
30000.0,619.0,1121,Sprayer,243742.65,102126.71,71,IA,0.7047,0,0,low_income;low_credit,0,0.1847
115934.75,590.0,1113,Planter,218617.49,12412.71,84,IA,0.9463,0,0,low_down_payment;low_credit;long_term,0,0.2144
62545.98,679.0,1112,Tractor,111043.04,47113.2,55,MN,0.7021,0,0,,1,0.0443
98019.07,679.0,1119,Skid Steer,73881.93,29665.37,75,WI,0.7135,0,0,long_term,1,0.0337
88890.28,741.0,1119,Loader,162582.46,41888.9,50,IL,0.7951,0,0,,1,0.0235
50592.52,696.0,1112,Harvester,162531.66,35652.0,46,KS,0.8201,0,0,low_income,1,0.0698
110566.99,677.0,3331,Tractor,60084.66,13460.21,72,ND,0.817,0,0,,1,0.043
113584.77,736.0,1112,Planter,94949.26,19911.07,68,KS,0.8266,1,0,prior_default,1,0.099
81366.26,664.0,4238,Harvester,260338.07,50015.09,66,IN,0.8388,1,1,prior_default;bankruptcy,0,0.2356
68597.68,685.0,1113,Sprayer,230247.88,30705.48,60,KS,0.8823,0,0,,0,0.0657
143731.5,701.0,1111,Skid Steer,187534.34,30862.69,51,ND,0.8587,0,0,,1,0.029
94801.17,751.0,1152,Harvester,77936.61,13326.32,50,IL,0.854,0,0,,1,0.0281
128443.86,705.0,1113,Skid Steer,98312.75,25623.31,58,MN,0.7933,0,0,,1,0.0256
104284.76,696.0,1152,Baler,177573.74,50497.21,69,IN,0.7786,0,0,,1,0.0286
39955.61,643.0,3331,Loader,280990.42,51818.67,83,WI,0.8443,0,0,low_income;long_term,0,0.1989
90472.3,659.0,1119,Planter,182508.89,58654.55,58,NE,0.7568,0,0,,1,0.0386
47405.02,672.0,1119,Skid Steer,129064.74,6029.99,67,IA,0.9554,0,0,high_ltv;low_down_payment;low_income,0,0.1776
130937.89,633.0,1151,Loader,266120.48,77937.52,60,KS,0.7735,0,0,low_credit,0,0.0698
115858.36,688.0,4238,Harvester,52339.19,10521.62,50,WI,0.8326,0,0,,0,0.0272
65016.85,765.0,1152,Harvester,273641.35,55315.53,65,IN,0.8318,0,0,,1,0.0606
64668.36,628.0,1119,Baler,146506.81,62292.72,38,MO,0.7017,0,0,low_credit,1,0.0798
153576.78,584.0,1151,Skid Steer,77591.56,42486.55,60,ND,0.6462,1,0,low_credit;prior_default,1,0.1684
187544.42,679.0,1151,Skid Steer,145073.84,42172.38,78,MN,0.7748,0,0,long_term,0,0.0433
113421.9,676.0,1121,Planter,247154.1,60615.41,71,IL,0.803,0,0,,1,0.041
96836.41,612.0,4238,Sprayer,237676.83,53210.43,78,IA,0.8171,0,0,low_credit;long_term,1,0.1315
86101.17,586.0,1119,Loader,98080.51,25181.88,80,SD,0.7957,0,0,low_credit;long_term,0,0.1674
120482.29,756.0,1151,Baler,242023.4,6738.62,48,NE,0.9729,0,0,high_ltv;low_down_payment,1,0.0504
105464.21,652.0,1152,Combine,180768.67,26737.38,61,IN,0.8711,0,0,,0,0.0657
32417.82,678.0,1151,Combine,108527.81,17776.67,61,IA,0.8593,0,0,low_income,1,0.1452
146993.62,681.0,1151,Sprayer,249057.6,38738.22,57,NE,0.8654,0,0,,1,0.0382
64655.83,660.0,1121,Planter,219171.86,43541.28,50,MO,0.8343,1,0,prior_default,0,0.1707
30000.0,830.0,1151,Combine,113823.89,11128.83,60,MO,0.9109,0,0,low_down_payment;low_income,1,0.1572
57210.04,618.0,3331,Loader,80280.92,6232.45,61,MN,0.928,0,0,low_down_payment;low_income;low_credit,0,0.2113
130371.8,737.0,1113,Planter,271821.03,65911.11,36,ND,0.8048,0,0,,1,0.0191
112477.86,615.0,1113,Harvester,270568.61,78290.71,37,IL,0.7756,0,0,low_credit,1,0.069
177238.32,688.0,1111,Skid Steer,189502.91,15787.44,54,KS,0.9231,1,0,low_down_payment;prior_default,0,0.1216
66374.61,734.0,1113,Harvester,112765.51,26212.7,36,IA,0.8114,0,0,,1,0.0369
94979.28,754.0,1151,Baler,290374.73,53283.68,60,IA,0.845,0,0,,1,0.0316
123626.88,616.0,1152,Planter,234003.17,32703.33,52,MO,0.8774,0,0,low_credit,0,0.1076
70142.47,650.0,1121,Baler,153489.81,78493.32,49,MO,0.6616,0,0,,1,0.0474
88385.06,645.0,4238,Combine,206560.94,40432.03,79,IA,0.8363,0,0,long_term,1,0.0909
97710.54,611.0,1152,Harvester,196689.0,43047.13,56,SD,0.8204,0,0,low_credit,1,0.1029
76677.32,686.0,1112,Harvester,171326.04,0.0,75,ND,1.0,0,0,high_ltv;low_down_payment;long_term,0,0.1178
93259.5,689.0,1113,Combine,151887.48,41594.93,62,MO,0.785,0,0,,1,0.0267
105648.64,713.0,1111,Skid Steer,167865.32,39132.26,72,WI,0.811,0,0,,1,0.0335
129018.07,719.0,1121,Baler,168180.08,31059.59,60,IN,0.8441,0,0,,1,0.0315
94509.21,651.0,1121,Tractor,64668.26,31627.38,36,KS,0.6716,0,0,,1,0.0241
145008.48,672.0,1121,Combine,217156.04,30155.62,37,ND,0.8781,0,0,,1,0.035
152318.99,717.0,1119,Sprayer,37128.3,9211.02,68,NE,0.8012,0,0,,1,0.0305
91177.19,651.0,3331,Harvester,152074.66,45029.59,72,ND,0.7715,0,0,,1,0.0562
71435.15,610.0,1119,Tractor,262183.7,41309.26,61,WI,0.8639,0,0,low_credit,0,0.159
118355.92,717.0,1121,Combine,179354.46,27145.53,80,KS,0.8685,0,0,long_term,1,0.0504
131836.41,757.0,3331,Loader,42841.25,11491.21,50,IN,0.7885,1,0,prior_default,1,0.0725
65598.33,690.0,1113,Harvester,109559.01,29872.6,60,IN,0.7858,0,0,,0,0.0482
108121.57,718.0,1112,Harvester,207081.16,44980.87,67,KS,0.8215,0,0,,1,0.0323
81921.3,663.0,1152,Tractor,207185.7,25931.76,64,MN,0.8888,0,0,,1,0.0729
129127.53,720.0,1152,Tractor,68132.04,21191.23,56,MO,0.7628,0,0,,1,0.0222
30000.0,700.0,1113,Harvester,187400.36,80426.39,40,SD,0.6997,0,0,low_income,1,0.0704
108565.93,685.0,1111,Loader,123442.59,42117.7,72,KS,0.7456,0,0,,1,0.0291
79417.5,694.0,1113,Skid Steer,229384.48,10205.87,46,IN,0.9574,0,0,high_ltv;low_down_payment,0,0.0603
116111.52,710.0,1152,Harvester,93401.63,26844.14,68,MN,0.7768,0,0,,1,0.028
153139.22,695.0,1119,Planter,163299.22,22861.88,37,MO,0.8772,0,0,,1,0.0251
156311.15,700.0,1111,Loader,259600.06,35732.18,81,IA,0.879,0,0,long_term,1,0.0528
105463.46,680.0,4238,Baler,275500.72,28232.98,63,IL,0.907,0,0,low_down_payment,1,0.0537
97973.62,662.0,1113,Loader,231974.28,91161.88,37,IA,0.7179,1,0,prior_default,1,0.075
66652.57,686.0,4238,Combine,243295.82,41310.34,59,SD,0.8549,0,0,,1,0.0617
109760.04,743.0,1113,Tractor,109946.23,73842.16,59,MO,0.5982,0,0,,1,0.0126
158488.17,662.0,1113,Combine,178403.74,61949.0,59,MN,0.7423,0,0,,1,0.0355
81216.3,668.0,1113,Loader,152494.33,0.0,63,NE,1.0,0,0,high_ltv;low_down_payment,1,0.1098
162373.51,734.0,1112,Combine,102358.79,17451.33,55,IL,0.8543,0,0,,1,0.0304
139632.62,735.0,1119,Skid Steer,50803.2,1234.03,54,KS,0.9763,0,1,high_ltv;low_down_payment;bankruptcy,0,0.1661
64952.51,520.0,1121,Sprayer,138995.44,74108.03,36,MN,0.6522,0,0,low_credit,0,0.1795
35669.21,699.0,1113,Planter,73713.99,15524.81,57,MO,0.826,1,0,low_income;prior_default,0,0.1962
167108.66,718.0,1112,Combine,145435.8,57004.98,69,KS,0.7184,0,0,,1,0.0231
38399.51,636.0,1112,Harvester,63753.52,13125.18,62,MO,0.8293,0,0,low_income;low_credit,0,0.1855
131356.38,769.0,1111,Loader,74816.98,10284.08,74,WI,0.8792,0,0,long_term,1,0.048
84957.44,587.0,1151,Loader,233493.61,69232.37,63,MO,0.7713,0,0,low_credit,0,0.1354
66569.0,709.0,3331,Baler,206576.67,80946.84,42,WI,0.7185,0,0,,1,0.0289
145335.46,703.0,1113,Baler,154466.82,57836.66,68,MN,0.7276,0,0,,1,0.0235
107755.4,675.0,3331,Loader,144535.49,47615.83,73,WI,0.7522,0,0,long_term,0,0.0399
30000.0,707.0,1151,Planter,280094.39,57703.44,52,KS,0.8292,0,0,low_income,1,0.1146
71833.16,693.0,1151,Baler,210758.14,64712.42,64,MN,0.7651,0,0,,1,0.0407
108126.44,698.0,1121,Loader,227020.59,40952.96,63,NE,0.8472,0,0,,1,0.0333
101832.81,652.0,1119,Planter,198689.3,50739.83,59,IL,0.7966,0,0,,0,0.0503
139472.46,612.0,1151,Planter,281091.95,34989.21,51,MO,0.8893,0,0,low_credit,1,0.1156
39098.07,647.0,1112,Harvester,162879.86,30381.15,76,MN,0.8428,0,1,low_income;long_term;bankruptcy,0,0.25
139644.86,765.0,1151,Baler,148367.91,106146.47,60,NE,0.5829,0,0,,1,0.0121
163126.3,713.0,1119,Sprayer,78773.75,22811.31,59,NE,0.7754,0,0,,1,0.0244
117001.6,712.0,1112,Loader,127532.62,61718.6,55,NE,0.6739,0,0,,1,0.0158
67086.32,761.0,1152,Loader,70292.47,5785.56,84,NE,0.924,0,0,low_down_payment;long_term,1,0.1113
61956.72,656.0,1119,Combine,124729.04,21686.47,56,WI,0.8519,0,0,,1,0.1
72282.6,693.0,1111,Sprayer,231294.3,57869.42,60,IA,0.7999,0,0,,1,0.0428
165364.51,651.0,1152,Baler,58462.83,7432.53,46,IA,0.8872,0,0,,0,0.0581
147725.75,730.0,4238,Tractor,158804.43,35443.41,48,KS,0.8175,0,0,,1,0.024
178411.79,746.0,1121,Combine,71876.43,13898.16,56,KS,0.838,0,0,,1,0.0291
93099.74,756.0,1112,Baler,113869.49,27286.93,64,NE,0.8067,0,0,,1,0.0293
107696.46,759.0,1112,Tractor,173099.75,19088.68,69,IL,0.9007,0,0,low_down_payment,1,0.0481
126998.81,720.0,1151,Tractor,177016.41,25428.14,36,NE,0.8744,0,0,,1,0.0245
30000.0,730.0,4238,Harvester,82966.54,4317.85,81,MN,0.9505,0,0,high_ltv;low_down_payment;low_income;long_term,0,0.2087
124312.95,745.0,1112,Harvester,113640.9,15109.32,46,MN,0.8826,0,0,,1,0.0293
141961.27,762.0,1151,Combine,158590.14,56308.06,57,MO,0.738,0,0,,1,0.0206
93557.09,787.0,1151,Sprayer,176817.52,53667.76,59,MO,0.7672,0,0,,1,0.0237
100774.71,732.0,1152,Combine,255011.79,8948.66,53,IA,0.9661,0,0,high_ltv;low_down_payment,1,0.0528
179822.28,744.0,1151,Harvester,149380.22,30064.56,71,IA,0.8325,0,0,,1,0.0356
155387.15,670.0,1112,Tractor,229020.86,59601.04,46,KS,0.7935,0,0,,1,0.0303
30000.0,711.0,1121,Planter,277451.04,4541.38,65,IN,0.9839,0,0,high_ltv;low_down_payment;low_income,1,0.1955
181178.24,725.0,3331,Sprayer,107210.24,24588.78,78,ND,0.8134,0,0,long_term,1,0.0408
113296.55,738.0,1113,Baler,243967.84,57421.9,63,ND,0.8095,0,0,,1,0.0292
74665.47,719.0,1121,Baler,237279.09,84361.01,57,NE,0.7377,0,0,,1,0.0312
100242.37,630.0,1112,Harvester,101666.67,24791.11,77,MO,0.804,0,0,low_credit;long_term,0,0.1036
174662.28,657.0,1111,Planter,119908.63,42603.61,67,MO,0.7378,0,0,,1,0.0428
108585.57,646.0,1151,Skid Steer,264136.99,66130.48,72,ND,0.7998,0,0,,1,0.0664
116175.37,726.0,1111,Planter,149414.7,48982.04,36,NE,0.7531,0,0,,1,0.0158
83157.17,647.0,1152,Loader,217425.08,64332.66,43,WI,0.7717,0,0,,1,0.048
227625.25,754.0,1151,Combine,157850.43,74530.2,46,IA,0.6793,0,0,,1,0.014
94754.85,640.0,1112,Combine,212657.81,47124.43,68,IA,0.8186,0,0,low_credit,0,0.0795
209112.01,647.0,4238,Harvester,58670.81,14334.69,54,ND,0.8036,1,0,prior_default,1,0.1331
181176.87,641.0,1151,Harvester,261092.27,39721.39,59,ND,0.868,0,0,,1,0.0751
132916.71,616.0,1111,Sprayer,168354.48,36564.41,50,MN,0.8216,0,0,low_credit,1,0.0905
31965.79,652.0,1151,Loader,136134.68,44105.99,57,IA,0.7553,0,0,low_income,0,0.1426
98067.2,752.0,4238,Baler,112728.25,30707.07,67,IL,0.7859,0,0,,1,0.0285
150156.06,806.0,1113,Harvester,96787.26,26227.04,75,NE,0.7868,0,0,long_term,1,0.0357
100024.6,650.0,1121,Sprayer,159315.13,31474.0,36,ND,0.835,0,0,,1,0.0432
70949.62,582.0,1151,Baler,66914.61,22636.79,56,MN,0.7472,0,0,low_credit,1,0.1533
177197.91,716.0,4238,Baler,165074.12,28873.76,50,ND,0.8511,0,0,,1,0.0279
141572.68,638.0,3331,Tractor,132298.63,3466.62,67,SD,0.9745,0,0,high_ltv;low_down_payment;low_credit,1,0.1404
110565.51,672.0,1113,Baler,243101.29,60888.82,61,SD,0.7997,0,0,,1,0.0373
105784.86,768.0,4238,Tractor,89803.64,13892.66,65,MO,0.866,0,0,,1,0.0366
63920.13,699.0,1119,Tractor,86540.48,16785.58,84,SD,0.8375,0,0,long_term,0,0.0866
140832.22,730.0,4238,Combine,129778.88,12124.35,48,SD,0.9146,0,0,low_down_payment,1,0.0375
172609.7,738.0,1111,Planter,93523.55,19472.17,44,WI,0.8277,0,0,,1,0.0234
85059.19,576.0,4238,Sprayer,65529.34,2827.56,56,MO,0.9586,0,0,high_ltv;low_down_payment;low_credit,0,0.2165
121771.75,732.0,3331,Tractor,204795.79,63566.13,55,IA,0.7631,0,0,,1,0.0219
127225.16,755.0,3331,Loader,109553.8,11353.0,53,IA,0.9061,0,0,low_down_payment,1,0.0391
147989.68,664.0,1152,Harvester,239949.88,3240.5,39,KS,0.9867,0,0,high_ltv;low_down_payment,1,0.0706
76116.16,669.0,1151,Tractor,208781.35,60240.6,83,ND,0.7761,0,0,long_term,1,0.074
135252.16,681.0,1151,Baler,233604.27,52077.48,64,KS,0.8177,0,0,,1,0.0356
124301.11,634.0,1119,Baler,123643.79,24751.33,70,IN,0.8332,0,0,low_credit,1,0.0915
45751.65,700.0,1121,Tractor,49324.8,16796.66,63,IL,0.746,0,0,low_income,1,0.0759
158894.84,712.0,3331,Combine,263267.54,76254.18,51,IA,0.7754,0,0,,1,0.0216
50356.09,703.0,1112,Sprayer,218419.8,33337.12,54,WI,0.8676,0,0,low_income,1,0.0886
134298.19,648.0,4238,Tractor,277255.54,58595.4,53,IL,0.8255,0,0,,1,0.0543
180631.56,565.0,3331,Sprayer,223135.39,41249.16,39,ND,0.844,0,0,low_credit,1,0.1508
193311.43,657.0,1113,Sprayer,142068.64,30830.8,75,MO,0.8217,0,0,long_term,1,0.0684
110751.25,718.0,1121,Planter,41917.6,12074.31,74,ND,0.7764,0,0,long_term,1,0.0339
95989.99,681.0,1119,Planter,79303.74,17516.61,62,NE,0.8191,0,0,,1,0.0349
143316.63,629.0,1152,Planter,263855.74,41048.5,36,IN,0.8654,0,0,low_credit,0,0.073
77227.03,691.0,1112,Loader,80098.94,17845.06,61,MO,0.8178,0,0,,1,0.0407
39014.34,734.0,1113,Combine,167522.83,61084.21,63,IN,0.7328,0,0,low_income,1,0.0838
30000.0,723.0,1121,Skid Steer,35111.56,13913.41,42,SD,0.7162,0,0,low_income,1,0.0757
109497.87,732.0,3331,Harvester,45436.04,9591.53,69,MO,0.8257,0,0,,1,0.0337
109353.04,621.0,4238,Combine,41978.12,12578.81,55,MN,0.7694,0,0,low_credit,0,0.0768
124134.81,804.0,4238,Loader,158313.03,40243.34,65,IA,0.7973,0,0,,1,0.0288
149716.47,692.0,1152,Planter,283275.15,33379.54,40,KS,0.8946,0,0,,0,0.0279
155028.09,740.0,1119,Harvester,156529.81,25929.56,43,IN,0.8579,0,0,,1,0.0257
146869.49,718.0,1111,Loader,71264.48,10505.99,39,WI,0.8715,0,0,,1,0.0254
73626.98,734.0,1119,Baler,146314.49,20148.62,60,MO,0.879,0,0,,1,0.0537
123992.34,625.0,1151,Harvester,111933.99,36234.34,53,MN,0.7555,0,0,low_credit,1,0.0676
87443.04,789.0,1152,Harvester,217223.31,45731.08,83,IN,0.8261,0,0,long_term,1,0.0486
75887.86,746.0,1121,Sprayer,65450.94,20558.36,67,MN,0.761,0,0,,1,0.0378
75415.8,618.0,1112,Baler,159127.22,61219.81,58,MO,0.7222,0,0,low_credit,0,0.0957
42072.4,701.0,1111,Tractor,173465.13,37657.92,77,MN,0.8216,0,1,low_income;long_term;bankruptcy,0,0.2197
117021.41,676.0,1113,Sprayer,212123.61,64443.26,74,MO,0.767,0,0,long_term,1,0.0415
166619.91,622.0,1121,Loader,194839.18,47719.84,78,MO,0.8033,0,0,low_credit;long_term,1,0.1148
133220.72,641.0,1121,Sprayer,169709.17,23695.68,37,KS,0.8775,0,0,,1,0.0582
73579.01,618.0,1113,Planter,276555.76,69295.56,57,ND,0.7996,0,0,low_credit,0,0.1205
111590.06,720.0,3331,Baler,75773.07,11143.6,48,KS,0.8718,0,0,,1,0.0291
75331.0,645.0,1151,Combine,58273.2,679.43,53,MO,0.9885,0,0,high_ltv;low_down_payment,0,0.1408
77284.6,661.0,1119,Sprayer,108064.21,33724.67,53,KS,0.7621,0,0,,1,0.0492
87456.7,725.0,1151,Baler,61466.6,31102.72,60,NE,0.664,0,0,,1,0.0177
107789.88,643.0,1119,Loader,152527.96,28965.38,65,MO,0.8404,0,0,,1,0.0721
85040.86,647.0,3331,Tractor,196200.21,62803.37,76,IA,0.7575,0,0,long_term,1,0.073
97115.67,665.0,1152,Planter,221098.87,70929.47,70,KS,0.7571,0,0,,1,0.0417
132544.0,605.0,1152,Baler,221330.22,25144.85,54,SD,0.898,0,0,low_credit,1,0.1301
154893.2,661.0,1119,Skid Steer,282063.83,26067.99,65,NE,0.9154,1,0,low_down_payment;prior_default,1,0.1695
145026.64,711.0,1113,Sprayer,54029.36,4354.33,63,IA,0.9254,0,0,low_down_payment,1,0.048
80017.88,654.0,1151,Planter,168802.88,30499.41,60,IN,0.847,0,0,,1,0.0732
63311.39,768.0,1152,Harvester,223419.31,46492.18,49,IA,0.8278,0,0,,1,0.0504
143816.69,676.0,1112,Tractor,287094.06,29385.88,58,MN,0.9071,0,0,low_down_payment,1,0.0534
70182.72,738.0,4238,Baler,205784.94,89880.55,48,IN,0.696,1,0,prior_default,1,0.0814
115344.39,629.0,1111,Tractor,102992.5,10772.42,61,SD,0.9053,0,0,low_down_payment;low_credit,1,0.116
65776.19,681.0,1113,Sprayer,237620.28,29556.78,73,MO,0.8894,0,0,long_term,1,0.0957
89651.54,778.0,1121,Baler,192649.25,27261.82,53,NE,0.876,0,0,,1,0.0321
104162.18,708.0,1113,Planter,72108.06,7386.19,41,IN,0.9071,0,0,low_down_payment,1,0.033
30000.0,695.0,1119,Planter,60794.23,17966.31,66,IN,0.7719,0,0,low_income,1,0.1131
30000.0,763.0,1151,Loader,98820.3,24725.07,75,ND,0.7999,0,0,low_income;long_term,1,0.1387
124765.89,639.0,3331,Loader,177560.29,7085.93,46,KS,0.9616,0,0,high_ltv;low_down_payment;low_credit,1,0.1097
142142.51,794.0,1113,Baler,270517.05,77433.21,55,MN,0.7775,0,0,,1,0.0231
131306.71,650.0,1113,Baler,211915.5,36908.3,67,NE,0.8517,0,0,,1,0.0682
83458.15,670.0,1152,Combine,100706.96,24912.62,71,IA,0.8017,0,0,,1,0.0528
60428.82,627.0,4238,Loader,103464.87,10750.29,76,IN,0.9059,0,0,low_down_payment;low_credit;long_term,1,0.2028
105027.34,673.0,1112,Combine,89717.84,35105.0,73,IL,0.7188,0,0,long_term,1,0.0365
135729.94,628.0,1113,Combine,202380.81,50882.57,36,WI,0.7991,0,0,low_credit,1,0.06
73832.67,749.0,1112,Harvester,88986.15,17128.88,51,IA,0.8386,0,0,,1,0.0413
169414.0,735.0,1121,Tractor,204130.73,36030.17,68,MO,0.85,0,0,,0,0.0362
216022.74,754.0,1113,Combine,46024.93,11341.86,65,MO,0.8023,0,0,,1,0.0293
74104.19,623.0,1112,Planter,279792.1,37961.63,80,IL,0.8805,0,0,low_credit;long_term,0,0.1709
102801.01,755.0,1112,Planter,89034.02,28208.1,49,IL,0.7594,0,0,,1,0.0197
46067.45,664.0,3331,Combine,124154.34,36403.86,76,SD,0.7733,0,0,low_income;long_term,1,0.1338
30000.0,615.0,1152,Skid Steer,68176.13,29014.32,61,IL,0.7015,1,0,low_income;low_credit;prior_default,0,0.2224
138606.17,641.0,1152,Combine,266641.03,50632.49,75,IA,0.8404,0,0,long_term,0,0.0907
86513.94,680.0,4238,Tractor,255088.02,70884.89,50,NE,0.7825,0,0,,1,0.0286
140805.41,605.0,4238,Skid Steer,209010.66,37351.74,53,KS,0.8484,0,0,low_credit,0,0.1141
120073.73,720.0,1121,Planter,291243.58,17663.28,45,KS,0.9428,0,0,low_down_payment,0,0.0395
114148.73,711.0,1152,Planter,53308.14,15797.82,37,MN,0.7714,0,0,,1,0.0171
99094.72,637.0,4238,Sprayer,259202.11,52942.5,70,MN,0.8304,0,0,low_credit,1,0.0876
113895.68,641.0,1119,Harvester,142878.62,29521.25,60,IN,0.8288,0,0,,1,0.0666
62584.45,701.0,3331,Loader,185485.53,74252.07,84,MO,0.7141,0,0,long_term,1,0.0616
53442.68,595.0,4238,Combine,190953.97,38126.2,70,WI,0.8336,0,0,low_income;low_credit,0,0.2122
85734.58,651.0,1113,Loader,193093.74,71389.27,61,ND,0.7301,0,0,,1,0.0469
30000.0,687.0,1151,Combine,123672.1,37365.13,45,IA,0.768,0,0,low_income,0,0.0948
177580.37,711.0,4238,Loader,105627.29,26755.22,68,SD,0.7979,0,0,,1,0.0302
164094.07,666.0,1112,Combine,274190.96,65062.93,66,MO,0.8082,0,0,,1,0.0461
131559.34,695.0,4238,Sprayer,254925.04,81842.95,68,ND,0.757,0,0,,1,0.0261
30000.0,669.0,1113,Skid Steer,296715.06,15423.2,38,ND,0.9506,0,0,high_ltv;low_down_payment;low_income,0,0.1823
143627.66,705.0,4238,Tractor,216968.68,87815.56,59,IA,0.7119,0,0,,1,0.0193
163666.26,755.0,1113,Baler,157424.3,57974.89,59,KS,0.7308,0,0,,1,0.0207
47217.72,634.0,1111,Loader,294756.16,12461.3,64,IN,0.9594,0,0,high_ltv;low_down_payment;low_income;low_credit,0,0.2291
30000.0,710.0,3331,Sprayer,64470.76,27226.98,84,NE,0.7031,0,0,low_income;long_term,1,0.1194
145781.45,707.0,1112,Loader,99858.51,13210.93,67,MO,0.8832,0,0,,1,0.0399
47580.08,737.0,1152,Tractor,115345.73,64499.53,57,IL,0.6414,0,0,low_income,1,0.0487
129756.56,744.0,3331,Tractor,44854.24,2566.95,63,IL,0.9459,0,0,low_down_payment,1,0.0514
114240.57,665.0,1111,Sprayer,237422.79,47148.27,54,IA,0.8343,0,0,,1,0.0429
60723.99,722.0,1151,Skid Steer,220678.36,97707.09,70,MN,0.6931,0,0,,0,0.0457
137578.56,735.0,1151,Sprayer,215570.04,31252.19,56,ND,0.8734,0,0,,1,0.0329
123636.62,695.0,1119,Skid Steer,198192.61,79642.83,62,MO,0.7133,0,0,,1,0.0204
30000.0,656.0,1121,Loader,264290.24,46198.89,40,MO,0.8512,0,0,low_income,1,0.1529
99735.56,683.0,1152,Combine,184223.68,61232.77,58,SD,0.7505,0,0,,1,0.0247
84811.48,676.0,1121,Harvester,59420.05,16016.86,66,ND,0.7877,0,0,,1,0.041
92240.06,684.0,1119,Sprayer,196856.46,29166.04,73,KS,0.871,0,0,long_term,1,0.0506
152636.23,636.0,1113,Combine,235954.28,8940.95,63,IA,0.9635,0,0,high_ltv;low_down_payment;low_credit,1,0.1353
144684.68,674.0,1113,Planter,117419.76,33654.4,62,ND,0.7772,0,0,,1,0.0339
61797.14,681.0,1112,Skid Steer,147432.65,32336.52,71,IA,0.8201,0,1,bankruptcy,0,0.1838
122661.63,761.0,1119,Skid Steer,125088.73,28341.88,66,WI,0.8153,1,0,prior_default,1,0.094
105573.5,591.0,1152,Harvester,221157.74,126788.87,69,SD,0.6356,0,0,low_credit,1,0.0903
119569.71,707.0,1113,Skid Steer,193589.13,52634.15,69,WI,0.7862,0,0,,1,0.0294
117929.92,698.0,4238,Tractor,276123.1,54494.64,61,MO,0.8352,0,0,,1,0.031
96116.95,601.0,1113,Planter,79404.46,42804.4,58,IN,0.6497,0,0,low_credit,1,0.0734
108042.89,612.0,1119,Planter,91875.18,38972.44,54,MO,0.7022,0,0,low_credit,1,0.0709
137457.66,650.0,1119,Sprayer,212250.91,13847.42,56,SD,0.9388,0,0,low_down_payment,1,0.0852
91479.18,727.0,1121,Tractor,171109.15,49403.8,67,ND,0.776,0,0,,1,0.0275
104271.99,608.0,1113,Harvester,62666.02,11662.67,69,IA,0.8431,0,0,low_credit,1,0.1271
169845.56,702.0,1121,Skid Steer,53972.7,2398.95,48,IN,0.9574,0,0,high_ltv;low_down_payment,1,0.0479
81298.61,689.0,1112,Baler,103812.86,5607.55,40,IN,0.9488,0,0,low_down_payment,1,0.0475
52271.85,692.0,1113,Tractor,149927.94,17748.76,53,IA,0.8941,1,0,low_income;prior_default,0,0.1858
114470.75,558.0,1111,Tractor,185619.4,27965.15,64,MN,0.8691,0,0,low_credit,1,0.1939
173453.08,665.0,1151,Loader,99966.1,22466.51,67,NE,0.8165,0,0,,1,0.0487
52363.97,689.0,1113,Tractor,205149.28,54393.91,63,MO,0.7904,0,0,low_income,1,0.0767
157114.93,753.0,1112,Harvester,42502.81,6848.4,84,NE,0.8612,1,0,long_term;prior_default,0,0.1344
139331.25,800.0,1113,Tractor,197755.27,62326.7,60,KS,0.7604,0,0,,1,0.0234
45666.85,724.0,4238,Loader,86854.58,11053.09,49,MN,0.8871,0,0,low_income,0,0.0971
54983.85,820.0,1152,Tractor,174753.84,43326.05,65,WI,0.8013,0,0,low_income,1,0.0754
116975.04,666.0,3331,Sprayer,150617.7,30912.1,84,IN,0.8297,0,0,long_term,0,0.0688
76169.0,666.0,1119,Loader,191257.33,48242.03,47,WI,0.7986,0,0,,1,0.048
84020.44,660.0,1119,Loader,63595.55,37793.77,75,WI,0.6272,0,0,long_term,1,0.04
96683.96,793.0,3331,Planter,75114.27,13590.7,56,SD,0.8468,0,0,,1,0.03
179054.75,667.0,4238,Skid Steer,200172.48,56539.95,64,NE,0.7798,0,0,,1,0.0399
94083.53,652.0,1111,Loader,161586.64,26362.67,73,MO,0.8597,1,0,long_term;prior_default,0,0.1726
81150.86,600.0,3331,Harvester,93971.63,67115.54,57,ND,0.5834,0,0,low_credit,1,0.0719
67635.02,687.0,1111,Combine,93219.69,35622.65,61,MO,0.7235,0,0,,1,0.0397
102726.89,694.0,1119,Sprayer,164149.05,32801.6,65,MO,0.8335,0,0,,1,0.0327
60334.14,639.0,1121,Baler,112351.74,59323.76,39,MO,0.6544,0,0,low_credit,1,0.0652
110791.65,728.0,1152,Harvester,147394.17,33218.35,69,SD,0.8161,0,0,,1,0.0326
89583.23,701.0,1111,Tractor,46106.24,16573.19,58,ND,0.7356,0,0,,1,0.021
175331.54,602.0,1113,Combine,171960.87,70750.08,45,MO,0.7085,0,0,low_credit,1,0.0745
76054.04,625.0,1113,Sprayer,180231.84,39316.5,57,KS,0.8209,0,0,low_credit,0,0.1128
142528.93,650.0,1151,Baler,251861.25,13654.33,38,SD,0.9486,0,0,low_down_payment,0,0.0707
60367.76,644.0,1151,Skid Steer,317953.75,28386.42,71,IA,0.918,0,0,low_down_payment,1,0.1645
47968.03,677.0,4238,Harvester,44176.79,6421.83,56,IL,0.8731,1,0,low_income;prior_default,0,0.2044
138612.99,646.0,1119,Baler,217228.31,28923.69,63,IA,0.8825,0,0,,1,0.0757
43407.54,664.0,1113,Baler,160670.4,52976.93,48,SD,0.752,0,0,low_income,0,0.0967
116088.15,662.0,4238,Combine,247659.12,78543.93,73,IA,0.7592,0,0,long_term,1,0.0507
30000.0,755.0,1111,Planter,95822.5,24419.59,74,WI,0.7969,0,0,low_income;long_term,1,0.1367
71150.97,666.0,4238,Sprayer,275571.18,48425.93,58,WI,0.8505,0,0,,1,0.0737
102104.62,622.0,3331,Sprayer,194285.5,48285.14,59,NE,0.8009,0,0,low_credit,1,0.0866
125407.98,727.0,1112,Baler,109699.82,68170.72,67,ND,0.6167,0,0,,1,0.0153
109459.12,689.0,1121,Baler,142941.99,46378.07,67,KS,0.755,0,0,,1,0.0262
115796.69,665.0,1111,Baler,128874.53,28488.23,46,WI,0.819,0,0,,1,0.0366
157249.52,754.0,1121,Loader,159971.97,12852.95,56,MN,0.9256,0,0,low_down_payment,1,0.0436
170147.64,682.0,1119,Loader,148535.15,13104.28,69,KS,0.9189,0,0,low_down_payment,1,0.0584
103724.3,679.0,3331,Combine,37517.35,18333.08,48,IL,0.6717,0,0,,1,0.0172
30000.0,693.0,1151,Combine,150588.56,19562.36,66,MO,0.885,0,0,low_income,1,0.1474
31087.9,679.0,1113,Harvester,109175.78,32635.87,53,NE,0.7699,0,0,low_income,0,0.1104
119420.09,698.0,1111,Sprayer,144457.99,45078.78,60,MO,0.7622,0,0,,1,0.0236
116982.17,708.0,1121,Loader,119412.56,19374.94,54,SD,0.8604,0,0,,1,0.0305
61223.42,639.0,3331,Tractor,35494.15,11425.64,53,IA,0.7565,0,0,low_credit,1,0.1008
72947.47,746.0,1152,Tractor,58456.8,12864.78,55,MO,0.8196,0,0,,1,0.042
70479.82,670.0,3331,Skid Steer,89019.27,20653.09,55,MO,0.8117,0,0,,1,0.0602
108956.87,667.0,1119,Tractor,103280.28,57377.37,75,IL,0.6429,0,0,long_term,1,0.0323
102623.21,692.0,1151,Sprayer,55764.43,19544.99,71,KS,0.7405,0,0,,1,0.0257
161305.48,714.0,1111,Skid Steer,261308.49,50904.15,55,SD,0.837,0,0,,1,0.0286
198774.45,750.0,1119,Sprayer,232121.28,61421.01,56,IN,0.7908,0,0,,1,0.0246
38716.13,689.0,1112,Harvester,252620.27,86249.4,68,WI,0.7455,0,0,low_income,1,0.0934
81302.91,681.0,3331,Baler,275064.44,27344.74,75,MN,0.9096,0,0,low_down_payment;long_term,1,0.0819
60259.39,687.0,1151,Sprayer,129120.13,31464.59,49,NE,0.8041,0,0,,1,0.0529
30000.0,627.0,1112,Harvester,86936.66,24474.72,47,SD,0.7803,0,0,low_income;low_credit,1,0.1804
108639.9,718.0,4238,Tractor,62707.01,0.0,46,MN,1.0,0,0,high_ltv;low_down_payment,1,0.0535
68487.99,706.0,4238,Baler,142643.26,22266.84,67,KS,0.865,0,0,,1,0.0636
150624.23,740.0,3331,Loader,107101.88,31482.17,43,SD,0.7728,0,0,,1,0.0189
60208.71,771.0,1121,Combine,227925.44,19485.61,75,SD,0.9212,0,0,low_down_payment;long_term,1,0.1144
161942.71,632.0,1119,Loader,182711.87,19659.73,73,IA,0.9029,0,0,low_down_payment;low_credit;long_term,1,0.1337
82037.13,699.0,1119,Combine,91784.36,8190.29,44,SD,0.9181,0,0,low_down_payment,1,0.0439
140269.67,682.0,1112,Loader,205904.46,16821.14,48,IL,0.9245,0,0,low_down_payment,1,0.0442
82343.05,711.0,1151,Tractor,104564.66,14129.76,63,IN,0.881,0,0,,1,0.0455
99675.45,720.0,1121,Planter,265918.61,20934.59,82,ND,0.927,0,0,low_down_payment;long_term,1,0.0684
68322.77,600.0,1113,Loader,175440.06,26032.15,47,MO,0.8708,0,0,low_credit,0,0.1649
149383.08,612.0,1121,Loader,177506.12,86484.59,84,ND,0.6724,0,0,low_credit;long_term,1,0.0966
137613.75,718.0,1112,Harvester,72283.01,8384.92,84,WI,0.8961,0,0,long_term,1,0.0581
169991.91,704.0,1113,Skid Steer,224809.05,56819.53,36,WI,0.7982,0,0,,1,0.0186
125292.82,699.0,1152,Planter,182415.05,90241.42,42,WI,0.669,0,0,,1,0.0127
117808.58,657.0,1121,Combine,284103.11,52223.7,67,IL,0.8447,0,0,,1,0.0608
30000.0,615.0,3331,Planter,98510.66,46014.25,59,WI,0.6816,1,0,low_income;low_credit;prior_default,0,0.217
177162.63,672.0,3331,Harvester,70542.35,15336.16,74,IN,0.8214,1,0,long_term;prior_default,1,0.1347
110520.25,775.0,1152,Planter,129803.46,17774.7,55,WI,0.8796,0,0,,1,0.0331
148833.44,735.0,1152,Planter,105545.85,27789.0,71,IA,0.7916,0,0,,1,0.0309
63316.45,773.0,1119,Tractor,39205.09,6794.74,59,ND,0.8523,0,0,,1,0.0622
109702.16,650.0,1111,Sprayer,201807.89,60667.61,64,KS,0.7689,0,0,,0,0.0504
104214.71,650.0,4238,Tractor,66191.01,21857.77,71,MN,0.7518,0,0,,1,0.0525
107875.97,586.0,1151,Loader,188053.49,47287.73,57,KS,0.7991,0,0,low_credit,1,0.129
130492.5,704.0,1151,Baler,154870.69,43729.68,71,KS,0.7798,0,0,,1,0.0296
138075.82,643.0,1151,Harvester,261734.46,71630.23,52,NE,0.7851,0,0,,1,0.0508
146367.21,664.0,4238,Sprayer,52567.69,11220.19,49,KS,0.8241,0,0,,1,0.0395
30000.0,654.0,1111,Skid Steer,102904.0,17697.33,49,NE,0.8533,0,0,low_income,1,0.1668
55653.02,715.0,3331,Skid Steer,314351.88,0.0,68,KS,1.0,0,0,high_ltv;low_down_payment;low_income,1,0.1492
30000.0,682.0,1151,Skid Steer,282511.25,47795.4,67,IA,0.8553,0,0,low_income,1,0.1504
132084.02,700.0,1121,Loader,42350.21,17599.63,60,ND,0.7064,0,0,,0,0.0193
113011.87,788.0,4238,Loader,196601.6,43189.78,61,MN,0.8199,0,0,,1,0.0294
30000.0,593.0,1112,Planter,56602.6,22350.19,84,IN,0.7169,1,0,low_income;low_credit;long_term;prior_default,0,0.2363
60931.04,735.0,3331,Harvester,291006.87,47321.45,58,MN,0.8601,0,0,,1,0.0664
98347.16,752.0,4238,Loader,197667.81,61689.98,64,WI,0.7621,0,0,,0,0.0251
136795.11,673.0,3331,Sprayer,147601.23,40827.61,44,IA,0.7833,1,0,prior_default,1,0.0847
192312.31,718.0,4238,Combine,88233.42,21252.46,77,NE,0.8059,0,0,long_term,1,0.0392
126954.9,618.0,1119,Tractor,58143.88,19037.4,71,NE,0.7533,0,0,low_credit,1,0.0911
30000.0,670.0,1119,Skid Steer,113533.28,5054.91,36,SD,0.9574,0,0,high_ltv;low_down_payment;low_income,0,0.1812
124440.04,668.0,4238,Harvester,96342.94,20632.67,73,SD,0.8236,0,0,long_term,0,0.0564
104520.38,672.0,1119,Tractor,116360.77,22326.39,44,MO,0.839,0,0,,1,0.0336
81785.84,581.0,1111,Loader,140148.82,22174.64,65,MO,0.8634,0,0,low_credit,0,0.1802
91904.75,734.0,1121,Loader,205966.18,27073.08,42,MN,0.8838,0,0,,1,0.0277
115314.55,598.0,1121,Sprayer,107261.06,33598.76,69,IL,0.7615,0,0,low_credit,0,0.116
73433.54,633.0,1121,Harvester,62818.33,22710.86,75,NE,0.7345,0,0,low_credit;long_term,1,0.1092
131766.34,718.0,3331,Planter,142539.86,43988.15,67,SD,0.7642,0,0,,1,0.0264
90588.35,746.0,1121,Planter,244630.79,11298.9,71,IN,0.9559,0,0,high_ltv;low_down_payment,1,0.0649
173591.61,677.0,1113,Tractor,42019.16,7225.88,52,MN,0.8533,0,0,,1,0.0361
191030.06,697.0,1112,Combine,237157.22,30777.47,46,MN,0.8851,1,0,prior_default,1,0.0916
90072.4,581.0,1113,Baler,229743.08,109600.29,58,SD,0.677,0,0,low_credit,0,0.1021
43680.65,716.0,1119,Skid Steer,198950.38,47659.02,71,SD,0.8067,0,0,low_income,1,0.1023
94428.02,644.0,3331,Loader,176631.32,48741.19,65,IN,0.7837,0,0,,1,0.0595
119481.23,634.0,1119,Loader,223413.05,54386.66,82,ND,0.8042,0,0,low_credit;long_term,1,0.1035
216514.49,718.0,1111,Loader,137168.27,41154.37,49,WI,0.7692,0,0,,1,0.0205
30000.0,711.0,1119,Planter,149591.34,51773.34,66,IL,0.7429,0,0,low_income,1,0.1051
63309.53,697.0,1119,Sprayer,217372.43,41975.77,64,SD,0.8381,0,0,,1,0.0634
86645.74,757.0,1119,Harvester,133127.01,15356.58,69,KS,0.8966,0,0,,1,0.0467
107007.44,598.0,1119,Skid Steer,251174.63,68651.63,53,MN,0.7853,0,0,low_credit,0,0.1059
147643.58,668.0,1112,Harvester,165641.84,20650.91,63,SD,0.8891,0,0,,0,0.0558
64412.06,774.0,1152,Sprayer,53334.82,20721.12,75,IA,0.7202,0,0,long_term,1,0.0537
54199.27,700.0,1112,Harvester,197109.77,56217.17,63,KS,0.7781,0,0,low_income,1,0.0698
32687.68,671.0,1121,Combine,51443.3,10034.98,61,MN,0.8368,0,0,low_income,1,0.1473
64769.41,704.0,1152,Combine,145260.76,83244.64,63,KS,0.6357,0,0,,1,0.0307
64774.61,647.0,1121,Harvester,288428.92,35377.9,37,IA,0.8907,0,0,,1,0.0956
124279.3,622.0,4238,Sprayer,193039.16,19058.98,69,KS,0.9101,0,0,low_down_payment;low_credit,1,0.1361
127231.35,721.0,1112,Skid Steer,283708.31,53836.39,50,WI,0.8405,0,0,,1,0.0268
128021.02,730.0,1111,Skid Steer,69859.97,10217.69,46,IN,0.8724,0,0,,1,0.0283
30000.0,730.0,1111,Baler,263028.07,74904.35,73,WI,0.7783,0,0,low_income;long_term,1,0.13
124691.97,640.0,1121,Sprayer,192046.94,30179.91,54,KS,0.8642,0,0,low_credit,1,0.0772
65401.44,669.0,1121,Baler,280113.29,57374.13,53,MO,0.83,0,0,,1,0.0702
122099.32,688.0,3331,Tractor,280889.3,68044.24,43,WI,0.805,0,0,,1,0.0219
100453.77,681.0,1119,Tractor,139742.69,28995.43,51,IN,0.8282,0,0,,1,0.0306
119653.04,752.0,1121,Skid Steer,136900.18,14546.9,62,IN,0.9039,0,0,low_down_payment,1,0.0441
104019.37,598.0,1151,Tractor,161375.18,75532.21,63,KS,0.6812,0,0,low_credit,0,0.0883
43237.58,642.0,1111,Skid Steer,160454.18,66479.35,68,IA,0.7071,0,0,low_income,1,0.1315
112576.61,643.0,4238,Skid Steer,144362.83,52700.84,66,NE,0.7326,0,0,,1,0.0518
103139.75,552.0,1119,Planter,291401.57,32714.78,59,IA,0.8991,0,0,low_credit,0,0.2056
93331.11,794.0,1151,Sprayer,74194.53,12924.71,50,IA,0.8516,0,0,,1,0.0279
146767.32,617.0,1121,Sprayer,173710.6,37904.82,68,KS,0.8209,0,0,low_credit,1,0.1069
30000.0,570.0,1151,Combine,110750.7,42796.13,44,IL,0.7213,0,0,low_income;low_credit,0,0.2086
93358.81,713.0,1113,Harvester,270851.38,78873.79,56,IL,0.7745,0,0,,1,0.0232
93280.03,765.0,3331,Harvester,207989.67,96099.71,53,ND,0.684,0,0,,1,0.0159
30000.0,733.0,1121,Tractor,54675.77,32620.43,56,KS,0.6263,0,0,low_income,1,0.0679
77673.92,707.0,1151,Planter,65977.41,16366.97,52,WI,0.8012,0,0,,1,0.0334
65022.75,683.0,1119,Baler,295473.22,19962.44,74,SD,0.9367,0,0,low_down_payment;long_term,1,0.1179
138894.44,583.0,1111,Planter,126772.33,24541.54,54,IL,0.8378,0,0,low_credit,1,0.1413
103311.32,706.0,1111,Loader,48668.35,10060.16,63,IA,0.8287,0,0,,1,0.0312
101919.57,676.0,3331,Tractor,214850.86,13199.52,48,MO,0.9421,0,0,low_down_payment,1,0.0524
161157.64,692.0,4238,Harvester,77004.3,10436.09,71,MO,0.8806,0,0,,1,0.0419
77998.91,613.0,1112,Skid Steer,153594.58,67155.63,73,ND,0.6958,0,1,low_credit;long_term;bankruptcy,0,0.1987
60471.92,742.0,1119,Harvester,123864.83,39652.46,69,KS,0.7575,0,0,,1,0.056
30000.0,718.0,1119,Planter,245880.88,13706.84,49,MO,0.9472,0,0,low_down_payment;low_income,1,0.1561
93369.18,727.0,1113,Skid Steer,238607.1,36869.08,66,IL,0.8662,0,0,,1,0.0371
76626.43,660.0,1151,Sprayer,81612.99,6332.01,59,IL,0.928,0,0,low_down_payment,0,0.098
101975.66,685.0,1152,Tractor,268060.36,61675.4,57,MN,0.813,0,0,,1,0.0297
150858.95,697.0,1111,Baler,78949.4,22829.8,55,WI,0.7757,0,0,,1,0.023
102231.76,630.0,1151,Planter,200543.76,35716.96,71,NE,0.8488,0,0,low_credit,1,0.102
87187.15,585.0,1112,Planter,101802.29,11479.93,65,KS,0.8987,0,0,low_credit,1,0.1761
103801.96,685.0,3331,Combine,59005.17,17048.95,42,ND,0.7758,0,0,,1,0.0207
146972.39,711.0,4238,Harvester,228041.99,66360.11,67,NE,0.7746,0,0,,1,0.0274
123760.28,751.0,1112,Tractor,184747.41,78121.86,59,NE,0.7028,0,0,,1,0.0187
80964.6,686.0,3331,Baler,128380.28,43172.86,60,SD,0.7483,1,0,prior_default,0,0.0912
156046.54,631.0,1113,Loader,171492.82,23557.32,77,WI,0.8792,0,0,low_credit;long_term,0,0.1236
104667.16,642.0,3331,Sprayer,117035.21,12625.56,49,MO,0.9026,0,0,low_down_payment,1,0.0788
65195.45,685.0,1119,Loader,135131.43,20116.04,60,NE,0.8704,0,0,,1,0.0688
70182.4,668.0,1119,Harvester,236954.77,65549.74,60,MO,0.7833,0,0,,1,0.0611
74174.82,765.0,1152,Planter,220763.18,27216.31,77,KS,0.8902,0,0,long_term,1,0.0749
67019.49,760.0,1111,Planter,283459.42,45809.92,50,ND,0.8609,1,0,prior_default,1,0.1345
90419.23,652.0,1151,Skid Steer,61528.62,10770.64,76,IA,0.851,0,0,long_term,1,0.0812
64956.36,627.0,1113,Baler,200239.95,46717.02,36,KS,0.8108,0,0,low_credit,0,0.1062
33886.1,626.0,1121,Combine,219081.72,40269.23,56,IL,0.8447,0,0,low_income;low_credit,0,0.203
52854.48,654.0,1112,Sprayer,201069.65,26536.19,51,SD,0.8834,0,0,low_income,1,0.1326
76533.27,731.0,1151,Combine,305950.83,42176.54,59,MN,0.8788,0,0,,1,0.0494
92519.2,687.0,1119,Tractor,309714.86,3084.04,54,MO,0.9901,0,0,high_ltv;low_down_payment,1,0.061
54485.52,659.0,4238,Baler,63189.34,2279.55,47,WI,0.9652,0,0,high_ltv;low_down_payment;low_income,0,0.1595
171422.62,764.0,1111,Loader,209573.01,5292.08,39,ND,0.9754,0,0,high_ltv;low_down_payment,1,0.0448
30000.0,733.0,1111,Combine,100413.17,48342.91,59,ND,0.675,0,0,low_income,1,0.0812
137934.63,750.0,3331,Planter,223136.96,17398.97,65,IA,0.9277,1,0,low_down_payment;prior_default,1,0.1331
107480.41,799.0,1113,Sprayer,238376.52,69242.38,59,KS,0.7749,0,0,,1,0.0243
147936.36,738.0,4238,Planter,237050.47,37134.26,71,NE,0.8646,0,0,,1,0.0397
86078.0,672.0,4238,Tractor,45481.45,7379.58,61,MN,0.8604,0,0,,1,0.0511
203335.29,685.0,3331,Sprayer,150135.35,37272.05,71,SD,0.8011,0,0,,1,0.0347
106922.51,634.0,1119,Combine,77629.71,20320.69,55,IA,0.7925,0,0,low_credit,0,0.0685
185849.95,629.0,1152,Baler,295390.85,52616.9,51,KS,0.8488,0,0,low_credit,1,0.083
62273.45,787.0,1112,Skid Steer,218390.5,104152.65,38,WI,0.6771,0,0,,1,0.0264
166531.5,659.0,1113,Baler,75919.35,47214.13,48,IN,0.6166,0,0,,1,0.0204
97290.7,602.0,1112,Harvester,139118.09,52686.9,69,IL,0.7253,0,0,low_credit,1,0.1005
40829.3,799.0,1112,Skid Steer,61572.0,10201.09,61,IN,0.8579,0,0,low_income,1,0.1114
156167.1,671.0,1113,Planter,296613.99,3841.51,49,IL,0.9872,0,0,high_ltv;low_down_payment,1,0.0723
30000.0,661.0,1111,Tractor,152758.57,5378.77,62,ND,0.966,0,0,high_ltv;low_down_payment;low_income,0,0.2218
177308.7,629.0,1119,Loader,243691.74,99312.99,58,IL,0.7105,0,0,low_credit,1,0.0591
81774.89,614.0,1111,Skid Steer,228824.62,43299.68,68,IL,0.8409,1,0,low_credit;prior_default,0,0.2154
99581.25,672.0,1111,Loader,157158.55,58853.75,67,MO,0.7275,0,1,bankruptcy,1,0.1116
85817.1,779.0,1119,Sprayer,81898.5,21074.58,47,WI,0.7953,0,0,,1,0.0245
113329.92,709.0,1111,Baler,83909.08,24759.25,53,KS,0.7722,0,0,,1,0.022
61379.94,637.0,1121,Combine,242628.23,57347.78,61,WI,0.8088,0,0,low_credit,0,0.1257
120152.09,606.0,1121,Harvester,149818.7,39267.38,84,IN,0.7923,0,0,low_credit;long_term,0,0.1384
115660.83,604.0,1111,Harvester,87173.22,30649.02,45,KS,0.7399,0,0,low_credit,1,0.0797
63743.76,634.0,1113,Tractor,173260.51,94990.88,61,IL,0.6459,0,0,low_credit,0,0.0816
90067.21,760.0,1111,Planter,184313.37,26730.45,72,MO,0.8733,0,0,,0,0.0414
188478.84,741.0,1152,Planter,233927.0,69614.95,71,IL,0.7707,0,0,,1,0.0287
180484.77,691.0,1151,Planter,54332.83,11639.35,36,MO,0.8236,0,0,,1,0.0204
171116.78,657.0,1151,Planter,104098.31,42915.52,58,IA,0.7081,1,0,prior_default,1,0.0978
120243.11,685.0,1112,Harvester,126266.48,11997.39,56,WI,0.9132,0,0,low_down_payment,0,0.0453
120207.94,664.0,1119,Planter,51459.03,21764.79,50,IN,0.7028,0,0,,1,0.0262
30418.17,679.0,3331,Harvester,46430.41,8528.21,45,ND,0.8448,0,0,low_income,0,0.1258
78649.45,613.0,1152,Planter,131593.08,8349.0,70,IN,0.9403,0,0,low_down_payment;low_credit,0,0.184
127442.81,757.0,3331,Skid Steer,162858.61,45208.85,36,NE,0.7827,0,0,,1,0.0176
51551.41,607.0,1151,Tractor,154531.25,6431.61,49,NE,0.96,0,0,high_ltv;low_down_payment;low_income;low_credit,0,0.2363
107839.48,642.0,1121,Loader,48748.4,16391.44,84,ND,0.7484,0,0,long_term,1,0.0753
104499.97,702.0,3331,Skid Steer,146743.64,20745.07,62,ND,0.8761,0,0,,1,0.0363
79828.49,637.0,1113,Planter,93121.83,17642.31,43,MO,0.8407,0,0,low_credit,1,0.082
95553.93,701.0,1119,Sprayer,192350.81,49515.91,41,WI,0.7953,0,0,,1,0.0199
133154.16,568.0,1119,Loader,127313.2,27913.44,74,MN,0.8202,0,0,low_credit;long_term,0,0.1829
45169.39,658.0,1121,Sprayer,194845.44,35707.35,66,IA,0.8451,0,0,low_income,0,0.1476
160397.48,747.0,1121,Loader,199352.8,65186.54,50,ND,0.7536,0,0,,1,0.0196
80747.9,731.0,1119,Skid Steer,229104.81,119463.96,36,IL,0.6573,0,0,,1,0.0143
72724.81,784.0,4238,Loader,155384.27,31846.26,65,SD,0.8299,0,0,,1,0.0501
72090.63,673.0,1119,Sprayer,259169.47,77263.96,75,IA,0.7703,0,0,long_term,1,0.0684
32383.92,753.0,3331,Baler,46874.74,9528.95,73,MO,0.8311,0,0,low_income;long_term,1,0.1415
58820.57,667.0,1112,Baler,77122.05,24451.32,42,IL,0.7593,0,0,low_income,1,0.0644
77033.35,529.0,3331,Loader,213916.84,19400.77,70,IN,0.9168,0,0,low_down_payment;low_credit,0,0.2558
170369.37,635.0,1119,Tractor,230385.04,49374.69,69,NE,0.8235,0,0,low_credit,0,0.0869
58463.11,703.0,1151,Tractor,127610.62,29249.41,79,IL,0.8135,0,0,low_income;long_term,0,0.0925
110388.8,719.0,1152,Tractor,264900.9,12586.52,81,NE,0.9546,0,0,high_ltv;low_down_payment;long_term,1,0.0802
105352.5,685.0,4238,Sprayer,74061.16,10840.66,61,MO,0.8723,0,0,,1,0.0383
149581.48,685.0,3331,Harvester,292398.59,39873.35,76,IL,0.88,1,0,long_term;prior_default,1,0.1374
57067.18,678.0,1111,Planter,118171.92,32951.38,46,ND,0.782,0,0,low_income,0,0.0641
161922.57,577.0,1113,Loader,82206.49,25010.7,81,MO,0.7667,0,0,low_credit;long_term,1,0.1631
45712.2,671.0,1121,Loader,234017.43,26388.56,84,IL,0.8987,0,0,low_income;long_term,1,0.1746
78976.58,697.0,1113,Combine,50178.82,10700.85,73,IA,0.8242,0,0,long_term,1,0.0519
128334.13,670.0,1151,Combine,198043.25,71769.97,54,NE,0.734,0,0,,1,0.028
158239.6,738.0,1121,Harvester,126708.49,29630.76,74,IL,0.8105,0,0,long_term,1,0.0382
129731.17,722.0,1112,Harvester,261803.39,76348.47,55,NE,0.7742,0,0,,1,0.0228
137677.46,615.0,1119,Loader,98343.68,23368.68,36,IL,0.808,0,0,low_credit,1,0.0752
125807.74,714.0,3331,Combine,107322.25,56993.31,83,IA,0.6531,0,0,long_term,1,0.025
147037.63,679.0,4238,Tractor,263356.3,28188.61,57,IA,0.9033,0,0,low_down_payment,1,0.0495
142866.16,698.0,1151,Loader,100044.07,33643.35,56,ND,0.7483,0,0,,1,0.0211
172124.3,777.0,1112,Loader,150952.93,35802.23,52,WI,0.8083,0,0,,1,0.0247
136879.09,600.0,1112,Harvester,212026.08,17856.39,81,IA,0.9223,0,0,low_down_payment;low_credit;long_term,0,0.1928
147309.21,781.0,3331,Combine,193547.76,65208.23,51,SD,0.748,0,0,,1,0.0195
108251.51,692.0,1151,Combine,83693.14,1660.99,54,IA,0.9805,0,0,high_ltv;low_down_payment,1,0.056
75997.42,680.0,4238,Skid Steer,143865.29,55506.46,61,NE,0.7216,0,0,,1,0.036
112818.58,754.0,1119,Planter,125814.08,28473.07,55,IA,0.8155,0,0,,1,0.0265
160320.92,590.0,3331,Combine,157570.52,60158.1,64,IL,0.7237,0,0,low_credit,1,0.1102
98684.09,685.0,4238,Skid Steer,103934.28,20594.02,58,IN,0.8346,0,0,,1,0.0324
113032.41,596.0,1112,Combine,94279.72,11397.53,57,MO,0.8921,0,0,low_credit,1,0.1453
174986.02,625.0,4238,Tractor,185553.16,61697.37,67,MN,0.7505,0,0,low_credit,1,0.0785
95119.07,624.0,1151,Skid Steer,79498.74,15402.53,69,IL,0.8377,0,0,low_credit,0,0.1049
73301.76,680.0,1113,Loader,346212.61,0.0,57,ND,1.0,0,0,high_ltv;low_down_payment,0,0.1039
119644.52,640.0,1152,Loader,214843.72,57405.44,75,NE,0.7891,0,0,long_term,1,0.0784
119996.4,653.0,1113,Combine,83278.59,10612.59,76,MN,0.887,0,0,long_term,0,0.088
129858.78,674.0,1119,Tractor,237969.71,21705.76,70,IA,0.9164,0,0,low_down_payment,1,0.0662
70069.89,684.0,1113,Harvester,100672.91,1532.39,45,MO,0.985,0,1,high_ltv;low_down_payment;bankruptcy,1,0.2078
30000.0,645.0,4238,Planter,82057.47,18544.9,40,KS,0.8157,0,0,low_income,0,0.1559
125568.01,591.0,4238,Harvester,196189.11,33347.03,62,ND,0.8547,0,0,low_credit,0,0.1456
135478.28,675.0,1121,Tractor,232099.88,26965.28,36,SD,0.8959,0,0,,1,0.0343
55851.57,694.0,1121,Planter,138418.15,29204.52,84,NE,0.8258,0,0,low_income;long_term,1,0.1057
129977.42,604.0,1111,Skid Steer,233776.65,42970.55,54,IN,0.8447,0,0,low_credit,1,0.1155
133776.22,727.0,1121,Tractor,281184.56,54852.54,60,WI,0.8368,0,0,,1,0.0307
92009.63,710.0,1121,Sprayer,153614.32,34975.72,40,MN,0.8145,0,0,,1,0.021
100107.42,699.0,1121,Sprayer,159501.72,52312.21,61,MO,0.753,0,0,,0,0.0232
112121.01,665.0,1111,Tractor,243601.76,55715.0,56,MO,0.8139,0,0,,1,0.0415
102202.58,696.0,1151,Harvester,59792.78,19239.58,69,IA,0.7566,0,0,,1,0.0265
31054.91,735.0,1119,Baler,58698.9,36039.75,45,ND,0.6196,0,0,low_income,1,0.0569
30000.0,731.0,1112,Skid Steer,287375.86,58313.51,55,WI,0.8313,0,0,low_income,1,0.1185
88701.83,661.0,1151,Skid Steer,270571.9,74218.07,56,IL,0.7847,0,0,,1,0.0414
101922.54,717.0,1121,Loader,221972.05,23997.85,61,MN,0.9024,1,0,low_down_payment;prior_default,1,0.1207
119617.04,689.0,3331,Combine,210603.99,46920.17,38,NE,0.8178,0,0,,1,0.0212
99928.63,739.0,4238,Tractor,136212.89,17713.08,71,IN,0.8849,0,0,,0,0.0425
155632.98,708.0,1151,Baler,257486.56,75447.54,50,MO,0.7734,0,0,,1,0.0211
112429.14,735.0,3331,Skid Steer,179567.44,28240.25,51,MN,0.8641,0,0,,1,0.0296
134499.28,822.0,1112,Combine,222650.08,26906.04,46,IN,0.8922,0,0,,1,0.0303
144618.89,664.0,1111,Planter,165757.12,27832.15,49,WI,0.8562,1,0,prior_default,0,0.1202
79675.8,672.0,1113,Sprayer,47801.25,11157.34,53,KS,0.8108,0,0,,1,0.0455
128613.1,649.0,4238,Baler,44866.71,6942.93,84,KS,0.866,0,0,long_term,1,0.0956
137614.74,741.0,1152,Harvester,173834.71,38066.25,84,ND,0.8204,0,1,long_term;bankruptcy,1,0.1418
121502.29,669.0,1151,Combine,175430.25,65960.67,45,IL,0.7267,0,0,,1,0.0241
73674.09,732.0,1151,Loader,171636.2,18883.08,72,NE,0.9009,0,0,low_down_payment,0,0.0736
100764.69,774.0,1152,Loader,173975.69,20484.23,75,KS,0.8947,0,0,long_term,1,0.0512
30000.0,699.0,1111,Sprayer,81998.93,141.48,56,IA,0.9983,0,0,high_ltv;low_down_payment;low_income,0,0.1902
85517.59,729.0,1113,Loader,194439.72,56872.85,62,KS,0.7737,0,0,,1,0.0286
94884.51,678.0,1151,Baler,223705.5,49287.81,53,SD,0.8195,0,0,,1,0.0322
90005.4,658.0,1112,Skid Steer,66515.98,25759.93,61,WI,0.7208,0,0,,1,0.0364
102155.63,658.0,1111,Tractor,163755.54,51376.45,66,KS,0.7612,0,0,,1,0.0444
112827.1,676.0,1121,Loader,45120.76,16347.54,55,MN,0.734,0,0,,0,0.0253
88830.16,695.0,1111,Loader,51513.25,29948.51,62,NE,0.6324,0,0,,1,0.0156
90589.63,592.0,1121,Planter,40072.66,9939.82,60,MO,0.8013,0,0,low_credit,0,0.1259
47392.95,713.0,4238,Harvester,111848.24,16109.29,44,WI,0.8741,0,0,low_income,1,0.0856
158287.84,579.0,1113,Skid Steer,80432.55,14829.1,84,MN,0.8443,0,0,low_credit;long_term,1,0.1885
77018.49,636.0,1112,Skid Steer,200735.51,40931.85,51,IN,0.8306,0,0,low_credit,1,0.0926
181722.31,654.0,1111,Baler,279485.86,0.0,66,IL,1.0,0,0,high_ltv;low_down_payment,1,0.1147
87980.7,644.0,1111,Sprayer,252944.65,64358.99,71,IA,0.7972,0,0,,0,0.0695
91360.35,741.0,1113,Combine,126169.69,16854.16,80,SD,0.8822,0,0,long_term,1,0.0527
99493.1,674.0,1121,Skid Steer,148516.7,20429.22,71,KS,0.8791,0,0,,0,0.0545
110101.32,641.0,1151,Loader,127422.52,33120.82,54,SD,0.7937,0,0,,1,0.0558
125904.47,653.0,1111,Planter,150240.33,38872.45,48,WI,0.7944,0,0,,1,0.0425
58443.11,680.0,1121,Baler,122396.76,9332.78,50,NE,0.9292,0,0,low_down_payment;low_income,0,0.1057
128926.24,813.0,1119,Loader,176074.95,31765.64,48,NE,0.8472,0,0,,1,0.0267
85269.41,671.0,4238,Tractor,171288.37,22600.32,62,SD,0.8834,0,0,,1,0.057
144634.72,721.0,1121,Planter,227306.04,34668.0,55,NE,0.8677,0,0,,1,0.0318
159619.59,672.0,4238,Planter,83390.26,15360.97,60,MO,0.8444,0,0,,1,0.0431
159607.58,707.0,1119,Combine,85213.36,34142.77,71,IA,0.7139,1,0,prior_default,1,0.0743
64904.18,578.0,1112,Baler,306867.08,28197.32,52,IA,0.9158,0,0,low_down_payment;low_credit,0,0.2223
109862.71,747.0,1152,Skid Steer,144882.67,38937.05,66,IN,0.7882,0,0,,1,0.0283
180704.7,745.0,1112,Skid Steer,225567.61,52057.97,76,NE,0.8125,0,0,long_term,1,0.0395
158105.21,619.0,1121,Baler,177519.24,33520.73,57,IL,0.8412,0,0,low_credit,1,0.0995
68760.19,768.0,1121,Harvester,128562.12,59803.99,47,MO,0.6825,0,0,,1,0.0258
186484.5,755.0,1121,Baler,40066.78,21869.81,84,IA,0.6469,0,0,long_term,1,0.0248
109706.44,689.0,4238,Tractor,59216.4,12648.45,81,WI,0.824,0,0,long_term,1,0.0448
103338.0,644.0,1112,Skid Steer,192259.64,64293.51,45,WI,0.7494,0,0,,0,0.0402
103092.78,672.0,1111,Loader,316407.52,0.0,82,KS,1.0,0,0,high_ltv;low_down_payment;long_term,1,0.1169
85033.86,677.0,4238,Skid Steer,97835.73,20911.62,84,ND,0.8239,0,0,long_term,1,0.0639
151684.9,639.0,1113,Baler,241810.04,7693.21,61,WI,0.9692,0,0,high_ltv;low_down_payment;low_credit,1,0.1298
91025.27,573.0,1111,Baler,267082.34,20851.07,78,IA,0.9276,0,0,low_down_payment;low_credit;long_term,0,0.2212
66748.86,681.0,3331,Harvester,53914.2,8824.98,57,MN,0.8593,0,0,,1,0.0656
99704.4,714.0,3331,Planter,299651.36,24091.36,83,KS,0.9256,0,0,low_down_payment;long_term,0,0.069
111206.57,615.0,1112,Skid Steer,170348.02,39850.39,67,IL,0.8104,0,0,low_credit,0,0.1066
56495.27,692.0,1111,Planter,204585.95,34905.53,50,IA,0.8543,0,0,low_income,1,0.0713
141666.61,642.0,1151,Loader,229312.08,79215.74,82,MN,0.7432,0,0,long_term,0,0.0722
162970.71,604.0,4238,Loader,176939.42,34768.45,62,ND,0.8358,0,0,low_credit,1,0.1224
79335.34,716.0,3331,Baler,45037.13,19416.7,63,SD,0.6988,0,0,,1,0.0262
74003.71,654.0,1151,Tractor,76139.85,15231.64,45,IL,0.8333,0,0,,0,0.0665
30000.0,613.0,1111,Loader,282158.03,44744.83,58,IA,0.8631,0,0,low_income;low_credit,0,0.2261
119211.9,646.0,3331,Loader,67429.71,9765.7,47,KS,0.8735,0,0,,1,0.0606
96994.88,721.0,1152,Loader,120220.17,23070.01,49,MO,0.839,0,0,,1,0.0263
87313.38,666.0,1152,Loader,57272.73,34531.3,62,WI,0.6239,0,0,,1,0.0246
45755.27,724.0,1112,Combine,328006.71,0.0,60,MN,1.0,0,0,high_ltv;low_down_payment;low_income,1,0.1614
101551.74,620.0,1121,Planter,191929.67,23450.51,73,IA,0.8911,0,0,low_credit;long_term,1,0.1376
131463.38,647.0,1111,Loader,73995.04,7236.71,79,NE,0.9109,1,0,low_down_payment;long_term;prior_default,0,0.2082
150409.56,677.0,1119,Sprayer,287232.29,52406.42,55,IN,0.8457,1,0,prior_default,1,0.1072
47273.4,772.0,3331,Skid Steer,105527.51,10922.41,50,MO,0.9062,0,0,low_down_payment;low_income,1,0.1081
84308.18,651.0,1151,Planter,120842.91,43603.08,66,WI,0.7348,0,0,,1,0.0528
102425.46,637.0,1119,Skid Steer,52920.56,9517.75,52,SD,0.8476,0,0,low_credit,0,0.0749
86127.2,707.0,1121,Planter,56776.65,18993.31,59,MO,0.7493,0,0,,1,0.0246
87605.97,636.0,1151,Sprayer,43427.58,7138.98,56,KS,0.8588,0,0,low_credit,1,0.0867
120112.73,607.0,1112,Planter,268252.97,42973.03,59,WI,0.8619,0,0,low_credit,1,0.1226
54269.41,559.0,1119,Combine,217216.77,51048.75,50,KS,0.8097,0,0,low_income;low_credit,0,0.2194
143320.52,672.0,1121,Tractor,199645.85,42004.26,48,SD,0.8262,0,0,,0,0.034
129202.47,732.0,3331,Combine,232543.54,57078.61,72,SD,0.8029,0,0,,1,0.0326
158113.0,675.0,1152,Combine,191046.65,38525.68,49,WI,0.8322,0,0,,1,0.0333
62047.17,717.0,1152,Planter,104307.35,4746.95,84,KS,0.9565,0,0,high_ltv;low_down_payment;long_term,1,0.1405
104263.54,760.0,4238,Tractor,52657.58,7412.35,69,NE,0.8766,0,0,,1,0.0402
162651.49,723.0,1152,Baler,90743.5,81748.01,38,MO,0.5261,0,0,,1,0.0068
30000.0,775.0,1152,Planter,240831.76,85143.55,69,MN,0.7388,0,0,low_income,1,0.107
99117.25,637.0,1119,Harvester,297051.37,29687.06,51,IN,0.9091,0,0,low_down_payment;low_credit,1,0.0953
121587.06,644.0,3331,Planter,78290.77,13795.64,55,MN,0.8502,0,0,,1,0.0644
120405.53,718.0,1151,Skid Steer,35673.35,11392.35,38,MN,0.7579,0,0,,1,0.0166
109815.99,782.0,1113,Planter,114887.13,20652.65,60,IA,0.8476,0,0,,1,0.0319
111377.46,715.0,3331,Tractor,80331.39,25440.27,53,WI,0.7595,0,0,,1,0.021
34352.37,633.0,1152,Loader,71414.36,4984.09,65,MN,0.9348,1,0,low_down_payment;low_income;low_credit;prior_default,0,0.2724
55893.93,665.0,1112,Planter,164762.53,33468.64,68,IN,0.8312,0,0,low_income,0,0.115
57761.13,693.0,1151,Harvester,191658.14,34593.19,59,MN,0.8471,1,0,low_income;prior_default,1,0.1665
127379.84,668.0,1112,Combine,161810.04,53637.38,39,KS,0.751,0,0,,1,0.0244
166706.98,692.0,1111,Harvester,108611.0,21221.12,80,SD,0.8365,0,0,long_term,1,0.0453
115883.31,702.0,1119,Skid Steer,142527.67,18209.92,61,ND,0.8867,0,0,,1,0.0371
135280.97,727.0,3331,Loader,287478.82,60333.57,56,ND,0.8265,0,0,,1,0.0279
72990.73,815.0,1121,Loader,326518.42,20668.66,45,MO,0.9405,0,0,low_down_payment,1,0.0598
62740.4,712.0,1112,Planter,226541.11,33117.2,63,IA,0.8725,0,0,,1,0.0705
83479.17,676.0,1152,Planter,164322.71,25084.32,37,IA,0.8676,0,0,,1,0.0369
124472.67,676.0,1113,Combine,221636.45,38994.25,63,NE,0.8504,1,0,prior_default,1,0.1188
119814.12,651.0,1113,Combine,157735.58,25528.7,67,MN,0.8607,0,0,,1,0.0695
124286.39,642.0,1119,Skid Steer,44071.8,10402.86,41,IN,0.809,0,0,,1,0.048
49489.49,675.0,1112,Skid Steer,213690.97,26247.74,57,WI,0.8906,0,0,low_income,0,0.1188
98873.87,706.0,1151,Combine,130824.94,12368.37,81,IN,0.9136,0,0,low_down_payment;long_term,0,0.0648
102320.59,695.0,1112,Planter,271833.28,76434.88,76,IL,0.7805,0,0,long_term,1,0.0354
117937.03,761.0,1152,Loader,112701.25,29533.5,52,IA,0.7924,0,0,,1,0.0233
151168.07,663.0,1113,Baler,120531.91,57940.33,71,WI,0.6754,0,0,,0,0.0327
117079.51,682.0,1151,Skid Steer,74773.7,13471.37,54,IL,0.8473,0,0,,1,0.0336
120474.09,707.0,1111,Loader,274566.98,48690.1,56,SD,0.8494,0,0,,1,0.0303
30000.0,657.0,1152,Combine,175676.03,10892.36,49,KS,0.9416,0,0,low_down_payment;low_income,0,0.1988
150883.47,666.0,1113,Sprayer,132594.36,19992.45,40,SD,0.869,0,0,,1,0.039
125571.82,660.0,3331,Combine,232273.24,95075.49,59,MO,0.7096,0,0,,1,0.0326
123221.03,647.0,1151,Tractor,78402.49,17796.82,36,MO,0.815,0,0,,1,0.0427
69764.89,726.0,4238,Loader,157181.12,18829.02,64,MO,0.893,0,0,,0,0.0648
113669.23,752.0,1119,Loader,186362.1,61738.42,62,IL,0.7512,0,0,,1,0.0234
126605.2,688.0,1152,Harvester,46524.12,4239.42,67,ND,0.9165,0,0,low_down_payment,1,0.0511
86108.8,662.0,3331,Combine,121374.48,52566.08,56,IA,0.6978,0,0,,1,0.0324
76962.01,625.0,1111,Tractor,198627.65,54900.36,48,ND,0.7835,0,0,low_credit,0,0.0913
74576.97,743.0,1119,Skid Steer,123052.79,37765.01,47,ND,0.7652,0,0,,1,0.0297
158356.34,689.0,1112,Combine,162007.03,39955.66,56,ND,0.8022,0,0,,1,0.0262
99106.24,737.0,1113,Harvester,271956.41,74476.48,54,ND,0.785,0,0,,1,0.0234
109840.53,680.0,1119,Planter,245732.64,51784.72,50,WI,0.8259,0,0,,1,0.0307
146606.29,694.0,1119,Baler,65524.49,9196.02,61,IN,0.8769,0,0,,1,0.0358
72206.93,701.0,4238,Combine,47875.81,25403.19,73,NE,0.6533,0,0,long_term,1,0.0345
62292.5,674.0,1112,Sprayer,305266.62,30953.03,45,KS,0.9079,0,0,low_down_payment,1,0.0874
135672.73,553.0,1111,Sprayer,77731.48,19262.51,38,MO,0.8014,0,0,low_credit,0,0.1519
74617.12,737.0,1119,Harvester,233512.3,33256.25,62,ND,0.8753,0,0,,1,0.0533
170037.69,742.0,1121,Tractor,119532.61,10185.79,68,IL,0.9215,0,0,low_down_payment,1,0.0508
91684.37,634.0,1111,Sprayer,324755.6,0.0,64,ND,1.0,0,1,high_ltv;low_down_payment;low_credit;bankruptcy,0,0.2547
240923.6,787.0,4238,Tractor,225291.47,0.0,57,ND,1.0,0,0,high_ltv;low_down_payment,1,0.062
107013.58,662.0,4238,Baler,192947.8,23679.81,83,NE,0.8907,0,0,long_term,0,0.0857
39722.08,716.0,1119,Loader,85345.67,29212.79,59,NE,0.745,0,0,low_income,1,0.0819
169758.99,782.0,1119,Tractor,283468.49,45175.92,64,NE,0.8625,0,0,,1,0.0356
54813.79,752.0,1151,Harvester,185564.43,70111.41,56,ND,0.7258,0,0,low_income,1,0.0535
75072.83,678.0,1113,Combine,175318.92,6856.4,43,ND,0.9624,0,0,high_ltv;low_down_payment,1,0.0779
34044.01,781.0,3331,Sprayer,221250.23,71041.31,74,SD,0.757,0,0,low_income;long_term,1,0.1171
170761.71,787.0,4238,Harvester,147030.35,55955.19,56,ND,0.7243,0,0,,1,0.0193
66305.17,697.0,1113,Harvester,114994.93,56647.03,67,IN,0.67,0,0,,1,0.0352
102354.89,717.0,1112,Harvester,71496.49,13154.9,52,NE,0.8446,0,0,,0,0.0281
76839.94,719.0,4238,Loader,207204.71,56320.28,53,KS,0.7863,0,0,,1,0.0329
66710.19,758.0,1121,Baler,234377.86,54503.21,62,KS,0.8113,0,0,,1,0.0524
148096.34,680.0,1152,Tractor,166101.28,51280.98,52,SD,0.7641,0,0,,1,0.0251
30000.0,830.0,1113,Sprayer,304400.19,32844.31,42,IL,0.9026,0,0,low_down_payment;low_income,1,0.1335
187990.83,793.0,1111,Sprayer,100265.06,13366.5,47,MN,0.8824,0,0,,1,0.0297
82797.87,675.0,4238,Baler,141600.58,20667.71,61,WI,0.8726,0,0,,1,0.0544
67496.57,711.0,1119,Loader,101466.8,45265.77,56,SD,0.6915,0,0,,1,0.0315
82159.6,746.0,1111,Skid Steer,138947.75,38227.84,50,IN,0.7842,0,0,,1,0.0272
87636.99,683.0,1112,Tractor,105006.71,30439.31,47,IL,0.7753,0,0,,1,0.0247
133317.96,725.0,4238,Harvester,211111.39,42518.0,47,MN,0.8324,0,0,,1,0.0249
58627.79,744.0,1112,Baler,223861.7,83775.39,74,KS,0.7277,0,0,low_income;long_term,1,0.0678
161957.29,675.0,1152,Planter,196322.24,65837.81,60,MO,0.7489,1,0,prior_default,1,0.089
80833.46,662.0,1111,Baler,230175.4,116311.77,52,KS,0.6643,0,0,,1,0.0308
186050.56,641.0,3331,Skid Steer,185370.57,27575.36,61,ND,0.8705,0,0,,1,0.0769
80387.18,756.0,1111,Skid Steer,103712.15,10484.9,64,SD,0.9082,0,0,low_down_payment,1,0.0582
79160.87,727.0,1152,Sprayer,239963.42,47113.72,73,SD,0.8359,0,0,long_term,1,0.0536
76518.85,688.0,4238,Loader,302801.16,43469.87,63,MO,0.8745,0,0,,0,0.0529
76430.64,649.0,1151,Skid Steer,274115.53,36769.91,63,NE,0.8817,0,0,,0,0.0962
74371.12,758.0,1112,Harvester,197569.28,31158.42,62,NE,0.8638,0,0,,1,0.0516
87503.62,673.0,1151,Harvester,116364.31,63176.75,54,ND,0.6481,0,0,,1,0.0206
30000.0,706.0,1111,Tractor,116724.64,44237.61,57,ND,0.7252,0,0,low_income,1,0.0915
49994.14,673.0,1119,Sprayer,289329.78,8328.41,38,IN,0.972,0,0,high_ltv;low_down_payment;low_income,1,0.1412
96273.64,757.0,1119,Skid Steer,92405.25,18404.45,54,MN,0.8339,0,0,,1,0.0278
48132.3,746.0,1119,Combine,96732.5,22333.29,59,WI,0.8124,0,0,low_income,1,0.0838
43936.43,626.0,1111,Combine,150677.52,32365.89,50,MN,0.8232,0,0,low_income;low_credit,0,0.1746
93824.92,691.0,3331,Tractor,243689.23,60237.9,49,ND,0.8018,0,0,,1,0.023
205033.15,735.0,1152,Harvester,90012.25,29311.59,58,IN,0.7544,0,0,,1,0.0222
108882.65,629.0,1112,Sprayer,240645.97,41086.4,50,IA,0.8542,0,0,low_credit,0,0.0826
134243.18,782.0,1152,Harvester,265395.86,51634.64,54,MN,0.8371,0,0,,1,0.0282
87313.05,661.0,1151,Tractor,182088.12,67089.66,68,IA,0.7308,0,0,,0,0.0425
82890.79,703.0,1121,Harvester,185708.39,91375.45,45,IN,0.6702,0,0,,1,0.0163
145874.66,692.0,1111,Tractor,223235.62,76865.76,77,IA,0.7439,0,0,long_term,1,0.0317
41695.71,703.0,3331,Skid Steer,235292.13,42931.03,65,KS,0.8457,0,0,low_income,1,0.1105
91108.72,678.0,1121,Tractor,90863.12,18396.0,54,NE,0.8316,0,0,,1,0.0344
164200.07,694.0,1152,Planter,65914.95,26383.91,78,MO,0.7141,0,0,long_term,1,0.0289
58538.49,662.0,1111,Loader,253444.88,28720.74,53,ND,0.8982,0,0,low_income,0,0.1164
125418.76,754.0,1151,Combine,194605.74,38393.04,84,ND,0.8352,0,0,long_term,1,0.0477
95961.03,599.0,1112,Combine,266609.86,81634.84,36,KS,0.7656,1,0,low_credit;prior_default,0,0.1693
194963.45,547.0,1113,Planter,309002.24,6912.76,53,ND,0.9781,0,0,high_ltv;low_down_payment;low_credit,1,0.2419
96040.58,723.0,1113,Loader,332088.01,0.0,46,MO,1.0,0,0,high_ltv;low_down_payment,1,0.0535
118051.85,653.0,1113,Sprayer,95221.38,24987.86,48,IA,0.7921,0,0,,1,0.0419
118706.99,683.0,1152,Loader,53383.78,14657.6,66,KS,0.7846,0,0,,0,0.0315
89918.04,729.0,4238,Harvester,273444.81,31658.88,67,IL,0.8962,0,0,,1,0.0418
91479.43,606.0,4238,Loader,46356.77,4773.54,55,NE,0.9066,0,0,low_down_payment;low_credit,0,0.142
169566.36,680.0,1152,Baler,249041.19,24038.15,42,WI,0.912,0,0,low_down_payment,1,0.0406
155180.92,673.0,1151,Baler,150242.09,17228.61,82,IA,0.8971,0,0,long_term,1,0.0734
108848.45,660.0,3331,Loader,140508.75,45411.03,52,ND,0.7557,0,0,,1,0.0346
129944.77,622.0,1121,Tractor,149333.73,21706.26,52,WI,0.8731,0,0,low_credit,1,0.0986
92963.57,701.0,1113,Sprayer,200888.38,38499.28,51,SD,0.8392,0,0,,1,0.0271
116601.81,617.0,1151,Skid Steer,120214.52,43460.1,44,ND,0.7345,0,0,low_credit,1,0.0641
167848.83,780.0,1152,Loader,269237.4,63239.54,75,ND,0.8098,0,0,long_term,1,0.0386
101797.19,640.0,1112,Baler,106100.87,16124.53,57,IL,0.8681,0,0,low_credit,1,0.0807
144456.51,667.0,1112,Harvester,53441.6,15778.5,69,IL,0.7721,0,0,,1,0.0416
112192.88,664.0,1151,Loader,194003.55,98695.45,70,IA,0.6628,0,0,,0,0.0305
166949.89,715.0,1113,Loader,74828.1,22596.45,50,ND,0.7681,0,0,,1,0.0207
137639.51,553.0,3331,Baler,103473.08,16330.72,73,WI,0.8637,0,0,low_credit;long_term,1,0.2112
83034.46,669.0,1112,Baler,65732.22,12534.15,68,IN,0.8399,0,0,,1,0.0588
87333.04,782.0,1119,Planter,249240.31,99601.87,72,KS,0.7145,1,1,prior_default;bankruptcy,0,0.1776
215891.17,701.0,1111,Planter,125911.62,19669.48,44,MN,0.8649,0,0,,1,0.0267
126041.56,719.0,3331,Planter,260931.06,78795.08,56,SD,0.7681,0,0,,1,0.0227
137379.34,713.0,1111,Baler,252524.74,58761.39,36,ND,0.8112,0,0,,1,0.0195
30000.0,631.0,1151,Combine,54752.9,11110.86,67,KS,0.8313,1,0,low_income;low_credit;prior_default,0,0.2493
70803.35,732.0,1151,Baler,83280.58,29868.38,63,IN,0.736,0,0,,1,0.0373
77251.46,716.0,4238,Baler,281681.53,61106.55,57,ND,0.8217,0,0,,0,0.039
30000.0,727.0,1111,Skid Steer,105794.59,34663.4,71,KS,0.7532,0,0,low_income,1,0.113
30000.0,595.0,1111,Loader,58739.7,5651.34,51,IN,0.9122,0,0,low_down_payment;low_income;low_credit,0,0.2516
67848.49,661.0,1121,Combine,142386.2,29532.99,56,SD,0.8282,0,0,,0,0.0778
150223.96,720.0,1113,Sprayer,141074.94,25169.24,59,KS,0.8486,0,0,,1,0.0316
89817.0,589.0,1119,Skid Steer,136457.24,47721.04,65,ND,0.7409,0,0,low_credit,1,0.117
133044.85,688.0,1113,Tractor,165040.92,7159.72,50,WI,0.9584,0,0,high_ltv;low_down_payment,1,0.0511
58470.07,691.0,1111,Harvester,91574.02,23029.46,67,SD,0.7991,1,0,low_income;prior_default,1,0.1583
174158.92,703.0,1112,Combine,162926.58,13112.14,56,ND,0.9255,0,0,low_down_payment,1,0.0436
48048.44,747.0,1151,Combine,153336.07,63486.57,48,MN,0.7072,0,0,low_income,1,0.0532
66553.6,660.0,1121,Baler,87454.05,24881.72,70,MO,0.7785,0,0,,1,0.082
96859.99,670.0,1111,Sprayer,275079.93,66336.51,68,WI,0.8057,0,0,,0,0.0437
139072.64,646.0,1119,Skid Steer,135442.17,26877.69,57,WI,0.8344,0,0,,1,0.0613
214444.32,641.0,1152,Skid Steer,124038.79,41682.23,66,MO,0.7485,0,0,,1,0.0559
112150.29,635.0,1112,Tractor,255047.72,60960.06,60,SD,0.8071,0,0,low_credit,1,0.0744
105480.88,634.0,1111,Sprayer,262056.83,50422.9,57,NE,0.8386,0,0,low_credit,0,0.0806
30000.0,686.0,3331,Baler,60719.41,11930.63,61,IL,0.8358,0,0,low_income,1,0.1313
169303.46,688.0,1119,Tractor,231978.26,94883.43,78,KS,0.7097,0,0,long_term,1,0.0295
133973.94,619.0,1113,Sprayer,137282.97,71015.67,64,MO,0.6591,0,0,low_credit,1,0.0626
86452.33,678.0,1113,Skid Steer,172664.93,82816.25,73,MN,0.6758,0,0,long_term,1,0.032
53460.22,696.0,4238,Skid Steer,256120.93,57285.36,36,IA,0.8172,0,0,low_income,1,0.0571
87080.6,671.0,3331,Harvester,130568.79,26824.61,58,ND,0.8296,0,0,,1,0.0437
144682.8,708.0,1151,Loader,133181.63,49735.07,65,KS,0.7281,0,0,,1,0.0225
109194.47,733.0,1152,Harvester,206035.11,47939.1,48,MN,0.8112,0,0,,1,0.0235
94063.4,709.0,1121,Combine,248691.21,60386.02,65,MN,0.8046,0,0,,1,0.0296
57297.51,615.0,1113,Tractor,55380.28,10374.82,41,MO,0.8422,0,0,low_income;low_credit,0,0.1597
130599.93,784.0,1113,Loader,162248.88,29477.26,62,KS,0.8463,0,0,,1,0.0327
80823.75,613.0,3331,Baler,81409.05,25203.6,56,MN,0.7636,0,0,low_credit,0,0.101
121715.91,655.0,1113,Sprayer,201889.68,58438.04,43,IA,0.7755,0,0,,1,0.0358
152701.03,729.0,1152,Combine,273361.31,40219.34,67,MO,0.8717,0,0,,0,0.0384
107259.77,771.0,1119,Harvester,231171.89,48534.54,46,WI,0.8265,0,0,,1,0.024
118965.26,713.0,1121,Skid Steer,61761.6,7074.71,70,IN,0.8972,0,0,,1,0.0436
93601.38,681.0,1113,Loader,69715.92,8908.05,58,WI,0.8867,0,0,,1,0.0416
153552.72,690.0,1113,Combine,104098.01,27136.65,57,WI,0.7932,0,0,,1,0.0252
101937.91,581.0,4238,Baler,182293.84,42539.96,58,IL,0.8108,0,0,low_credit,0,0.1403
127730.69,728.0,4238,Planter,136645.81,31023.72,68,IN,0.815,1,0,prior_default,1,0.0959
129327.33,619.0,3331,Combine,63181.0,15445.09,66,MN,0.8036,0,0,low_credit,1,0.0987
132374.3,667.0,1119,Loader,255995.38,86879.46,66,MO,0.7466,0,0,,1,0.0366
105800.59,665.0,1152,Harvester,160603.19,30175.64,73,WI,0.8418,0,0,long_term,1,0.0628
66610.65,730.0,4238,Planter,137919.56,17195.9,55,NE,0.8891,0,0,,1,0.0614
55322.19,734.0,1152,Harvester,160072.26,22732.23,61,NE,0.8756,0,0,low_income,1,0.0887
117142.6,712.0,1121,Sprayer,199651.95,47185.49,63,IA,0.8088,0,0,,1,0.0291
86532.87,705.0,1112,Harvester,84859.25,16624.83,73,IN,0.8362,0,0,long_term,1,0.0448
94350.96,661.0,3331,Sprayer,86137.83,26263.79,36,IN,0.7663,0,0,,1,0.0283
145340.91,695.0,1113,Harvester,42341.08,11564.16,66,WI,0.7855,0,0,,1,0.028
70087.28,774.0,1152,Sprayer,232593.24,31693.56,64,IL,0.8801,0,0,,1,0.0618
176842.66,691.0,1152,Harvester,244055.94,54420.92,37,IN,0.8177,0,0,,1,0.0203
117196.63,769.0,1119,Baler,224001.41,27940.58,60,IN,0.8891,0,0,,1,0.0368
141331.08,759.0,3331,Combine,79189.02,12212.69,62,ND,0.8664,0,0,,1,0.0351
131135.24,744.0,1111,Combine,253747.66,49763.57,59,IA,0.836,0,0,,1,0.0302
123876.98,636.0,1111,Tractor,269584.68,71374.0,64,SD,0.7907,0,0,low_credit,1,0.0737
67990.57,711.0,1112,Combine,239110.01,82475.58,50,MO,0.7435,0,0,,1,0.0342
72762.15,702.0,1113,Skid Steer,94884.3,18137.65,36,KS,0.8395,0,0,,1,0.0344
129595.16,680.0,1112,Skid Steer,42913.68,8749.64,62,SD,0.8306,0,0,,1,0.0368
90860.15,620.0,1152,Baler,274285.51,72542.04,55,MN,0.7908,0,1,low_credit;bankruptcy,0,0.1871
30000.0,605.0,1151,Tractor,230976.52,45925.15,76,IN,0.8341,0,0,low_income;low_credit;long_term,0,0.2373
187026.21,641.0,4238,Sprayer,276891.25,33659.7,75,SD,0.8916,0,0,long_term,0,0.1041
110391.86,825.0,1112,Baler,169921.2,42834.98,70,WI,0.7987,0,0,,1,0.0312
113248.77,520.0,1113,Planter,208564.25,11931.99,60,MO,0.9459,0,0,low_down_payment;low_credit,0,0.2528
102428.1,682.0,1111,Combine,254829.07,18574.22,70,IL,0.9321,0,0,low_down_payment,1,0.0611
117419.82,623.0,1112,Harvester,185623.47,74223.91,51,IL,0.7144,0,0,low_credit,1,0.0602
143335.15,642.0,1152,Combine,241115.47,63996.53,76,IL,0.7903,0,0,long_term,1,0.0783
59071.28,799.0,1121,Planter,117008.9,30038.95,60,NE,0.7957,0,0,low_income,1,0.0637
129860.94,585.0,1119,Skid Steer,178245.4,36429.25,50,MO,0.8303,0,0,low_credit,0,0.1328
89332.37,708.0,1121,Loader,141610.66,44444.93,69,IN,0.7611,0,0,,1,0.0274
112180.09,726.0,1112,Baler,80165.4,15875.37,58,WI,0.8347,0,0,,1,0.0296
155362.72,726.0,1119,Loader,170744.67,70272.1,58,MN,0.7084,0,0,,1,0.0188
64573.6,760.0,3331,Combine,269164.21,61247.41,65,KS,0.8146,0,0,,1,0.0579
245760.93,632.0,3331,Harvester,140854.85,36634.86,61,IA,0.7936,0,0,low_credit,1,0.0763
178540.24,659.0,1111,Baler,145868.59,25994.93,36,ND,0.8487,0,0,,1,0.0388
84389.7,755.0,1113,Planter,211225.6,77527.05,72,ND,0.7315,1,0,prior_default,1,0.0885
120496.88,708.0,1112,Sprayer,254151.13,74528.54,72,IL,0.7732,0,0,,1,0.0294
176180.71,649.0,1119,Baler,183508.59,37856.41,61,IN,0.829,0,0,,0,0.0605
110061.25,715.0,1121,Combine,151861.27,26227.35,70,MN,0.8527,0,0,,1,0.0376
135293.97,824.0,1113,Loader,193954.51,0.0,60,MN,1.0,0,0,high_ltv;low_down_payment,1,0.0645
65794.32,650.0,1111,Planter,134861.28,39223.15,52,MN,0.7747,0,0,,1,0.0766
69196.38,664.0,1121,Combine,143679.15,23038.59,74,IN,0.8618,0,0,long_term,1,0.1052
90852.17,665.0,1113,Sprayer,153518.29,36173.27,54,IA,0.8093,0,1,bankruptcy,0,0.1302
102411.91,729.0,4238,Tractor,202583.83,90701.85,46,WI,0.6907,0,0,,1,0.0146
175112.79,715.0,1111,Planter,154955.03,22156.74,57,IA,0.8749,0,0,,1,0.0336
51195.97,628.0,3331,Tractor,209056.71,56190.97,50,MO,0.7882,0,0,low_income;low_credit,0,0.1468
86131.18,609.0,3331,Baler,121922.25,32886.87,67,NE,0.7876,1,0,low_credit;prior_default,0,0.1981
34351.73,640.0,1119,Loader,233510.99,60704.42,49,KS,0.7937,0,0,low_income;low_credit,0,0.1643
57172.36,676.0,1113,Tractor,104724.68,36685.74,54,WI,0.7406,0,0,low_income,1,0.0638
138049.18,694.0,4238,Loader,169317.25,36281.79,57,WI,0.8235,0,0,,1,0.0281
38146.69,711.0,1151,Loader,57523.13,20426.09,60,NE,0.738,0,0,low_income,1,0.0837
105335.71,641.0,1151,Loader,279333.75,56271.44,71,KS,0.8323,0,0,,1,0.0776
83300.4,762.0,4238,Tractor,285504.51,50245.55,55,IL,0.8503,0,0,,1,0.0357
178584.07,642.0,3331,Tractor,307254.06,0.0,75,IL,1.0,0,0,high_ltv;low_down_payment;long_term,1,0.1526
110057.33,722.0,1113,Harvester,83109.17,26935.08,55,IL,0.7552,0,0,,1,0.0213
131186.72,633.0,1121,Planter,253261.56,10840.08,65,IL,0.959,0,0,high_ltv;low_down_payment;low_credit,1,0.1409
132870.86,668.0,1151,Loader,199306.54,9039.48,41,MO,0.9566,1,0,high_ltv;low_down_payment;prior_default,0,0.1543
92601.04,741.0,1121,Combine,124247.38,36509.29,73,SD,0.7729,0,0,long_term,1,0.0331
91881.17,640.0,1112,Combine,256468.11,31097.86,77,MN,0.8919,0,0,long_term,1,0.1072
109187.21,702.0,1112,Loader,220583.49,33082.64,37,WI,0.8696,0,0,,1,0.0245
127518.75,732.0,1152,Baler,201461.31,62700.53,53,IL,0.7626,0,0,,1,0.0212
105009.82,712.0,3331,Skid Steer,239881.92,80629.85,62,SD,0.7484,0,1,bankruptcy,1,0.0907
53799.89,690.0,4238,Tractor,123585.1,42579.13,61,ND,0.7438,0,0,low_income,0,0.0618
94508.54,673.0,1111,Harvester,226044.7,68368.37,77,KS,0.7678,0,0,long_term,1,0.0459
177468.14,671.0,1112,Baler,147558.39,2693.9,64,IA,0.9821,0,0,high_ltv;low_down_payment,1,0.0855
121251.67,766.0,3331,Baler,81719.51,22160.1,59,SD,0.7867,0,0,,1,0.0254
39639.73,691.0,3331,Planter,42474.25,10408.32,60,IN,0.8032,0,0,low_income,0,0.0975
69927.77,621.0,1151,Tractor,83733.46,17982.21,53,IN,0.8232,0,0,low_credit,1,0.1265
80720.96,697.0,1111,Combine,278672.48,22030.18,60,IL,0.9267,0,0,low_down_payment,1,0.0581
34002.58,758.0,3331,Harvester,304834.36,35610.33,64,MN,0.8954,0,0,low_income,1,0.1401
30000.0,656.0,3331,Sprayer,196751.25,21648.2,59,MN,0.9009,0,0,low_down_payment;low_income,0,0.1967
34173.91,650.0,1121,Loader,279441.36,19507.08,55,MN,0.9347,0,0,low_down_payment;low_income,1,0.2034
87168.15,671.0,1151,Loader,90834.06,26400.05,75,IA,0.7748,0,0,long_term,1,0.0502
41930.11,651.0,1111,Combine,158912.56,56019.37,49,ND,0.7394,0,0,low_income,1,0.1125
149589.48,672.0,1119,Loader,171837.52,53142.92,49,MN,0.7638,0,0,,1,0.028
42131.12,697.0,1119,Combine,205134.21,11872.87,78,KS,0.9453,0,0,low_down_payment;low_income;long_term,1,0.1725
64854.26,732.0,1111,Tractor,85240.33,40328.86,63,MN,0.6788,0,0,,1,0.0356
91665.03,569.0,1152,Loader,80298.09,15518.95,63,IL,0.838,0,0,low_credit,0,0.1702
122989.05,615.0,1113,Baler,139952.19,35250.84,52,KS,0.7988,0,0,low_credit,0,0.088
140396.8,670.0,1121,Tractor,202533.4,59604.02,53,KS,0.7726,0,0,,1,0.0313
56111.61,611.0,1151,Harvester,270831.48,45066.14,36,NE,0.8573,0,0,low_income;low_credit,0,0.166
74608.36,683.0,1151,Harvester,163380.76,48214.39,69,SD,0.7721,0,0,,1,0.047
207604.92,705.0,1112,Baler,241253.37,85162.69,50,MO,0.7391,0,0,,1,0.0186
107549.25,611.0,3331,Baler,261110.4,78813.99,69,ND,0.7681,0,0,low_credit,0,0.1015
110951.96,745.0,1111,Sprayer,171334.92,11441.86,52,WI,0.9374,0,0,low_down_payment,1,0.0428
93047.94,703.0,3331,Harvester,104592.09,8672.84,64,IA,0.9234,0,0,low_down_payment,0,0.0484
128363.52,675.0,1112,Skid Steer,168419.88,56484.2,55,IL,0.7489,0,0,,1,0.0273
66921.75,744.0,1112,Sprayer,261330.82,40569.11,66,ND,0.8656,0,0,,1,0.0652
90083.7,637.0,4238,Skid Steer,137282.55,24983.29,53,IN,0.846,0,0,low_credit,1,0.0755
147075.72,618.0,1152,Baler,210601.88,23110.4,59,SD,0.9011,1,0,low_down_payment;low_credit;prior_default,0,0.217
82010.23,624.0,1112,Planter,151575.12,18917.45,67,MN,0.889,0,0,low_credit,0,0.1326
30000.0,688.0,3331,Tractor,189774.67,19756.36,67,SD,0.9057,0,0,low_down_payment;low_income,0,0.166
148516.84,701.0,1152,Sprayer,144780.37,17135.21,84,KS,0.8942,0,0,long_term,0,0.0577
106100.18,711.0,1152,Sprayer,231752.52,80828.42,69,WI,0.7414,0,0,,1,0.0251
188341.19,667.0,1119,Loader,101670.93,15555.59,49,MN,0.8673,0,0,,1,0.0434
118272.47,715.0,1121,Harvester,321264.05,22849.76,71,MO,0.9336,0,0,low_down_payment,1,0.055
163835.78,669.0,1111,Tractor,206854.62,58997.59,61,KS,0.7781,0,0,,1,0.0364
109368.47,741.0,1111,Sprayer,237367.26,39309.35,55,IL,0.8579,0,0,,1,0.0307
83370.54,701.0,1119,Baler,90918.69,18097.5,36,SD,0.834,0,0,,1,0.0254
98509.28,672.0,1151,Tractor,37387.18,14842.53,50,KS,0.7158,0,0,,1,0.0237
102159.72,739.0,4238,Loader,47126.48,14345.77,46,IL,0.7666,0,0,,1,0.0194
49501.07,663.0,3331,Harvester,153945.11,17800.4,71,ND,0.8964,0,0,low_income,0,0.154
83712.46,690.0,1151,Combine,184809.17,84171.91,58,IA,0.6871,0,0,,1,0.0208
73255.82,641.0,1113,Skid Steer,111811.49,45105.18,54,KS,0.7126,0,0,,1,0.0634
67011.97,816.0,1113,Combine,94873.21,19535.23,43,IL,0.8293,0,1,bankruptcy,1,0.137
123804.5,641.0,1119,Baler,133234.46,10835.88,53,WI,0.9248,0,0,low_down_payment,1,0.0897
131243.4,656.0,1151,Tractor,189203.04,54589.37,50,NE,0.7761,0,0,,1,0.0389
78212.02,609.0,3331,Sprayer,205773.14,7807.96,75,IA,0.9634,0,0,high_ltv;low_down_payment;low_credit;long_term,0,0.2169
157912.81,665.0,1113,Loader,45460.07,9954.91,41,NE,0.8204,1,0,prior_default,1,0.0999
113328.42,571.0,1152,Planter,70139.19,35548.38,40,ND,0.6636,0,0,low_credit,0,0.0927
98502.22,688.0,1121,Baler,175176.61,26506.82,76,MN,0.8686,0,0,long_term,0,0.0493
104885.63,651.0,1119,Skid Steer,52004.76,12697.42,36,SD,0.8038,0,0,,1,0.0381
105069.37,658.0,1119,Loader,107163.3,14236.6,66,ND,0.8827,1,0,prior_default,0,0.1568
110169.95,683.0,1112,Baler,245344.64,77117.93,57,IN,0.7608,0,0,,0,0.0257
123559.18,631.0,3331,Planter,164930.11,47366.66,72,MN,0.7769,0,0,low_credit,0,0.0837
144091.64,729.0,3331,Sprayer,245812.14,54913.97,53,SD,0.8174,0,0,,1,0.0259
50448.74,689.0,1111,Sprayer,230695.15,94115.67,74,KS,0.7102,0,0,low_income;long_term,0,0.0778
170127.19,710.0,1119,Planter,98112.13,5929.31,55,ND,0.943,1,0,low_down_payment;prior_default,1,0.126
30000.0,696.0,3331,Combine,233089.14,72060.46,49,IA,0.7639,0,0,low_income,1,0.0936
60778.87,681.0,4238,Tractor,94436.87,13708.81,61,IL,0.8732,0,0,,0,0.0817
111313.42,649.0,1151,Skid Steer,148276.09,69454.16,56,NE,0.681,0,0,,1,0.0346
69350.99,685.0,1113,Loader,256521.78,85061.28,66,SD,0.751,0,0,,0,0.0457
34861.91,605.0,1151,Harvester,39306.98,7092.53,75,ND,0.8471,0,0,low_income;low_credit;long_term,0,0.2362
160807.31,626.0,1111,Sprayer,68251.97,35867.14,75,MO,0.6555,0,0,low_credit;long_term,1,0.0704
138260.16,583.0,1152,Planter,195071.82,73776.7,70,IL,0.7256,0,0,low_credit,1,0.125
174707.84,714.0,1119,Harvester,89457.71,20197.69,47,MO,0.8158,0,0,,1,0.0235
191097.5,702.0,1121,Harvester,187330.07,10787.97,57,MO,0.9455,0,0,low_down_payment,1,0.0472
101059.76,775.0,1113,Tractor,224500.63,47181.39,63,MN,0.8263,0,0,,1,0.031
104394.6,746.0,1119,Combine,151781.25,48843.27,76,ND,0.7565,0,0,long_term,1,0.0326
81122.44,686.0,4238,Baler,172969.28,36776.91,43,IA,0.8247,0,0,,1,0.0313
137188.93,691.0,1119,Planter,254393.44,14200.52,67,MN,0.9471,0,0,low_down_payment,1,0.0544
61217.22,634.0,3331,Skid Steer,124249.71,14709.78,57,NE,0.8941,0,0,low_credit,0,0.152
54994.36,708.0,3331,Sprayer,189724.93,69666.1,50,SD,0.7314,0,0,low_income,1,0.0501
112788.34,653.0,3331,Baler,214279.46,31044.13,77,IL,0.8735,0,0,long_term,0,0.086
144804.93,661.0,4238,Combine,34864.68,10176.87,36,SD,0.7741,0,0,,1,0.0288
170300.87,645.0,4238,Sprayer,41395.19,6967.07,76,IA,0.8559,0,0,long_term,0,0.0905
154591.11,658.0,4238,Planter,104189.44,38214.92,50,NE,0.7316,0,0,,1,0.0322
30000.0,661.0,1119,Loader,133434.67,23564.53,44,IA,0.8499,0,0,low_income,0,0.1501
96119.71,682.0,4238,Combine,143027.0,36360.46,60,WI,0.7973,0,0,,1,0.0309
88168.2,682.0,1111,Sprayer,98085.79,21879.28,66,IA,0.8176,0,0,,1,0.0377
89674.17,697.0,4238,Baler,210052.3,59847.34,61,ND,0.7783,0,0,,1,0.0256
137117.98,557.0,1151,Skid Steer,208808.77,86482.88,43,IA,0.7071,0,0,low_credit,1,0.1241
68928.23,655.0,1121,Harvester,207887.66,93487.07,79,KS,0.6898,0,0,long_term,1,0.077
141697.46,764.0,1111,Baler,202104.72,67230.6,60,WI,0.7504,0,0,,1,0.0226
69188.3,718.0,4238,Combine,166965.94,53061.2,62,IN,0.7588,0,0,,1,0.0414
70205.46,699.0,1113,Tractor,241959.05,48468.8,55,SD,0.8331,0,0,,0,0.047
30000.0,726.0,1152,Baler,121165.55,21169.36,50,KS,0.8513,0,0,low_income,1,0.1188
121795.85,597.0,1151,Baler,292052.29,42581.61,59,KS,0.8728,0,0,low_credit,1,0.14
107388.86,702.0,1111,Loader,201826.8,22978.6,49,NE,0.8978,0,0,,1,0.0323
87731.29,802.0,1152,Planter,68400.92,10550.3,53,KS,0.8664,0,0,,1,0.0326
77998.48,614.0,3331,Loader,158998.82,15893.82,66,MO,0.9091,0,0,low_down_payment;low_credit,0,0.1695
79340.34,725.0,1121,Loader,221525.91,0.0,71,MO,1.0,0,0,high_ltv;low_down_payment,0,0.0935
166223.51,657.0,1111,Harvester,194092.4,49040.39,42,WI,0.7983,0,0,,1,0.0366
82129.63,722.0,1151,Sprayer,170058.41,17017.63,43,NE,0.909,0,0,low_down_payment,1,0.0419
126543.82,665.0,1151,Sprayer,243365.96,43917.18,64,IA,0.8471,0,0,,1,0.0514
78388.69,815.0,1151,Harvester,105634.5,24764.83,77,IL,0.8101,0,0,long_term,1,0.053
124480.39,633.0,3331,Tractor,272888.64,39925.38,54,NE,0.8724,0,0,low_credit,0,0.0868
30000.0,785.0,1113,Sprayer,133311.22,20658.91,71,ND,0.8658,0,0,low_income,1,0.147
93510.74,670.0,4238,Planter,277852.11,7870.34,57,IL,0.9725,0,0,high_ltv;low_down_payment,1,0.0778
104423.8,639.0,4238,Combine,47850.82,10093.39,55,KS,0.8258,0,0,low_credit,1,0.0702
62281.77,829.0,1151,Loader,282328.67,45121.73,58,KS,0.8622,0,0,,1,0.0648
127760.78,706.0,1152,Planter,155924.35,14982.62,66,MO,0.9123,0,0,low_down_payment,1,0.048
127929.48,731.0,4238,Sprayer,266553.79,21482.89,58,WI,0.9254,0,0,low_down_payment,1,0.0448
109262.26,830.0,1119,Harvester,280779.96,52898.4,84,MN,0.8415,0,0,long_term,1,0.0487
149338.81,682.0,1152,Harvester,55083.67,17034.56,54,MO,0.7638,0,0,,1,0.0251
156542.07,622.0,1111,Sprayer,47460.07,14102.12,79,SD,0.7709,0,0,low_credit;long_term,1,0.1067
103145.38,720.0,3331,Loader,286034.91,32910.61,60,WI,0.8968,0,0,,1,0.0378
112251.3,660.0,1119,Tractor,45454.25,13987.61,80,IN,0.7647,0,0,long_term,0,0.0581
78851.76,668.0,1121,Loader,210222.55,72842.02,50,SD,0.7427,0,0,,1,0.0374
196261.48,707.0,4238,Tractor,96041.6,14559.4,56,NE,0.8684,0,0,,1,0.0323
84583.67,628.0,1121,Skid Steer,176290.39,59132.76,62,NE,0.7488,0,0,low_credit,1,0.0797
139258.99,698.0,1121,Combine,54187.01,1220.82,58,IN,0.978,0,0,high_ltv;low_down_payment,1,0.0586
77273.77,630.0,1119,Skid Steer,130599.27,35251.57,57,WI,0.7875,0,0,low_credit,1,0.0948
34314.48,757.0,1121,Combine,111772.02,11316.02,68,NE,0.9081,0,0,low_down_payment;low_income,1,0.1565
94468.06,757.0,1111,Skid Steer,247108.04,38969.32,66,KS,0.8638,0,0,,1,0.0368
91064.16,660.0,1113,Harvester,123560.37,21542.17,59,MN,0.8515,0,0,,0,0.0531
105655.27,784.0,1119,Loader,39691.59,10072.98,69,IN,0.7976,0,0,,1,0.0306
148075.59,610.0,1113,Combine,290068.04,52694.62,72,MN,0.8463,0,0,low_credit,0,0.1282
118633.27,616.0,3331,Skid Steer,317662.16,19286.8,49,WI,0.9428,0,0,low_down_payment;low_credit,1,0.1317
97874.23,623.0,3331,Planter,126806.5,28748.27,36,NE,0.8152,0,0,low_credit,0,0.0688
60934.62,722.0,1151,Planter,107094.0,20338.75,38,IN,0.8404,0,0,,1,0.0479
122558.15,708.0,1113,Baler,60469.56,10957.41,49,IN,0.8466,0,0,,1,0.027
65819.01,687.0,1113,Sprayer,266478.51,43782.99,74,ND,0.8589,0,0,long_term,1,0.0828
136796.77,669.0,1113,Combine,240903.72,83663.86,67,NE,0.7422,0,0,,1,0.0355
120056.25,637.0,4238,Planter,125027.88,5586.33,50,NE,0.9572,0,0,high_ltv;low_down_payment;low_credit,0,0.1161
135910.93,618.0,4238,Baler,235182.5,90547.35,65,SD,0.722,0,0,low_credit,0,0.0785
30000.0,658.0,1151,Skid Steer,264859.59,23242.76,54,SD,0.9193,0,0,low_down_payment;low_income,1,0.1954
59130.98,666.0,3331,Planter,96653.93,8483.33,56,WI,0.9193,0,0,low_down_payment;low_income,1,0.1274
88728.41,708.0,4238,Harvester,36306.79,9188.54,63,WI,0.798,0,0,,1,0.029
151998.84,697.0,1151,Combine,272466.22,46529.45,67,IA,0.8541,0,0,,1,0.0362
155230.97,708.0,1121,Tractor,178818.45,23075.43,60,MO,0.8857,0,0,,1,0.0364
144535.82,617.0,1151,Harvester,221499.29,0.0,51,IL,1.0,0,0,high_ltv;low_down_payment;low_credit,0,0.1598
142009.32,563.0,1152,Sprayer,104271.88,0.0,55,IN,1.0,0,0,high_ltv;low_down_payment;low_credit,0,0.2348
95040.38,776.0,4238,Loader,65645.25,6906.7,69,KS,0.9048,0,0,low_down_payment,0,0.0488
138273.89,709.0,3331,Tractor,253371.97,69934.55,63,IA,0.7837,0,0,,1,0.0267
69256.54,676.0,4238,Sprayer,96926.53,34824.25,53,IN,0.7357,1,0,prior_default,0,0.1148
119192.94,733.0,1112,Sprayer,274910.42,11021.96,41,ND,0.9615,0,0,high_ltv;low_down_payment,1,0.044
131392.46,773.0,1112,Planter,98346.39,32761.64,60,SD,0.7501,0,0,,1,0.0226
145515.76,605.0,1152,Combine,240271.55,30630.41,64,WI,0.8869,0,0,low_credit,1,0.1395
102568.53,716.0,1151,Loader,109559.68,25277.83,51,SD,0.8125,0,0,,1,0.0247
143088.05,624.0,3331,Planter,124598.98,20214.59,67,IN,0.8604,0,0,low_credit,0,0.1082
156494.25,605.0,3331,Skid Steer,183483.02,67524.0,44,MN,0.731,0,0,low_credit,1,0.0755
67090.35,579.0,1121,Skid Steer,223712.7,83418.09,53,IL,0.7284,0,0,low_credit,1,0.155
178409.61,647.0,1119,Planter,249521.0,47980.1,61,KS,0.8387,0,0,,1,0.0638
166800.32,647.0,1152,Planter,283513.37,34925.33,44,IL,0.8903,0,0,,1,0.0605
144687.63,715.0,3331,Skid Steer,238036.51,86659.64,69,IL,0.7331,0,0,,1,0.0243
144960.08,661.0,1112,Harvester,167249.3,54108.45,80,IL,0.7556,0,0,long_term,1,0.0552
131783.05,651.0,1111,Skid Steer,192655.7,34089.03,60,IL,0.8497,0,0,,1,0.0615
55101.55,641.0,1152,Sprayer,123695.67,69397.43,40,IN,0.6406,0,0,low_income,1,0.0693
30000.0,630.0,1113,Harvester,254358.6,24164.59,75,IA,0.9132,0,0,low_down_payment;low_income;low_credit;long_term,0,0.2469
123802.91,649.0,1112,Harvester,229764.89,69910.08,36,MO,0.7667,0,0,,1,0.0347
76470.62,734.0,4238,Sprayer,281847.13,28604.74,60,MO,0.9079,0,0,low_down_payment,1,0.0606
49182.21,659.0,3331,Planter,171838.33,83246.42,61,WI,0.6737,0,0,low_income,1,0.0848
86492.82,626.0,4238,Combine,83128.2,23474.57,66,KS,0.7798,0,0,low_credit,1,0.0902
72552.0,698.0,1113,Planter,219880.23,73457.39,57,WI,0.7496,0,0,,1,0.0343
86197.3,749.0,1151,Tractor,138378.62,32466.03,65,MO,0.81,0,0,,1,0.0333
122247.0,725.0,1119,Planter,103178.99,29782.87,76,KS,0.776,0,0,long_term,1,0.0349
101496.91,666.0,1121,Planter,234949.68,26925.56,69,WI,0.8972,0,0,,0,0.0637
45946.96,631.0,1151,Harvester,58386.63,19722.4,60,MO,0.7475,0,0,low_income;low_credit,0,0.1513
158830.63,697.0,3331,Planter,253705.05,59676.87,37,MO,0.8096,0,0,,1,0.0197
139336.26,676.0,1152,Skid Steer,256865.74,69651.81,36,NE,0.7867,0,0,,1,0.0231
118422.79,610.0,1111,Loader,188843.14,46579.13,38,KS,0.8021,0,0,low_credit,1,0.0814
88311.29,769.0,1112,Baler,143604.54,38127.17,52,KS,0.7902,0,0,,1,0.0242
140903.14,611.0,1151,Tractor,135546.36,14293.68,47,NE,0.9046,0,0,low_down_payment;low_credit,1,0.1241
86495.31,650.0,4238,Skid Steer,282808.62,52195.7,40,KS,0.8442,0,0,,1,0.051
84040.66,685.0,1112,Skid Steer,124085.82,19902.39,67,KS,0.8618,0,0,,1,0.0471
105364.15,758.0,3331,Loader,162128.96,36757.06,62,NE,0.8152,1,0,prior_default,1,0.0899
98697.3,813.0,4238,Sprayer,195006.43,64782.08,74,ND,0.7506,0,0,long_term,0,0.031
113240.53,675.0,3331,Harvester,229240.23,41313.99,57,KS,0.8473,0,0,,1,0.0395
61785.82,659.0,1152,Loader,191679.47,68485.11,72,MN,0.7368,0,0,,1,0.0825
74028.54,658.0,1112,Loader,206457.35,73793.08,80,MN,0.7367,0,0,long_term,0,0.0779
93927.43,708.0,1111,Planter,71955.65,29006.22,54,SD,0.7127,1,0,prior_default,1,0.0603
82398.37,755.0,1121,Combine,276801.48,29539.77,49,MN,0.9036,0,0,low_down_payment,1,0.0445
68274.0,669.0,1112,Harvester,187570.87,32226.44,64,ND,0.8534,0,0,,1,0.0805
93071.74,724.0,1151,Sprayer,73469.25,26337.19,47,IN,0.7361,0,0,,1,0.0176
162551.0,657.0,3331,Planter,109294.19,34071.15,75,IL,0.7623,0,0,long_term,1,0.0565
61659.65,732.0,3331,Loader,168986.16,41976.94,54,MO,0.801,0,0,,1,0.0514
78610.09,744.0,3331,Sprayer,183853.17,48036.53,59,IL,0.7928,0,0,,1,0.0351
98931.77,653.0,1121,Skid Steer,189802.6,19954.45,56,IA,0.9049,0,0,low_down_payment,1,0.0732
192417.94,683.0,1111,Loader,144351.16,6077.02,64,MN,0.9596,0,0,high_ltv;low_down_payment,1,0.0671
30000.0,757.0,1152,Sprayer,181761.52,36506.61,65,IA,0.8327,0,0,low_income,1,0.1299
48666.96,751.0,3331,Tractor,196036.59,44670.75,39,MO,0.8144,0,0,low_income,1,0.0656
131423.2,706.0,1151,Skid Steer,176484.38,48203.09,60,IA,0.7855,0,0,,1,0.0256
125298.43,642.0,1152,Baler,190141.95,46096.02,71,IL,0.8049,0,0,,1,0.07
135168.33,624.0,1113,Baler,180423.27,92622.89,37,KS,0.6608,0,0,low_credit,1,0.0416
114465.45,665.0,3331,Planter,58604.61,14237.08,61,MO,0.8045,0,0,,1,0.0432
197963.56,618.0,1151,Baler,230217.77,74551.36,58,MO,0.7554,1,0,low_credit;prior_default,1,0.1647
144439.48,752.0,3331,Tractor,138008.57,23034.73,49,IL,0.857,0,0,,1,0.028
195049.04,576.0,1112,Harvester,76374.22,20707.16,77,MO,0.7867,0,0,low_credit;long_term,1,0.1668
184495.39,762.0,1151,Baler,127598.24,26530.81,65,NE,0.8279,0,0,,1,0.0321
111895.42,621.0,4238,Skid Steer,265414.01,48350.38,47,MO,0.8459,0,0,low_credit,1,0.0878
88198.39,697.0,1151,Tractor,312367.81,16334.64,58,MO,0.9503,0,0,high_ltv;low_down_payment,1,0.0561
111244.55,712.0,1119,Tractor,278764.34,68948.38,84,SD,0.8017,0,0,long_term,1,0.0427
92961.87,735.0,1151,Sprayer,50557.29,14966.94,67,WI,0.7716,0,0,,1,0.0271
114600.3,738.0,1119,Harvester,128385.11,56464.42,74,WI,0.6945,0,0,long_term,1,0.0254
156949.51,763.0,4238,Tractor,312123.48,27061.81,73,KS,0.9202,0,0,low_down_payment;long_term,1,0.0596
247249.92,635.0,1151,Tractor,128776.17,32924.96,45,KS,0.7964,0,0,low_credit,1,0.0603
55378.36,693.0,1152,Loader,221340.22,35685.15,66,ND,0.8612,0,0,low_income,0,0.0899
129075.96,673.0,1121,Combine,85811.02,42794.88,70,SD,0.6672,0,0,,1,0.0264
114728.55,690.0,1121,Harvester,239844.92,63543.86,57,SD,0.7906,1,0,prior_default,1,0.0792
49845.39,672.0,1112,Planter,240215.62,52238.23,55,MO,0.8214,0,0,low_income,0,0.1005
68080.36,678.0,1111,Tractor,202222.44,57323.89,61,WI,0.7791,0,0,,1,0.0546
140525.7,805.0,1113,Baler,113159.26,36661.44,46,IA,0.7553,1,1,prior_default;bankruptcy,1,0.1628
30000.0,626.0,1151,Planter,49827.21,8263.37,53,SD,0.8578,0,0,low_income;low_credit,0,0.2103
64481.91,794.0,1152,Planter,143202.18,36442.61,36,SD,0.7971,0,0,,1,0.0369
57922.49,657.0,1151,Baler,109993.56,8687.29,45,ND,0.9268,0,0,low_down_payment;low_income,0,0.1324
118343.1,679.0,1119,Tractor,270343.2,52003.63,52,IA,0.8387,0,0,,0,0.0335
60944.68,687.0,1151,Planter,45849.93,13924.14,63,MN,0.7671,1,0,prior_default,1,0.1361
123961.71,687.0,1121,Tractor,57556.43,25736.74,77,IL,0.691,0,0,long_term,1,0.0276
143451.26,664.0,1113,Baler,77685.14,14013.8,55,IN,0.8472,0,0,,1,0.0464
153717.64,830.0,1151,Combine,153872.12,29243.82,63,IL,0.8403,0,0,,1,0.0325
186113.25,717.0,1112,Planter,199390.9,36936.85,51,IL,0.8437,0,0,,1,0.0276
177672.09,742.0,1119,Baler,203043.62,54786.5,55,NE,0.7875,0,0,,1,0.024
168992.54,809.0,4238,Planter,76989.7,47687.51,75,NE,0.6175,0,0,long_term,1,0.0194
57387.41,648.0,1151,Skid Steer,105389.39,40588.48,54,KS,0.722,0,0,low_income,1,0.0891
60886.74,783.0,4238,Planter,205518.17,20567.07,59,IL,0.909,0,0,low_down_payment,1,0.085
74247.57,689.0,1152,Harvester,165194.53,75916.84,66,IN,0.6851,1,0,prior_default,1,0.0895
30000.0,695.0,1151,Loader,225862.07,90642.42,36,MN,0.7136,0,0,low_income,1,0.07
54978.79,617.0,1152,Loader,195617.89,103808.02,70,NE,0.6533,0,0,low_income;low_credit,1,0.1324
38287.34,650.0,3331,Skid Steer,201918.29,47208.4,47,IA,0.8105,0,0,low_income,1,0.1395
131851.01,738.0,4238,Harvester,80792.14,8335.74,67,MN,0.9065,0,0,low_down_payment,1,0.0477
195570.11,829.0,1119,Loader,46932.68,19058.56,71,MO,0.7112,0,0,,1,0.0232
170250.68,662.0,1112,Planter,208069.84,84216.37,52,IN,0.7119,0,0,,1,0.029
143112.18,787.0,3331,Sprayer,200475.22,91344.44,51,KS,0.687,0,0,,1,0.0156
88610.95,723.0,4238,Tractor,86548.78,21455.22,50,KS,0.8013,0,0,,1,0.0242
179010.46,685.0,1119,Harvester,271597.75,46067.77,60,ND,0.855,0,0,,1,0.0358
154151.73,668.0,3331,Harvester,271899.24,62137.88,44,MN,0.814,0,0,,1,0.0331
133260.95,673.0,1112,Harvester,81648.1,17174.36,52,SD,0.8262,0,0,,1,0.0357
158805.37,624.0,3331,Harvester,141902.1,35766.21,84,WI,0.7987,0,0,low_credit;long_term,0,0.117
117565.28,633.0,1112,Combine,74604.5,15201.59,49,IA,0.8307,0,0,low_credit,1,0.0727
155335.57,526.0,1112,Tractor,72732.44,7223.77,52,ND,0.9097,0,0,low_down_payment;low_credit,1,0.2334
191173.09,560.0,1152,Sprayer,83658.94,26432.29,50,KS,0.7599,0,0,low_credit,1,0.1435
99530.35,754.0,1113,Baler,109113.5,31817.79,72,IN,0.7742,0,0,,0,0.0295
154373.76,601.0,1111,Combine,170878.81,66964.8,67,MN,0.7185,0,0,low_credit,1,0.0988
126976.28,652.0,3331,Harvester,52494.8,18397.08,50,IA,0.7405,0,0,,1,0.0369
79663.98,627.0,1121,Skid Steer,114667.61,28338.31,59,IN,0.8018,0,0,low_credit,1,0.0997
178087.27,671.0,1111,Planter,101214.93,25791.83,84,IN,0.7969,0,0,long_term,1,0.0575
141829.88,716.0,4238,Planter,258254.0,34170.63,50,IN,0.8831,0,0,,1,0.0312
30000.0,788.0,1121,Sprayer,242165.81,82075.29,66,NE,0.7469,0,0,low_income,1,0.1061
120299.82,748.0,3331,Loader,58860.6,26876.04,84,IA,0.6865,0,0,long_term,1,0.0286
44990.27,673.0,1113,Sprayer,184649.22,48041.53,45,ND,0.7935,0,0,low_income,1,0.0905
30000.0,743.0,1151,Skid Steer,126097.27,52677.25,67,IA,0.7053,1,0,low_income;prior_default,1,0.1766
76471.08,775.0,1112,Planter,53650.75,35078.41,58,SD,0.6047,0,0,,1,0.0186
97615.96,631.0,1113,Skid Steer,232591.33,68756.96,48,WI,0.7718,0,0,low_credit,1,0.0616
120994.23,719.0,4238,Combine,193413.58,19636.37,39,ND,0.9078,0,0,low_down_payment,1,0.0321
91268.63,668.0,4238,Sprayer,135885.44,43987.2,81,IN,0.7555,0,0,long_term,1,0.0501
176626.99,643.0,3331,Baler,44962.67,15649.69,66,WI,0.7418,0,0,,1,0.0534
84433.5,705.0,3331,Sprayer,246405.05,25911.13,62,KS,0.9048,0,0,low_down_payment,1,0.0509
68911.11,641.0,1119,Tractor,286288.24,39652.37,42,IA,0.8783,0,0,,1,0.0979
97976.44,699.0,4238,Harvester,192048.19,68089.85,68,IL,0.7383,0,0,,1,0.0244
137935.53,662.0,1151,Tractor,200602.69,27382.6,44,KS,0.8799,0,0,,0,0.0455
86133.11,631.0,4238,Tractor,91566.29,10104.78,71,IN,0.9006,0,1,low_down_payment;low_credit;bankruptcy,0,0.2326
126655.03,604.0,1151,Combine,202835.19,46853.72,63,MO,0.8124,0,0,low_credit,1,0.117
93726.91,685.0,1151,Baler,210702.53,47969.69,58,ND,0.8146,0,0,,1,0.0302
30000.0,698.0,4238,Baler,184914.42,21158.47,54,WI,0.8973,0,0,low_income,0,0.1374
171883.31,723.0,1152,Baler,155599.41,38671.08,49,ND,0.8009,0,0,,1,0.023
30000.0,647.0,1113,Harvester,56663.6,17024.98,50,ND,0.769,0,0,low_income,1,0.1502
132297.23,695.0,1111,Combine,130739.57,31552.6,43,KS,0.8056,0,0,,1,0.0213
153010.82,694.0,1111,Tractor,59006.98,23208.32,49,MN,0.7177,0,0,,1,0.0169
141588.87,720.0,1112,Skid Steer,67054.48,15725.79,48,ND,0.81,0,0,,1,0.0234
123022.5,697.0,1152,Loader,147209.89,29461.36,46,IL,0.8332,0,0,,1,0.0246
114163.79,661.0,1119,Skid Steer,249125.06,49029.68,53,KS,0.8356,0,0,,1,0.0457
87331.14,716.0,4238,Sprayer,240691.49,62530.47,78,IL,0.7938,0,0,long_term,1,0.0408
125678.33,623.0,1112,Planter,81628.93,11817.45,46,KS,0.8735,0,0,low_credit,1,0.0913
39332.98,641.0,1112,Loader,91926.43,36531.39,62,IN,0.7156,0,0,low_income,1,0.1361
135593.08,724.0,1111,Loader,42373.59,22258.87,55,MN,0.6556,0,0,,1,0.0147
135958.93,712.0,1151,Harvester,169824.53,40808.17,47,NE,0.8063,0,0,,1,0.0227
105927.76,637.0,1111,Harvester,235896.63,50475.83,60,IA,0.8237,0,0,low_credit,0,0.0765
65935.23,721.0,3331,Combine,165079.22,77936.69,74,NE,0.6793,0,0,long_term,1,0.0447
167929.16,617.0,1112,Harvester,257367.04,44690.85,40,IN,0.852,0,0,low_credit,0,0.0872
138428.34,752.0,1111,Tractor,255957.7,47149.55,66,IN,0.8444,0,1,bankruptcy,1,0.1212
62679.97,830.0,1112,Skid Steer,115503.5,45808.06,57,IA,0.716,0,0,,1,0.0393
184177.66,651.0,3331,Skid Steer,45060.33,3949.88,50,NE,0.9194,0,0,low_down_payment,1,0.0733
125727.52,718.0,1111,Harvester,207099.29,62118.39,57,NE,0.7693,0,0,,0,0.0231
182459.41,658.0,1112,Tractor,225009.97,9717.57,65,ND,0.9586,0,0,high_ltv;low_down_payment,1,0.0973
122820.45,779.0,1121,Baler,266305.46,77665.16,66,IL,0.7742,0,0,,1,0.0269
35721.84,795.0,3331,Loader,271209.31,42386.47,45,ND,0.8648,0,0,low_income,1,0.1059
119625.56,636.0,3331,Sprayer,273290.29,59342.48,67,KS,0.8216,0,0,low_credit,1,0.0837
85233.73,784.0,4238,Skid Steer,210371.88,45724.48,70,ND,0.8215,0,0,,1,0.0382
30000.0,730.0,1151,Baler,63434.29,20896.72,55,IL,0.7522,0,0,low_income,1,0.0965
86712.07,612.0,1151,Harvester,238432.97,56415.01,55,KS,0.8087,0,0,low_credit,0,0.1025
62391.76,635.0,1112,Harvester,137375.48,27166.57,56,IL,0.8349,0,0,low_credit,0,0.1295
67973.88,636.0,4238,Skid Steer,132582.03,51035.19,52,WI,0.7221,0,0,low_credit,1,0.083
59422.3,671.0,1121,Tractor,148968.1,22061.27,56,SD,0.871,0,0,low_income,1,0.0976
90914.43,693.0,1119,Combine,200469.77,31223.05,68,WI,0.8652,1,0,prior_default,1,0.1096
64804.39,613.0,1113,Tractor,296609.06,43832.08,56,KS,0.8712,0,0,low_credit,0,0.1655
135787.09,623.0,1119,Combine,112900.14,41237.57,63,NE,0.7325,0,1,low_credit;bankruptcy,0,0.1735
30000.0,757.0,1121,Planter,59270.75,9645.98,61,SD,0.86,1,0,low_income;prior_default,0,0.2177
119627.16,710.0,1121,Harvester,143196.24,36724.82,44,SD,0.7959,0,0,,1,0.0209
134739.84,696.0,1112,Baler,222798.23,92609.48,64,IN,0.7064,0,0,,1,0.0205
133181.2,584.0,1111,Skid Steer,221386.74,66269.01,47,WI,0.7696,0,0,low_credit,0,0.113
138669.81,706.0,1152,Tractor,51490.83,13786.76,58,SD,0.7888,0,0,,1,0.0252
30000.0,645.0,1119,Loader,66143.33,14668.2,62,MN,0.8185,0,0,low_income,0,0.1794
65492.97,598.0,1111,Sprayer,213382.87,45191.71,49,WI,0.8252,0,0,low_credit,0,0.1604
89185.11,674.0,3331,Harvester,249122.97,86026.62,52,KS,0.7433,0,0,,1,0.0265
125558.45,655.0,1151,Baler,155352.75,38705.54,36,ND,0.8005,0,0,,1,0.0351
123388.54,734.0,1119,Sprayer,128745.5,28423.82,77,IA,0.8192,0,0,long_term,1,0.041
114719.34,742.0,1121,Tractor,279793.81,55170.68,57,MN,0.8353,0,0,,1,0.0292
41586.9,640.0,4238,Sprayer,282253.68,57860.09,78,MO,0.8299,0,0,low_income;low_credit;long_term,0,0.1971
162962.73,789.0,1119,Baler,220931.01,18520.7,51,IL,0.9227,0,0,low_down_payment,1,0.0402
30000.0,611.0,1112,Loader,48145.89,17704.14,70,IN,0.7311,0,0,low_income;low_credit,0,0.1981
97080.01,751.0,1151,Loader,269413.94,52179.53,50,IL,0.8377,0,0,,1,0.0266
70916.45,735.0,4238,Harvester,262870.02,29432.33,62,MN,0.8993,1,0,prior_default,0,0.1524
116561.34,659.0,1119,Planter,59699.55,12873.37,52,IN,0.8226,0,0,,0,0.0442
78099.62,606.0,3331,Tractor,213629.49,129857.68,62,MO,0.6219,0,0,low_credit,1,0.0836
124141.05,766.0,1121,Sprayer,254624.36,86748.23,57,IL,0.7459,0,0,,1,0.0212
167417.59,767.0,1121,Loader,142863.69,12985.69,48,ND,0.9167,0,0,low_down_payment,1,0.0377
188253.03,748.0,3331,Combine,250276.27,16565.21,61,ND,0.9379,0,0,low_down_payment,1,0.0487
30000.0,674.0,3331,Skid Steer,158032.99,29961.65,65,MO,0.8406,1,0,low_income;prior_default,1,0.2275
40771.94,611.0,1113,Skid Steer,176143.38,20957.57,48,IA,0.8937,0,0,low_income;low_credit,1,0.2162
123565.04,661.0,1119,Combine,317174.6,26900.81,55,IA,0.9218,0,0,low_down_payment,1,0.0677
158981.62,650.0,1112,Tractor,105154.09,8992.54,60,IA,0.9212,0,0,low_down_payment,1,0.0843
146297.7,706.0,3331,Baler,253609.57,66658.86,62,IA,0.7919,0,0,,1,0.027
161906.95,730.0,1151,Tractor,139751.37,20383.23,52,ND,0.8727,0,0,,1,0.031
189870.55,665.0,4238,Sprayer,37317.74,18712.42,53,IN,0.666,0,0,,1,0.0234
76299.25,694.0,4238,Planter,102820.91,34071.94,54,MO,0.7511,0,0,,1,0.0299
48056.86,630.0,1151,Baler,105488.21,30573.79,73,SD,0.7753,0,0,low_income;low_credit;long_term,0,0.1766
145951.25,740.0,4238,Loader,45238.51,16648.09,67,NE,0.731,0,0,,1,0.0234
54327.5,586.0,1151,Harvester,41468.33,14976.18,61,NE,0.7347,0,0,low_income;low_credit,0,0.1833
50437.08,727.0,1113,Sprayer,45225.99,24898.07,59,ND,0.6449,0,0,low_income,1,0.0473
71995.24,677.0,1152,Baler,54872.07,27767.16,74,IL,0.664,0,0,long_term,1,0.0453
91622.6,730.0,1111,Loader,171867.32,100126.85,56,IN,0.6319,0,0,,1,0.0137
104310.87,573.0,1121,Combine,42933.02,11171.55,66,IN,0.7935,0,0,low_credit,0,0.1541
106665.84,605.0,1121,Loader,175024.35,70809.35,52,NE,0.712,0,0,low_credit,1,0.0785
121649.02,648.0,3331,Harvester,118014.04,27004.8,69,MO,0.8138,0,0,,1,0.065
143824.6,638.0,1151,Combine,226954.85,39126.23,81,MO,0.853,0,0,low_credit;long_term,1,0.1107
127655.36,698.0,1151,Loader,271512.75,23498.56,50,ND,0.9203,0,0,low_down_payment,1,0.0393
127526.24,735.0,1121,Harvester,260696.46,31192.87,42,IA,0.8931,0,0,,1,0.0286
100611.97,591.0,1111,Skid Steer,271962.6,21283.65,77,KS,0.9274,0,0,low_down_payment;low_credit;long_term,0,0.2011
164687.39,655.0,4238,Harvester,305992.07,27284.58,67,ND,0.9181,0,0,low_down_payment,1,0.0852
82776.63,663.0,1111,Planter,131949.06,44462.62,57,IL,0.748,0,0,,1,0.0419
86314.89,749.0,1113,Combine,190584.38,74510.59,59,IN,0.7189,0,0,,1,0.022
117179.77,650.0,4238,Skid Steer,83954.72,10589.38,49,ND,0.888,0,0,,1,0.0611
125663.59,649.0,1121,Baler,297177.57,23193.37,63,IN,0.9276,0,0,low_down_payment,1,0.0904
67620.87,637.0,1113,Tractor,212216.04,15916.9,54,ND,0.9302,0,0,low_down_payment;low_credit,0,0.1517
87708.27,764.0,1151,Skid Steer,132329.65,3814.55,79,MO,0.972,0,0,high_ltv;low_down_payment;long_term,1,0.0865
42167.21,669.0,1113,Planter,155542.12,50441.78,52,ND,0.7551,0,0,low_income,0,0.097
94094.16,703.0,1119,Planter,122967.64,23993.62,46,IN,0.8367,0,0,,1,0.0249
177952.59,709.0,1113,Harvester,115029.31,33727.72,52,NE,0.7733,0,0,,1,0.0217
186716.38,751.0,3331,Skid Steer,249090.83,0.0,50,MO,1.0,0,0,high_ltv;low_down_payment,1,0.0565
114968.03,619.0,1111,Skid Steer,195776.96,58572.32,65,WI,0.7697,0,0,low_credit,1,0.0887
191605.18,711.0,3331,Loader,63375.71,20476.87,75,IA,0.7558,0,0,long_term,1,0.0321
199785.12,693.0,1121,Planter,167660.07,60627.89,54,IA,0.7344,0,0,,1,0.0195
95548.2,690.0,1119,Harvester,272726.82,29617.47,59,ND,0.902,0,0,low_down_payment,1,0.0423
94689.83,677.0,1111,Tractor,148941.38,27606.58,81,MO,0.8436,0,0,long_term,1,0.0578
98028.61,693.0,1151,Planter,41081.69,6211.47,57,MN,0.8687,0,0,,1,0.0329
129285.57,619.0,3331,Tractor,177526.81,19803.22,53,WI,0.8996,0,0,low_credit,1,0.1105
87302.36,712.0,4238,Skid Steer,99545.89,20976.09,59,IN,0.826,0,0,,1,0.0313
145416.67,629.0,3331,Sprayer,271523.21,38798.29,73,SD,0.875,0,0,low_credit;long_term,1,0.1208
130020.41,716.0,4238,Combine,58954.74,9952.14,65,NE,0.8556,0,0,,1,0.0353
30000.0,703.0,1121,Combine,279591.27,54612.17,48,IN,0.8366,0,0,low_income,1,0.1124
72130.21,716.0,1111,Loader,76002.56,12311.02,61,IN,0.8606,0,0,,1,0.0532
103312.72,708.0,1152,Skid Steer,49861.55,7019.69,50,NE,0.8766,0,0,,1,0.0305
62969.02,722.0,1119,Planter,237030.7,109254.49,64,IN,0.6845,0,0,,1,0.0386
58017.92,808.0,1119,Tractor,98992.04,42206.92,70,MN,0.7011,0,0,low_income,1,0.0549
152327.92,726.0,1121,Harvester,82672.69,16389.23,56,SD,0.8346,0,0,,1,0.0287
160612.4,649.0,1119,Loader,289435.18,51637.03,58,IA,0.8486,0,0,,0,0.0615
76973.85,612.0,1111,Sprayer,101424.96,16083.26,44,NE,0.8631,0,0,low_credit,1,0.1255
99235.67,728.0,1119,Tractor,179362.69,80637.37,49,WI,0.6899,0,0,,1,0.0153
114092.76,703.0,3331,Tractor,158927.55,70105.32,62,SD,0.6939,0,0,,1,0.019
153858.88,671.0,1111,Harvester,199295.1,32307.38,58,NE,0.8605,0,0,,1,0.0452
108612.85,670.0,4238,Baler,200225.09,82671.26,42,MO,0.7078,0,0,,1,0.0214
59068.92,646.0,1113,Baler,265702.33,27698.38,51,IA,0.9056,0,0,low_down_payment;low_income,1,0.1448
105491.4,689.0,1119,Tractor,122145.44,21637.75,70,IL,0.8495,0,0,,1,0.038
95647.33,596.0,1112,Harvester,317749.87,26277.57,61,IN,0.9236,0,0,low_down_payment;low_credit,1,0.1676
129323.8,646.0,1113,Skid Steer,313628.49,12809.1,55,WI,0.9608,0,0,high_ltv;low_down_payment,0,0.1027
115145.03,617.0,1113,Planter,205078.0,44081.08,51,IA,0.8231,0,0,low_credit,0,0.091
30000.0,651.0,1152,Skid Steer,195594.14,8405.61,62,WI,0.9588,0,0,high_ltv;low_down_payment;low_income,0,0.23
55149.02,725.0,1151,Planter,78439.31,20567.72,84,KS,0.7923,0,0,low_income;long_term,1,0.098
126660.08,632.0,4238,Tractor,58093.65,6262.2,70,IL,0.9027,0,0,low_down_payment;low_credit,0,0.1217
107910.95,637.0,1151,Harvester,36756.27,9874.26,63,WI,0.7882,0,0,low_credit,1,0.0708
131402.16,636.0,1113,Loader,146276.94,22014.21,75,NE,0.8692,0,0,low_credit;long_term,1,0.1116
99421.86,655.0,1151,Skid Steer,162623.46,71378.53,71,IL,0.695,0,0,,1,0.0405
41563.02,631.0,1112,Combine,60596.75,15864.3,50,SD,0.7925,1,0,low_income;low_credit;prior_default,0,0.2265
80795.17,734.0,4238,Planter,141391.15,31408.74,66,WI,0.8182,0,0,,1,0.04
158916.18,632.0,1119,Baler,134449.96,72526.42,63,NE,0.6496,0,0,low_credit,1,0.0495
108287.83,613.0,1113,Sprayer,255873.27,54062.19,76,SD,0.8256,0,0,low_credit;long_term,0,0.1303
142899.93,662.0,1121,Sprayer,125111.83,24755.23,38,MN,0.8348,0,0,,1,0.0363
102984.06,792.0,1152,Baler,267325.21,24460.44,64,IL,0.9162,0,0,low_down_payment,1,0.0473
93377.24,658.0,1111,Loader,104668.01,25528.48,43,WI,0.8039,1,0,prior_default,1,0.1071
85686.84,736.0,3331,Baler,162717.48,12554.01,42,MN,0.9284,0,0,low_down_payment,1,0.0403
95176.96,584.0,1111,Planter,94946.44,13540.3,64,IL,0.8752,0,0,low_credit,1,0.163
159172.63,623.0,4238,Harvester,269903.97,29565.12,51,MO,0.9013,0,0,low_down_payment;low_credit,0,0.1115
132331.11,704.0,1112,Loader,273594.88,11609.19,70,SD,0.9593,1,0,high_ltv;low_down_payment;prior_default,0,0.158
107006.43,690.0,1112,Planter,217217.09,71127.26,59,MO,0.7533,0,0,,1,0.0225
160477.33,685.0,1151,Harvester,141771.99,37899.79,60,KS,0.7891,0,0,,1,0.0282
103281.26,654.0,3331,Tractor,75757.45,9191.46,62,IA,0.8918,1,0,prior_default,1,0.1601
141542.26,672.0,1112,Combine,214447.04,40196.71,46,SD,0.8421,0,0,,1,0.0347
128893.15,664.0,3331,Tractor,40805.89,6362.67,72,SD,0.8651,0,0,,1,0.062
87394.54,762.0,1152,Harvester,59558.41,16383.34,58,MN,0.7843,0,0,,1,0.0266
108082.49,735.0,1112,Tractor,194761.49,52412.74,78,KS,0.788,0,0,long_term,1,0.0374
150771.66,674.0,1119,Loader,221176.3,45730.33,64,NE,0.8287,0,0,,1,0.0419
99266.73,735.0,1121,Loader,200550.92,106349.37,62,IL,0.6535,0,0,,1,0.0163
79039.4,718.0,1112,Skid Steer,65355.94,8592.82,65,ND,0.8838,0,0,,0,0.0512
42055.86,615.0,1111,Skid Steer,96877.77,23486.97,68,WI,0.8049,0,0,low_income;low_credit,0,0.1989
85214.96,769.0,1111,Skid Steer,152406.56,27346.36,53,SD,0.8479,0,0,,1,0.0327
66126.61,636.0,1119,Baler,94376.0,5081.71,62,IL,0.9489,0,0,low_down_payment;low_credit,0,0.1717
44438.14,790.0,1111,Planter,236213.27,53420.11,79,IN,0.8156,0,0,low_income;long_term,1,0.1195
99378.57,679.0,1113,Combine,77415.3,13845.49,50,SD,0.8483,0,0,,1,0.0334
169408.78,618.0,1151,Sprayer,270021.43,49435.25,37,NE,0.8453,0,0,low_credit,1,0.0809
99361.14,697.0,1119,Combine,238912.84,13983.2,67,WI,0.9447,0,0,low_down_payment,1,0.054
55119.49,660.0,1121,Tractor,155427.24,67134.43,72,IL,0.6984,0,0,low_income,1,0.0905
119645.89,598.0,1113,Harvester,189858.16,71590.47,58,KS,0.7262,0,0,low_credit,1,0.0952
40849.44,652.0,4238,Harvester,127298.83,47414.68,36,IN,0.7286,0,0,low_income,0,0.0976
90329.24,685.0,1151,Skid Steer,79768.18,13958.79,55,WI,0.8511,0,0,,1,0.0329
176113.43,761.0,1112,Harvester,75880.38,15059.99,51,ND,0.8344,0,0,,1,0.0267
112617.25,690.0,1119,Tractor,233498.02,99144.65,59,ND,0.7019,0,0,,1,0.0187
112785.63,784.0,1112,Combine,65865.98,11294.31,53,ND,0.8536,0,0,,1,0.0294
150689.47,681.0,1119,Baler,303992.9,29940.32,64,SD,0.9103,0,0,low_down_payment,1,0.0539
58575.66,665.0,4238,Combine,287915.12,57291.39,37,MO,0.834,0,0,low_income,0,0.0788
163138.06,645.0,1111,Harvester,64317.66,10077.64,59,IL,0.8645,0,0,,1,0.0695
94946.99,629.0,1113,Sprayer,174745.3,23174.37,49,IL,0.8829,0,0,low_credit,0,0.0897
137404.92,628.0,4238,Baler,206090.08,28482.51,57,NE,0.8786,0,0,low_credit,1,0.0977
124816.66,652.0,1111,Planter,219530.02,48019.24,72,SD,0.8205,0,0,,0,0.0642
