make,model,year,hours,price,location,condition,serial_number,source,timestamp,listing_id,title,asset_type,auction,sale_date,buying_format,image_url,source_url,auction_type,buy_now,buy_now_text,features
John Deere,5075E,2022.0,320.0,85000.0,"Ames, IA",Excellent,1LV5075EXHN123456,TractorZoom,2026-01-20 22:53:28.224699,,,,,,,,,,,,
Case IH,Puma 165,2019.0,540.0,92000.0,"Des Moines, IA",Good,ZCATB365JPZ123456,TractorZoom,2026-01-20 22:53:28.224705,,,,,,,,,,,,
John Deere,9RX 640,2023.0,,,"Saskatoon, SK, CAN",,1RW9640DJPJ822535,RitchieBros,2026-01-20 22:53:28.229233,38D26CAD-5E89-3A6D-9EEC-959D66465D55,2023 John Deere 9RX 640 Track Tractor,Track Tractor,"Saskatoon, SK, CAN - Feb 24, 2026",2026-02-24 14:00:00,Live Auction,https://cdn.ironpla.net/i/21063/889/fc14fb07-d97d-42b0-a405-4f3ca29f4e42.jpg,https://www.rbauction.com/cp/agricultural-tractors,,,,
Case IH,620,2020.0,,,"Grandview, MB, CAN",,JEEZC620LKF321380,RitchieBros,2026-01-20 22:53:28.229233,FD844674-C335-3543-8A29-0D5454A58771,2020 Case IH 620 Quadtrac Track Tractor,Track Tractor,"Grandview, MB, CAN - Mar 27, 2026",2026-03-27 14:00:00,Live Auction,https://cdn.ironpla.net/i/20827/436/42a08d8f-300d-4e06-9288-332f9b3c458b.jpg,https://www.rbauction.com/cp/agricultural-tractors,,,,
Case IH,620,2020.0,,,"Grandview, MB, CAN",,JEEZC620CLF321604,RitchieBros,2026-01-20 22:53:28.229233,B65AA3F6-6461-3FDF-96B4-A84305DEE023,2020 Case IH 620 Quadtrac Track Tractor,Track Tractor,"Grandview, MB, CAN - Mar 27, 2026",2026-03-27 14:00:00,Live Auction,https://cdn.ironpla.net/i/20827/437/3897106d-c55c-4338-854d-55cf8990e0e7.jpg,https://www.rbauction.com/cp/agricultural-tractors,,,,
Case IH,Steiger 540,2023.0,,,"Redvers, SK, CAN",,JEEZC540LPF510223,RitchieBros,2026-01-20 22:53:28.229233,EEBAAE6B-AE07-325B-AFA6-BFEE53D8FC82,2023 Case IH Steiger 540 Articulated Tractor,Articulated Tractor,"Redvers, SK, CAN - Apr 14, 2026",2026-04-14 18:00:00,Live Auction,https://cdn.ironpla.net/i/19087/142/41892ca2-2c80-449d-b95c-f9f1a9c06b67.jpg,https://www.rbauction.com/cp/agricultural-tractors,,,,
John Deere,9620RX,2018.0,,,"Manning, AB, CAN",,1RW9620RPJP806112,RitchieBros,2026-01-20 22:53:28.229233,3E245CE5-1420-3B68-905D-60A2CD74B6C4,2018 John Deere 9620RX Track Tractor,Track Tractor,"Manning, AB, CAN - Apr 09, 2026",2026-04-09 14:00:00,Live Auction,https://cdn.ironpla.net/i/20738/904/27b449f7-7ea5-4420-821d-de6c79b011ce.jpg,https://www.rbauction.com/cp/agricultural-tractors,,,,
Case IH,Steiger 580,2022.0,,,"Rose Valley, SK, CAN",,JEEZC580VNF505804,RitchieBros,2026-01-20 22:53:28.229233,0A18DDF0-171A-3856-9E2D-8E20D9DE016B,2022 Case IH Steiger 580 Articulated Tractor,Articulated Tractor,"Rose Valley, SK, CAN - Apr 17, 2026",2026-04-17 18:00:00,Live Auction,https://cdn.ironpla.net/i/20492/457/7cb0ed8b-42a5-44a9-b4a5-16bbbe76d3f5.jpg,https://www.rbauction.com/cp/agricultural-tractors,,,,
John Deere,9570RX,2016.0,,,"Saskatoon, SK, CAN",,1RW9570RPGP801226,RitchieBros,2026-01-20 22:53:28.229233,CA39F199-AFDA-30D2-AF7F-9E8D8704A47E,2016 John Deere 9570RX Track Tractor,Track Tractor,"Saskatoon, SK, CAN - Feb 24, 2026",2026-02-24 14:00:00,Live Auction,https://cdn.ironpla.net/i/21063/890/5ca24067-b7b0-49bc-9a78-85bf42118f99.jpg,https://www.rbauction.com/cp/agricultural-tractors,,,,
John Deere,9470RX,2021.0,,,"Saskatoon, SK, CAN",,1RW9470RKMP811268,RitchieBros,2026-01-20 22:53:28.229233,658D8D0D-4BAE-3830-978E-EF0B13039101,2021 John Deere 9470RX Track Tractor,Track Tractor,"Saskatoon, SK, CAN - Feb 24, 2026",2026-02-24 14:00:00,Live Auction,https://cdn.ironpla.net/i/21063/891/8af4e6db-3b21-4c6d-8a0f-705b7c9ce8ca.jpg,https://www.rbauction.com/cp/agricultural-tractors,,,,
John Deere,9620R,2017.0,,,"Sibbald, AB, CAN",,1RW9620RAGP054122,RitchieBros,2026-01-20 22:53:28.229233,93CFD66B-46C1-3ECD-B875-E88E2AF88885,2017 John Deere 9620R Articulated 4WD Tractor,Articulated Tractor,"Sibbald, AB, CAN - Mar 12, 2026",2026-03-12 18:00:00,Live Auction,https://cdn.ironpla.net/i/20548/881/440b15bd-34c1-4ff7-b6a1-44b2c97dd2cb.jpg,https://www.rbauction.com/cp/agricultural-tractors,,,,
John Deere,9520R,2016.0,,,"Rosthern, SK, CAN",,1RW9520R0GP052573,RitchieBros,2026-01-20 22:53:28.229233,6BACF435-78D4-3D90-8FD0-7E14E0D064D9,2016 John Deere 9520R Articulated Tractor,Articulated Tractor,"Rosthern, SK, CAN - Apr 09, 2026",2026-04-09 14:00:00,Live Auction,https://cdn.ironpla.net/i/20732/3/bc10c4cd-46ce-4de2-b5b9-2ee85f7366bc.jpg,https://www.rbauction.com/cp/agricultural-tractors,,,,
John Deere,9620RX,2017.0,,,"Enchant, AB, CAN",,1RW9620RBHP802289,RitchieBros,2026-01-20 22:53:28.229233,8A52D787-4A98-3C27-8075-E19A8A9D8BC9,2017 John Deere 9620RX Track Tractor,Track Tractor,"Enchant, AB, CAN - Mar 26, 2026",2026-03-26 14:00:00,Live Auction,https://cdn.ironpla.net/i/20293/341/3855e36a-2d35-46fc-ae74-98a8b2d95eac.jpg,https://www.rbauction.com/cp/agricultural-tractors,,,,
Case IH,540,2015.0,,,"Melfort, SK, CAN",,ZFF305005,RitchieBros,2026-01-20 22:53:28.229233,B75DAF06-748A-3174-9615-3578FA0087AA,2015 Case IH 540 Quadtrac Track Tractor,Track Tractor,"Melfort, SK, CAN - Apr 13, 2026",2026-04-13 14:00:00,Live Auction,https://cdn.ironpla.net/i/20542/859/bb8e5c73-5969-4882-9fa8-bf6c41a4b215.jpg,https://www.rbauction.com/cp/agricultural-tractors,,,,
Case IH,620,2015.0,,,"Windthorst, SK, CAN",,ZFF303822,RitchieBros,2026-01-20 22:53:28.229233,481DD330-BF0D-3939-8600-CD7AF09741F9,2015 Case IH 620 Quadtrac Track Tractor,Track Tractor,"Windthorst, SK, CAN - Apr 24, 2026",2026-04-24 14:00:00,Live Auction,https://cdn.ironpla.net/i/20678/696/cff69c49-7039-4088-a36d-7de37aa812fd.jpg,https://www.rbauction.com/cp/agricultural-tractors,,,,
Case IH,580,2015.0,,,"Foremost, AB, CAN",,ZFF304356,RitchieBros,2026-01-20 22:53:28.229233,EC7F960E-0792-3C33-8F25-876230989AC9,2015 Case IH 580 Quadtrac Track Tractor,Track Tractor,"Foremost, AB, CAN - Mar 17, 2026",2026-03-17 14:00:00,Live Auction,https://cdn.ironpla.net/i/19329/578/68366149-0c79-4d26-a811-13948da48d6c.jpg,https://www.rbauction.com/cp/agricultural-tractors,,,,
John Deere,9560R,2014.0,,,"Rouleau, SK, CAN",,1RW9560RLEP011327,RitchieBros,2026-01-20 22:53:28.229233,8E4259D5-D25F-3185-AF74-74EE7D09E2E7,2014 John Deere 9560R Articulated Tractor,Articulated Tractor,"Regina, SK, CAN - Mar 24, 2026",2026-03-24 14:00:00,Live Auction,https://cdn.ironpla.net/i/20971/726/5a88239e-66b3-46c3-be0d-47aae3547917.jpg,https://www.rbauction.com/cp/agricultural-tractors,,,,
Case IH,Steiger 500HD,2013.0,,,"Wakaw, SK, CAN",,ZDF135856,RitchieBros,2026-01-20 22:53:28.229233,6E8C0750-5781-3EBF-A096-6A04D1225C16,2013 Case IH Steiger 500HD Articulated Tractor,Articulated Tractor,"Wakaw, SK, CAN - Apr 14, 2026",2026-04-14 14:00:00,Live Auction,https://cdn.ironpla.net/i/20228/937/28070de2-a418-4f31-90ad-09ebf5fbdcc3.jpg,https://www.rbauction.com/cp/agricultural-tractors,,,,
John Deere,9570RT,2016.0,,,"Gilbert Plains, MB, CAN",,1RW9570RVFP15022,RitchieBros,2026-01-20 22:53:28.229233,57B9B9E4-D550-3867-A3B8-6BDA3888F6BF,2016 John Deere 9570RT Track Tractor,Track Tractor,"Gilbert Plains, MB, CAN - Mar 26, 2026",2026-03-26 13:00:00,Live Auction,https://cdn.ironpla.net/i/19140/960/8429c00d-5a4d-454a-8368-05dcba340bf2.jpg,https://www.rbauction.com/cp/agricultural-tractors,,,,
Case IH,500,2012.0,,,"Plenty, SK, CAN",,ZCF131192,RitchieBros,2026-01-20 22:53:28.229233,00251EDE-50F7-3963-B056-7F38C6EEDE62,2012 Case IH 500 Quadtrac Track Tractor,Track Tractor,"Plenty, SK, CAN - Mar 28, 2026",2026-03-28 18:00:00,Live Auction,https://cdn.ironpla.net/i/19745/566/876f6714-f168-4f5e-952a-141def848b4d.jpg,https://www.rbauction.com/cp/agricultural-tractors,,,,
Case IH,600,2012.0,,,"Edgerton, AB, CAN",,ZCF133338,RitchieBros,2026-01-20 22:53:28.229233,BB9BF30E-9601-3E4B-A56C-85053C166F2D,2012 Case IH 600 Quadtrac Track Tractor,Track Tractor,"Edgerton, AB, CAN - Apr 24, 2026",2026-04-24 14:00:00,Live Auction,https://cdn.ironpla.net/i/19456/192/d6d76ac1-a32e-4d6e-8912-3460678030b2.jpg,https://www.rbauction.com/cp/agricultural-tractors,,,,
John Deere,8370R,2014.0,,,"Saskatoon, SK, CAN",,1RW8370REED095385,RitchieBros,2026-01-20 22:53:28.229233,31E93A14-BB18-3C38-932B-0F23DB3779CA,2014 John Deere 8370R 4WD Tractor,4WD Tractor,"Saskatoon, SK, CAN - Feb 24, 2026",2026-02-24 14:00:00,Live Auction,https://cdn.ironpla.net/i/21063/892/ecfeb2e3-cd6e-4c50-837f-8499b33c1740.jpg,https://www.rbauction.com/cp/agricultural-tractors,,,,
Case IH,Case,2014.0,,,"Windthorst, SK, CAN",,ZEF300453,RitchieBros,2026-01-20 22:53:28.229233,D4F98253-9FF1-3710-8F28-89E38B4FC5C8,2014 Case IH 470 Articulated Tractor,Articulated Tractor,"Windthorst, SK, CAN - Apr 24, 2026",2026-04-24 14:00:00,Live Auction,https://cdn.ironpla.net/i/20678/699/688cc788-0563-4f63-8d4f-739b2c3c7a62.jpg,https://www.rbauction.com/cp/agricultural-tractors,,,,
John Deere,9530,2011.0,,,"Rockglen, SK, CAN",,1RW9530PPBP023834,RitchieBros,2026-01-20 22:53:28.229233,D24A4C7D-FE0B-3606-8035-CF73500B68BC,2011 John Deere 9530 Articulated Tractor,Articulated Tractor,"Rockglen, SK, CAN - Apr 22, 2026",2026-04-22 14:00:00,Live Auction,https://cdn.ironpla.net/i/20855/448/ae350849-b157-4b15-a300-aa81cc64c363.jpg,https://www.rbauction.com/cp/agricultural-tractors,,,,
John Deere,9530,2009.0,,,"Elrose, SK, CAN",,RW9530P011117,RitchieBros,2026-01-20 22:53:28.229233,858F4259-1393-3496-9D0C-B9B182091F81,2009 John Deere 9530 Articulated 4WD Tractor,Articulated Tractor,"Elrose, SK, CAN - Apr 11, 2026",2026-04-11 14:00:00,Live Auction,https://cdn.ironpla.net/i/19677/897/5c69acd3-2d56-491e-9d84-3026cf380559.jpg,https://www.rbauction.com/cp/agricultural-tractors,,,,
John Deere,9460R,2012.0,,,"St Paul, AB, CAN",,1RW9460RPCH004024,RitchieBros,2026-01-20 22:53:28.229233,86B3FCE8-1312-39C6-8745-7B4356F7254C,2012 John Deere 9460R Articulated Tractor,Articulated Tractor,"St. Paul, AB, CAN - Apr 14, 2026",2026-04-14 14:00:00,Live Auction,https://cdn.ironpla.net/i/20392/59/d2820207-0cf1-40cd-bb8f-89e1a086dca4.jpg,https://www.rbauction.com/cp/agricultural-tractors,,,,
John Deere,9560R,2012.0,,,"Bienfait, SK, CAN",,1RW9560RVCP002170,RitchieBros,2026-01-20 22:53:28.229233,AED62AC7-D494-3004-B194-907C7310E085,2012 John Deere 9560R Articulated Tractor,Articulated Tractor,"Estevan, SK, CAN - Apr 15, 2026",2026-04-15 14:00:00,Live Auction,https://cdn.ironpla.net/i/20413/756/8b535377-ed45-406a-bd91-7cc871e5fc00.jpg,https://www.rbauction.com/cp/agricultural-tractors,,,,
Versatile,450,2014.0,,,"Borden, SK, CAN",,704932,RitchieBros,2026-01-20 22:53:28.229233,BD7D9857-1EA1-3AF2-A851-EAFE0B48508E,2014 Versatile 450 Articulated Tractor,Articulated Tractor,"Borden, SK, CAN - Apr 11, 2026",2026-04-11 14:00:00,Live Auction,https://cdn.ironpla.net/i/20770/668/5bf9c354-ba1b-4804-82c7-8fd552c8081a.jpg,https://www.rbauction.com/cp/agricultural-tractors,,,,
John Deere,9560RT,2012.0,,,"Manning, AB, CAN",,1RW9560RK0P901350,RitchieBros,2026-01-20 22:53:28.229233,B6474848-33E8-3715-B6C4-8D00A0591DAA,2012 John Deere 9560RT Track Tractor,Track Tractor,"Manning, AB, CAN - Apr 09, 2026",2026-04-09 14:00:00,Live Auction,https://cdn.ironpla.net/i/20738/903/860b058a-59c9-48b7-bf7a-57d0c6e486f5.jpg,https://www.rbauction.com/cp/agricultural-tractors,,,,
John Deere,8345R,2018.0,,,"Enchant, AB, CAN",,1RW8345RCJD135197,RitchieBros,2026-01-20 22:53:28.229233,DC593572-31B2-359C-AD82-DB6388D863E4,2018 John Deere 8345R 4WD Tractor,4WD Tractor,"Enchant, AB, CAN - Mar 26, 2026",2026-03-26 14:00:00,Live Auction,https://cdn.ironpla.net/i/20293/344/3435a9ef-d4ba-4963-847c-7bbd0175160d.jpg,https://www.rbauction.com/cp/agricultural-tractors,,,,
John Deere,9430,2011.0,,,"Gilbert Plains, MB, CAN",,1RW9430PEBP025419,RitchieBros,2026-01-20 22:53:28.229233,111C3D54-4C81-32AA-AC73-7181A336F3AF,2011 John Deere 9430 Articulated 4WD Tractor,Articulated Tractor,"Gilbert Plains, MB, CAN - Mar 26, 2026",2026-03-26 13:00:00,Live Auction,https://cdn.ironpla.net/i/19140/958/0812d141-c291-4231-b66c-d144a6032204.jpg,https://www.rbauction.com/cp/agricultural-tractors,,,,
Challenger,MT865C,2010.0,,,"North Battleford, SK, CAN",,AGCC0865TNVKG1062,RitchieBros,2026-01-20 22:53:28.229233,2060518F-9050-38D8-BF14-D2FB5992FE7F,2010 Challenger MT865C Track Tractor,Track Tractor,"North Battleford, SK, CAN - Apr 16, 2026",2026-04-16 14:00:00,Live Auction,https://cdn.ironpla.net/i/20703/811/c4cbc6cf-542f-315e-bc81-a8a54f343bee.jpg,https://www.rbauction.com/cp/agricultural-tractors,,,,
Case IH,500,2012.0,,,"Melfort, SK, CAN",,ZCF129734,RitchieBros,2026-01-20 22:53:28.229233,BC28DD79-293D-338F-81FA-F101EF7B75AE,2012 Case IH 500 Quadtrac Track Tractor,Track Tractor,"Melfort, SK, CAN - Apr 13, 2026",2026-04-13 14:00:00,Live Auction,https://cdn.ironpla.net/i/20542/857/13150661-9408-4773-95f4-0f9c46373b6d.jpg,https://www.rbauction.com/cp/agricultural-tractors,,,,
John Deere,6175R,2020.0,,,"Drumheller, AB, CAN",,1L06175RJLP966481,RitchieBros,2026-01-20 22:53:28.229233,5742722E-7CCD-3ABA-86A6-1B2548DC3E0D,2020 John Deere 6175R 4WD Tractor,4WD Tractor,"Drumheller, AB, CAN - Apr 01, 2026",2026-04-01 14:00:00,Live Auction,https://cdn.ironpla.net/i/20833/655/7fef6ed8-8e73-41fc-a1a5-8e53c3ac59f1.jpg,https://www.rbauction.com/cp/agricultural-tractors,,,,
Case IH,Quadtrac 470,2022.0,,,"Tulare, CA, USA",,JEEZC470TNF505595,RitchieBros,2026-01-20 22:53:28.229233,613A75E0-E870-316C-A57A-7B715D7B61C9,2022 Case IH Quadtrac 470 Track Tractor,Track Tractor,"California Regional Event, USA - Feb 12, 2026",2026-02-12 17:00:00,Live Auction,https://cdn.ironpla.net/i/21051/101/d8267bf1-5b91-45fa-8a9c-d99014256c9d.jpg,https://www.rbauction.com/cp/agricultural-tractors,,,,
Versatile,550,2014.0,,,"Wolseley, SK, CAN",,705194,RitchieBros,2026-01-20 22:53:28.229233,ABCC20DE-5CD2-356C-BBF3-F7A943EB3AC6,2014 Versatile 550 Articulated 4WD Tractor,Articulated Tractor,"Wolseley, SK, CAN - Apr 01, 2026",2026-04-01 14:00:00,Live Auction,https://cdn.ironpla.net/i/19601/627/8c4a0de8-ac65-4148-a1ad-1c6b37c0aada.jpg,https://www.rbauction.com/cp/agricultural-tractors,,,,
Case IH,Steiger 485,2010.0,,,"Bredenbury, SK, CAN",,ZAF119080,RitchieBros,2026-01-20 22:53:28.229233,106E5D67-ECDC-35C1-8B07-4BEF8B2362CC,2010 Case IH Steiger 485 Articulated Tractor,Articulated Tractor,"Bredenbury, SK, CAN - Apr 10, 2026",2026-04-10 18:00:00,Live Auction,https://cdn.ironpla.net/i/18572/213/38d57e4a-1687-4751-97fc-2b6c2b7616f4.jpg,https://www.rbauction.com/cp/agricultural-tractors,,,,
Case IH,Puma 165,2022.0,,,"Redvers, SK, CAN",,HACPU165CND220667,RitchieBros,2026-01-20 22:53:28.229233,F9F710BF-FEBB-32EF-9801-E6E5BA414E41,2022 Case IH Puma 165 4WD Tractor,4WD Tractor,"Redvers, SK, CAN - Apr 14, 2026",2026-04-14 18:00:00,Live Auction,https://cdn.ironpla.net/i/19087/143/335301cf-2b80-4ca1-919e-6ef541cfbe44.jpg,https://www.rbauction.com/cp/agricultural-tractors,,,,
Case IH,Steiger 620,2016.0,,,"Vegreville, AB, CAN",,ZFP104272,RitchieBros,2026-01-20 22:53:28.229233,8CC1F93A-9553-39A4-8CC1-D491942FD8F1,2016 Case IH Steiger 620 Track Tractor,Track Tractor,"Vegreville, AB, CAN - Apr 10, 2026",2026-04-10 14:00:00,Live Auction,https://cdn.ironpla.net/i/20723/246/a4ab35d5-33f6-4ef3-9ffb-5ebfe477d34e.jpg,https://www.rbauction.com/cp/agricultural-tractors,,,,
Challenger,MT875B,2013.0,,,"Drumheller, AB, CAN",,AGCC0875KENLG1079,RitchieBros,2026-01-20 22:53:28.229233,BB39424D-0F56-34ED-B527-EB77487940D0,2013 Challenger MT875B Track Tractor,Track Tractor,"Drumheller, AB, CAN - Apr 01, 2026",2026-04-01 14:00:00,Live Auction,https://cdn.ironpla.net/i/20833/649/1cef1eaf-32ee-40b2-9507-63c66cf9e5dd.jpg,https://www.rbauction.com/cp/agricultural-tractors,,,,
New Holland,T9.560,2012.0,,,"Kenville, MB, CAN",,ZCF216441,RitchieBros,2026-01-20 22:53:28.229233,B729E64E-D6D2-330D-83BF-3C185E5F5348,2012 New Holland T9.560 Articulated Tractor,Articulated Tractor,"Kenville, MB, CAN - Apr 09, 2026",2026-04-09 13:00:00,Live Auction,https://cdn.ironpla.net/i/20674/334/d35137fa-dcc4-4d7e-985c-8d847c3bb6a3.jpg,https://www.rbauction.com/cp/agricultural-tractors,,,,
New Holland,T9.615,2011.0,,,"Vegreville, AB, CAN",,ZBF214136,RitchieBros,2026-01-20 22:53:28.229233,A484CF30-5F07-3FB0-898C-6FD4E6E05873,2011 New Holland T9.615 Articulated Tractor,Articulated Tractor,"Vegreville, AB, CAN - Apr 10, 2026",2026-04-10 14:00:00,Live Auction,https://cdn.ironpla.net/i/20723/247/39da1ad6-fc8b-45ab-b5ff-b7cb36bfe2d4.jpg,https://www.rbauction.com/cp/agricultural-tractors,,,,
Challenger,MT875B,2014.0,,,"Drumheller, AB, CAN",,AGCC0875PDNLG1077,RitchieBros,2026-01-20 22:53:28.229233,E04A150F-CAF7-347A-A554-E90FD94B5537,2014 Challenger MT875B Track Tractor,Track Tractor,"Drumheller, AB, CAN - Apr 01, 2026",2026-04-01 14:00:00,Live Auction,https://cdn.ironpla.net/i/20833/648/6eb6ada9-89d7-4c34-82e6-33d57e571a6d.jpg,https://www.rbauction.com/cp/agricultural-tractors,,,,
John Deere,9630T,2011.0,,,"Sibbald, AB, CAN",,1RW9630TPBP914720,RitchieBros,2026-01-20 22:53:28.229233,1DD8D6AE-EFCA-3D0A-907A-02E407AAD24A,2011 John Deere 9630T Track Tractor,Track Tractor,"Sibbald, AB, CAN - Mar 12, 2026",2026-03-12 18:00:00,Live Auction,https://cdn.ironpla.net/i/20548/887/05b91f4c-718a-465e-be05-5ba4a898cca4.jpg,https://www.rbauction.com/cp/agricultural-tractors,,,,
John Deere,9430,2011.0,,,"Macrorie, SK, CAN",,1RW9430PLBP024929,RitchieBros,2026-01-20 22:53:28.229233,85BB1ABA-E397-393F-A597-88E45552FDDC,2011 John Deere 9430 Articulated Tractor,Articulated Tractor,"Macrorie, SK, CAN - Apr 20, 2026",2026-04-20 18:00:00,Live Auction,https://cdn.ironpla.net/i/20808/335/0e0e9edc-0836-4166-95c1-7bd1b8ac127f.jpg,https://www.rbauction.com/cp/agricultural-tractors,,,,
New Holland,T8.420,2014.0,,,"Mont-Saint-Hilaire, QC, CAN",,ZERCO2759,RitchieBros,2026-01-20 22:53:28.229233,03FD1373-9157-3B15-B8BF-D962F0876725,2014 New Holland T8.420 4WD Tractor,4WD Tractor,"Quebec Regional Event, CAN - Mar 30, 2026",2026-03-30 12:00:00,Live Auction,https://cdn.ironpla.net/i/18963/89/bea15b1f-ee0e-407b-a5b3-c673925754ed.jpg,https://www.rbauction.com/cp/agricultural-tractors,,,,
Versatile,2375,2014.0,,,"Bredenbury, SK, CAN",,335825,RitchieBros,2026-01-20 22:53:28.229233,8694F66F-BEF4-35FA-9647-3497A2F78DEA,2014 Versatile 2375 Articulated Tractor,Articulated Tractor,"Bredenbury, SK, CAN - Apr 10, 2026",2026-04-10 18:00:00,Live Auction,https://cdn.ironpla.net/i/20663/417/a843d581-bec6-42b9-a643-9f8ef9128ff4.jpg,https://www.rbauction.com/cp/agricultural-tractors,,,,
Case IH,435,2010.0,,,"Middle Lake, SK, CAN",,ZAF118395,RitchieBros,2026-01-20 22:53:28.229233,4B5097C9-B322-315C-BE42-C731C35EBA66,2010 Case IH 435 4WD Tractor,4WD Tractor,"Middle Lake, SK, CAN - Apr 08, 2026",2026-04-08 18:00:00,Live Auction,https://cdn.ironpla.net/i/20777/118/4f925bcb-464e-427f-9720-e72de0ca723e.jpg,https://www.rbauction.com/cp/agricultural-tractors,,,,
Versatile,520,2020.0,,,"Strathmore, AB, CAN",,707585,RitchieBros,2026-01-20 22:53:28.229233,13738898-D3B0-3CDA-B331-BD1900BB9C32,2020 Versatile 520 Articulated Tractor,Articulated Tractor,"Strathmore, AB, CAN - Apr 02, 2026",2026-04-02 14:00:00,Live Auction,https://cdn.ironpla.net/i/19454/165/20092622-543f-40c3-bc17-f7e97cceb671.jpg,https://www.rbauction.com/cp/agricultural-tractors,,,,
Case IH,STX375,2002.0,,,"Ceylon, SK, CAN",,JEE0100519,RitchieBros,2026-01-20 22:53:28.229233,D5036E27-F729-3797-B1DC-D297BFD9E373,2002 Case IH STX375 Articulated 4WD Tractor,Articulated Tractor,"Ceylon, SK, CAN - Apr 07, 2026",2026-04-07 14:00:00,Live Auction,https://cdn.ironpla.net/i/20776/688/0e78e022-e718-4ea8-82c1-2a661d239275.jpg,https://www.rbauction.com/cp/agricultural-tractors,,,,
Case IH,Magnum 315,2013.0,,,"Landis, SK, CAN",,ZDRD02941,RitchieBros,2026-01-20 22:53:28.229233,03689539-17C8-37E9-98E1-F55406D95B0A,2013 Case IH Magnum 315 4WD Tractor,4WD Tractor,"Landis, SK, CAN - Apr 02, 2026",2026-04-02 14:00:00,Live Auction,https://cdn.ironpla.net/i/19677/472/7a51c512-edbc-4d8a-a98e-17162247ccc8.jpg,https://www.rbauction.com/cp/agricultural-tractors,,,,
John Deere,6170M,2015.0,,,"Rockglen, SK, CAN",,1L06170MCFG818736,RitchieBros,2026-01-20 22:53:28.229233,E3494DE3-0D34-3DD4-A9D6-B5BCFD1F0D8A,2015 John Deere 6170M 4WD Tractor,4WD Tractor,"Rockglen, SK, CAN - Apr 22, 2026",2026-04-22 14:00:00,Live Auction,https://cdn.ironpla.net/i/20855/450/9254dfb2-544e-4db3-b9d0-02ac42969df0.jpg,https://www.rbauction.com/cp/agricultural-tractors,,,,
Case IH,Magnum 225,2013.0,,,"Vauxhall, AB, CAN",,ZCRH09453,RitchieBros,2026-01-20 22:53:28.229233,D30B3A96-57CA-30A6-BE9D-185681B46D6D,2013 Case IH Magnum 225 4WD Tractor,4WD Tractor,"Vauxhall, AB, CAN - Apr 07, 2026",2026-04-07 14:00:00,Live Auction,https://cdn.ironpla.net/i/19767/503/a3bf2e85-3570-4164-ae0e-bf24fbad700b.jpg,https://www.rbauction.com/cp/agricultural-tractors,,,,
Case IH,STX450,2005.0,,,"Bruno, SK, CAN",,JEE0107035,RitchieBros,2026-01-20 22:53:28.229233,8C586F00-2A99-3ACE-823A-DD06C32525D6,2005 Case IH STX450 Articulated Tractor,Articulated Tractor,"Bruno, SK, CAN - Apr 10, 2026",2026-04-10 14:00:00,Live Auction,https://cdn.ironpla.net/i/19627/840/67262673-94fd-4c96-bbcf-3a015f12ba8c.jpg,https://www.rbauction.com/cp/agricultural-tractors,,,,
Fendt,938MT,2021.0,,,"Tulare, CA, USA",,AGCF0938JMNNC1061,RitchieBros,2026-01-20 22:53:28.229233,249F5CCD-0F3E-38E0-B0ED-6498DD052ACA,2021 Fendt 938MT Track Tractor,Track Tractor,"California Regional Event, USA - Feb 12, 2026",2026-02-12 17:00:00,Live Auction,https://cdn.ironpla.net/i/21161/467/b17d120a-cdf7-4203-9b5e-47e89a734ff1.jpg,https://www.rbauction.com/cp/agricultural-tractors,,,,
Case IH,STX425,,,,"Insinger, SK, CAN",,JEE0108851,RitchieBros,2026-01-20 22:53:28.229233,663DC61D-C862-38A6-ADAE-3FD9C6876518,Case IH STX425 Articulated Tractor,Articulated Tractor,"Insinger, SK, CAN - Jun 23, 2026",2026-06-23 14:00:00,Live Auction,https://cdn.ironpla.net/i/20553/132/92f0450e-277a-48b2-a8fb-0b857fe7d54d.jpg,https://www.rbauction.com/cp/agricultural-tractors,,,,
Case IH,Steiger 500,2011.0,,,"Neville, SK, CAN",,ZBF125938,RitchieBros,2026-01-20 22:53:28.229233,847AAF04-3385-3E0E-BD22-A7595CD0B592,2011 Case IH Steiger 500 Articulated Tractor,Articulated Tractor,"Neville, SK, CAN - Mar 31, 2026",2026-03-31 18:00:00,Live Auction,https://cdn.ironpla.net/i/19001/131/e26bf692-6c85-4705-9fbf-fdd3cefdb9b2.jpg,https://www.rbauction.com/cp/agricultural-tractors,,,,
New Holland,TV6070,2014.0,,,"Wakaw, SK, CAN",,RVS141351,RitchieBros,2026-01-20 22:53:28.229233,130DFB3A-279C-3C4B-BEB7-1F38AEEFBDFA,2014 New Holland TV6070 Bi-Directional Tractor,Bi-Directional Tractor,"Wakaw, SK, CAN - Apr 14, 2026",2026-04-14 14:00:00,Live Auction,https://cdn.ironpla.net/i/20228/938/10202cf2-7553-476b-bf0c-a20f004e50e3.jpg,https://www.rbauction.com/cp/agricultural-tractors,,,,
Challenger,MT855B,2007.0,,,"St Jean Baptiste, MB, CAN",,AGCC0855JNSJG1034,RitchieBros,2026-01-20 22:53:28.229233,CCAFAF32-A100-3764-8717-06DB64536DD1,2007 Challenger MT855B Track Tractor,Track Tractor,"St Jean Baptiste, MB, CAN - Apr 17, 2026",2026-04-17 13:00:00,Live Auction,https://cdn.ironpla.net/i/20571/471/d4aaeb61-4f48-4e18-ac72-eaa6b0d5a746.jpg,https://www.rbauction.com/cp/agricultural-tractors,,,,
John Deere,6150M,2014.0,,,"Foremost, AB, CAN",,1L06150MJEG799820,RitchieBros,2026-01-20 22:53:28.229233,D7CAFD32-896F-3491-AC63-79602BDB1693,2014 John Deere 6150M 4WD Tractor,4WD Tractor,"Foremost, AB, CAN - Mar 17, 2026",2026-03-17 14:00:00,Live Auction,https://cdn.ironpla.net/i/19359/653/7ee5248e-cab7-418f-b0ff-6caeafda4d2d.jpg,https://www.rbauction.com/cp/agricultural-tractors,,,,
John Deere,8245R,2010.0,,,"Bow Island, AB, CAN",,1RW8245RAAD005054,RitchieBros,2026-01-20 22:53:28.229233,093341EE-E5E4-38EF-9FBD-B72A18EAA39C,2010 John Deere 8245R 4WD Tractor,4WD Tractor,"Bow Island, AB, CAN - Mar 25, 2026",2026-03-25 14:00:00,Live Auction,https://cdn.ironpla.net/i/19623/513/1fd89a11-d108-440a-8874-01ac3ff959bd.jpg,https://www.rbauction.com/cp/agricultural-tractors,,,,
John Deere,8235R,2011.0,,,"Enchant, AB, CAN",,1RW8235RABD043380,RitchieBros,2026-01-20 22:53:28.229233,3CBEDE40-7D5F-30BB-A6FD-87B4F85EAA94,2011 John Deere 8235R 4WD Tractor,4WD Tractor,"Enchant, AB, CAN - Mar 26, 2026",2026-03-26 14:00:00,Live Auction,https://cdn.ironpla.net/i/20293/345/694b5777-67cf-47a6-a588-eabf9cc7e153.jpg,https://www.rbauction.com/cp/agricultural-tractors,,,,
Versatile,2425,2003.0,,,"Rabbit Lake, SK, CAN",,300785,RitchieBros,2026-01-20 22:53:28.229233,2562E120-6881-333B-B419-2F68ABD125B1,2003 Versatile 2425 Articulated Tractor,Articulated Tractor,"Rabbit Lake, SK, CAN - Apr 14, 2026",2026-04-14 14:00:00,Live Auction,https://cdn.ironpla.net/i/20305/799/ade6aa3c-7385-4f7c-b0a9-5101cf672752.jpg,https://www.rbauction.com/cp/agricultural-tractors,,,,
2005,2375,2005.0,,,"Newdale, MB, CAN",,302161,RitchieBros,2026-01-20 22:53:28.229233,27FA3D9B-2226-35B9-98D4-400C985E4BA8,2005 Buhler Versatile 2375 Articulated Tractor,Articulated Tractor,"Newdale, MB, CAN - Apr 18, 2026",2026-04-18 13:00:00,Live Auction,https://cdn.ironpla.net/i/20838/750/f7b8be44-cef6-45d5-bad4-3009df962a1a.jpg,https://www.rbauction.com/cp/agricultural-tractors,,,,
John Deere,9330,2010.0,,,"Vauxhall, AB, CAN",,1RW9330PHAP016459,RitchieBros,2026-01-20 22:53:28.229233,9C253275-6347-3E5C-8907-CB4363E04CDE,2010 John Deere 9330 Articulated Tractor,Articulated Tractor,"Vauxhall, AB, CAN - Apr 07, 2026",2026-04-07 14:00:00,Live Auction,https://cdn.ironpla.net/i/19767/505/3e92fc16-03e9-45a3-879d-a81af05eea1a.jpg,https://www.rbauction.com/cp/agricultural-tractors,,,,
Fendt,1162 Vario MT,2021.0,,,"Tulare, CA, USA",,AGCF1162CNNNG1075,RitchieBros,2026-01-20 22:53:28.229233,57568F7D-B719-3888-B7F1-CC3E6BECB6CB,2021 Fendt 1162 Vario MT Track Tractor,Track Tractor,"California Regional Event, USA - Feb 12, 2026",2026-02-12 17:00:00,Live Auction,https://cdn.ironpla.net/i/21141/777/686c37ab-44ed-4503-9c2f-8c0e3530fa7a.jpg,https://www.rbauction.com/cp/agricultural-tractors,,,,
Versatile,2425,2003.0,,,"Wolseley, SK, CAN",,300469,RitchieBros,2026-01-20 22:53:28.229233,B49A5221-6E0D-3C5A-B116-41A6A31E0721,2003 Versatile 2425 Articulated 4WD Tractor,Articulated Tractor,"Wolseley, SK, CAN - Apr 01, 2026",2026-04-01 14:00:00,Live Auction,https://cdn.ironpla.net/i/19601/624/aae70f25-3e1c-4714-a464-563f9b2a27b5.jpg,https://www.rbauction.com/cp/agricultural-tractors,,,,
John Deere,7920,2005.0,,,"Foremost, AB, CAN",,RW7920D035706,RitchieBros,2026-01-20 22:53:28.229233,96030090-FF46-399B-B685-39219D3BA365,2005 John Deere 7920 4WD Tractor,4WD Tractor,"Foremost, AB, CAN - Mar 17, 2026",2026-03-17 14:00:00,Live Auction,https://cdn.ironpla.net/i/19329/559/6f48836b-447a-43fd-8d51-d1d9a775897a.jpg,https://www.rbauction.com/cp/agricultural-tractors,,,,
John Deere,9630T,2008.0,,,"Gilbert Plains, MB, CAN",,RW9360T902361,RitchieBros,2026-01-20 22:53:28.229233,F33A7E52-46AB-30B5-B226-3834269724B9,2008 John Deere 9630T Track Tractor,Track Tractor,"Gilbert Plains, MB, CAN - Mar 26, 2026",2026-03-26 13:00:00,Live Auction,https://cdn.ironpla.net/i/19140/959/0bad1a45-727a-4f2d-8c0f-f094b837f7b8.jpg,https://www.rbauction.com/cp/agricultural-tractors,,,,
John Deere,6155R,2016.0,,,"Nisku, AB, CAN",,1RW6155RKGA024319,RitchieBros,2026-01-20 22:53:28.229233,81B27F1D-3FA3-3297-A088-1F11F586C545,2016 John Deere 6155R 4WD Tractor,4WD Tractor,"Alberta Regional Event, CAN - Feb 03, 2026",2026-02-03 16:00:00,Live Auction,https://cdn.ironpla.net/i/21182/909/374fe147-9a38-4adb-a2f5-e74867f27965.jpg,https://www.rbauction.com/cp/agricultural-tractors,,,,
McCormick,TTX230 XtraSpeed,2017.0,,,"Wakaw, SK, CAN",,7VECS22160,RitchieBros,2026-01-20 22:53:28.229233,BA98299C-F3D7-3988-A681-0296E162FD03,2017 McCormick TTX230 XtraSpeed 4WD Tractor,4WD Tractor,"Wakaw, SK, CAN - Apr 14, 2026",2026-04-14 14:00:00,Live Auction,https://cdn.ironpla.net/i/20228/911/becc5f8a-9911-41b0-9480-5cbec703ec42.jpg,https://www.rbauction.com/cp/agricultural-tractors,,,,
John Deere,8100,1997.0,,,"Liebenthal, SK, CAN",,RW8100P011287,RitchieBros,2026-01-20 22:53:28.229233,063B4F64-DA66-3B27-A2E7-86DB4AD00EC6,1997 John Deere 8100 4WD Tractor,4WD Tractor,"Liebenthal, SK, CAN - Mar 30, 2026",2026-03-30 14:00:00,Live Auction,https://cdn.ironpla.net/i/20758/261/7a310621-a490-4bcc-a9c9-45abd90b47e0.jpg,https://www.rbauction.com/cp/agricultural-tractors,,,,
New Holland,T7.230,2018.0,,,"Debert, NS, CAN",,HACT7230TJE401777,RitchieBros,2026-01-20 22:53:28.229233,4CA5F433-CD61-3FF2-A1F4-E3C6F0EAD607,2018 New Holland T7.230 4WD Tractor,4WD Tractor,"Atlantic Regional Event, CAN - Mar 24, 2026",2026-03-24 12:00:00,Live Auction,https://cdn.ironpla.net/i/20657/301/3effd0c2-f9b7-4fea-abac-6fb079227a1c.jpg,https://www.rbauction.com/cp/agricultural-tractors,,,,
John Deere,7420,2007.0,,,"Rabbit Lake, SK, CAN",,RW7420R061606,RitchieBros,2026-01-20 22:53:28.229233,25F9E15B-75ED-3EBC-8FCB-A6203E837F88,2007 John Deere 7420 4WD Tractor,4WD Tractor,"Rabbit Lake, SK, CAN - Apr 14, 2026",2026-04-14 14:00:00,Live Auction,https://cdn.ironpla.net/i/20305/776/d805f554-573b-458d-9538-f39ae2cabe0c.jpg,https://www.rbauction.com/cp/agricultural-tractors,,,,
John Deere,7530,2009.0,,,"Manning, AB, CAN",,RW7530K012366,RitchieBros,2026-01-20 22:53:28.229233,742FF041-37B4-372A-8384-50A04CDB472E,2009 John Deere 7530 4WD Tractor,4WD Tractor,"Manning, AB, CAN - Apr 09, 2026",2026-04-09 14:00:00,Live Auction,https://cdn.ironpla.net/i/20738/905/e97fbb51-e146-4c76-8e41-aa6bf14b8b8b.jpg,https://www.rbauction.com/cp/agricultural-tractors,,,,
Case IH,Magnum 335,2011.0,,,"Kenville, MB, CAN",,ZARZ07933,RitchieBros,2026-01-20 22:53:28.229233,E60ADE9A-B320-38EA-815B-8221F76A9955,2011 Case IH Magnum 335 4WD Tractor,4WD Tractor,"Kenville, MB, CAN - Apr 09, 2026",2026-04-09 13:00:00,Live Auction,https://cdn.ironpla.net/i/20674/337/c5830abc-82f2-4c9a-8105-54f74682f4a7.jpg,https://www.rbauction.com/cp/agricultural-tractors,,,,
Case IH,STX375,2002.0,,,"Richard, SK, CAN",,JEE1001796,RitchieBros,2026-01-20 22:53:28.229233,DD809DB9-74B2-37C7-B785-601FE8D9A677,2002 Case IH STX375 Articulated Tractor,Articulated Tractor,"Richard, SK, CAN - Apr 13, 2026",2026-04-13 14:00:00,Live Auction,https://cdn.ironpla.net/i/20646/37/175dbc3b-63c8-47aa-967f-b8fc442f69c4.jpg,https://www.rbauction.com/cp/agricultural-tractors,,,,
Case IH,Puma 160,2013.0,,,"Grandview, MB, CAN",,ZCBP21399,RitchieBros,2026-01-20 22:53:28.229233,80237C69-4698-3A96-B7C5-33ADBD2C2C3A,2013 Case IH Puma 160 4WD Tractor,4WD Tractor,"Grandview, MB, CAN - Mar 27, 2026",2026-03-27 14:00:00,Live Auction,https://cdn.ironpla.net/i/20827/446/59a7cd27-22ec-4fa1-af38-b58fbc11dfc8.jpg,https://www.rbauction.com/cp/agricultural-tractors,,,,
John Deere,9630,2009.0,,,"Sibbald, AB, CAN",,RW9630P010971,RitchieBros,2026-01-20 22:53:28.229233,8FE24A0C-930E-3AF7-8991-B7345DA7D1D7,2009 John Deere 9630 Articulated Tractor,Articulated Tractor,"Sibbald, AB, CAN - Mar 11, 2026",2026-03-11 14:00:00,Live Auction,https://cdn.ironpla.net/i/19960/709/b8165dd5-3f99-4ad9-84bf-0cc67d5c8068.jpg,https://www.rbauction.com/cp/agricultural-tractors,,,,
John Deere,9400,2001.0,,,"Amaranth, MB, CAN",,RWTPID3011308,RitchieBros,2026-01-20 22:53:28.229233,D4BE1886-26F8-3C43-A634-4379E549232D,2001 John Deere 9400 Articulated Tractor,Articulated Tractor,"Amaranth, MB, CAN - Apr 15, 2026",2026-04-15 17:00:00,Live Auction,https://cdn.ironpla.net/i/20298/59/095d58ab-a845-46c9-bf9a-ac10e6b4ab32.jpg,https://www.rbauction.com/cp/agricultural-tractors,,,,
John Deere,8200,1998.0,,,"Bow Island, AB, CAN",,RW8200P020790,RitchieBros,2026-01-20 22:53:28.229233,7DE50DDE-3C26-3AE3-AA5E-1CE2023A21A8,1998 John Deere 8200 4WD Tractor,4WD Tractor,"Bow Island, AB, CAN - Mar 25, 2026",2026-03-25 14:00:00,Live Auction,https://cdn.ironpla.net/i/19623/512/393188b8-36d5-4fc7-a271-c43def564bfb.jpg,https://www.rbauction.com/cp/agricultural-tractors,,,,
John Deere,7830,2007.0,,,"Gilbert Plains, MB, CAN",,RW7830A007063,RitchieBros,2026-01-20 22:53:28.229233,23EEE7CB-6544-3403-921B-E682F55BF5B2,2007 John Deere 7830 4WD Tractor,4WD Tractor,"Gilbert Plains, MB, CAN - Mar 26, 2026",2026-03-26 13:00:00,Live Auction,https://cdn.ironpla.net/i/19140/956/924ade83-0315-4960-9733-247471664aa1.jpg,https://www.rbauction.com/cp/agricultural-tractors,,,,
New Holland,New,2000.0,,,"Glenside, SK, CAN",,D108226,RitchieBros,2026-01-20 22:53:28.229233,9FFB6828-6D92-30E4-8A23-C10932DC3D73,2000 New Holland 9484 Articulated Tractor,Articulated Tractor,"Glenside, SK, CAN - Apr 15, 2026",2026-04-15 14:00:00,Live Auction,https://cdn.ironpla.net/i/19791/701/c1cebde2-9181-4f78-a38b-c13e960634c7.jpg,https://www.rbauction.com/cp/agricultural-tractors,,,,
Case IH,Steiger 500,2011.0,,,"Moree, NSW, AUS",,ZBF126379,RitchieBros,2026-01-20 22:53:28.229233,16DE0611-6A40-3FBF-9F9B-BB72876DE7CF,2011 Case IH Steiger 500 Articulated Tractor,Articulated Tractor,"Australia National Unreserved Auction, AUS - Feb 25, 2026",2026-02-24 22:00:00,Live Auction,https://cdn.ironpla.net/i/20968/105/c2da2744-2e2e-3d7d-9fd9-65de9bb22978.jpg,https://www.rbauction.com/cp/agricultural-tractors,,,,
Case IH,Farmall 115C,2017.0,,,"St Walburg, SK, CAN",,ZHJV50025,RitchieBros,2026-01-20 22:53:28.229233,E3E801E2-AC92-3FC0-92A2-68922A03B55F,2017 Case IH Farmall 115C 4WD Tractor,4WD Tractor,"St Walburg, SK, CAN - Apr 23, 2026",2026-04-23 14:00:00,Live Auction,https://cdn.ironpla.net/i/20674/910/45ed1a8b-0ecb-4b3c-8e61-979de592914b.jpg,https://www.rbauction.com/cp/agricultural-tractors,,,,
Challenger,MT955C,2009.0,,,"Luseland, SK, CAN",,AGCC0955JNUSG1063,RitchieBros,2026-01-20 22:53:28.229233,38E9CBEB-2B5A-3B65-BE81-1925D8E1859B,2009 Challenger MT955C Articulated Tractor,Articulated Tractor,"Luseland, SK, CAN - Apr 08, 2026",2026-04-08 14:00:00,Live Auction,https://cdn.ironpla.net/i/19702/56/a717fe91-c3c9-4d90-a8e0-76f4c5ee6402.jpg,https://www.rbauction.com/cp/agricultural-tractors,,,,
John Deere,7930,2009.0,,,"Gilbert Plains, MB, CAN",,RW7930A022875,RitchieBros,2026-01-20 22:53:28.229233,B6A0A50D-24D2-3F3D-A6AF-C5371B72CCDE,2009 John Deere 7930 4WD Tractor,4WD Tractor,"Gilbert Plains, MB, CAN - Mar 26, 2026",2026-03-26 13:00:00,Live Auction,https://cdn.ironpla.net/i/19140/957/1bb807b8-42db-4509-8d49-246601273674.jpg,https://www.rbauction.com/cp/agricultural-tractors,,,,
Case IH,MX215,2006.0,,,"Wakaw, SK, CAN",,Z6RZ01238,RitchieBros,2026-01-20 22:53:28.229233,333891FE-F3EF-396D-8E95-8A0A690EAE07,2006 Case IH MX215 4WD Tractor,4WD Tractor,"Wakaw, SK, CAN - Apr 14, 2026",2026-04-14 14:00:00,Live Auction,https://cdn.ironpla.net/i/20228/939/223fd839-ad4a-44c6-a95f-824a1e69e2c5.jpg,https://www.rbauction.com/cp/agricultural-tractors,,,,
Case IH,9280,1991.0,,,"Richard, SK, CAN",,JCB0027325,RitchieBros,2026-01-20 22:53:28.229233,51FA546A-C27B-3A92-B0A8-0E222CE3780C,1991 Case IH 9280 Articulated Tractor,Articulated Tractor,"Richard, SK, CAN - Apr 13, 2026",2026-04-13 14:00:00,Live Auction,https://cdn.ironpla.net/i/20646/35/c72fed68-5da3-423f-aac9-355d68c112f4.jpg,https://www.rbauction.com/cp/agricultural-tractors,,,,
Kubota,M7-171,2016.0,,,"Vegreville, AB, CAN",,10460,RitchieBros,2026-01-20 22:53:28.229233,AD7F662B-F1A4-397E-BA0C-B9D6ECC48AA1,2016 Kubota M7-171 4WD Tractor,4WD Tractor,"Vegreville, AB, CAN - Apr 10, 2026",2026-04-10 14:00:00,Live Auction,https://cdn.ironpla.net/i/20723/264/b2323e9c-52a5-430e-be79-70d1f774f5ae.jpg,https://www.rbauction.com/cp/agricultural-tractors,,,,
Kubota,M7-171 Premium,2016.0,,,"Nisku, AB, CAN",,10047,RitchieBros,2026-01-20 22:53:28.229233,12BF0108-8C24-3796-BB22-77EAF3872B58,2016 Kubota M7-171 Premium 4WD Tractor,4WD Tractor,"Edmonton, AB, CAN - Mar 17, 2026",2026-03-17 14:00:00,Live Auction,https://cdn.ironpla.net/i/21036/342/566c62df-1be5-4b2b-a6cb-16b765eb3653.jpg,https://www.rbauction.com/cp/agricultural-tractors,,,,
New Holland,Powerstar 110,2019.0,,,"Wolseley, SK, CAN",,ELRT5110CKLE50029,RitchieBros,2026-01-20 22:53:28.229233,8B06D71C-9EF6-3BB7-83E4-1786C0C12438,2019 New Holland Powerstar 110 4WD Tractor,4WD Tractor,"Wolseley, SK, CAN - Apr 01, 2026",2026-04-01 14:00:00,Live Auction,https://cdn.ironpla.net/i/19601/630/abc282a5-0c1b-4de0-a5b7-6cd267af0ba2.jpg,https://www.rbauction.com/cp/agricultural-tractors,,,,
Deutz-Fahr,9340 TTV,2018.0,,,"Odessa, MO, USA",,WSXAE50200LD50061,RitchieBros,2026-01-20 22:53:28.229233,B77C4750-7C2A-39C5-97FE-D06A5867D435,2018 Deutz-Fahr 9340TTV 4WD Tractor,4WD Tractor,"Midwest Regional Event, USA - Feb 10, 2026",2026-02-10 14:00:00,Live Auction,https://cdn.ironpla.net/i/21075/18/f6a6c562-1f56-4737-807d-97447a799dec.jpg,https://www.rbauction.com/cp/agricultural-tractors,,,,
John Deere,7130,,,,"Insinger, SK, CAN",,,RitchieBros,2026-01-20 22:53:28.229233,38035D9A-067E-3135-A926-AB8777EAD6F0,John Deere 7130 4WD Tractor,4WD Tractor,"Insinger, SK, CAN - Jun 23, 2026",2026-06-23 14:00:00,Live Auction,https://cdn.ironpla.net/i/20553/119/0fb72642-fdf3-410f-813b-d765372328c3.jpg,https://www.rbauction.com/cp/agricultural-tractors,,,,
John Deere,7600,1993.0,,,"Kingman, AB, CAN",,RW7600H003225,RitchieBros,2026-01-20 22:53:28.229233,9DACBA8E-8234-37F4-935B-6BCD715729AA,1993 John Deere 7600 4WD Tractor,4WD Tractor,"Kingman, AB, CAN - Apr 08, 2026",2026-04-08 14:00:00,Live Auction,https://cdn.ironpla.net/i/19785/196/057c500f-eae6-45c1-ac2c-cfe8482b2327.jpg,https://www.rbauction.com/cp/agricultural-tractors,,,,
John Deere,6155R,2018.0,,,"Morris, IL, USA",,1RW6155RLJA033617,RitchieBros,2026-01-20 22:53:28.229233,B13E319D-F0DE-3B04-BB0B-41A4743991DA,2018 John Deere 6155R 4WD Tractor,4WD Tractor,"Midwest Regional Event, USA - Feb 10, 2026",2026-02-10 14:00:00,Live Auction,https://cdn.ironpla.net/i/21147/693/428d478f-e88e-4d79-9e7d-b65c71890b57.jpg,https://www.rbauction.com/cp/agricultural-tractors,,,,
New Holland,TJ425,2004.0,,,"Amaranth, MB, CAN",,RVS002908,RitchieBros,2026-01-20 22:53:28.229233,06002ED2-C320-3A47-9972-D670161BCF03,2004 New Holland TJ425 Articulated Tractor,Articulated Tractor,"Amaranth, MB, CAN - Apr 15, 2026",2026-04-15 17:00:00,Live Auction,https://cdn.ironpla.net/i/20298/54/476c7866-1b75-4d87-a9a7-0ffd264c65bd.jpg,https://www.rbauction.com/cp/agricultural-tractors,,,,
New Holland,T6.145,2023.0,,,"Ocana, CSTL, ESP",,HACT6145TPDG21512,RitchieBros,2026-01-20 22:53:28.229233,75250B04-6723-3CD5-B137-F69FD87B6EB8,2023 New Holland T6.145 4WD Tractor,4WD Tractor,"Ocana, ESP - Mar 11, 2026",2026-03-11 07:00:00,Live Auction,https://cdn.ironpla.net/i/14569/206/1c515fe4-4da8-484a-81fc-c4e4340a8400.jpg,https://www.rbauction.com/cp/agricultural-tractors,,,,
John Deere,7810,1997.0,,,"Assiniboia, SK, CAN",,RW7810R002995,RitchieBros,2026-01-20 22:53:28.229233,281E3F7A-DA3F-39E7-8BFE-245B605E0631,1997 John Deere 7810 4WD Tractor,4WD Tractor,"Assiniboia, SK, CAN - Mar 31, 2026",2026-03-31 14:00:00,Live Auction,https://cdn.ironpla.net/i/19624/394/a10f5829-962f-4c73-aef1-1a1979a7c923.jpg,https://www.rbauction.com/cp/agricultural-tractors,,,,
Ford New Holland,Ford,1998.0,,,"St Jean Baptiste, MB, CAN",,D107157,RitchieBros,2026-01-20 22:53:28.229233,3D7940E7-AB81-3B70-B4B4-D5434F76095B,1998 Ford New Holland 9482 4WD Tractor,4WD Tractor,"St Jean Baptiste, MB, CAN - Apr 17, 2026",2026-04-17 13:00:00,Live Auction,https://cdn.ironpla.net/i/20571/532/0c0dfc04-ec1a-4b9d-b15d-55a01240a6c1.jpg,https://www.rbauction.com/cp/agricultural-tractors,,,,
Kubota,M6-141,2016.0,,,"Windthorst, SK, CAN",,10707,RitchieBros,2026-01-20 22:53:28.229233,39D8A5CF-3572-3D2F-B35C-8A593F38204A,2016 Kubota M6-141 4WD Tractor,4WD Tractor,"Windthorst, SK, CAN - Apr 24, 2026",2026-04-24 14:00:00,Live Auction,https://cdn.ironpla.net/i/20678/711/a04d2b01-cf48-4d74-8510-c6c5dfdcd1e3.jpg,https://www.rbauction.com/cp/agricultural-tractors,,,,
John Deere,7200,1995.0,,,"Plenty, SK, CAN",,RW7200H003514,RitchieBros,2026-01-20 22:53:28.229233,09264C62-BC1D-3A3F-AC16-EBC37B72154E,1995 John Deere 7200 2WD Tractor,2WD Tractor,"Plenty, SK, CAN - Mar 28, 2026",2026-03-28 18:00:00,Live Auction,https://cdn.ironpla.net/i/19745/559/10b686d5-89fd-45f2-9c44-281fafa6551e.jpg,https://www.rbauction.com/cp/agricultural-tractors,,,,
John Deere,5115M,,,,"Enchant, AB, CAN",,1LV5115MPFS744108,RitchieBros,2026-01-20 22:53:28.229233,E6572B4E-A5CA-3137-A527-3296A96544F7,John Deere 5115M 4WD Tractor,4WD Tractor,"Enchant, AB, CAN - Mar 26, 2026",2026-03-26 14:00:00,Live Auction,https://cdn.ironpla.net/i/20293/346/e67647bd-154d-44de-bd80-eaea6d64750a.jpg,https://www.rbauction.com/cp/agricultural-tractors,,,,
New Holland,T7.165S,2023.0,,,"Ocana, CSTL, ESP",,HACT7165VPD121770,RitchieBros,2026-01-20 22:53:28.229233,4D6B0F46-8EBA-3150-9E61-CD1822D5BD87,2023 New Holland T7.165S 4WD Tractor,4WD Tractor,"Ocana, ESP - Mar 11, 2026",2026-03-11 07:00:00,Live Auction,https://cdn.ironpla.net/i/18193/17/639e60b6-79a3-453e-a864-9705390c293e.jpg,https://www.rbauction.com/cp/agricultural-tractors,,,,
New Holland,T7.165S,2023.0,,,"Ocana, CSTL, ESP",,HACT7165VPD121798,RitchieBros,2026-01-20 22:53:28.229233,C1E895F4-6900-3001-A378-DDE1A402BCFE,2023 New Holland T7.165S 4WD Tractor,4WD Tractor,"Ocana, ESP - Mar 11, 2026",2026-03-11 07:00:00,Live Auction,https://cdn.ironpla.net/i/14569/228/7d2d92f2-d29d-4673-9ab2-dde91d3f5335.jpg,https://www.rbauction.com/cp/agricultural-tractors,,,,
Challenger,MT765B,2007.0,,,"La Salle, MB, CAN",,AGCOB765ANSCF1153,RitchieBros,2026-01-20 22:53:28.229233,56E55477-B7A3-3FAA-9F6F-36EE87A4961B,2007 Challenger MT765B Track Tractor,Track Tractor,"La Salle, MB, CAN - Apr 08, 2026",2026-04-08 13:00:00,Live Auction,https://cdn.ironpla.net/i/20088/690/a7e3c1cd-b5a8-4766-8497-06829dcb825f.jpg,https://www.rbauction.com/cp/agricultural-tractors,,,,
New Holland,T6.145,2023.0,,,"Ocana, CSTL, ESP",,HACT6145LPDG21634,RitchieBros,2026-01-20 22:53:28.229233,4F1DC334-B8FC-3973-A193-A5CF9FE67339,2023 New Holland T6.145 4WD Tractor,4WD Tractor,"Ocana, ESP - Mar 11, 2026",2026-03-11 07:00:00,Live Auction,https://cdn.ironpla.net/i/14569/211/d757604e-b350-4b84-b972-4bda3ecab0de.jpg,https://www.rbauction.com/cp/agricultural-tractors,,,,
New Holland,T6.145,2023.0,,,"Ocana, CSTL, ESP",,HACT6145HPDG20713,RitchieBros,2026-01-20 22:53:28.229233,D472C4B1-7E1B-36B8-8F54-C06ABCFE52F0,2023 New Holland T6.145 4WD Tractor,4WD Tractor,"Ocana, ESP - Mar 11, 2026",2026-03-11 07:00:00,Live Auction,https://cdn.ironpla.net/i/14569/204/00f3ca6f-c66e-4768-9feb-d1def7e50475.jpg,https://www.rbauction.com/cp/agricultural-tractors,,,,
Case IH,MAX125,2010.0,,,"St Walburg, SK, CAN",,Z9BE12300,RitchieBros,2026-01-20 22:53:28.229233,F9C4B8CE-0634-3B65-8679-51D8625DD52C,2010 Case IH MAX125 4WD Tractor,4WD Tractor,"St Walburg, SK, CAN - Apr 23, 2026",2026-04-23 14:00:00,Live Auction,https://cdn.ironpla.net/i/20645/275/8dcd52c7-88a0-4007-86ba-eb3dfe463140.jpg,https://www.rbauction.com/cp/agricultural-tractors,,,,
Case IH,Maxxum 120,2012.0,,,"Rose Valley, SK, CAN",,ZCBE17673,RitchieBros,2026-01-20 22:53:28.229233,C8DBA80B-3754-3380-8D16-BA1196FCA6E9,2012 Case IH Maxxum 120 4WD Tractor,4WD Tractor,"Rose Valley, SK, CAN - Apr 17, 2026",2026-04-17 18:00:00,Live Auction,https://cdn.ironpla.net/i/20492/462/3c9692da-0134-4ec0-af07-509c5360b8a7.jpg,https://www.rbauction.com/cp/agricultural-tractors,,,,
Ford,9480,1995.0,,,"Grandview, MB, CAN",,D102949,RitchieBros,2026-01-20 22:53:28.229233,0154F170-9F43-3DDC-8BA6-88D023C87A82,1995 Ford 9480 Articulated Tractor,Articulated Tractor,"Grandview, MB, CAN - Mar 27, 2026",2026-03-27 14:00:00,Live Auction,https://cdn.ironpla.net/i/20827/438/37d0f838-85d2-4aed-9c52-e33119293270.jpg,https://www.rbauction.com/cp/agricultural-tractors,,,,
Case IH,9370,1996.0,,,"Rose Valley, SK, CAN",,JEE0036610,RitchieBros,2026-01-20 22:53:28.229233,B5ABB600-804E-3DDC-8516-FAC048E473A7,1996 Case IH 9370 Articulated 4WD Tractor,Articulated Tractor,"Rose Valley, SK, CAN - Apr 17, 2026",2026-04-17 18:00:00,Live Auction,https://cdn.ironpla.net/i/20492/436/ee450ce6-bdae-4b90-a772-932f11cd290c.jpg,https://www.rbauction.com/cp/agricultural-tractors,,,,
John Deere,9300,1998.0,,,"Leader, SK, CAN",,RW9300S010010,RitchieBros,2026-01-20 22:53:28.229233,7E7C6D8C-FA48-3AB1-B4CF-C0F533D9AA80,1998 John Deere 9300 Articulated Tractor,Articulated Tractor,"Leader, SK, CAN - Apr 01, 2026",2026-04-01 14:00:00,Live Auction,https://cdn.ironpla.net/i/20679/528/45410e6b-a889-3f4c-9a8b-891c993a6f0c.jpg,https://www.rbauction.com/cp/agricultural-tractors,,,,
John Deere,9620T,2005.0,,,"Warburg, AB, CAN",,RW9620T905056,RitchieBros,2026-01-20 22:53:28.229233,7D999161-9D98-3AF1-9485-B9A583318DB8,2005 John Deere 9620T Track Tractor,Track Tractor,"Warburg, AB, CAN - Mar 25, 2026",2026-03-25 14:00:00,Live Auction,https://cdn.ironpla.net/i/21072/52/e5c10097-56d9-48d9-bb11-b1564d1e966e.jpg,https://www.rbauction.com/cp/agricultural-tractors,,,,
John Deere,9200,1998.0,,,"Wynyard, SK, CAN",,RW9200S010630,RitchieBros,2026-01-20 22:53:28.229233,6F05400C-53F9-3F0C-B186-34C457E9D8B4,1998 John Deere 9200 Articulated Tractor,Articulated Tractor,"Wynyard, SK, CAN - Apr 23, 2026",2026-04-23 14:00:00,Live Auction,https://cdn.ironpla.net/i/19765/864/c0e5f8b1-b833-46ff-9140-d3e65577ccd0.jpg,https://www.rbauction.com/cp/agricultural-tractors,,,,
Case IH,195,,,,"Bredenbury, SK, CAN",,Z7BH51371,RitchieBros,2026-01-20 22:53:28.229233,4ACD2148-F6E1-3996-9102-99F89AD0E392,Case IH Puma 195 4WD Tractor,4WD Tractor,"Bredenbury, SK, CAN - Apr 10, 2026",2026-04-10 18:00:00,Live Auction,https://cdn.ironpla.net/i/18572/178/34361a7b-1ee5-436b-aca0-12bc07d679dc.jpg,https://www.rbauction.com/cp/agricultural-tractors,,,,
New Holland,T8.390,2012.0,,,"Davenport, FL, USA",,ZCRC04811,RitchieBros,2026-01-20 22:53:28.229233,573DB534-7490-3CAC-9248-32E68D3A87F0,2012 New Holland T8.390 4WD Tractor,4WD Tractor,"Orlando, FL, USA - Feb 16, 2026",2026-02-16 13:00:00,Live Auction,https://cdn.ironpla.net/i/21170/732/4f2ca7ac-a532-4a57-88a8-fce3ff3cb1ae.jpg,https://www.rbauction.com/cp/agricultural-tractors,,,,
New Holland,T6.145,2023.0,,,"Ocana, CSTL, ESP",,HACT6145APDG21633,RitchieBros,2026-01-20 22:53:28.229233,907EF04D-0442-3F2C-8F7F-D7B45A366E00,2023 New Holland T6.145 4WD Tractor,4WD Tractor,"Ocana, ESP - Mar 11, 2026",2026-03-11 07:00:00,Live Auction,https://cdn.ironpla.net/i/14569/198/934e53db-b2f8-4d3c-9009-c58f96dd6ff0.jpg,https://www.rbauction.com/cp/agricultural-tractors,,,,
New Holland,TG210,2004.0,,,"Melfort, SK, CAN",,JAW129701,RitchieBros,2026-01-20 22:53:28.229233,BDD5F32A-E0AD-37D7-8E67-9BB63136CF45,2004 New Holland TG210 4WD Tractor,4WD Tractor,"Melfort, SK, CAN - Apr 13, 2026",2026-04-13 14:00:00,Live Auction,https://cdn.ironpla.net/i/20542/858/efc588e5-61b6-438a-9955-603cbf917106.jpg,https://www.rbauction.com/cp/agricultural-tractors,,,,
New Holland,T6.145,2023.0,,,"Ocana, CSTL, ESP",,HACT6145CPDG22116,RitchieBros,2026-01-20 22:53:28.229233,21286D1F-0D3F-35DA-9C2D-CD0386FFF9A3,2023 New Holland T6.145 4WD Tractor,4WD Tractor,"Ocana, ESP - Mar 11, 2026",2026-03-11 07:00:00,Live Auction,https://cdn.ironpla.net/i/14569/203/3c130723-486d-4965-8b06-8d63feba66cc.jpg,https://www.rbauction.com/cp/agricultural-tractors,,,,
Case,9330,1997.0,,,"Assiniboia, SK, CAN",,JEE0069880,RitchieBros,2026-01-20 22:53:28.229233,4E0CEA22-9C4E-3869-87AA-02493229AEF0,1997 Case 9330 Articulated Tractor,Articulated Tractor,"Assiniboia, SK, CAN - Mar 31, 2026",2026-03-31 14:00:00,Live Auction,https://cdn.ironpla.net/i/19624/389/799e7225-2c29-4b36-9b40-4250c6a8202c.jpg,https://www.rbauction.com/cp/agricultural-tractors,,,,
2002,9320,2002.0,,,"Handel, SK, CAN",,RW9320H001077,RitchieBros,2026-01-20 22:53:28.229233,5B8C2FA0-42AC-38E7-9835-38CE0BD55B15,2002 John Deeer 9320 Articulated Tractor,Articulated Tractor,"Handel, SK, CAN - Apr 09, 2026",2026-04-09 14:00:00,Live Auction,https://cdn.ironpla.net/i/20613/846/386fb312-5a02-4db3-80f8-90f589ad0b94.jpg,https://www.rbauction.com/cp/agricultural-tractors,,,,
John Deere,8230,2006.0,,,"Warburg, AB, CAN",,RW8230P024801,RitchieBros,2026-01-20 22:53:28.229233,9DACD4E5-AFF5-3C96-8E9E-3705959137EB,2006 John Deere 8230 4WD Tractor,4WD Tractor,"Warburg, AB, CAN - Mar 25, 2026",2026-03-25 14:00:00,Live Auction,https://cdn.ironpla.net/i/21072/53/5c51ea0b-7e27-44d3-9919-99c9d6f071bd.jpg,https://www.rbauction.com/cp/agricultural-tractors,,,,
Cat,Challenger 75D,1997.0,,,"North Battleford, SK, CAN",,5AR00289,RitchieBros,2026-01-20 22:53:28.229233,822D7188-1927-3625-8E1B-4DAFB5F10A92,1997 Cat Challenger 75D Track Tractor,Track Tractor,"West Central Timed, Eatonia, SK, CAN - Apr 04, 2026",2026-04-04 16:00:00,Live Auction,https://cdn.ironpla.net/i/20729/130/1f292b5e-1d98-4a46-b4d1-6a3b4947d9f8.jpg,https://www.rbauction.com/cp/agricultural-tractors,,,,
John Deere,7230R,2013.0,,,"Tulare, CA, USA",,1RW7230RLDD012833,RitchieBros,2026-01-20 22:53:28.229233,A3283422-39ED-3A17-913F-1529A44B2BDF,2013 John Deere 7230R 4WD Tractor,4WD Tractor,"California Regional Event, USA - Feb 12, 2026",2026-02-12 17:00:00,Live Auction,https://cdn.ironpla.net/i/20858/156/fcaa87ef-3571-4eda-bac6-2ed635ca6f49.jpg,https://www.rbauction.com/cp/agricultural-tractors,,,,
Kubota,M126GX,2014.0,,,"Windthorst, SK, CAN",,51074,RitchieBros,2026-01-20 22:53:28.229233,0C78E2FF-61B4-3EB3-9850-4D7F3ABB8263,2014 Kubota M126GX 4WD Tractor,4WD Tractor,"Windthorst, SK, CAN - Apr 24, 2026",2026-04-24 14:00:00,Live Auction,https://cdn.ironpla.net/i/20678/718/ad1b3403-46bf-4b6b-b59b-d8a3d3738287.jpg,https://www.rbauction.com/cp/agricultural-tractors,,,,
Case IH,7140,1989.0,,,"Ceylon, SK, CAN",,JJA0016438,RitchieBros,2026-01-20 22:53:28.229233,C7B9B6FC-2131-3C27-9152-256E4BC75E75,1989 Case IH 7140 4WD Tractor,4WD Tractor,"Ceylon, SK, CAN - Apr 07, 2026",2026-04-07 14:00:00,Live Auction,https://cdn.ironpla.net/i/20776/690/71174b9b-c3ea-40b4-88bf-d8f177489695.jpg,https://www.rbauction.com/cp/agricultural-tractors,,,,
John Deere,8970,1995.0,,,"Wandering River, AB, CAN",,RW8970H003336,RitchieBros,2026-01-20 22:53:28.229233,F2C5B77D-0F02-3D11-8BE2-A610D2A43948,1995 John Deere 8970 Articulated Tractor,Articulated Tractor,"Wandering River, AB, CAN - Mar 30, 2026",2026-03-30 14:00:00,Live Auction,https://cdn.ironpla.net/i/20647/863/a571c087-7995-4596-9fc4-e350ad1fee5b.jpg,https://www.rbauction.com/cp/agricultural-tractors,,,,
Ford,846,1990.0,,,"Glenside, SK, CAN",,D450721,RitchieBros,2026-01-20 22:53:28.229233,7EF2EE8E-9F83-3215-BBD8-594DBA02AE2C,1990 Ford 846 Articulated Tractor,Articulated Tractor,"Glenside, SK, CAN - Apr 15, 2026",2026-04-15 14:00:00,Live Auction,https://cdn.ironpla.net/i/19791/705/233fd632-3c27-49cd-94aa-143c8d5950e5.jpg,https://www.rbauction.com/cp/agricultural-tractors,,,,
Case IH,9380,1996.0,,,"Moree, NSW, AUS",,JEE0073107,RitchieBros,2026-01-20 22:53:28.229233,4E331B31-00D3-3A6B-9B90-2AF90C6E1C8F,1996 Case IH 9380 Articulated Tractor,Articulated Tractor,"Australia National Unreserved Auction, AUS - Feb 25, 2026",2026-02-24 22:00:00,Live Auction,https://cdn.ironpla.net/i/20968/107/084f2b2b-6d52-3947-8c9f-85226ef4c4b7.jpg,https://www.rbauction.com/cp/agricultural-tractors,,,,
New Holland,9482,1996.0,,,"Landis, SK, CAN",,D103744,RitchieBros,2026-01-20 22:53:28.229233,71BD6265-60A9-3ECE-8E49-E5FE2184FED3,1996 New Holland 9482 Articulated Tractor,Articulated Tractor,"Landis, SK, CAN - Apr 02, 2026",2026-04-02 14:00:00,Live Auction,https://cdn.ironpla.net/i/19677/142/44078de6-c241-4edc-b663-083dddd9f6b3.jpg,https://www.rbauction.com/cp/agricultural-tractors,,,,
John Deere,4450,1989.0,,,"La Salle, MB, CAN",,RW4450P031145,RitchieBros,2026-01-20 22:53:28.229233,3A80D5BF-6E50-31F5-A614-5B1B12F078AD,1989 John Deere 4450 4WD Tractor,4WD Tractor,"La Salle, MB, CAN - Apr 08, 2026",2026-04-08 13:00:00,Live Auction,https://cdn.ironpla.net/i/20088/684/c9804420-90f0-4393-a0cd-22bfdf565f04.jpg,https://www.rbauction.com/cp/agricultural-tractors,,,,
Bobcat,CT5558,2022.0,,,"Amaranth, ON, CAN",,B4W711481,RitchieBros,2026-01-20 22:53:28.229233,E17C9F66-9B26-3D21-BAEC-A83E86063963,2022 Bobcat CT5558 4WD Utility Tractor,Utility Tractor,"Ontario Regional Event, CAN - Feb 09, 2026",2026-02-09 19:00:00,Live Auction,https://cdn.ironpla.net/i/20816/687/22260bce-73b1-4fb3-8636-bcac1b42e1af.jpg,https://www.rbauction.com/cp/agricultural-tractors,,,,
Case IH,Maxxum 130,,,,"Drumheller, AB, CAN",,Z9BE13102,RitchieBros,2026-01-20 22:53:28.229233,BACD7241-607B-3DCD-BA36-7D8E93168610,Case IH Maxxum 130 4WD Tractor,4WD Tractor,"Drumheller, AB, CAN - Apr 01, 2026",2026-04-01 14:00:00,Live Auction,https://cdn.ironpla.net/i/20833/642/e6b1898b-d21d-4f90-971b-b4c8d803dded.jpg,https://www.rbauction.com/cp/agricultural-tractors,,,,
Case IH,9130,1990.0,,,"Liebenthal, SK, CAN",,JCB0005996,RitchieBros,2026-01-20 22:53:28.229233,C82C25EB-DE61-3654-8BD3-930EB7D2D7D3,1990 Case IH 9130 Articulated Tractor,Articulated Tractor,"Liebenthal, SK, CAN - Mar 30, 2026",2026-03-30 14:00:00,Live Auction,https://cdn.ironpla.net/i/20758/270/dda9b3b0-8029-4fd4-a4f7-420bb68e5ffd.jpg,https://www.rbauction.com/cp/agricultural-tractors,,,,
John Deere,John,2004.0,,,"Amaranth, ON, CAN",,L06420P424576,RitchieBros,2026-01-20 22:53:28.229233,AFB12F97-C660-3202-BC4A-819AD3D11467,2004 John Deere 6420 Premium 4WD Tractor,4WD Tractor,"Ontario Regional Event, CAN - Feb 09, 2026",2026-02-09 19:00:00,Live Auction,https://cdn.ironpla.net/i/21127/85/9b15aaea-bd54-4c43-9f45-be10ffb13169.jpg,https://www.rbauction.com/cp/agricultural-tractors,,,,
Case,9240,1991.0,,,"Assiniboia, SK, CAN",,JCB0027823,RitchieBros,2026-01-20 22:53:28.229233,C40E895E-3C43-336E-ADB7-8EC613AFDC37,1991 Case 9240 4WD Tractor,4WD Tractor,"Assiniboia, SK, CAN - Mar 31, 2026",2026-03-31 14:00:00,Live Auction,https://cdn.ironpla.net/i/19624/390/ee5f8fea-8a36-4121-b0e2-8969a3e64deb.jpg,https://www.rbauction.com/cp/agricultural-tractors,,,,
New Holland,8670,2000.0,,,"Assiniboia, SK, CAN",,D420404,RitchieBros,2026-01-20 22:53:28.229233,B49D5400-B331-3FD5-9A42-23600858DB63,2000 New Holland 8670 4WD Tractor,4WD Tractor,"Assiniboia, SK, CAN - Mar 31, 2026",2026-03-31 14:00:00,Live Auction,https://cdn.ironpla.net/i/19624/396/7cdf0940-dc5f-4581-8acf-7e9dede39917.jpg,https://www.rbauction.com/cp/agricultural-tractors,,,,
New Holland,TG210,2005.0,,,"Sibbald, AB, CAN",,JAW136017,RitchieBros,2026-01-20 22:53:28.229233,4EC0F4CE-D451-3263-8787-FFE6450B9EF4,2005 New Holland TG210 4WD Tractor,4WD Tractor,"Sibbald, AB, CAN - Mar 12, 2026",2026-03-12 18:00:00,Live Auction,https://cdn.ironpla.net/i/20548/895/f87084d5-bc60-4656-8100-263156328cd8.jpg,https://www.rbauction.com/cp/agricultural-tractors,,,,
Case IH,9380,1997.0,,,"Moree, NSW, AUS",,JEE0073023,RitchieBros,2026-01-20 22:53:28.229233,E410071B-1450-39B7-A305-67FA397F9FBC,1997 Case IH 9380 Articulated Tractor,Articulated Tractor,"Australia National Unreserved Auction, AUS - Feb 25, 2026",2026-02-24 22:00:00,Live Auction,https://cdn.ironpla.net/i/20968/106/6ff62ff5-b2ee-3cc1-821a-705e88e4a725.jpg,https://www.rbauction.com/cp/agricultural-tractors,,,,
John Deere,6320,2006.0,,,"Amaranth, ON, CAN",,L06320P493847,RitchieBros,2026-01-20 22:53:28.229233,23A59C33-C071-3FB2-88AB-DC780130054D,2006 John Deere 6320 4WD Tractor,4WD Tractor,"Ontario Regional Event, CAN - Feb 09, 2026",2026-02-09 19:00:00,Live Auction,https://cdn.ironpla.net/i/21053/285/f0947695-c377-4d1c-ad35-c7c30bfd73dc.jpg,https://www.rbauction.com/cp/agricultural-tractors,,,,
Case IH,9330,1996.0,,,"Windthorst, SK, CAN",,JEE0036886,RitchieBros,2026-01-20 22:53:28.229233,5FB28F1B-6639-3949-AB2E-18377F52A6D5,1996 Case IH 9330 Articulated Tractor,Articulated Tractor,"Windthorst, SK, CAN - Apr 24, 2026",2026-04-24 14:00:00,Live Auction,https://cdn.ironpla.net/i/20678/726/2a2ee907-ddaa-49c3-b2cf-eb9f6f5bab50.jpg,https://www.rbauction.com/cp/agricultural-tractors,,,,
John Deere,4440,1981.0,,,"Wandering River, AB, CAN",,4440P049107R,RitchieBros,2026-01-20 22:53:28.229233,2E8206F5-2C61-3775-A2FB-822BEEE7C764,1981 John Deere 4440 2WD Tractor,2WD Tractor,"Wandering River, AB, CAN - Mar 30, 2026",2026-03-30 14:00:00,Live Auction,https://cdn.ironpla.net/i/20647/866/54c1e565-95c8-4ec5-bfa7-adb1c6a264c8.jpg,https://www.rbauction.com/cp/agricultural-tractors,,,,
1995,8570,1995.0,,,"Handel, SK, CAN",,RW8570H002625,RitchieBros,2026-01-20 22:53:28.229233,BEA0FC33-81D1-3637-AF53-17B6427E8612,1995 John Deeer 8570 Articulated Tractor,Articulated Tractor,"Handel, SK, CAN - Apr 09, 2026",2026-04-09 14:00:00,Live Auction,https://cdn.ironpla.net/i/20614/100/abde53de-a637-42d3-8e2d-9f9bdd9b1942.jpg,https://www.rbauction.com/cp/agricultural-tractors,,,,
Case IH,Magnum 7130,1987.0,,,"Windthorst, SK, CAN",,9949420,RitchieBros,2026-01-20 22:53:28.229233,7E3D0C42-D920-3D99-98E4-3A6833D021AE,1987 Case IH Magnum 7130 4WD Tractor,4WD Tractor,"Windthorst, SK, CAN - Apr 24, 2026",2026-04-24 14:00:00,Live Auction,https://cdn.ironpla.net/i/20678/648/f582e0dd-c952-4fb7-bbf5-3d0f4bcd513b.jpg,https://www.rbauction.com/cp/agricultural-tractors,,,,
Case IH,9150,1988.0,,,"Rose Valley, SK, CAN",,JCB0002059,RitchieBros,2026-01-20 22:53:28.229233,C9272451-248A-3018-AF34-75D7C10779A4,1988 Case IH 9150 Articulated Tractor,Articulated Tractor,"Rose Valley, SK, CAN - Apr 17, 2026",2026-04-17 18:00:00,Live Auction,https://cdn.ironpla.net/i/20492/419/0ce9043b-0060-417d-b4bf-ae21b4aeee21.jpg,https://www.rbauction.com/cp/agricultural-tractors,,,,
Case IH,9370,1996.0,,,"Bow Island, AB, CAN",,JEE0037067,RitchieBros,2026-01-20 22:53:28.229233,A071F96A-50B5-3E08-8F98-F9F356B65FEC,1996 Case IH 9370 Articulated Tractor,Articulated Tractor,"Bow Island, AB, CAN - Mar 25, 2026",2026-03-25 14:00:00,Live Auction,https://cdn.ironpla.net/i/19623/511/ad822cc2-ade5-4331-a68d-9808a450b68e.jpg,https://www.rbauction.com/cp/agricultural-tractors,,,,
Case IH,9170,1990.0,,,"Richard, SK, CAN",,JCB0004726,RitchieBros,2026-01-20 22:53:28.229233,4460F571-49A0-33E1-B4E6-BFBD0DA9EAEB,1990 Case IH 9170 Articulated Tractor,Articulated Tractor,"Richard, SK, CAN - Apr 13, 2026",2026-04-13 14:00:00,Live Auction,https://cdn.ironpla.net/i/20646/36/27a3fa47-a7e0-4b79-bab5-e9eb35972885.jpg,https://www.rbauction.com/cp/agricultural-tractors,,,,
John Deere,4250,1985.0,,,"Wynyard, SK, CAN",,RW4250H010409,RitchieBros,2026-01-20 22:53:28.229233,EC093AC8-900C-3F71-B32A-C32AA7A58680,1985 John Deere 4250 2WD Tractor,2WD Tractor,"Wynyard, SK, CAN - Apr 23, 2026",2026-04-23 14:00:00,Live Auction,https://cdn.ironpla.net/i/19765/865/7efa5f34-fadb-45fd-864c-cf998dbe63b8.jpg,https://www.rbauction.com/cp/agricultural-tractors,,,,
Case IH,9260,1991.0,,,"Luseland, SK, CAN",,JCB0027828,RitchieBros,2026-01-20 22:53:28.229233,19E8C3A0-5C08-35B5-9DF0-F6DFDFC44E81,1991 Case IH 9260 4WD Tractor,4WD Tractor,"Luseland, SK, CAN - Apr 08, 2026",2026-04-08 14:00:00,Live Auction,https://cdn.ironpla.net/i/19702/91/ce92cdf9-fb03-46c1-9861-d39ed9bffc57.jpg,https://www.rbauction.com/cp/agricultural-tractors,,,,
New Holland,T5060,2010.0,,,"Amaranth, ON, CAN",,ZAJH04410,RitchieBros,2026-01-20 22:53:28.229233,90D10464-FB39-313C-A926-FE5E26305168,2010 New Holland T5060 4WD Tractor,4WD Tractor,"Ontario Regional Event, CAN - Feb 09, 2026",2026-02-09 19:00:00,Live Auction,https://cdn.ironpla.net/i/21053/284/a32ec90b-c46e-4296-a537-be772f9a9c2b.jpg,https://www.rbauction.com/cp/agricultural-tractors,,,,
Case IH,MXU125,2006.0,,,"La Salle, MB, CAN",,ACP270325,RitchieBros,2026-01-20 22:53:28.229233,03A9036D-003B-3CE5-AFC5-225F92746CE4,2006 Case IH MXU125 Limited 4WD Tractor,4WD Tractor,"La Salle, MB, CAN - Apr 08, 2026",2026-04-08 13:00:00,Live Auction,https://cdn.ironpla.net/i/20088/685/fa388ef8-75b9-4ba4-b0c3-6ef1f7f936c6.jpg,https://www.rbauction.com/cp/agricultural-tractors,,,,
New Holland,TM130,,,,"Chaplin, SK, CAN",,ACM255G52XMBC7BE1,RitchieBros,2026-01-20 22:53:28.229233,4F7875FA-7D5F-3A5C-8283-8E929921A422,New Holland TM130 4WD Tractor,4WD Tractor,"Chaplin, SK, CAN - Apr 13, 2026",2026-04-13 14:00:00,Live Auction,https://cdn.ironpla.net/i/20705/645/4c4ec245-32da-4c7b-99f3-3ab5bdba8317.jpg,https://www.rbauction.com/cp/agricultural-tractors,,,,
Case IH,9130,1990.0,,,"Bredenbury, SK, CAN",,JCB0005114,RitchieBros,2026-01-20 22:53:28.229233,1D536A4E-2697-35C7-A36E-B2CAD9D7D2D8,1990 Case IH 9130 Articulated Tractor,Articulated Tractor,"Bredenbury, SK, CAN - Apr 10, 2026",2026-04-10 18:00:00,Live Auction,https://cdn.ironpla.net/i/18572/206/1dd7c857-15fb-4099-bd94-7fdc91bb2154.jpg,https://www.rbauction.com/cp/agricultural-tractors,,,,
John Deere,8760,1992.0,,,"Melville, SK, CAN",,RW8760H004566,RitchieBros,2026-01-20 22:53:28.229233,52B5C815-3188-3020-B9A2-866ED785CAF5,1992 John Deere 8760 Articulated Tractor,Articulated Tractor,"Melville, SK, CAN - Apr 20, 2026",2026-04-20 18:00:00,Live Auction,https://cdn.ironpla.net/i/20798/329/d8d42557-41a3-4b54-86ab-183119fe8520.jpg,https://www.rbauction.com/cp/agricultural-tractors,,,,
John Deere,4440,1979.0,,,"Landis, SK, CAN",,4440H024913R,RitchieBros,2026-01-20 22:53:28.229233,E0B4CFBB-5D75-30E9-B7D2-0B4B1F5DB8CE,1979 John Deere 4440 2WD Tractor,2WD Tractor,"Landis, SK, CAN - Apr 02, 2026",2026-04-02 14:00:00,Live Auction,https://cdn.ironpla.net/i/19677/132/5b9d0c7b-7b73-4300-9b2e-254b200c7bac.jpg,https://www.rbauction.com/cp/agricultural-tractors,,,,
1982,PTA280,1982.0,,,"St Paul, AB, CAN",,155-01586C82,RitchieBros,2026-01-20 22:53:28.229233,B3B65491-27D3-3BB7-9544-B0030D4EB5C1,1982 Stieger PTA280 Articulated Tractor,Articulated Tractor,"Edmonton, AB, CAN - Mar 17, 2026",2026-03-17 14:00:00,Live Auction,https://cdn.ironpla.net/i/20888/215/09b4ae9c-6dc5-42e6-8b71-522119c4c422.jpg,https://www.rbauction.com/cp/agricultural-tractors,,,,
John Deere,4840,1980.0,,,"Macrorie, SK, CAN",,4840P010455R,RitchieBros,2026-01-20 22:53:28.229233,3D63C626-A621-34F8-91F8-281424C11336,1980 John Deere 4840 2WD Tractor,2WD Tractor,"Macrorie, SK, CAN - Apr 20, 2026",2026-04-20 18:00:00,Live Auction,https://cdn.ironpla.net/i/20852/537/4c3cd18c-e91a-4b06-a690-9bd0e1594384.jpg,https://www.rbauction.com/cp/agricultural-tractors,,,,
John Deere,6115R,2016.0,,,"Maltby, L3, GBR",,1L06115RHDR776108,RitchieBros,2026-01-20 22:53:28.229233,5B2A4FC9-CB6F-32C9-BEEC-5E2523E1CB7C,2016 John Deere 6115R 4WD Tractor,4WD Tractor,"UK and Ireland Auction - Feb 11, 2026",2026-02-11 08:00:00,Live Auction,https://cdn.ironpla.net/i/20988/381/a5e4059b-cdf1-4b57-8596-f41381cab0b5.jpg,https://www.rbauction.com/cp/agricultural-tractors,,,,
Challenger,MT635B,,,,"Newnan, GA, USA",,N351016,RitchieBros,2026-01-20 22:53:28.229233,21BD4533-80AA-3ED1-B301-EBE8432ACF07,Challenger MT635B 4WD Tractor,4WD Tractor,"Southeast Regional Event, USA - Mar 23, 2026",2026-03-23 12:00:00,Live Auction,https://cdn.ironpla.net/i/20839/178/a8bd724c-388f-41dc-ac82-0c1ea514686c.jpg,https://www.rbauction.com/cp/agricultural-tractors,,,,
John Deere,4240,1980.0,,,"Neville, SK, CAN",,4240H016881R,RitchieBros,2026-01-20 22:53:28.229233,AF559309-8C4D-373B-A61D-7224D7006BF6,1980 John Deere 4240 2WD Tractor,2WD Tractor,"Neville, SK, CAN - Mar 31, 2026",2026-03-31 18:00:00,Live Auction,https://cdn.ironpla.net/i/19001/140/1d84921a-ab9f-4702-9144-20951f1b87cf.jpg,https://www.rbauction.com/cp/agricultural-tractors,,,,
John Deere,9520,2003.0,,,"Davenport, FL, USA",,0E010119,RitchieBros,2026-01-20 22:53:28.229233,2FB966E2-9008-3888-9282-5DE5D29D244C,2003 John Deere 9520 Articulated 4WD Tractor,Articulated Tractor,"Orlando, FL, USA - Feb 16, 2026",2026-02-16 13:00:00,Live Auction,https://cdn.ironpla.net/i/21086/322/a52075bc-52da-489f-bf50-c788be3a17e7.jpg,https://www.rbauction.com/cp/agricultural-tractors,,,,
Case IH,3394,1986.0,,,"Assiniboia, SK, CAN",,9945372,RitchieBros,2026-01-20 22:53:28.229233,F6E5131A-5D4B-30E8-A2B5-6F0D57CADC63,1986 Case IH 3394 4WD Tractor,4WD Tractor,"Assiniboia, SK, CAN - Mar 31, 2026",2026-03-31 14:00:00,Live Auction,https://cdn.ironpla.net/i/19624/395/6ce6c002-2ec0-43de-8862-45b1a8464575.jpg,https://www.rbauction.com/cp/agricultural-tractors,,,,
John Deere,4840,1982.0,,,"Wynyard, SK, CAN",,4840P016422RW,RitchieBros,2026-01-20 22:53:28.229233,7AC33C5C-46E9-3C51-990C-2A4C508CE9E1,1982 John Deere 4840 2WD Tractor,2WD Tractor,"Wynyard, SK, CAN - Apr 23, 2026",2026-04-23 14:00:00,Live Auction,https://cdn.ironpla.net/i/19765/866/344cfff0-7d68-44ed-b43d-b115fe0ca732.jpg,https://www.rbauction.com/cp/agricultural-tractors,,,,
Kubota,L6060D,2016.0,,,"Mont-Saint-Hilaire, QC, CAN",,L6060HSTCC43102,RitchieBros,2026-01-20 22:53:28.229233,C1989E18-A0A2-35B3-9BDB-FBDB85C02270,2016 Kubota L6060D 4WD Utility Tractor,Utility Tractor,"Quebec Regional Event, CAN - Feb 13, 2026",2026-02-13 14:00:00,Live Auction,https://cdn.ironpla.net/i/20133/690/b085f2c8-d67f-49c6-a641-ce50f5ba3399.jpg,https://www.rbauction.com/cp/agricultural-tractors,,,,
Massey Ferguson,6713,2021.0,,,"Tulare, CA, USA",,AGCMC200KMC000585,RitchieBros,2026-01-20 22:53:28.229233,9AA0C5DD-CA8C-3073-AF9A-6F3366374ECF,2021 Massey Ferguson 6713 4WD Tractor,4WD Tractor,"California Regional Event, USA - Feb 12, 2026",2026-02-12 17:00:00,Live Auction,https://cdn.ironpla.net/i/20930/137/53acb23d-0f74-4a8d-afc3-4ef0bbfa6bc4.jpg,https://www.rbauction.com/cp/agricultural-tractors,,,,
Allis Chalmers,7020,,,,"Amaranth, MB, CAN",,,RitchieBros,2026-01-20 22:53:28.229233,D7D5ED63-09F3-3213-84C8-E4DA90553818,Allis Chalmers 8030 4WD Tractor,4WD Tractor,"Amaranth, MB, CAN - Apr 15, 2026",2026-04-15 17:00:00,Live Auction,https://cdn.ironpla.net/i/20298/94/ac62de7f-3e60-491c-9003-88a820ee878f.jpg,https://www.rbauction.com/cp/agricultural-tractors,,,,
John Deere,4240,1978.0,,,"Nampa, AB, CAN",,4240P005938R,RitchieBros,2026-01-20 22:53:28.229233,A79DDA24-A516-3564-A18A-4504AAB42393,1978 John Deere 4240 2WD Tractor,2WD Tractor,"Nampa, AB, CAN - Apr 16, 2026",2026-04-16 14:00:00,Live Auction,https://cdn.ironpla.net/i/20784/31/2f83ff16-ad67-40db-ba99-e4d74de511c6.jpg,https://www.rbauction.com/cp/agricultural-tractors,,,,
Challenger,Challenger,2015.0,,,"Dunnigan, CA, USA",,AGCC0645AFNGL1001,RitchieBros,2026-01-20 22:53:28.229233,CBE4AC08-3458-39A2-A7D5-D3BFB7F89344,2015 Challenger MT645 4WD Tractor,4WD Tractor,"California Regional Event, USA - Feb 12, 2026",2026-02-12 17:00:00,Live Auction,https://cdn.ironpla.net/i/21158/678/65767100-8d95-4afa-89eb-791f3fbbf26c.jpg,https://www.rbauction.com/cp/agricultural-tractors,,,,
Ford,8770,1994.0,,,"Handel, SK, CAN",,D403379,RitchieBros,2026-01-20 22:53:28.229233,305514F6-DC34-3369-8C6C-2874122F4270,1994 Ford 8770 4WD Tractor,4WD Tractor,"Handel, SK, CAN - Apr 09, 2026",2026-04-09 14:00:00,Live Auction,https://cdn.ironpla.net/i/20613/734/fc1cb1b3-e5f3-4c79-8804-3dc905b2a818.jpg,https://www.rbauction.com/cp/agricultural-tractors,,,,
John Deere,6300,1997.0,,,"Amaranth, ON, CAN",,L06300X199446,RitchieBros,2026-01-20 22:53:28.229233,03CB8489-482E-30F0-BC2E-DDD0E1FC8F69,1997 John Deere 6300 4WD Tractor,4WD Tractor,"Ontario Regional Event, CAN - Feb 09, 2026",2026-02-09 19:00:00,Live Auction,https://cdn.ironpla.net/i/21055/680/2c7454b1-cd72-49b6-adcd-54b097a3e7dd.jpg,https://www.rbauction.com/cp/agricultural-tractors,,,,
Kubota,M110X,2010.0,,,"Amaranth, ON, CAN",,50672,RitchieBros,2026-01-20 22:53:28.229233,0A6EDD83-8220-3AAA-A154-4785CBA32AEF,2010 Kubota M110X 4WD Tractor,4WD Tractor,"Ontario Regional Event, CAN - Feb 09, 2026",2026-02-09 19:00:00,Live Auction,https://cdn.ironpla.net/i/20929/491/bbd47581-9f97-451c-9490-400f328318cf.jpg,https://www.rbauction.com/cp/agricultural-tractors,,,,
Versatile,936,1988.0,,,"Borden, SK, CAN",,330252,RitchieBros,2026-01-20 22:53:28.229233,42EE44B5-0DB2-3AC2-B0E7-337082AC440D,1988 Versatile 936 Articulated 4WD Tractor,Articulated Tractor,"Borden, SK, CAN - Apr 11, 2026",2026-04-11 14:00:00,Live Auction,https://cdn.ironpla.net/i/20770/670/bf38e573-2373-4cf3-afa3-13e97a4683a5.jpg,https://www.rbauction.com/cp/agricultural-tractors,,,,
John Deere,8760,1989.0,,,"La Salle, MB, CAN",,RW8760H001758,RitchieBros,2026-01-20 22:53:28.229233,A80C6B44-D603-302E-8ABD-424889365128,1989 John Deere 8760 Articulated Tractor,Articulated Tractor,"La Salle, MB, CAN - Apr 08, 2026",2026-04-08 13:00:00,Live Auction,https://cdn.ironpla.net/i/20088/683/544b3583-66bc-4ee4-b9a4-851cbe0fd138.jpg,https://www.rbauction.com/cp/agricultural-tractors,,,,
John Deere,4640,1982.0,,,"Chaplin, SK, CAN",,4640H027718RW,RitchieBros,2026-01-20 22:53:28.229233,E5479DDE-CA65-3712-96D2-3AEB76752E0B,1982 John Deere 4640 2WD Tractor,2WD Tractor,"Chaplin, SK, CAN - Apr 13, 2026",2026-04-13 14:00:00,Live Auction,https://cdn.ironpla.net/i/20705/641/0cee5cee-0141-4624-85cd-02d3bd22d008.jpg,https://www.rbauction.com/cp/agricultural-tractors,,,,
John Deere,7810,2000.0,,,"Davenport, FL, USA",,RW7810P040275,RitchieBros,2026-01-20 22:53:28.229233,61B1BAD5-73CE-3F79-ABF3-FBB42A344A41,2000 John Deere 7810 4WD Tractor,4WD Tractor,"Orlando, FL, USA - Feb 16, 2026",2026-02-16 13:00:00,Live Auction,https://cdn.ironpla.net/i/21030/24/28385453-19bd-4611-afa2-38beee3aa2f9.jpg,https://www.rbauction.com/cp/agricultural-tractors,,,,
John Deere,4640,1980.0,,,"Beaverlodge, AB, CAN",,4640H017541R,RitchieBros,2026-01-20 22:53:28.229233,5AB99687-C1E5-32AC-9630-F77BDAFE2AF0,1980 John Deere 4640 2WD Tractor,2WD Tractor,"Beaverlodge, AB, CAN - Apr 17, 2026",2026-04-17 14:00:00,Live Auction,https://cdn.ironpla.net/i/20257/551/8f7c1c8e-b6eb-4d4e-a91c-eea875bb51a7.jpg,https://www.rbauction.com/cp/agricultural-tractors,,,,
1989,946,1989.0,,,"Insinger, SK, CAN",,D430807,RitchieBros,2026-01-20 22:53:28.229233,18CB3F75-4189-3230-9A0C-1425389261D7,1989 Ford Versatile 946 Articulated Tractor,Articulated Tractor,"Insinger, SK, CAN - Jun 23, 2026",2026-06-23 14:00:00,Live Auction,https://cdn.ironpla.net/i/20553/103/3a86de2d-f8b1-433c-a902-9d3c0aa8de1e.jpg,https://www.rbauction.com/cp/agricultural-tractors,,,,
Massey Ferguson,6713,2021.0,,,"Tulare, CA, USA",,AGCMC200PMC000584,RitchieBros,2026-01-20 22:53:28.229233,C437436E-80D7-3BAF-ADF6-E811E8CD7C39,2021 Massey Ferguson 6713 4WD Tractor,4WD Tractor,"California Regional Event, USA - Feb 12, 2026",2026-02-12 17:00:00,Live Auction,https://cdn.ironpla.net/i/20929/539/a74d9f1b-c69d-4ea1-bf5e-3d5e79e182d1.jpg,https://www.rbauction.com/cp/agricultural-tractors,,,,
2024,Explorer 75 Natural,2024.0,,,"Caorso, EMRM, ITA",,ZKDMT402W0BS50018,RitchieBros,2026-01-20 22:53:28.229233,A8EF066B-DCA7-37A3-8DE4-E3BCCB2D5D50,2024 Same Explorer 75 Natural 4WD Tractor (Unused),4WD Tractor,"Caorso, ITA - Mar 19, 2026",2026-03-19 08:00:00,Live Auction,https://cdn.ironpla.net/i/21145/195/afcea462-7429-448e-a1c1-a741cfbe9cad.jpg,https://www.rbauction.com/cp/agricultural-tractors,,,,
John Deere,5100E,2015.0,,,"Davenport, FL, USA",,1LV5100ECFY340043,RitchieBros,2026-01-20 22:53:28.229233,E2E745A9-4618-39C8-B8A9-CCBA6C2B9658,2015 John Deere 5100E 4WD Tractor,4WD Tractor,"Orlando, FL, USA - Feb 16, 2026",2026-02-16 13:00:00,Live Auction,https://cdn.ironpla.net/i/20735/168/12d37b19-0644-3d83-b5a9-b7aa5a2ee668.jpg,https://www.rbauction.com/cp/agricultural-tractors,,,,
Case IH,3394,1985.0,,,"Wetaskiwin, AB, CAN",,9941238,RitchieBros,2026-01-20 22:53:28.229233,760676DE-0526-361F-A0FB-5E2658777114,1985 Case IH 3394 4WD Tractor,4WD Tractor,"Wetaskiwin, AB, CAN - Mar 31, 2026",2026-03-31 14:00:00,Live Auction,https://cdn.ironpla.net/i/19427/917/126e3f79-38cb-4c67-98ab-b68c65ae4278.jpg,https://www.rbauction.com/cp/agricultural-tractors,,,,
John Deere,4640,1981.0,,,"Strathmore, AB, CAN",,4640H023693RW,RitchieBros,2026-01-20 22:53:28.229233,A28E8B2E-41B2-3172-BE37-47510D596D52,1981 John Deere 4640 2WD Tractor,2WD Tractor,"Strathmore, AB, CAN - Apr 02, 2026",2026-04-02 14:00:00,Live Auction,https://cdn.ironpla.net/i/19454/164/84544cea-9cdf-475e-941b-2343f9bed8d9.jpg,https://www.rbauction.com/cp/agricultural-tractors,,,,
Steiger,Steiger,1985.0,,,"Luseland, SK, CAN",,C0605130,RitchieBros,2026-01-20 22:53:28.229233,C529BE50-576B-3D12-9A4A-76316958796E,1985 Steiger Cougar KR-1225 Articulated Tractor,Articulated Tractor,"Luseland, SK, CAN - Apr 08, 2026",2026-04-08 14:00:00,Live Auction,https://cdn.ironpla.net/i/19702/96/88afef69-3ae2-4f33-b28a-efaf35d0e465.jpg,https://www.rbauction.com/cp/agricultural-tractors,,,,
Challenger,Challenger,2008.0,,,"Dunnigan, CA, USA",,T080054,RitchieBros,2026-01-20 22:53:28.229233,4A592DE0-797A-3425-AF14-5362EA4C3A1B,2008 Challenger MT645B 4WD Tractor,4WD Tractor,"California Regional Event, USA - Feb 12, 2026",2026-02-12 17:00:00,Live Auction,https://cdn.ironpla.net/i/21158/675/4fc656fb-136f-4a9d-93b8-d6ce4141237c.jpg,https://www.rbauction.com/cp/agricultural-tractors,,,,
Agco,9455,,,,"Amaranth, MB, CAN",,81171,RitchieBros,2026-01-20 22:53:28.229233,CB2CB8F9-F019-31DB-98E8-8D53C9C49956,Agco Allis 9455 4WD Tractor,4WD Tractor,"Amaranth, MB, CAN - Apr 15, 2026",2026-04-15 17:00:00,Live Auction,https://cdn.ironpla.net/i/20298/66/eb435c51-d4fd-4eaa-b6ae-132bd941ccc1.jpg,https://www.rbauction.com/cp/agricultural-tractors,,,,
Versatile,876,1988.0,,,"Nampa, AB, CAN",,330285,RitchieBros,2026-01-20 22:53:28.229233,EC05912C-A544-3DC1-BA21-80661F2B2159,1988 Versatile 876 Articulated Tractor,Articulated Tractor,"Nampa, AB, CAN - Apr 16, 2026",2026-04-16 14:00:00,Live Auction,https://cdn.ironpla.net/i/20784/29/327b0002-a15b-4daa-8dff-16922c00d7d4.jpg,https://www.rbauction.com/cp/agricultural-tractors,,,,
John Deere,7520,2006.0,,,"Tulare, CA, USA",,RW7520D053588,RitchieBros,2026-01-20 22:53:28.229233,422F8969-1802-39EC-8587-F99175A7245E,2006 John Deere 7520 4WD Tractor,4WD Tractor,"California Regional Event, USA - Feb 12, 2026",2026-02-12 17:00:00,Live Auction,https://cdn.ironpla.net/i/20858/155/d6bfb72f-8e02-407f-9ed0-c99903649258.jpg,https://www.rbauction.com/cp/agricultural-tractors,,,,
John Deere,4040,1980.0,,,"Richard, SK, CAN",,4040H007620R,RitchieBros,2026-01-20 22:53:28.229233,EC098E88-CEFE-3926-830F-8DB1730F6D94,1980 John Deere 4040 2WD Tractor,2WD Tractor,"Richard, SK, CAN - Apr 13, 2026",2026-04-13 14:00:00,Live Auction,https://cdn.ironpla.net/i/20645/606/0a41c065-0564-4c80-be20-e5352ae51dae.jpg,https://www.rbauction.com/cp/agricultural-tractors,,,,
Case IH,Case,2014.0,,,"Lethbridge County, AB, CAN",,ZDME22231,RitchieBros,2026-01-20 22:53:28.229233,F9A2CC34-5F81-3D71-B149-10705B53DA48,2014 Case IH Farmall 40B 4WD Utility Tractor,Utility Tractor,"Lethbridge, AB, CAN - Mar 19, 2026",2026-03-19 14:00:00,Live Auction,https://cdn.ironpla.net/i/21174/538/abdfcb52-7d6c-4f72-8c23-33ee2390f9ce.jpg,https://www.rbauction.com/cp/agricultural-tractors,,,,
Massey Ferguson,6713,2021.0,,,"Tulare, CA, USA",,AGCMC200TMC000583,RitchieBros,2026-01-20 22:53:28.229233,099DF40A-DE92-3F23-A347-073004FDCA54,2021 Massey Ferguson 6713 4WD Tractor,4WD Tractor,"California Regional Event, USA - Feb 12, 2026",2026-02-12 17:00:00,Live Auction,https://cdn.ironpla.net/i/20930/131/4ec5a1d3-1dda-4da3-8a46-219323fd950d.jpg,https://www.rbauction.com/cp/agricultural-tractors,,,,
John Deere,5090GN ,2017.0,,,"Phoenix, AZ, USA",,1AT5090GEHN403858,RitchieBros,2026-01-20 22:53:28.229233,A67633BE-D921-32D7-8F1F-DFD8AAAE9C01,2017 John Deere 5090GN 4WD Tractor,4WD Tractor,"Phoenix, AZ, USA - Feb 26, 2026",2026-02-26 16:00:00,Live Auction,https://cdn.ironpla.net/i/20955/198/68db235b-5add-48f4-af77-293f7ece30d0.jpg,https://www.rbauction.com/cp/agricultural-tractors,,,,
Allis Chalmers,7580,,,,"Amaranth, MB, CAN",,7520265081,RitchieBros,2026-01-20 22:53:28.229233,EB533129-C819-30C5-85F4-FD71FD42ADE8,Allis Chalmers 7580 Articulated Tractor,Articulated Tractor,"Amaranth, MB, CAN - Apr 15, 2026",2026-04-15 17:00:00,Live Auction,https://cdn.ironpla.net/i/20298/95/eadea223-cbfb-4409-86c0-c612b7ef058f.jpg,https://www.rbauction.com/cp/agricultural-tractors,,,,
Case,4494,1986.0,,,"St Walburg, SK, CAN",,8866804,RitchieBros,2026-01-20 22:53:28.229233,DC9B8485-9D12-3DA8-9DB8-097CE485A5B1,1986 Case 4494 4WD Tractor,4WD Tractor,"St Walburg, SK, CAN - Apr 23, 2026",2026-04-23 14:00:00,Live Auction,https://cdn.ironpla.net/i/20645/175/9542d7d7-418a-4bc6-a22b-b388e40ef214.jpg,https://www.rbauction.com/cp/agricultural-tractors,,,,
Case IH,2394,1986.0,,,"Neville, SK, CAN",,9944557,RitchieBros,2026-01-20 22:53:28.229233,1B063836-5EA4-3D9F-A3C5-2D20DF03007D,1986 Case IH 2394 2WD Tractor,2WD Tractor,"Neville, SK, CAN - Mar 31, 2026",2026-03-31 18:00:00,Live Auction,https://cdn.ironpla.net/i/19001/143/abd93ce8-f8cd-4090-b4c1-83b77890e67a.jpg,https://www.rbauction.com/cp/agricultural-tractors,,,,
Massey Ferguson,6713,2021.0,,,"Tulare, CA, USA",,AGCMC200HMC000563,RitchieBros,2026-01-20 22:53:28.229233,EFDE1749-DCF1-36ED-9B84-5CD7A98DBB02,2021 Massey Ferguson 6713 4WD Tractor,4WD Tractor,"California Regional Event, USA - Feb 12, 2026",2026-02-12 17:00:00,Live Auction,https://cdn.ironpla.net/i/20930/148/fe97eeda-4778-4d0f-bbd1-7c301685fa64.jpg,https://www.rbauction.com/cp/agricultural-tractors,,,,
John Deere,4440,1978.0,,,"Glenside, SK, CAN",,4440H012505R,RitchieBros,2026-01-20 22:53:28.229233,9F80D001-B9BB-34AE-AA85-93E4BA36548B,1978 John Deere 4440 2WD Tractor,2WD Tractor,"Glenside, SK, CAN - Apr 15, 2026",2026-04-15 18:00:00,Live Auction,https://cdn.ironpla.net/i/19791/758/2c68df33-b322-4390-9268-f5502e49d35a.jpg,https://www.rbauction.com/cp/agricultural-tractors,,,,
John Deere,4440,1978.0,,,"Redvers, SK, CAN",,4440H009650R,RitchieBros,2026-01-20 22:53:28.229233,3A689E21-E9C0-3A20-981D-9AE2BFF9815A,1978 John Deere 4440 2WD Tractor,2WD Tractor,"Redvers, SK, CAN - Apr 14, 2026",2026-04-14 18:00:00,Live Auction,https://cdn.ironpla.net/i/19087/145/f1bf19c6-7a48-4ec8-8458-61194e6ba607.jpg,https://www.rbauction.com/cp/agricultural-tractors,,,,
Ford,876,1989.0,,,"Prince Albert, SK, CAN",,D430977,RitchieBros,2026-01-20 22:53:28.229233,3CE47442-BCF3-3BE5-90E2-82B0D84B665E,1989 Ford 876 Articulated Tractor,Articulated Tractor,"Prince Albert, SK, CAN - Apr 22, 2026",2026-04-22 14:00:00,Live Auction,https://cdn.ironpla.net/i/20413/665/13ea6394-8f3b-4b37-a90f-f8dd2bc7772f.jpg,https://www.rbauction.com/cp/agricultural-tractors,,,,
Massey Ferguson,6713,2021.0,,,"Tulare, CA, USA",,AGCMC200LMC000562,RitchieBros,2026-01-20 22:53:28.229233,BE6038E9-7CED-3215-8CA4-62A9D5387FDA,2021 Massey Ferguson 6713 4WD Tractor,4WD Tractor,"California Regional Event, USA - Feb 12, 2026",2026-02-12 17:00:00,Live Auction,https://cdn.ironpla.net/i/20930/146/31f6212a-3f94-4f43-9e20-4e35b061c805.jpg,https://www.rbauction.com/cp/agricultural-tractors,,,,
Massey Ferguson,6713,2021.0,,,"Tulare, CA, USA",,AGCMC200CMC000606,RitchieBros,2026-01-20 22:53:28.229233,0FF65B5C-44FD-31E2-898B-9387F6BCFCF3,2021 Massey Ferguson 6713 4WD Tractor,4WD Tractor,"California Regional Event, USA - Feb 12, 2026",2026-02-12 17:00:00,Live Auction,https://cdn.ironpla.net/i/20929/481/9451d91d-9854-45b2-b19f-ecb8e41b465f.jpg,https://www.rbauction.com/cp/agricultural-tractors,,,,
John Deere,4430,1976.0,,,"Denzil, SK, CAN",,4430H055161R,RitchieBros,2026-01-20 22:53:28.229233,01CD767A-918D-3539-B455-CBB714DCD73E,1976 John Deere 4430 2WD Tractor,2WD Tractor,"Denzil, SK, CAN - Apr 15, 2026",2026-04-15 14:00:00,Live Auction,https://cdn.ironpla.net/i/19685/584/e9ee3235-42ff-4051-940f-e823e7ec38ca.jpg,https://www.rbauction.com/cp/agricultural-tractors,,,,
Massey Ferguson,6713,2021.0,,,"Tulare, CA, USA",,AGDMC200PMC000570,RitchieBros,2026-01-20 22:53:28.229233,27C2B4BD-1A63-3D3E-969A-9BE5253F6F38,2021 Massey Ferguson 6713 4WD Tractor,4WD Tractor,"California Regional Event, USA - Feb 12, 2026",2026-02-12 17:00:00,Live Auction,https://cdn.ironpla.net/i/20930/135/35d8dd17-6f22-44de-a4b8-830d4e5ed5c6.jpg,https://www.rbauction.com/cp/agricultural-tractors,,,,
New Holland,PowerStar T4.75,2012.0,,,"Amaranth, ON, CAN",,ZCAE04167,RitchieBros,2026-01-20 22:53:28.229233,2E743A05-896C-32AC-94A9-767D9C5130EE,2012 New Holland PowerStar T4.75 4WD Tractor,4WD Tractor,"Ontario Regional Event, CAN - Feb 09, 2026",2026-02-09 19:00:00,Live Auction,https://cdn.ironpla.net/i/21053/283/43c3421a-492b-4733-9cee-ed67ce7bb5b0.jpg,https://www.rbauction.com/cp/agricultural-tractors,,,,
John Deere,9200,2001.0,,,"Davenport, FL, USA",,40025,RitchieBros,2026-01-20 22:53:28.229233,C5BE1F2E-10CD-30C9-99FA-A31D7852729E,2001 John Deere 9200 Articulated Tractor,Articulated Tractor,"Orlando, FL, USA - Feb 16, 2026",2026-02-16 13:00:00,Live Auction,https://cdn.ironpla.net/i/21086/321/b774fe14-b0f4-4bcc-8357-99aceb91027c.jpg,https://www.rbauction.com/cp/agricultural-tractors,,,,
White,2-155,1979.0,,,"St Jean Baptiste, MB, CAN",,290247,RitchieBros,2026-01-20 22:53:28.229233,6F192D95-C0B5-3EB9-84A1-0C1CE6DA0963,1979 White 2-155 4WD Tractor,4WD Tractor,"St Jean Baptiste, MB, CAN - Apr 17, 2026",2026-04-17 13:00:00,Live Auction,https://cdn.ironpla.net/i/20571/472/459e86ac-24e4-47e0-a263-deaa3f6d007a.jpg,https://www.rbauction.com/cp/agricultural-tractors,,,,
Kubota,M8200,2010.0,,,"Townsville, QLD, AUS",,3026411064,RitchieBros,2026-01-20 22:53:28.229233,24CCE60B-41CD-3EDC-9834-66BF062B60BC,2010 Kubota M8200 4WD Tractor,4WD Tractor,"Australia National Unreserved Auction, AUS - Feb 25, 2026",2026-02-24 22:00:00,Live Auction,https://cdn.ironpla.net/i/21122/673/efd11aba-7112-4dd5-9621-a19849d8d8c0.jpg,https://www.rbauction.com/cp/agricultural-tractors,,,,
Massey Ferguson,6713,2021.0,,,"Tulare, CA, USA",,AGCMC200CMC000565,RitchieBros,2026-01-20 22:53:28.229233,DC8CD180-403F-3FC3-A7D2-C147F29CA495,2021 Massey Ferguson 6713 4WD Tractor,4WD Tractor,"California Regional Event, USA - Feb 12, 2026",2026-02-12 17:00:00,Live Auction,https://cdn.ironpla.net/i/20929/133/5c88797a-3e3c-46f9-96a2-0db6e3cdc65d.jpg,https://www.rbauction.com/cp/agricultural-tractors,,,,
Massey Ferguson,6713,2021.0,,,"Tulare, CA, USA",,AGCMC200JMC000569,RitchieBros,2026-01-20 22:53:28.229233,5726D486-87B2-336B-9305-EDAFB7A13355,2021 Massey Ferguson 6713 4WD Tractor,4WD Tractor,"California Regional Event, USA - Feb 12, 2026",2026-02-12 17:00:00,Live Auction,https://cdn.ironpla.net/i/20929/472/0658023d-5b43-410a-9ef4-3bdf54621746.jpg,https://www.rbauction.com/cp/agricultural-tractors,,,,
John Deere,5100M,2014.0,,,"Tulare, CA, USA",,1LV5100MCEJ640549,RitchieBros,2026-01-20 22:53:28.229233,51F9FD7F-11E6-3242-9F6A-C3014783A974,2014 John Deere 5100M 4WD Tractor,4WD Tractor,"California Regional Event, USA - Feb 12, 2026",2026-02-12 17:00:00,Live Auction,https://cdn.ironpla.net/i/21086/91/8fdcc64c-6004-4b42-a2da-5175936d2583.jpg,https://www.rbauction.com/cp/agricultural-tractors,,,,
Versatile,276,,,,"Amaranth, MB, CAN",,241474,RitchieBros,2026-01-20 22:53:28.229233,3B9E1DF2-6AC7-3DD1-A68D-545526F591AA,Versatile 276 Bi-Directional Tractor,Bi-Directional Tractor,"Amaranth, MB, CAN - Apr 15, 2026",2026-04-15 17:00:00,Live Auction,https://cdn.ironpla.net/i/20526/146/06f09f87-8ab6-4ec8-857f-4e99af9b4a03.jpg,https://www.rbauction.com/cp/agricultural-tractors,,,,
Massey Ferguson,6713,2021.0,,,"Tulare, CA, USA",,AGCMC200AMC000544,RitchieBros,2026-01-20 22:53:28.229233,094DA632-DB65-385D-8890-AA9FB6B76A15,2021 Massey Ferguson 6713 4WD Tractor,4WD Tractor,"California Regional Event, USA - Feb 12, 2026",2026-02-12 17:00:00,Live Auction,https://cdn.ironpla.net/i/20930/133/3fec9ab2-b865-43a4-ab21-18259096ae2c.jpg,https://www.rbauction.com/cp/agricultural-tractors,,,,
John Deere,790,1999.0,,,"Landis, SK, CAN",,LV0790G292717,RitchieBros,2026-01-20 22:53:28.229233,5B50FF1D-2842-3B1C-8DC2-5E4F54487CF3,1999 John Deere 790 4WD Utility Tractor,Utility Tractor,"Landis, SK, CAN - Apr 02, 2026",2026-04-02 14:00:00,Live Auction,https://cdn.ironpla.net/i/19677/193/64c9ac8d-bc99-4048-a019-d3f3136e2716.jpg,https://www.rbauction.com/cp/agricultural-tractors,,,,
New Holland,4835,1997.0,,,"Chilliwack, BC, CAN",,001120702,RitchieBros,2026-01-20 22:53:28.229233,2363441F-2AD4-32AB-A37B-AC9771B914B0,1997 New Holland 4835 4WD Tractor,4WD Tractor,"BC Regional Event, CAN - Jan 30, 2026",2026-01-30 16:00:00,Live Auction,https://cdn.ironpla.net/i/21122/702/b0164df0-3370-466b-8229-9cc10966ccb5.jpg,https://www.rbauction.com/cp/agricultural-tractors,,,,
Kubota,B2650HSD,2016.0,,,"Amaranth, ON, CAN",,59899,RitchieBros,2026-01-20 22:53:28.229233,B54CEE23-D3F1-3C6C-A215-8F99BC39E048,2016 Kubota B2650HSD 4WD Utility Tractor,Utility Tractor,"Ontario Regional Event, CAN - Feb 09, 2026",2026-02-09 19:00:00,Live Auction,https://cdn.ironpla.net/i/20956/140/4782a675-a9cf-4adc-bcfb-5c57904ccd30.jpg,https://www.rbauction.com/cp/agricultural-tractors,,,,
John Deere,8430,1975.0,,,"Sibbald, AB, CAN",,8430H001536R,RitchieBros,2026-01-20 22:53:28.229233,C9BB83E9-75CF-3845-867C-D986396601A8,1975 John Deere 8430 Articulated Tractor,Articulated Tractor,"Sibbald, AB, CAN - Mar 11, 2026",2026-03-11 14:00:00,Live Auction,https://cdn.ironpla.net/i/19960/648/fb53cb2b-73b3-4066-971e-83db5dd5effc.jpg,https://www.rbauction.com/cp/agricultural-tractors,,,,
John Deere,8450,1984.0,,,"Vauxhall, AB, CAN",,RW8450H003821,RitchieBros,2026-01-20 22:53:28.229233,AF5F07BD-D785-38B1-BA0C-A7E1E1D0CB4E,1984 John Deere 8450 Articulated Tractor,Articulated Tractor,"Vauxhall, AB, CAN - Apr 07, 2026",2026-04-07 14:00:00,Live Auction,https://cdn.ironpla.net/i/19767/507/329b4fdd-1cfc-476a-a5a6-514f7c1b3111.jpg,https://www.rbauction.com/cp/agricultural-tractors,,,,
International,5488,1982.0,,,"Borden, SK, CAN",,2590002U001287,RitchieBros,2026-01-20 22:53:28.229233,CF9A9E6F-276B-3E0E-A390-47B847C20BCA,1982 International 5488 2WD Tractor,2WD Tractor,"Borden, SK, CAN - Apr 11, 2026",2026-04-11 14:00:00,Live Auction,https://cdn.ironpla.net/i/20770/674/0db8f52b-f68c-4a40-aecc-dc1662d81913.jpg,https://www.rbauction.com/cp/agricultural-tractors,,,,
Kubota,BX23S,2019.0,,,"Chilliwack, BC, CAN",,29938,RitchieBros,2026-01-20 22:53:28.229233,2A85B216-8502-3FBC-BD9C-A6C31CCF7B71,2019 Kubota BX23S 4WD Utility Tractor,Utility Tractor,"BC Regional Event, CAN - Mar 12, 2026",2026-03-12 15:00:00,Live Auction,https://cdn.ironpla.net/i/21184/256/f841b172-6266-4135-a43d-bb535cbac63b.jpg,https://www.rbauction.com/cp/agricultural-tractors,,,,
Versatile,835,1980.0,,,"Sibbald, AB, CAN",,034456,RitchieBros,2026-01-20 22:53:28.229233,74952975-3FBC-3D42-8A11-EC56C0858AF4,1980 Versatile 835 Articulated 4WD Tractor,Articulated Tractor,"Sibbald, AB, CAN - Mar 12, 2026",2026-03-12 18:00:00,Live Auction,https://cdn.ironpla.net/i/20548/900/1ba89259-631b-4dd4-8597-c5de045fb983.jpg,https://www.rbauction.com/cp/agricultural-tractors,,,,
Steiger,ST250,,,,"Ste. Agathe, MB, CAN",,10400078C76,RitchieBros,2026-01-20 22:53:28.229233,4403305C-649D-3F79-94BA-7ECC0E39F958,Steiger ST250 4WD Tractor,4WD Tractor,"Manitoba Regional Event, CAN - Apr 21, 2026",2026-04-21 13:00:00,Live Auction,https://cdn.ironpla.net/i/20602/229/cbf4f139-e565-4f76-81f4-b99b46ae22bd.jpg,https://www.rbauction.com/cp/agricultural-tractors,,,,
Kubota,BX2370,2014.0,,,"Denzil, SK, CAN",,23689,RitchieBros,2026-01-20 22:53:28.229233,ABC31D6E-2CF3-3E1E-AC9C-2D82F38C105A,2014 Kubota BX2370 4WD Tractor,4WD Tractor,"Denzil, SK, CAN - Apr 15, 2026",2026-04-15 14:00:00,Live Auction,https://cdn.ironpla.net/i/19685/591/c532aebf-d8df-4670-b311-59bca12db433.jpg,https://www.rbauction.com/cp/agricultural-tractors,,,,
John Deere,5093EN,2012.0,,,"Tulare, CA, USA",,1LV5093EACZ471078,RitchieBros,2026-01-20 22:53:28.229233,22E78A27-41E5-30AF-9979-96AB980253E7,2012 John Deere 5093EN 4WD Tractor,4WD Tractor,"California Regional Event, USA - Feb 12, 2026",2026-02-12 17:00:00,Live Auction,https://cdn.ironpla.net/i/21086/96/d58b85f3-8b0d-48b1-b7c6-908123a8ae4d.jpg,https://www.rbauction.com/cp/agricultural-tractors,,,,
Kubota,B26,2021.0,,,"North Franklin, CT, USA",,KBU111HRCL1L58974,RitchieBros,2026-01-20 22:53:28.229233,717A10C9-7D28-3F4E-AFC1-BB33D16E6E9C,2021 Kubota B26 4WD Utility Tractor,Utility Tractor,"Northeast Regional Event, USA - Feb 04, 2026",2026-02-04 13:00:00,Live Auction,https://cdn.ironpla.net/i/20268/305/efd749eb-db59-4c7f-a96e-2246163ebb64.jpg,https://www.rbauction.com/cp/agricultural-tractors,,,,
John Deere,1026R,2012.0,,,"Middle Lake, SK, CAN",,1LV1026RCCH214275,RitchieBros,2026-01-20 22:53:28.229233,90860BDA-A49B-3C39-AE8D-FE2FFE326AB8,2012 John Deere 1026R 4WD Utility Tractor,Utility Tractor,"Middle Lake, SK, CAN - Apr 08, 2026",2026-04-08 18:00:00,Live Auction,https://cdn.ironpla.net/i/20799/358/dd48aff2-2fa8-44f2-ae3c-845f8848e50b.jpg,https://www.rbauction.com/cp/agricultural-tractors,,,,
John Deere,2032R,2021.0,,,"Newnan, GA, USA",,1LV2032RVMM121385,RitchieBros,2026-01-20 22:53:28.229233,8B3A895C-DDE9-3DC3-B3DA-6D438D7143B3,2021 John Deere 2032R 4WD Utility Tractor,Utility Tractor,"Southeast Regional Event, USA - Mar 23, 2026",2026-03-23 12:00:00,Live Auction,https://cdn.ironpla.net/i/21190/134/3235b01e-eff5-416a-9e81-abc5cd10c29b.jpg,https://www.rbauction.com/cp/agricultural-tractors,,,,
Kubota,M126X,2012.0,,,"Tulare, CA, USA",,50247,RitchieBros,2026-01-20 22:53:28.229233,07F5CB6F-886A-395D-BD8C-0C8421F43244,2012 Kubota M126X 4WD Tractor,4WD Tractor,"California Regional Event, USA - Feb 12, 2026",2026-02-12 17:00:00,Live Auction,https://cdn.ironpla.net/i/21129/940/375c7510-30c6-46d7-8b89-3294e87c2ce9.jpg,https://www.rbauction.com/cp/agricultural-tractors,,,,
Case,2390,1983.0,,,"Edgerton, AB, CAN",,9925628,RitchieBros,2026-01-20 22:53:28.229233,094E04DB-B0A0-35EF-8521-C049DB0212A1,1983 Case 2390 2WD Tractor,2WD Tractor,"Edgerton, AB, CAN - Apr 24, 2026",2026-04-24 14:00:00,Live Auction,https://cdn.ironpla.net/i/19456/191/5d382543-72b0-4694-a17e-406be2c22db7.jpg,https://www.rbauction.com/cp/agricultural-tractors,,,,
John Deere,2032R,2021.0,,,"Dunnigan, CA, USA",,1LV2032RLMM120921,RitchieBros,2026-01-20 22:53:28.229233,80DFD93C-C8D0-3CD3-A1F0-3A06A3808EC9,2021 John Deere 2032R Utility Tractor,Utility Tractor,"California Regional Event, USA - Feb 12, 2026",2026-02-12 17:00:00,Live Auction,https://cdn.ironpla.net/i/20272/719/07a1438f-4835-4798-bf2f-c92b5855b4fa.jpg,https://www.rbauction.com/cp/agricultural-tractors,,,,
John Deere,4430,1975.0,,,"Melville, SK, CAN",,038716R,RitchieBros,2026-01-20 22:53:28.229233,CE94850C-A932-3D3F-B60D-5F9DF38ABEA9,1975 John Deere 4430 2WD Tractor,2WD Tractor,"Melville, SK, CAN - Apr 20, 2026",2026-04-20 18:00:00,Live Auction,https://cdn.ironpla.net/i/20798/327/d0a7062d-2f5a-48ca-935e-61f8e2939587.jpg,https://www.rbauction.com/cp/agricultural-tractors,,,,
Case,2090,1981.0,,,"Rabbit Lake, SK, CAN",,9912631,RitchieBros,2026-01-20 22:53:28.229233,93C3921A-093E-3C3E-80D0-810077306473,1981 Case 2090 2WD Tractor,2WD Tractor,"Rabbit Lake, SK, CAN - Apr 14, 2026",2026-04-14 14:00:00,Live Auction,https://cdn.ironpla.net/i/20305/786/8527195c-3feb-44b6-947f-3d8e2088d145.jpg,https://www.rbauction.com/cp/agricultural-tractors,,,,
Case IH,2394,,,,"Enchant, AB, CAN",,JJA0041490,RitchieBros,2026-01-20 22:53:28.229233,BDB6370F-59A0-3745-9EDD-698EA419632B,Case IH 7110 2WD Tractor,2WD Tractor,"Enchant, AB, CAN - Mar 26, 2026",2026-03-26 14:00:00,Live Auction,https://cdn.ironpla.net/i/20293/348/c25b8260-2cc2-48ee-ae57-16e7d7dc181a.jpg,https://www.rbauction.com/cp/agricultural-tractors,,,,
Valtra,N101,2009.0,,,"St Aubin Sur Gaillon, HN, FRA",,U32440,RitchieBros,2026-01-20 22:53:28.229233,8CBF69C1-0F4D-3839-BEED-DFD11DC69756,2009 Valtra N101 4x4 Tracteur Agricole 4WD Tractor (Inoperable),4WD Tractor,"France, FRA - Mar 24, 2026",2026-03-24 07:00:00,Live Auction,https://cdn.ironpla.net/i/20643/244/551bbcbe-9be0-4b0c-9eaa-f8eb6f9fc4d3.jpg,https://www.rbauction.com/cp/agricultural-tractors,,,,
McCormick,XTX185,2006.0,,,"Caorso, EMRM, ITA",,XT85AC4JJE3500532,RitchieBros,2026-01-20 22:53:28.229233,4DB4373F-D01B-34AE-8962-1EB541261926,2006 McCormick XTX185 4WD Tractor,4WD Tractor,"Caorso, ITA - Mar 19, 2026",2026-03-19 08:00:00,Live Auction,https://cdn.ironpla.net/i/21197/138/f6739cf7-7ca6-4110-82a6-865fda083e1a.jpg,https://www.rbauction.com/cp/agricultural-tractors,,,,
John Deere,4410,,,,"Amaranth, ON, CAN",,L04410H341954,RitchieBros,2026-01-20 22:53:28.229233,2BEC2C5E-ED0C-31C3-8BCE-E69B15AA4798,John Deere 4410 4WD Utility Tractor,Utility Tractor,"Ontario Regional Event, CAN - Feb 09, 2026",2026-02-09 19:00:00,Live Auction,https://cdn.ironpla.net/i/21055/679/6053bbfe-973f-4308-acc5-aa5cba1102aa.jpg,https://www.rbauction.com/cp/agricultural-tractors,,,,
John Deere,8430,1978.0,,,"Leader, SK, CAN",,8430H005557R,RitchieBros,2026-01-20 22:53:28.229233,537E4B77-070F-3B8F-9F18-BC6EF85C1D1C,1978 John Deere 8430 Articulated Tractor,Articulated Tractor,"Leader, SK, CAN - Apr 01, 2026",2026-04-01 14:00:00,Live Auction,https://cdn.ironpla.net/i/20679/537/11523ee9-cc0f-335e-afd6-63d5a2ed5feb.jpg,https://www.rbauction.com/cp/agricultural-tractors,,,,
John Deere,4640,1980.0,,,"Sibbald, AB, CAN",,017307R,RitchieBros,2026-01-20 22:53:28.229233,3FF0EFEF-0F79-35D1-AC47-D0FBECAF4F1C,1980 John Deere 4640 2WD Tractor,2WD Tractor,"Sibbald, AB, CAN - Mar 12, 2026",2026-03-12 18:00:00,Live Auction,https://cdn.ironpla.net/i/20909/196/981e58b4-e73d-44c9-a703-83000f9764e9.jpg,https://www.rbauction.com/cp/agricultural-tractors,,,,
Versatile,946,,,,"Chaplin, SK, CAN",,D930748,RitchieBros,2026-01-20 22:53:28.229233,206DE77B-E4E5-36DF-8CFD-E93AADA87D45,Versatile 946 Articulated Tractor,Articulated Tractor,"Chaplin, SK, CAN - Apr 13, 2026",2026-04-13 14:00:00,Live Auction,https://cdn.ironpla.net/i/20705/648/c329893e-e9f7-41ea-afa0-b6590fc2a9ae.jpg,https://www.rbauction.com/cp/agricultural-tractors,,,,
John Deere,2032R,2021.0,,,"North Franklin, CT, USA",,1LV2032RCMM121384,RitchieBros,2026-01-20 22:53:28.229233,03354A69-B7C7-3D03-8542-53C8FB94BBDB,2021 John Deere 2032R 4WD Utility Tractor,Utility Tractor,"Northeast Regional Event, USA - Feb 04, 2026",2026-02-04 13:00:00,Live Auction,https://cdn.ironpla.net/i/20268/352/a860fbde-3eb5-45fb-a6fa-f1cc623ecbc2.jpg,https://www.rbauction.com/cp/agricultural-tractors,,,,
Allis Chalmers,AC7050,,,,"Amaranth, MB, CAN",,70502114,RitchieBros,2026-01-20 22:53:28.229233,0024514C-6167-3DE7-8E02-F4FE5BFB0F43,Allis Chalmers AC7050 2WD Tractor,2WD Tractor,"Amaranth, MB, CAN - Apr 15, 2026",2026-04-15 17:00:00,Live Auction,https://cdn.ironpla.net/i/20298/61/0b488679-a206-461f-802f-91eaccfa35f4.jpg,https://www.rbauction.com/cp/agricultural-tractors,,,,
Case,2390,1980.0,,,"Bienfait, SK, CAN",,9907802,RitchieBros,2026-01-20 22:53:28.229233,CEC208BB-7DBF-37FB-8345-7AA72B4A7A7B,1980 Case 2390 2WD Tractor,2WD Tractor,"Estevan, SK, CAN - Apr 15, 2026",2026-04-15 14:00:00,Live Auction,https://cdn.ironpla.net/i/20413/773/a18a07bb-45dd-490e-85c4-5b956232968d.jpg,https://www.rbauction.com/cp/agricultural-tractors,,,,
John Deere,4010,2002.0,,,"Nisku, AB, CAN",,LV4010H110483,RitchieBros,2026-01-20 22:53:28.229233,03FCE848-0B1D-3631-A1B6-00928646DF0C,2002 John Deere 4010 4WD Utility Tractor,Utility Tractor,"Alberta Regional Event, CAN - Feb 03, 2026",2026-02-03 16:15:00,Live Auction,https://cdn.ironpla.net/i/21160/735/8ef353be-32da-4172-b03d-605dcc5d51fc.jpg,https://www.rbauction.com/cp/agricultural-tractors,,,,
John Deere,3032E,2020.0,,,"Lebanon, TN, USA",,1LV3032EELL133743,RitchieBros,2026-01-20 22:53:28.229233,96549A5D-9B11-34FC-8605-3F70E1AEC606,2020 John Deere 3032E 4WD Utility Tractor,Utility Tractor,"Southeast Regional Event, USA - Mar 23, 2026",2026-03-23 12:00:00,Live Auction,https://cdn.ironpla.net/i/20268/854/580eae9d-a3fe-494a-af45-76428e46ad9b.jpg,https://www.rbauction.com/cp/agricultural-tractors,,,,
Kubota,BX23SLB-R,2021.0,,,"Chehalis, WA, USA",,KBUC1DHRKMGE63166,RitchieBros,2026-01-20 22:53:28.229233,7AA49EC2-2F05-373C-B712-57EF92EF858D,2021 Kubota BX23SLBR 4WD Utility Tractor,Utility Tractor,"Pacific Northwest Regional Event, USA - Mar 19, 2026",2026-03-19 15:00:00,Live Auction,https://cdn.ironpla.net/i/21185/769/e5fceaf6-ec56-403b-8f22-6e60fd8a4a30.jpg,https://www.rbauction.com/cp/agricultural-tractors,,,,
John Deere,5100M,2020.0,,,"Davenport, FL, USA",,1LV5100MLLK404222,RitchieBros,2026-01-20 22:53:28.229233,570F9C97-9FDA-3268-8B1B-0C5EB3E99AAA,2020 John Deere 5100M 4WD Utility Tractor,Utility Tractor,"Orlando, FL, USA - Feb 16, 2026",2026-02-16 13:00:00,Live Auction,https://cdn.ironpla.net/i/21031/263/3a63fd16-c643-4ee5-b1c1-d7331e4fe7ae.jpg,https://www.rbauction.com/cp/agricultural-tractors,,,,
Case,2290,1981.0,,,"Richard, SK, CAN",,9912997,RitchieBros,2026-01-20 22:53:28.229233,18D9997A-BAE0-3907-A3C9-7880A3C41188,1981 Case 2290 2WD Tractor,2WD Tractor,"Richard, SK, CAN - Apr 13, 2026",2026-04-13 14:00:00,Live Auction,https://cdn.ironpla.net/i/20646/34/8fc8df79-2de3-438a-801a-86d6709a59a9.jpg,https://www.rbauction.com/cp/agricultural-tractors,,,,
Case IH,5088,,,,"Bredenbury, SK, CAN",,2540003U008266,RitchieBros,2026-01-20 22:53:28.229233,26E6A512-3883-3922-BA82-9D08F937E0D4,Case IH 5088 2WD Tractor,2WD Tractor,"Bredenbury, SK, CAN - Apr 10, 2026",2026-04-10 18:00:00,Live Auction,https://cdn.ironpla.net/i/20910/612/833114e9-e2c7-4228-8e1e-b569c8cd0013.jpg,https://www.rbauction.com/cp/agricultural-tractors,,,,
Massey Ferguson,4800,,,,"Eatonia, SK, CAN",,9D002126,RitchieBros,2026-01-20 22:53:28.229233,DED76842-F67F-39AE-89AA-8677E987AD3B,Massey Ferguson 4800 Articulated Tractor,Articulated Tractor,"West Central Timed, Eatonia, SK, CAN - Apr 04, 2026",2026-04-04 16:00:00,Live Auction,https://cdn.ironpla.net/i/20879/112/6e83d1a0-2f47-4464-b6f8-84b940018657.jpg,https://www.rbauction.com/cp/agricultural-tractors,,,,
John Deere,4320,1972.0,,,"Denzil, SK, CAN",,T613R022788R,RitchieBros,2026-01-20 22:53:28.229233,43E0D80C-77A0-3C9E-83B0-3B926F4AAF7A,1972 John Deere 4320 2WD Tractor,2WD Tractor,"Denzil, SK, CAN - Apr 15, 2026",2026-04-15 14:00:00,Live Auction,https://cdn.ironpla.net/i/19685/586/77ae62ce-4286-46e2-aae2-74a276002e67.jpg,https://www.rbauction.com/cp/agricultural-tractors,,,,
John Deere,5525N,2008.0,,,"Tulare, CA, USA",,LV5525N457125,RitchieBros,2026-01-20 22:53:28.229233,D1D0E2EA-9898-38FA-83FE-47B4981E7E60,2008 John Deere 5525N 4WD Tractor,4WD Tractor,"California Regional Event, USA - Feb 12, 2026",2026-02-12 17:00:00,Live Auction,https://cdn.ironpla.net/i/21086/97/5b2fedfc-422d-48e7-b0c1-bc95b1b6d5c2.jpg,https://www.rbauction.com/cp/agricultural-tractors,,,,
Allis Chalmers,7020,,,,"Amaranth, MB, CAN",,7020420280,RitchieBros,2026-01-20 22:53:28.229233,0FF734D0-C8B7-39B9-82AF-32A0323E28BD,Allis Chalmers 7020 2WD Tractor,2WD Tractor,"Amaranth, MB, CAN - Apr 15, 2026",2026-04-15 17:00:00,Live Auction,https://cdn.ironpla.net/i/20526/177/3497a3ae-1d1a-4ee7-832c-25c2cb51470d.jpg,https://www.rbauction.com/cp/agricultural-tractors,,,,
J.I. Case,4690,1980.0,,,"Wetaskiwin, AB, CAN",,8858246,RitchieBros,2026-01-20 22:53:28.229233,1C32962E-730F-3687-BC84-A9135203E56E,1980 J.I. Case 4690 4WD Tractor,4WD Tractor,"Wetaskiwin, AB, CAN - Mar 31, 2026",2026-03-31 14:00:00,Live Auction,https://cdn.ironpla.net/i/19427/923/3e4ebd07-8ce8-4160-90c0-224614178379.jpg,https://www.rbauction.com/cp/agricultural-tractors,,,,
White,2-155,1979.0,,,"Grandview, MB, CAN",,285728414,RitchieBros,2026-01-20 22:53:28.229233,6785BF38-0B93-3F19-BD75-62F32B59124D,1979 White 2-155 4WD Tractor,4WD Tractor,"Grandview, MB, CAN - Mar 27, 2026",2026-03-27 14:00:00,Live Auction,https://cdn.ironpla.net/i/20827/439/789d07f5-31bb-4037-b218-736ba149c441.jpg,https://www.rbauction.com/cp/agricultural-tractors,,,,
International,5488,1984.0,,,"Middle Lake, SK, CAN",,2590003U003305,RitchieBros,2026-01-20 22:53:28.229233,030C9928-66EF-39FF-A8E1-2B5245217D1A,1984 International 5488 2WD Tractor,2WD Tractor,"Middle Lake, SK, CAN - Apr 08, 2026",2026-04-08 18:00:00,Live Auction,https://cdn.ironpla.net/i/20777/120/2c3c5b20-d556-4db0-b309-3ccf19ad57d8.jpg,https://www.rbauction.com/cp/agricultural-tractors,,,,
John Deere,2950,1985.0,,,"Chilliwack, BC, CAN",,L02950T552269,RitchieBros,2026-01-20 22:53:28.229233,08E127D9-5004-33C7-BDA9-6C6201215CA2,1985 John Deere 2950 2WD Tractor,2WD Tractor,"BC Regional Event, CAN - Jan 30, 2026",2026-01-30 16:00:00,Live Auction,https://cdn.ironpla.net/i/21075/878/3dbfc2a1-5057-460d-bfa6-b1b7c7cbffae.jpg,https://www.rbauction.com/cp/agricultural-tractors,,,,
Case,2390,1983.0,,,"Plenty, SK, CAN",,9927432,RitchieBros,2026-01-20 22:53:28.229233,4F5CB496-B3B9-3663-ACDF-CB8BB93092FD,1983 Case 2390 2WD Tractor,2WD Tractor,"Plenty, SK, CAN - Mar 28, 2026",2026-03-28 18:00:00,Live Auction,https://cdn.ironpla.net/i/19745/556/1562511f-7a75-4547-bf60-029c2bac104d.jpg,https://www.rbauction.com/cp/agricultural-tractors,,,,
Kubota,BX23SLB-R,2021.0,,,"Lake Worth, TX, USA",,KBUC1DHRVMGE63172,RitchieBros,2026-01-20 22:53:28.229233,8438D48F-D0A3-370C-A79D-7088D133AB82,2021 Kubota BX23SLB-R 4WD Utility Tractor,Utility Tractor,"Texas Regional Event, USA - Feb 11, 2026",2026-02-11 14:00:00,Live Auction,https://cdn.ironpla.net/i/21024/131/0736b9a3-704c-420f-9e4c-22fc0e4db4e4.jpg,https://www.rbauction.com/cp/agricultural-tractors,,,,
International,1086,,,,"Middle Lake, SK, CAN",,86688,RitchieBros,2026-01-20 22:53:28.229233,78EC3F8B-9D7D-32A9-B6DE-F5AE8FD15391,International 1086 2WD Tractor,2WD Tractor,"Middle Lake, SK, CAN - Apr 08, 2026",2026-04-08 18:00:00,Live Auction,https://cdn.ironpla.net/i/20777/121/2911e1e8-0b10-43c8-8f04-cbf2b179e0a2.jpg,https://www.rbauction.com/cp/agricultural-tractors,,,,
John Deere,4020,1967.0,,,"Glenside, SK, CAN",,156338R,RitchieBros,2026-01-20 22:53:28.229233,74578A6C-5D26-31F0-AB29-75D34E0AB06F,1967 John Deere 4020 2WD Tractor,2WD Tractor,"Glenside, SK, CAN - Apr 15, 2026",2026-04-15 14:00:00,Live Auction,https://cdn.ironpla.net/i/19791/728/41adf656-9904-45f2-b8a3-67ee9cdb5bc8.jpg,https://www.rbauction.com/cp/agricultural-tractors,,,,
New Holland,M135,1999.0,,,"St Aubin Sur Gaillon, HN, FRA",,00119326B,RitchieBros,2026-01-20 22:53:28.229233,74179C33-F593-359E-8FA3-2B0B2F8DBDE1,1999 New Holland M135 4x4 Tracteur Agricole Avec Nacelle 4WD Tractor,4WD Tractor,"France, FRA - Mar 24, 2026",2026-03-24 07:00:00,Live Auction,https://cdn.ironpla.net/i/21102/472/854cc519-572d-46cc-b127-0336adbf2928.jpg,https://www.rbauction.com/cp/agricultural-tractors,,,,
Kubota,BX23S,2021.0,,,"Morris, IL, USA",,KBUC1DHRJMGC61106,RitchieBros,2026-01-20 22:53:28.229233,14F37FA3-DC6E-3B5B-85DC-EF14926447D3,2021 Kubota BX23S 4WD Utility Tractor,Utility Tractor,"Midwest Regional Event, USA - Feb 10, 2026",2026-02-10 14:00:00,Live Auction,https://cdn.ironpla.net/i/20269/67/dfcef9b5-9a4d-43d7-bb83-3fd471d3658c.jpg,https://www.rbauction.com/cp/agricultural-tractors,,,,
John Deere,4430,1975.0,,,"Chaplin, SK, CAN",,4430H041740R,RitchieBros,2026-01-20 22:53:28.229233,3F5A2064-8D99-3289-B82E-8CE7F3FCA3AF,1975 John Deere 4430 2WD Tractor,2WD Tractor,"Chaplin, SK, CAN - Apr 13, 2026",2026-04-13 14:00:00,Live Auction,https://cdn.ironpla.net/i/20705/649/9c58eec3-201e-4a84-82f4-6146176c8eaf.jpg,https://www.rbauction.com/cp/agricultural-tractors,,,,
Case,2290,1981.0,,,"Rose Valley, SK, CAN",,9911055,RitchieBros,2026-01-20 22:53:28.229233,B7DE1CDD-802E-39E0-A785-9806A2ED4BCF,1981 Case 2290 2WD Tractor,2WD Tractor,"Rose Valley, SK, CAN - Apr 17, 2026",2026-04-17 18:00:00,Live Auction,https://cdn.ironpla.net/i/20492/445/097f7956-c960-4f95-9766-848a3483461f.jpg,https://www.rbauction.com/cp/agricultural-tractors,,,,
Case,2390,1981.0,,,"Middle Lake, SK, CAN",,9907630,RitchieBros,2026-01-20 22:53:28.229233,0F8674E7-C65C-3437-8483-8168CABD17EF,1981 Case 2390 2WD Tractor,2WD Tractor,"Middle Lake, SK, CAN - Apr 08, 2026",2026-04-08 18:00:00,Live Auction,https://cdn.ironpla.net/i/20777/119/7d7fd306-8be4-40d0-90d9-224424b628e4.jpg,https://www.rbauction.com/cp/agricultural-tractors,,,,
John Deere,4630,,,,"Chaplin, SK, CAN",,4360H028240R,RitchieBros,2026-01-20 22:53:28.229233,E5DF4ACC-A12B-37EB-A7B2-B34B06A55D74,John Deere 4630 2WD Tractor,2WD Tractor,"Chaplin, SK, CAN - Apr 13, 2026",2026-04-13 14:00:00,Live Auction,https://cdn.ironpla.net/i/20705/654/2ccbc136-5e4c-44b1-aedc-99e437735681.jpg,https://www.rbauction.com/cp/agricultural-tractors,,,,
Kubota,BX23SLB-R,2021.0,,,"Humble, TX, USA",,64330,RitchieBros,2026-01-20 22:53:28.229233,25AF666C-6B3B-3C73-9134-1C09CB4D701E,2021 Kubota BX23SLBR 4WD Utility Tractor,Utility Tractor,"Texas Regional Event, USA - Feb 11, 2026",2026-02-11 14:00:00,Live Auction,https://cdn.ironpla.net/i/21151/224/b3e4af5b-ec1d-43e0-8655-7cf3c1e63b87.jpg,https://www.rbauction.com/cp/agricultural-tractors,,,,
Kubota,BX23S,2020.0,,,"Carleton, MI, USA",,26900,RitchieBros,2026-01-20 22:53:28.229233,BB87E145-AA90-3D32-AC36-9C5F1FFE54BA,2020 Kubota BX23S 4WD Utility Tractor,Utility Tractor,"Midwest Regional Event, USA - Feb 10, 2026",2026-02-10 14:00:00,Live Auction,https://cdn.ironpla.net/i/21135/777/d1fff24f-e3bd-4fb7-a35d-3ba2627a53c0.jpg,https://www.rbauction.com/cp/agricultural-tractors,,,,
Case,2290,1981.0,,,"Eckville, AB, CAN",,9911909,RitchieBros,2026-01-20 22:53:28.229233,84F81525-49FA-3E4E-9705-036B3FCF1F8B,1981 Case 2290 2WD Tractor,2WD Tractor,"Eckville, AB, CAN - Apr 22, 2026",2026-04-22 14:00:00,Live Auction,https://cdn.ironpla.net/i/20228/296/487ba618-5197-404f-bb79-e93a4a096f45.jpg,https://www.rbauction.com/cp/agricultural-tractors,,,,
Yanmar,SA424YBS,2021.0,,,"Lake Point, UT, USA",,YMJS0026LMT415152,RitchieBros,2026-01-20 22:53:28.229233,6509A80F-9D24-3B21-868F-D50B92454CC6,2021 Yanmar SA424YBS 4WD Utility Tractor,Utility Tractor,"Rocky Mountain Regional Event, USA - Feb 25, 2026",2026-02-25 15:00:00,Live Auction,https://cdn.ironpla.net/i/20269/613/4e4739cf-8243-4d8d-b7d1-5c60f80787d9.jpg,https://www.rbauction.com/cp/agricultural-tractors,,,,
White,D585-6,,,,"Ste. Agathe, MB, CAN",,45204107,RitchieBros,2026-01-20 22:53:28.229233,E53680A1-BC81-3053-A4D9-D39A7A43E5F8,White D585-6 2WD Tractor,2WD Tractor,"Manitoba Regional Event, CAN - Apr 21, 2026",2026-04-21 13:00:00,Live Auction,https://cdn.ironpla.net/i/20711/804/30728a7e-23ea-4156-bc6f-950e47d4b79e.jpg,https://www.rbauction.com/cp/agricultural-tractors,,,,
Yanmar,SA24,2021.0,,,"North Franklin, CT, USA",,YMJS0026HMT413211,RitchieBros,2026-01-20 22:53:28.229233,F9617A9A-E7BC-30D6-8737-35B3E78DB011,2021 Yanmar SA24 4WD Utility Tractor,Utility Tractor,"Northeast Regional Event, USA - Feb 04, 2026",2026-02-04 13:00:00,Live Auction,https://cdn.ironpla.net/i/20268/359/a4b93c7e-d106-479c-9963-5ca03d68709b.jpg,https://www.rbauction.com/cp/agricultural-tractors,,,,
Massey-Harris,97,,,,"Wembley, AB, CAN",,,RitchieBros,2026-01-20 22:53:28.229233,D2D567C7-20B3-3861-AFCD-48BF1959D18D,Massey-Harris 97 4WD Wide Front Antique Tractor,Antique Tractor,"Wembley, AB, CAN - Jun 12, 2026",2026-06-12 14:00:00,Live Auction,https://cdn.ironpla.net/i/19835/764/f5335b94-7ca0-4119-a760-8615ef4f8fab.jpg,https://www.rbauction.com/cp/agricultural-tractors,,,,
Case,2090,1981.0,,,"Eckville, AB, CAN",,9916938,RitchieBros,2026-01-20 22:53:28.229233,A22796B3-7094-3ED3-A04C-788D63E1B3F9,1981 Case 2090 2WD Tractor,2WD Tractor,"Eckville, AB, CAN - Apr 22, 2026",2026-04-22 14:00:00,Live Auction,https://cdn.ironpla.net/i/20228/297/f3fe797b-75bb-4124-8cff-7dbb08de931b.jpg,https://www.rbauction.com/cp/agricultural-tractors,,,,
John Deere,2130,,,,"Elrose, SK, CAN",,,RitchieBros,2026-01-20 22:53:28.229233,72890BFA-3A7E-347C-902C-D1F4389BAC30,John Deere 2130 2WD Utility Tractor,Utility Tractor,"Elrose, SK, CAN - Apr 11, 2026",2026-04-11 14:00:00,Live Auction,https://cdn.ironpla.net/i/19677/848/178491ea-646f-4eb2-8967-ec723cd43b8c.jpg,https://www.rbauction.com/cp/agricultural-tractors,,,,
Fiat,180-90,,,,"Wolseley, SK, CAN",,265760,RitchieBros,2026-01-20 22:53:28.229233,142BAD06-657D-3A8E-943E-068F5091C3FD,Fiat Hesston 180-90 4WD Tractor,4WD Tractor,"Wolseley, SK, CAN - Apr 01, 2026",2026-04-01 14:00:00,Live Auction,https://cdn.ironpla.net/i/19601/622/f44ce8fa-d508-4e57-87bb-fd0caec95878.jpg,https://www.rbauction.com/cp/agricultural-tractors,,,,
2005,Explorer 95,2005.0,,,"Meppen, SXNY, DEU",,S12S914WVT1020,RitchieBros,2026-01-20 22:53:28.229233,E35B4FD0-A871-36C5-B581-14BF53A10426,2005 Same Explorer 95 4WD Tractor,4WD Tractor,"Meppen, DEU - Mar 18, 2026",2026-03-18 07:00:00,Live Auction,https://cdn.ironpla.net/i/20701/246/9d1098f0-1dd1-4d9c-bdb1-46cc85255ca8.jpg,https://www.rbauction.com/cp/agricultural-tractors,,,,
Mahindra,eMax 20S,2021.0,,,"North East, MD, USA",,19HRP06132,RitchieBros,2026-01-20 22:53:28.229233,E77AB7E6-B7EF-3F52-800A-B1735A7AAC3A,2021 Mahindra eMax 20S 4WD Utility Tractor,Utility Tractor,"Northeast Regional Event, USA - Feb 04, 2026",2026-02-04 13:00:00,Live Auction,https://cdn.ironpla.net/i/20939/319/a649b417-2b06-40c8-ad7b-7394c82fc828.jpg,https://www.rbauction.com/cp/agricultural-tractors,,,,
Case,2290,1981.0,,,"Bruno, SK, CAN",,9913972,RitchieBros,2026-01-20 22:53:28.229233,0601387E-8F21-39C8-B3D8-AE7177CB9C0C,1981 Case 2290 2WD Tractor,2WD Tractor,"Bruno, SK, CAN - Apr 10, 2026",2026-04-10 14:00:00,Live Auction,https://cdn.ironpla.net/i/19627/855/a2607a26-63cb-48f6-b29b-99393b6893c8.jpg,https://www.rbauction.com/cp/agricultural-tractors,,,,
International,1086,1980.0,,,"Bow Island, AB, CAN",,2610181U44295,RitchieBros,2026-01-20 22:53:28.229233,DEF33ADE-5233-34D1-9305-184391828271,1980 International 1086 2WD Tractor,2WD Tractor,"Bow Island, AB, CAN - Mar 25, 2026",2026-03-25 14:00:00,Live Auction,https://cdn.ironpla.net/i/19623/514/c3eff1ab-fbd5-40ec-a4c4-61ee3fe83587.jpg,https://www.rbauction.com/cp/agricultural-tractors,,,,
John Deere,630,1960.0,,,"Eckville, AB, CAN",,6316413,RitchieBros,2026-01-20 22:53:28.229233,AA5A652B-E49F-3F8D-883A-1E0575DA2A03,1960 John Deere 630 Antique Tractor,Antique Tractor,"Eckville, AB, CAN - Apr 22, 2026",2026-04-22 14:00:00,Live Auction,https://cdn.ironpla.net/i/20228/304/b3a3e797-4e3e-45ce-874a-9d5770aaafe9.jpg,https://www.rbauction.com/cp/agricultural-tractors,,,,
Case IH,1070,1976.0,,,"Richard, SK, CAN",,8806907,RitchieBros,2026-01-20 22:53:28.229233,5206C36C-84E7-3E6D-A9FC-2CA9A80FA673,1976 Case IH 1070 2WD Tractor,2WD Tractor,"Richard, SK, CAN - Apr 13, 2026",2026-04-13 14:00:00,Live Auction,https://cdn.ironpla.net/i/20646/33/d54aab52-0507-4b33-b09f-18cdccd8956b.jpg,https://www.rbauction.com/cp/agricultural-tractors,,,,
John Deere,5020,1966.0,,,"Beaverlodge, AB, CAN",,,RitchieBros,2026-01-20 22:53:28.229233,D5FBF8C1-0890-3D24-A5D0-E95EAE269843,1966 John Deere 5020 2WD Tractor,2WD Tractor,"Beaverlodge, AB, CAN - Apr 17, 2026",2026-04-17 14:00:00,Live Auction,https://cdn.ironpla.net/i/20257/553/195ef4d0-dc83-41c3-ad28-866b3ade8779.jpg,https://www.rbauction.com/cp/agricultural-tractors,,,,
Versatile,875,1979.0,,,"Beaverlodge, AB, CAN",,053846,RitchieBros,2026-01-20 22:53:28.229233,B95DE283-20A8-30BD-836E-EAB3F6A2AA0F,1979 Versatile 875 Articulated Tractor,Articulated Tractor,"Beaverlodge, AB, CAN - Apr 17, 2026",2026-04-17 14:00:00,Live Auction,https://cdn.ironpla.net/i/20257/550/366431b7-7904-4199-884c-d2cac0022f87.jpg,https://www.rbauction.com/cp/agricultural-tractors,,,,
Ford,8240,1995.0,,,"Maltby, L3, GBR",,BD 31089,RitchieBros,2026-01-20 22:53:28.229233,B0002CDB-3E58-3F06-870A-46608672A549,1995 Ford 8240 2WD Tractor,2WD Tractor,"UK and Ireland Auction - Feb 11, 2026",2026-02-11 08:00:00,Live Auction,https://cdn.ironpla.net/i/21041/93/17b327ca-5d9c-4200-8565-c9cda2f7fc7a.jpg,https://www.rbauction.com/cp/agricultural-tractors,,,,
Case,1070,1978.0,,,"Eckville, AB, CAN",,8834861,RitchieBros,2026-01-20 22:53:28.229233,D3D4FB65-5AC2-3875-89EF-BD61EA748A3D,1978 Case 1070 2WD Tractor,2WD Tractor,"Eckville, AB, CAN - Apr 22, 2026",2026-04-22 14:00:00,Live Auction,https://cdn.ironpla.net/i/20228/299/e98fab2e-219e-407f-bfc4-9b71722ada0a.jpg,https://www.rbauction.com/cp/agricultural-tractors,,,,
John Deere,4020,,,,"Amaranth, MB, CAN",,102022T78200,RitchieBros,2026-01-20 22:53:28.229233,E487B457-14C2-338C-A480-0C1340D76D50,John Deere 4020 2WD Tractor,2WD Tractor,"Amaranth, MB, CAN - Apr 15, 2026",2026-04-15 17:00:00,Live Auction,https://cdn.ironpla.net/i/20526/0/86580094-ccb2-456b-9019-d50f503ed06d.jpg,https://www.rbauction.com/cp/agricultural-tractors,,,,
International,1486,1981.0,,,"Assiniboia, SK, CAN",,2650143U27897,RitchieBros,2026-01-20 22:53:28.229233,1B439E23-AA92-3AF4-B641-DFDA37FE3508,1981 International 1486 2WD Tractor,2WD Tractor,"Assiniboia, SK, CAN - Mar 31, 2026",2026-03-31 14:00:00,Live Auction,https://cdn.ironpla.net/i/19624/426/7a491801-1fc2-4c19-81a1-cc1dd88298a0.jpg,https://www.rbauction.com/cp/agricultural-tractors,,,,
Ford,1910,1986.0,,,"Redvers, SK, CAN",,UP08745,RitchieBros,2026-01-20 22:53:28.229233,972F7624-7B3F-3E7F-B9C9-5446E40535FB,1986 Ford 1910 4WD Tractor,4WD Tractor,"Redvers, SK, CAN - Apr 14, 2026",2026-04-14 18:00:00,Live Auction,https://cdn.ironpla.net/i/20693/977/b3e93b04-1a8a-4998-b143-c7882bf5a27e.jpg,https://www.rbauction.com/cp/agricultural-tractors,,,,
International Harvester,4100,1968.0,,,"Ste. Agathe, MB, CAN",,,RitchieBros,2026-01-20 22:53:28.229233,4BC96278-3C3C-383A-9BBD-839000139567,1968 International Harvester 4100 4WD Tractor (Inoperable),4WD Tractor,"Manitoba Regional Event, CAN - Apr 21, 2026",2026-04-21 13:00:00,Live Auction,https://cdn.ironpla.net/i/20602/318/7ae4da0f-83d3-4919-8a67-a8bbc00c34a0.jpg,https://www.rbauction.com/cp/agricultural-tractors,,,,
International Harvester,4100,1968.0,,,"Ste. Agathe, MB, CAN",,,RitchieBros,2026-01-20 22:53:28.229233,3EAD1D43-73FC-3EDE-AC26-5FC4A12D930D,1968 International Harvester 4100 4WD Tractor (Inoperable),4WD Tractor,"Manitoba Regional Event, CAN - Apr 21, 2026",2026-04-21 13:00:00,Live Auction,https://cdn.ironpla.net/i/20602/227/928be6db-8550-4327-ba70-4da34cce13a4.jpg,https://www.rbauction.com/cp/agricultural-tractors,,,,
John Deere,6125M,,,,"Davenport, FL, USA",,,RitchieBros,2026-01-20 22:53:28.229233,98C00B6A-B385-3EEB-A9C3-0AF1EDE54D55,John Deere 6125M 4WD Tractor (Inoperable),4WD Tractor,"Orlando, FL, USA - Feb 16, 2026",2026-02-16 13:00:00,Live Auction,https://cdn.ironpla.net/i/20945/941/6c107df9-5e84-42be-b575-46617ad5e47b.jpg,https://www.rbauction.com/cp/agricultural-tractors,,,,
J.I. Case,870,1974.0,,,"Insinger, SK, CAN",,8741943,RitchieBros,2026-01-20 22:53:28.229233,E1B5A60D-293C-32E3-8A1B-E7CB4AF77C25,1974 J.I. Case 870 2WD Tractor,2WD Tractor,"Insinger, SK, CAN - Jun 23, 2026",2026-06-23 14:00:00,Live Auction,https://cdn.ironpla.net/i/20553/84/c58bd871-0026-43be-a27a-0e314d13a24e.jpg,https://www.rbauction.com/cp/agricultural-tractors,,,,
International,5288,,,,"Neville, SK, CAN",,2580003U005396,RitchieBros,2026-01-20 22:53:28.229233,89C63F14-B5BF-3A93-9D64-6DCFB722C485,International 5288 2WD Tractor,2WD Tractor,"Neville, SK, CAN - Mar 31, 2026",2026-03-31 18:00:00,Live Auction,https://cdn.ironpla.net/i/19001/132/58ec8124-ef97-44d4-9f5b-d393a9db73a0.jpg,https://www.rbauction.com/cp/agricultural-tractors,,,,
Allis Chalmers,AC7040,,,,"Amaranth, MB, CAN",,,RitchieBros,2026-01-20 22:53:28.229233,57D60057-06C3-3630-9A4E-DB0591F2202E,Allis Chalmers AC7040 2WD Tractor (Inoperable),2WD Tractor,"Amaranth, MB, CAN - Apr 15, 2026",2026-04-15 17:00:00,Live Auction,https://cdn.ironpla.net/i/20817/957/b6c076e7-757d-45c3-81dd-0d2c4b21eb1f.jpg,https://www.rbauction.com/cp/agricultural-tractors,,,,
Case,1294,1984.0,,,"Eatonia, SK, CAN",,,RitchieBros,2026-01-20 22:53:28.229233,2DA4DB88-B73D-38D7-864A-98551A8C8B03,1984 Case 1294 2WD Tractor,2WD Tractor,"West Central Timed, Eatonia, SK, CAN - Apr 04, 2026",2026-04-04 16:00:00,Live Auction,https://cdn.ironpla.net/i/20760/747/6946d407-833c-4fb2-98ef-fde1ce0ba5ec.jpg,https://www.rbauction.com/cp/agricultural-tractors,,,,
Kubota,ME9000,,,,"Townsville, QLD, AUS",,M90069545,RitchieBros,2026-01-20 22:53:28.229233,43699330-EE29-3ADB-9690-08BACA17CD53,Kubota ME9000 4WD Tractor,4WD Tractor,"Australia National Unreserved Auction, AUS - Feb 25, 2026",2026-02-24 22:00:00,Live Auction,https://cdn.ironpla.net/i/21097/164/66812735-aad8-462c-8d87-0915cac4527c.jpg,https://www.rbauction.com/cp/agricultural-tractors,,,,
Kubota,M8030DT,,,,"Townsville, QLD, AUS",,M8072629,RitchieBros,2026-01-20 22:53:28.229233,999E770F-7B95-30F7-91E8-4B1193529586,Kubota M8030DT 4WD Tractor,4WD Tractor,"Australia National Unreserved Auction, AUS - Feb 25, 2026",2026-02-24 22:00:00,Live Auction,https://cdn.ironpla.net/i/21097/163/2b1ec6f1-0c79-4c22-8b6a-cb6365b0151b.jpg,https://www.rbauction.com/cp/agricultural-tractors,,,,
Massey Ferguson,230,1976.0,,,"Glenside, SK, CAN",,9A251277,RitchieBros,2026-01-20 22:53:28.229233,97A44366-6FB7-3C51-9BDE-17AF3957796C,1976 Massey Ferguson 230 2WD Tractor,2WD Tractor,"Glenside, SK, CAN - Apr 15, 2026",2026-04-15 14:00:00,Live Auction,https://cdn.ironpla.net/i/19791/696/51f9bdfa-16a3-40b3-abbb-af4c2ac9b91f.jpg,https://www.rbauction.com/cp/agricultural-tractors,,,,
John Deere,4010,1961.0,,,"Redvers, SK, CAN",,6730,RitchieBros,2026-01-20 22:53:28.229233,F62F19F5-CC11-309B-83F8-23FD394E994D,1961 John Deere 4010 2WD Tractor,2WD Tractor,"Redvers, SK, CAN - Apr 14, 2026",2026-04-14 18:00:00,Live Auction,https://cdn.ironpla.net/i/20693/208/8fcc0ae3-7015-42d7-bead-f4be79084051.jpg,https://www.rbauction.com/cp/agricultural-tractors,,,,
Case,1070,1978.0,,,"Bienfait, SK, CAN",,8834508,RitchieBros,2026-01-20 22:53:28.229233,8283CEC7-5493-3161-89F4-4EE59B482C72,1978 Case 1070 2WD Tractor,2WD Tractor,"Estevan, SK, CAN - Apr 15, 2026",2026-04-15 14:00:00,Live Auction,https://cdn.ironpla.net/i/20413/772/f5f63688-7b68-407e-89b4-e91767f24334.jpg,https://www.rbauction.com/cp/agricultural-tractors,,,,
John Deere,3032E,,,,"Phoenix, AZ, USA",,1LV3032EENN142658,RitchieBros,2026-01-20 22:53:28.229233,9136F318-A1EB-3A10-9A76-172339EF2E50,John Deere 3032E 4WD Utility Tractor,Utility Tractor,"Phoenix, AZ, USA - Feb 26, 2026",2026-02-26 16:00:00,Live Auction,https://cdn.ironpla.net/i/21039/953/41070d87-81ca-4e79-b1ef-9a4e2d44558d.jpg,https://www.rbauction.com/cp/agricultural-tractors,,,,
Case,970,1977.0,,,"Eckville, AB, CAN",,8819061,RitchieBros,2026-01-20 22:53:28.229233,0AF8FB89-3BE3-3A85-B239-4A186922774B,1977 Case 970 2WD Tractor,2WD Tractor,"Eckville, AB, CAN - Apr 22, 2026",2026-04-22 14:00:00,Live Auction,https://cdn.ironpla.net/i/20228/298/92b53d1c-216f-464c-8139-7efd5da3069c.jpg,https://www.rbauction.com/cp/agricultural-tractors,,,,
Case,970,1973.0,,,"Luseland, SK, CAN",,8715495,RitchieBros,2026-01-20 22:53:28.229233,86CF631D-2453-3F6B-8E1D-9D50CE081AD7,1973 Case 970 2WD Tractor,2WD Tractor,"Luseland, SK, CAN - Apr 08, 2026",2026-04-08 14:00:00,Live Auction,https://cdn.ironpla.net/i/19702/83/fcec296b-fd74-45b3-a9cc-37903a7a3fd0.jpg,https://www.rbauction.com/cp/agricultural-tractors,,,,
Versatile,875,1980.0,,,"Rockglen, SK, CAN",,054612,RitchieBros,2026-01-20 22:53:28.229233,CBB2A9C7-553D-39AA-9600-9329E2CEA3C9,1980 Versatile 875 Articulated Tractor (Inoperable),Articulated Tractor,"Rockglen, SK, CAN - Apr 22, 2026",2026-04-22 14:00:00,Live Auction,https://cdn.ironpla.net/i/20855/449/bb8ff58a-1f2b-4ea7-97cd-1d282f4d6380.jpg,https://www.rbauction.com/cp/agricultural-tractors,,,,
John Deere,3010,,,,"Wembley, AB, CAN",,14028,RitchieBros,2026-01-20 22:53:28.229233,3729DF4D-94DD-3C3C-9425-2969C37FDB4A,John Deere 3010 2WD Tractor,2WD Tractor,"Wembley, AB, CAN - Jun 12, 2026",2026-06-12 14:00:00,Live Auction,https://cdn.ironpla.net/i/19835/475/2b6cd4cb-e88b-45a3-8669-5df7bc5270ea.jpg,https://www.rbauction.com/cp/agricultural-tractors,,,,
John Deere,5103,2007.0,,,"Tulare, CA, USA",,PY5103U013241,RitchieBros,2026-01-20 22:53:28.229233,664A7C1B-E32F-33DE-976C-51CADD9F41F0,2007 John Deere 5103 2WD Tractor (Inoperable),2WD Tractor,"California Regional Event, USA - Feb 12, 2026",2026-02-12 20:27:00,Live Auction,https://cdn.ironpla.net/i/21086/99/99923a9d-30c1-4591-8097-5f54c3d7f35f.jpg,https://www.rbauction.com/cp/agricultural-tractors,,,,
International,986,,,,"Eatonia, SK, CAN",,8836,RitchieBros,2026-01-20 22:53:28.229233,E466CEF0-7D1F-3806-BF15-B4FC0561C056,International 986 2WD Tractor,2WD Tractor,"West Central Timed, Eatonia, SK, CAN - Apr 04, 2026",2026-04-04 16:00:00,Live Auction,https://cdn.ironpla.net/i/20509/708/3febc423-7588-47fc-a8cd-f5ab233f3f29.jpg,https://www.rbauction.com/cp/agricultural-tractors,,,,
Kubota,M5-091,2017.0,,,"Davenport, FL, USA",,M5091D51650,RitchieBros,2026-01-20 22:53:28.229233,0B8A2DE3-20B0-3E26-A526-79F1B188C231,2017 Kubota M5-091 2WD Tractor (Inoperable),2WD Tractor,"Orlando, FL, USA - Feb 16, 2026",2026-02-16 13:00:00,Live Auction,https://cdn.ironpla.net/i/21165/141/f6b86ea4-b26e-4824-a3d7-afa38a2ea987.jpg,https://www.rbauction.com/cp/agricultural-tractors,,,,
Allis Chalmers,220,,,,"Amaranth, MB, CAN",,2201057,RitchieBros,2026-01-20 22:53:28.229233,BC46B21A-6A33-3C1D-AF38-6646F3D83918,Allis Chalmers 220 2WD Tractor,2WD Tractor,"Amaranth, MB, CAN - Apr 15, 2026",2026-04-15 17:00:00,Live Auction,https://cdn.ironpla.net/i/20526/186/8f4489bc-d9b7-4871-bce4-cd79d52a2277.jpg,https://www.rbauction.com/cp/agricultural-tractors,,,,
Versatile,856,1985.0,,,"Borden, SK, CAN",,251078,RitchieBros,2026-01-20 22:53:28.229233,FA5C479C-9FA4-3C46-BE0E-58F05FCC8D48,1985 Versatile 856 Articulated Tractor,Articulated Tractor,"Borden, SK, CAN - Apr 11, 2026",2026-04-11 14:00:00,Live Auction,https://cdn.ironpla.net/i/20770/671/23ec8e2e-cb29-4c43-b6ad-b5b2369b9851.jpg,https://www.rbauction.com/cp/agricultural-tractors,,,,
Valtra,T-190,2005.0,,,"St Aubin Sur Gaillon, HN, FRA",,R33344,RitchieBros,2026-01-20 22:53:28.229233,BA56DD1E-1B39-3861-AAA4-62FA9A096FB9,2005 Valtra T-190 4x4 Tracteur Agricole 4WD Tractor (Inoperable),4WD Tractor,"France, FRA - Mar 24, 2026",2026-03-24 07:00:00,Live Auction,https://cdn.ironpla.net/i/21102/470/a4f8c09b-28c3-48d5-8a92-07c0ec2fbadd.jpg,https://www.rbauction.com/cp/agricultural-tractors,,,,
John Deere,1130,,,,"Richard, SK, CAN",,,RitchieBros,2026-01-20 22:53:28.229233,CE4FADB3-70B4-39AD-96C2-42EA31865CB0,John Deere 1130 2WD Tractor,2WD Tractor,"Richard, SK, CAN - Apr 13, 2026",2026-04-13 14:00:00,Live Auction,https://cdn.ironpla.net/i/20645/629/0d4155ab-17d6-4dd8-88c1-dcf20571584d.jpg,https://www.rbauction.com/cp/agricultural-tractors,,,,
Massey-Harris,Pacemaker,,,,"Wembley, AB, CAN",,111336,RitchieBros,2026-01-20 22:53:28.229233,0533932E-FFD0-3B9E-BB4D-47D279A732AD,Massey-Harris Pacemaker 2WD Wide Front Antique Tractor,Antique Tractor,"Wembley, AB, CAN - Jun 12, 2026",2026-06-12 14:00:00,Live Auction,https://cdn.ironpla.net/i/19835/404/aff95365-f461-4ec3-9152-70f78d6d5141.jpg,https://www.rbauction.com/cp/agricultural-tractors,,,,
Massey Ferguson,2705,,,,"Chaplin, SK, CAN",,9R013104,RitchieBros,2026-01-20 22:53:28.229233,337D4E8B-3310-3763-AB33-2ED4FEAEAC20,Massey Ferguson 2705 2WD Tractor,2WD Tractor,"Chaplin, SK, CAN - Apr 13, 2026",2026-04-13 14:00:00,Live Auction,https://cdn.ironpla.net/i/20730/490/3345a20a-87ed-4f89-83ec-0eed69ecc812.jpg,https://www.rbauction.com/cp/agricultural-tractors,,,,
Plus Power,TT604,2025.0,,,"Caorso, EMRM, ITA",,202504004,RitchieBros,2026-01-20 22:53:28.229233,D6C646A9-6C8F-318C-B170-DE962BFADFF2,2025 Plus Power TT604 4WD Tractor (Unused),4WD Tractor,"Caorso, ITA - Mar 19, 2026",2026-03-19 08:00:00,Live Auction,https://cdn.ironpla.net/i/20240/75/59e64ff3-cb6f-453d-b5c3-a5bf46cf9c4b.jpg,https://www.rbauction.com/cp/agricultural-tractors,,,,
Plus Power,TT604,2025.0,,,"Caorso, EMRM, ITA",,202504020,RitchieBros,2026-01-20 22:53:28.229233,161AD703-5782-3B97-B7BB-BB77AD66E88D,2025 Plus Power TT604 4WD Tractor (Unused),4WD Tractor,"Caorso, ITA - Mar 19, 2026",2026-03-19 08:00:00,Live Auction,https://cdn.ironpla.net/i/20240/76/8d621557-7bef-4d2b-a575-0e6824f78dda.jpg,https://www.rbauction.com/cp/agricultural-tractors,,,,
Massey-Harris,Pacemaker,,,,"Wembley, AB, CAN",,71330,RitchieBros,2026-01-20 22:53:28.229233,D6C49ACB-EEF7-3140-9C28-31DB2D58B2BF,Massey-Harris Pacemaker 2WD Wide Front Antique Tractor,Antique Tractor,"Wembley, AB, CAN - Jun 12, 2026",2026-06-12 14:00:00,Live Auction,https://cdn.ironpla.net/i/19840/47/f10ca20b-2be9-408f-a44d-a57383ec06b1.jpg,https://www.rbauction.com/cp/agricultural-tractors,,,,
Massey-Harris,555,,,,"Wembley, AB, CAN",,21563P,RitchieBros,2026-01-20 22:53:28.229233,6E03F9F6-9FFC-31A6-8535-AE2C00F04B0E,Massey-Harris 555 2WD Wide Front Antique Tractor,Antique Tractor,"Wembley, AB, CAN - Jun 12, 2026",2026-06-12 14:00:00,Live Auction,https://cdn.ironpla.net/i/19841/762/23cde179-0e6b-4572-a588-cf3893cbb163.jpg,https://www.rbauction.com/cp/agricultural-tractors,,,,
Case,990,,,,"Bredenbury, SK, CAN",,11076580,RitchieBros,2026-01-20 22:53:28.229233,DFB18F19-885E-3DE5-8EBE-8CFAB6C425E3,Case 990 2WD Tractor,2WD Tractor,"Bredenbury, SK, CAN - Apr 10, 2026",2026-04-10 18:00:00,Live Auction,https://cdn.ironpla.net/i/18572/193/dff7a5c0-0000-4b76-8faf-807441b7f8ad.jpg,https://www.rbauction.com/cp/agricultural-tractors,,,,
Case,1070,1973.0,,,"Bruno, SK, CAN",,8731266,RitchieBros,2026-01-20 22:53:28.229233,AFC5113B-CE56-3ED9-97DB-DAD84E716804,1973 Case 1070 2WD Tractor,2WD Tractor,"Bruno, SK, CAN - Apr 10, 2026",2026-04-10 14:00:00,Live Auction,https://cdn.ironpla.net/i/19627/844/af9e9808-e923-4ea0-8f73-21b4eb395878.jpg,https://www.rbauction.com/cp/agricultural-tractors,,,,
J.I. Case,4994,1984.0,,,"Geelong, VIC, AUS",,8865059,RitchieBros,2026-01-20 22:53:28.229233,C077C1AD-45C3-3917-B426-854CA40D51CF,1984 J.I. Case 4994 4WD Tractor,4WD Tractor,"Australia National Unreserved Auction, AUS - Feb 25, 2026",2026-02-24 22:00:00,Live Auction,https://cdn.ironpla.net/i/21053/630/12564d37-1f14-4eac-ace3-c397b70c4fd0.jpg,https://www.rbauction.com/cp/agricultural-tractors,,,,
Case,1270,1975.0,,,"Luseland, SK, CAN",,8779023,RitchieBros,2026-01-20 22:53:28.229233,BF7FC015-4534-3AC2-9AB2-4BB22C1486E8,1975 Case 1270 2WD Tractor,2WD Tractor,"Luseland, SK, CAN - Apr 08, 2026",2026-04-08 14:00:00,Live Auction,https://cdn.ironpla.net/i/19702/84/c8b193ab-dabc-47a1-84b4-61fded7870cb.jpg,https://www.rbauction.com/cp/agricultural-tractors,,,,
Massey-Harris,55,,,,"Wembley, AB, CAN",,12002,RitchieBros,2026-01-20 22:53:28.229233,71E972CB-AA93-3206-A614-9E2BF8617EDE,Massey-Harris 55 2WD Wide Front Antique Tractor,Antique Tractor,"Wembley, AB, CAN - Jun 12, 2026",2026-06-12 14:00:00,Live Auction,https://cdn.ironpla.net/i/19841/843/3b927964-bfcc-4b90-af9a-2c1739135c4e.jpg,https://www.rbauction.com/cp/agricultural-tractors,,,,
Kubota,4WD,,,,"Davenport, FL, USA",,,RitchieBros,2026-01-20 22:53:28.229233,5DF2AF3B-671E-3C69-A226-CA0F44F7B0BD,Kubota 4WD Tractor,4WD Tractor,"Orlando, FL, USA - Feb 16, 2026",2026-02-16 13:00:00,Live Auction,https://cdn.ironpla.net/i/21119/81/ed1aef78-7444-409a-b323-0b27881d6419.jpg,https://www.rbauction.com/cp/agricultural-tractors,,,,
International,2424,,,,"Richard, SK, CAN",,,RitchieBros,2026-01-20 22:53:28.229233,795CFEAD-4B7D-3085-B93A-FE17E9A799A0,International 2424 2WD Tractor,2WD Tractor,"Richard, SK, CAN - Apr 13, 2026",2026-04-13 14:00:00,Live Auction,https://cdn.ironpla.net/i/20645/695/8a193a6a-9d78-4ac3-9a49-940bef2866e8.jpg,https://www.rbauction.com/cp/agricultural-tractors,,,,
1967,1650,1967.0,,,"Rabbit Lake, SK, CAN",,163988468,RitchieBros,2026-01-20 22:53:28.229233,AACD3716-D143-3361-84E6-676817B12CFC,1967 Cockshutt 1650 2WD Tractor,2WD Tractor,"Rabbit Lake, SK, CAN - Apr 14, 2026",2026-04-14 14:00:00,Live Auction,https://cdn.ironpla.net/i/20305/789/ef47c843-2e14-4dc5-9507-7a0f58b008fe.jpg,https://www.rbauction.com/cp/agricultural-tractors,,,,
Case,930,1969.0,,,"Eckville, AB, CAN",,A34249,RitchieBros,2026-01-20 22:53:28.229233,B99216BC-8111-3068-B769-2DFF65702678,1969 Case 930 2WD Tractor,2WD Tractor,"Eckville, AB, CAN - Apr 22, 2026",2026-04-22 14:00:00,Live Auction,https://cdn.ironpla.net/i/20228/300/d71b83b2-7f94-4870-b3ad-8138ac1fb199.jpg,https://www.rbauction.com/cp/agricultural-tractors,,,,
Case,1370,1976.0,,,"Insinger, SK, CAN",,8805681,RitchieBros,2026-01-20 22:53:28.229233,59ACB04E-7696-3B6C-ACE1-344721D5E486,1976 Case 1370 2WD Tractor,2WD Tractor,"Insinger, SK, CAN - Jun 23, 2026",2026-06-23 14:00:00,Live Auction,https://cdn.ironpla.net/i/20553/102/8c6c57c2-238a-4d0b-919d-c275d5bc4ac7.jpg,https://www.rbauction.com/cp/agricultural-tractors,,,,
International,1066,,,,"Insinger, SK, CAN",,2610172U024848,RitchieBros,2026-01-20 22:53:28.229233,724FBF99-DDB0-3CE7-A74F-1AE902F82283,International 1066 2WD Tractor,2WD Tractor,"Insinger, SK, CAN - Jun 23, 2026",2026-06-23 14:00:00,Live Auction,https://cdn.ironpla.net/i/20553/109/81c90f2c-ff8d-4070-8963-2d6a8dab1107.jpg,https://www.rbauction.com/cp/agricultural-tractors,,,,
Ford New Holland,Ford,1993.0,,,"Odessa, MO, USA",,BD39556,RitchieBros,2026-01-20 22:53:28.229233,9F6D759A-6D7F-305E-BE52-001660BD31B0,1993 Ford New Holland 260C 4WD Utility Tractor,Utility Tractor,"Midwest Regional Event, USA - Feb 10, 2026",2026-02-10 14:00:00,Live Auction,https://cdn.ironpla.net/i/21117/501/f94baca8-4e92-4060-9ec9-25c804915930.jpg,https://www.rbauction.com/cp/agricultural-tractors,,,,
1949,Model M,1949.0,,,"Eckville, AB, CAN",,M29916,RitchieBros,2026-01-20 22:53:28.229233,DB28007F-C48A-3221-83CA-F5973515B313,1949 John Deeer Model M Antique Tractor,Antique Tractor,"Eckville, AB, CAN - Apr 22, 2026",2026-04-22 14:00:00,Live Auction,https://cdn.ironpla.net/i/20228/306/a79012d8-2fbe-4337-a3fd-47765f12a8cf.jpg,https://www.rbauction.com/cp/agricultural-tractors,,,,
Kubota,B7100,,,,"Kingman, AB, CAN",,B7100HD53497,RitchieBros,2026-01-20 22:53:28.229233,86F9224E-8837-3EBF-ACCF-619067D94C8C,Kubota B7100 4WD Utility Tractor,Utility Tractor,"Kingman, AB, CAN - Apr 08, 2026",2026-04-08 14:00:00,Live Auction,https://cdn.ironpla.net/i/19785/193/57ed8dcf-fc51-4270-a6f2-8cb6388be204.jpg,https://www.rbauction.com/cp/agricultural-tractors,,,,
John Deere,445,1997.0,,,"Prince Albert, SK, CAN",,M00445C053139,RitchieBros,2026-01-20 22:53:28.229233,99A92DDF-6704-3E4F-8198-1BDCA600EA8D,1997 John Deere 445 Utility Tractor,Utility Tractor,"Prince Albert, SK, CAN - Apr 22, 2026",2026-04-22 14:00:00,Live Auction,https://cdn.ironpla.net/i/20498/580/65ab17c7-1994-4948-8e5c-12a7e2dfabec.jpg,https://www.rbauction.com/cp/agricultural-tractors,,,,
Deutz,D-130-06,,,,"Insinger, SK, CAN",,79371528,RitchieBros,2026-01-20 22:53:28.229233,9ACDDD89-692D-38C5-B7B5-F7663C6431CF,Deutz D-130-06 2WD Tractor,2WD Tractor,"Insinger, SK, CAN - Jun 23, 2026",2026-06-23 14:00:00,Live Auction,https://cdn.ironpla.net/i/20553/101/dc060d79-e393-4c8d-ab04-d519a87dc316.jpg,https://www.rbauction.com/cp/agricultural-tractors,,,,
Massey-Harris,44,,,,"Wembley, AB, CAN",,44DS2390,RitchieBros,2026-01-20 22:53:28.229233,FD2A0062-8684-39AA-A4E9-47315D0B0780,Massey-Harris 44 2WD Wide Front Antique Tractor,Antique Tractor,"Wembley, AB, CAN - Jun 12, 2026",2026-06-12 14:00:00,Live Auction,https://cdn.ironpla.net/i/19834/297/9384604b-5a29-48b6-a359-1c04e9ab6cc4.jpg,https://www.rbauction.com/cp/agricultural-tractors,,,,
Massey-Harris,55,,,,"Wembley, AB, CAN",,10954,RitchieBros,2026-01-20 22:53:28.229233,E39C9CB8-EC6C-3890-B9AB-B40B884420F6,Massey-Harris 55 2WD Wide Front Antique Tractor,Antique Tractor,"Wembley, AB, CAN - Jun 12, 2026",2026-06-12 14:00:00,Live Auction,https://cdn.ironpla.net/i/19839/166/9a8fcdfd-2243-498c-bf24-9438a2169b22.jpg,https://www.rbauction.com/cp/agricultural-tractors,,,,
Massey-Harris,16 Pacer,1956.0,,,"Wembley, AB, CAN",,53278,RitchieBros,2026-01-20 22:53:28.229233,591D38C6-FAAB-3059-B4E6-0F4CA25D7A64,1956 Massey-Harris 16 Pacer 2WD Wide Front Row Crop Antique Tractor,Antique Tractor,"Wembley, AB, CAN - Jun 12, 2026",2026-06-12 14:00:00,Live Auction,https://cdn.ironpla.net/i/19824/7/884ada30-6b52-400c-851a-28308087ebd8.jpg,https://www.rbauction.com/cp/agricultural-tractors,,,,
John Deere,400,1968.0,,,"La Salle, MB, CAN",,068995,RitchieBros,2026-01-20 22:53:28.229233,4C162A9F-9EA9-3160-8344-501CA347464F,1968 John Deere 400 2WD Utility Tractor,Utility Tractor,"La Salle, MB, CAN - Apr 08, 2026",2026-04-08 13:00:00,Live Auction,https://cdn.ironpla.net/i/20088/686/59120fdb-a831-4a1e-94c6-a10f27ef084a.jpg,https://www.rbauction.com/cp/agricultural-tractors,,,,
Massey-Harris,Challenger,,,,"Wembley, AB, CAN",,132399,RitchieBros,2026-01-20 22:53:28.229233,2B900776-9B78-365B-BA34-C45AA68ACE80,Massey-Harris Challenger 2WD Narrow Front Antique Tractor,Antique Tractor,"Wembley, AB, CAN - Jun 12, 2026",2026-06-12 14:00:00,Live Auction,https://cdn.ironpla.net/i/19840/318/3f33980f-7cd0-4f1e-9823-90ab17b5ea3c.jpg,https://www.rbauction.com/cp/agricultural-tractors,,,,
Case,1170,1970.0,,,"Eatonia, SK, CAN",,8678279,RitchieBros,2026-01-20 22:53:28.229233,61FE3540-E5A5-3B82-AEF8-8B96AD1AD0C2,1970 Case 1170 2WD Tractor,2WD Tractor,"West Central Timed, Eatonia, SK, CAN - Apr 04, 2026",2026-04-04 16:00:00,Live Auction,https://cdn.ironpla.net/i/20729/106/23699028-318e-4cdc-963b-2881d3a86586.jpg,https://www.rbauction.com/cp/agricultural-tractors,,,,
Massey-Harris,21 Colt,1953.0,,,"Wembley, AB, CAN",,2039,RitchieBros,2026-01-20 22:53:28.229233,517F8510-4B63-37D5-B57A-89EEF063A180,1953 Massey-Harris 21 Colt 2WD Wide Front Row Crop Antique Tractor,Antique Tractor,"Wembley, AB, CAN - Jun 12, 2026",2026-06-12 14:00:00,Live Auction,https://cdn.ironpla.net/i/19824/25/db6578e6-48a2-4b3e-8c8a-f5ebfe1ba0a2.jpg,https://www.rbauction.com/cp/agricultural-tractors,,,,
Massey-Harris,55,,,,"Wembley, AB, CAN",,15864,RitchieBros,2026-01-20 22:53:28.229233,F477122E-EEC5-31DC-9905-5BA8534F991D,Massey-Harris 55 2WD Wide Front Antique Tractor,Antique Tractor,"Wembley, AB, CAN - Jun 12, 2026",2026-06-12 14:00:00,Live Auction,https://cdn.ironpla.net/i/19835/541/98569cfa-2be9-467c-a0da-40c385c06693.jpg,https://www.rbauction.com/cp/agricultural-tractors,,,,
Massey-Harris,33D,,,,"Wembley, AB, CAN",,7659,RitchieBros,2026-01-20 22:53:28.229233,5885C7EB-0C1E-3DCE-9E21-D336EB9A16E1,Massey-Harris 33D 2WD Wide Front Antique Tractor,Antique Tractor,"Wembley, AB, CAN - Jun 12, 2026",2026-06-12 14:00:00,Live Auction,https://cdn.ironpla.net/i/19824/39/cc5dbb62-5f39-4162-99f4-3909fd5b4d6d.jpg,https://www.rbauction.com/cp/agricultural-tractors,,,,
Massey-Harris,44,,,,"Wembley, AB, CAN",,55836P,RitchieBros,2026-01-20 22:53:28.229233,82089459-9244-3681-82D4-5B06C9CA4768,Massey-Harris 44 2WD Wide Front Antique Tractor,Antique Tractor,"Wembley, AB, CAN - Jun 12, 2026",2026-06-12 14:00:00,Live Auction,https://cdn.ironpla.net/i/19842/248/7ea8dd5c-6de7-4d1b-b9fd-cf83f466677b.jpg,https://www.rbauction.com/cp/agricultural-tractors,,,,
Case,1494,1984.0,,,"Lake Worth, TX, USA",,,RitchieBros,2026-01-20 22:53:28.229233,DA89A2D4-1620-3C26-98E9-828EBA66CE14,1984 Case 1494 2WD Tractor (Inoperable),2WD Tractor,"Texas Regional Event, USA - Feb 11, 2026",2026-02-11 14:00:00,Live Auction,https://cdn.ironpla.net/i/20962/483/71a7c0ae-d7ee-4e11-bb76-89447e8e02a4.jpg,https://www.rbauction.com/cp/agricultural-tractors,,,,
Massey-Harris,44,,,,"Wembley, AB, CAN",,58671,RitchieBros,2026-01-20 22:53:28.229233,254BE213-2A5A-30ED-A2CE-CF0405A548BD,Massey-Harris 44 2WD Wide Front Antique Tractor,Antique Tractor,"Wembley, AB, CAN - Jun 12, 2026",2026-06-12 14:00:00,Live Auction,https://cdn.ironpla.net/i/19831/103/6493fcdc-4975-4c74-9aaf-cfaa41bf3e96.jpg,https://www.rbauction.com/cp/agricultural-tractors,,,,
Deutz,D7206,1974.0,,,"Grandview, MB, CAN",,75730572,RitchieBros,2026-01-20 22:53:28.229233,84853EF8-79EB-372A-AD7B-7B7C5BB8C1EE,1974 Deutz D7206 2WD Tractor,2WD Tractor,"Grandview, MB, CAN - Mar 27, 2026",2026-03-27 14:00:00,Live Auction,https://cdn.ironpla.net/i/20827/440/e3c133b8-ef2b-4028-909c-87edd60487b9.jpg,https://www.rbauction.com/cp/agricultural-tractors,,,,
Massey-Harris,Pony,1948.0,,,"Wembley, AB, CAN",,1793,RitchieBros,2026-01-20 22:53:28.229233,2E837B1E-65CF-39C7-8EB9-B1B15F6D3EF2,1948 Massey-Harris Pony 2WD Wide Front Antique Tractor,Antique Tractor,"Wembley, AB, CAN - Jun 12, 2026",2026-06-12 14:00:00,Live Auction,https://cdn.ironpla.net/i/19823/990/f2cc5ac3-5c73-4740-a018-8f1d4fcccc83.jpg,https://www.rbauction.com/cp/agricultural-tractors,,,,
Massey Ferguson,4840,1980.0,,,"Borden, SK, CAN",,9D001720,RitchieBros,2026-01-20 22:53:28.229233,5CE6432D-0B1E-3667-8E9B-FAA340624F93,1980 Massey Ferguson 4840 Articulated Tractor (Inoperable),Articulated Tractor,"Borden, SK, CAN - Apr 11, 2026",2026-04-11 14:00:00,Live Auction,https://cdn.ironpla.net/i/20770/669/c7dd6373-864c-43cb-9773-2a92a96cae18.jpg,https://www.rbauction.com/cp/agricultural-tractors,,,,
Massey-Harris,97,,,,"Wembley, AB, CAN",,23600445,RitchieBros,2026-01-20 22:53:28.229233,D4AB0B65-4647-36AE-A5E7-E98949D78228,Massey-Harris 97 2WD Wide Front Antique Tractor,Antique Tractor,"Wembley, AB, CAN - Jun 12, 2026",2026-06-12 14:00:00,Live Auction,https://cdn.ironpla.net/i/19840/762/d7d19431-8399-4b32-99f5-821688b07785.jpg,https://www.rbauction.com/cp/agricultural-tractors,,,,
Massey-Harris,2WD,,,,"Wembley, AB, CAN",,426277,RitchieBros,2026-01-20 22:53:28.229233,E3E3601D-945C-3304-AC22-ADD1C1C01F65,Massey-Harris 2WD Wide Front Antique Tractor,Antique Tractor,"Wembley, AB, CAN - Jun 12, 2026",2026-06-12 14:00:00,Live Auction,https://cdn.ironpla.net/i/19839/168/4dca09d4-0dc9-4dda-affc-393f51d30a2f.jpg,https://www.rbauction.com/cp/agricultural-tractors,,,,
Alice,Chammers,,,,"Kingman, AB, CAN",,,RitchieBros,2026-01-20 22:53:28.229233,D318EF58-6389-32B4-86A9-C010E7E6E436,Alice Chammers WD Wide Front Antique Tractor,Antique Tractor,"Kingman, AB, CAN - Apr 08, 2026",2026-04-08 14:00:00,Live Auction,https://cdn.ironpla.net/i/20525/817/ebc2fbde-84df-4ba2-b2bb-ce2efb0a671a.jpg,https://www.rbauction.com/cp/agricultural-tractors,,,,
Massey-Harris,30-GS,1948.0,,,"Wembley, AB, CAN",,2123,RitchieBros,2026-01-20 22:53:28.229233,633CA081-3E00-34CA-AC37-FB252A4135C8,1948 Massey-Harris 30GS 2WD Wide Front Antique Tractor,Antique Tractor,"Wembley, AB, CAN - Jun 12, 2026",2026-06-12 14:00:00,Live Auction,https://cdn.ironpla.net/i/19823/998/53dc1061-ec54-40d4-8c6d-99b82443c894.jpg,https://www.rbauction.com/cp/agricultural-tractors,,,,
Massey-Harris,44,,,,"Wembley, AB, CAN",,15487,RitchieBros,2026-01-20 22:53:28.229233,A5D0D6FB-EE5C-3E7A-A750-DB029A08745D,Massey-Harris 44 2WD Wide Front Antique Tractor,Antique Tractor,"Wembley, AB, CAN - Jun 12, 2026",2026-06-12 14:00:00,Live Auction,https://cdn.ironpla.net/i/19842/170/225cbd88-07cb-46b4-91c5-d177bc9d6b18.jpg,https://www.rbauction.com/cp/agricultural-tractors,,,,
Massey-Harris,55,,,,"Wembley, AB, CAN",,5871,RitchieBros,2026-01-20 22:53:28.229233,58E612EA-5AED-34A2-B253-DB9D1B31EE3F,Massey-Harris 55 2WD Wide Front Antique Tractor,Antique Tractor,"Wembley, AB, CAN - Jun 12, 2026",2026-06-12 14:00:00,Live Auction,https://cdn.ironpla.net/i/19841/713/a5ee0656-4199-44f8-ba2c-e420cece7ab4.jpg,https://www.rbauction.com/cp/agricultural-tractors,,,,
Massey-Harris,203,,,,"Wembley, AB, CAN",,96066,RitchieBros,2026-01-20 22:53:28.229233,915D6935-709C-320A-94D2-2002D04F177A,Massey-Harris 203 2WD Wide Front Antique Tractor,Antique Tractor,"Wembley, AB, CAN - Jun 12, 2026",2026-06-12 14:00:00,Live Auction,https://cdn.ironpla.net/i/19843/438/a0d74775-8a62-491b-aa60-718c6d8c0cad.jpg,https://www.rbauction.com/cp/agricultural-tractors,,,,
Massey-Harris,2WD,,,,"Wembley, AB, CAN",,91441HA,RitchieBros,2026-01-20 22:53:28.229233,661F4930-C448-3770-A3E0-A5D578B7AE44,Massey-Harris 2WD Wide Front Antique Tractor,Antique Tractor,"Wembley, AB, CAN - Jun 12, 2026",2026-06-12 14:00:00,Live Auction,https://cdn.ironpla.net/i/19834/414/cb0b1b5d-02ee-4df9-a8cb-077f5c3f7fe5.jpg,https://www.rbauction.com/cp/agricultural-tractors,,,,
Massey-Harris,102,,,,"Wembley, AB, CAN",,,RitchieBros,2026-01-20 22:53:28.229233,E0018149-1736-3B62-9CDB-93889F474275,Massey-Harris 102 Antique Tractor,Antique Tractor,"Wembley, AB, CAN - Jun 12, 2026",2026-06-12 14:00:00,Live Auction,https://cdn.ironpla.net/i/19824/35/9f4e3513-c4da-4f19-9507-c4183fac0689.jpg,https://www.rbauction.com/cp/agricultural-tractors,,,,
Massey-Harris,2WD,,,,"Wembley, AB, CAN",,,RitchieBros,2026-01-20 22:53:28.229233,A20CF218-87A2-32DA-A006-CDA8F3B7EB88,Massey-Harris 2WD Wide Front Antique Tractor,Antique Tractor,"Wembley, AB, CAN - Jun 12, 2026",2026-06-12 14:00:00,Live Auction,https://cdn.ironpla.net/i/19835/533/086e642b-d470-4fab-bf8a-b6462275891e.jpg,https://www.rbauction.com/cp/agricultural-tractors,,,,
Massey-Harris,44,,,,"Wembley, AB, CAN",,,RitchieBros,2026-01-20 22:53:28.229233,C8B97A57-0526-3890-BA3C-66CB169249AD,Massey-Harris 44 2WD Wide Front Antique Tractor,Antique Tractor,"Wembley, AB, CAN - Jun 12, 2026",2026-06-12 14:00:00,Live Auction,https://cdn.ironpla.net/i/19824/4/114a7942-321d-43a4-a98d-9a7e12e8680d.jpg,https://www.rbauction.com/cp/agricultural-tractors,,,,
Massey-Harris,201,,,,"Wembley, AB, CAN",,91664,RitchieBros,2026-01-20 22:53:28.229233,E423730A-A975-3BA5-9B9A-00566061DDAE,Massey-Harris 201 2WD Wide Front Antique Tractor,Antique Tractor,"Wembley, AB, CAN - Jun 12, 2026",2026-06-12 14:00:00,Live Auction,https://cdn.ironpla.net/i/19840/95/94f8aa26-ccd2-40a5-b23c-18b4908e2866.jpg,https://www.rbauction.com/cp/agricultural-tractors,,,,
Massey-Harris,2WD,,,,"Wembley, AB, CAN",,382454,RitchieBros,2026-01-20 22:53:28.229233,D900B761-B362-3917-A229-3B147679B584,Massey-Harris 2WD Wide Front Antique Tractor,Antique Tractor,"Wembley, AB, CAN - Jun 12, 2026",2026-06-12 14:00:00,Live Auction,https://cdn.ironpla.net/i/19840/313/cad98115-3340-42c2-8452-04ada1c8e5e2.jpg,https://www.rbauction.com/cp/agricultural-tractors,,,,
Massey-Harris,GG,,,,"Wembley, AB, CAN",,7FA010,RitchieBros,2026-01-20 22:53:28.229233,03E79820-BFA9-3AA6-83C1-F400BFDA3421,Massey-Harris GG 2WD Narrow Front Antique Tractor,Antique Tractor,"Wembley, AB, CAN - Jun 12, 2026",2026-06-12 14:00:00,Live Auction,https://cdn.ironpla.net/i/19830/570/2b694284-827a-4206-a23f-407cfde2527d.jpg,https://www.rbauction.com/cp/agricultural-tractors,,,,
Massey-Harris,2WD,,,,"Wembley, AB, CAN",,,RitchieBros,2026-01-20 22:53:28.229233,E4B3594C-08E5-3248-88D5-E5C88DB58EA0,Massey-Harris 2WD Wide Front Antique Tractor,Antique Tractor,"Wembley, AB, CAN - Jun 12, 2026",2026-06-12 14:00:00,Live Auction,https://cdn.ironpla.net/i/19835/535/f2b7b37a-691b-4f65-866b-03b3b4e786e8.jpg,https://www.rbauction.com/cp/agricultural-tractors,,,,
J.I. Case,931,1968.0,,,"Insinger, SK, CAN",,8340367,RitchieBros,2026-01-20 22:53:28.229233,E1479347-D563-3D71-A00D-1AE962BFEBF3,1968 J.I. Case 931 2WD Tractor,2WD Tractor,"Insinger, SK, CAN - Jun 23, 2026",2026-06-23 14:00:00,Live Auction,https://cdn.ironpla.net/i/20553/92/cf978093-8f6a-4019-bf36-bb49353ef75c.jpg,https://www.rbauction.com/cp/agricultural-tractors,,,,
Massey-Harris,2WD,,,,"Wembley, AB, CAN",,91698HA,RitchieBros,2026-01-20 22:53:28.229233,39810898-054C-3976-ABF6-BBF9E4A5DD01,Massey-Harris 2WD Wide Front Antique Tractor,Antique Tractor,"Wembley, AB, CAN - Jun 12, 2026",2026-06-12 14:00:00,Live Auction,https://cdn.ironpla.net/i/19840/377/748654f8-634a-4f54-a347-e9547b1a644c.jpg,https://www.rbauction.com/cp/agricultural-tractors,,,,
Massey-Harris,GP,,,,"Wembley, AB, CAN",,,RitchieBros,2026-01-20 22:53:28.229233,B5FB8F1D-3866-3A28-B962-B6F3827D594F,Massey-Harris GP 4WD Wide Front Antique Tractor,Antique Tractor,"Wembley, AB, CAN - Jun 12, 2026",2026-06-12 14:00:00,Live Auction,https://cdn.ironpla.net/i/19824/21/2169877f-7230-4b3a-ac22-183a55b81867.jpg,https://www.rbauction.com/cp/agricultural-tractors,,,,
Massey-Harris,44,,,,"Wembley, AB, CAN",,1414,RitchieBros,2026-01-20 22:53:28.229233,1110B765-03C3-32DD-A9CF-B2A4A53FAD64,Massey-Harris 44 2WD Wide Front Antique Tractor,Antique Tractor,"Wembley, AB, CAN - Jun 12, 2026",2026-06-12 14:00:00,Live Auction,https://cdn.ironpla.net/i/19833/131/a8844437-1124-43ec-8e0f-47d17dc95da8.jpg,https://www.rbauction.com/cp/agricultural-tractors,,,,
Massey-Harris,65,,,,"Wembley, AB, CAN",,366590,RitchieBros,2026-01-20 22:53:28.229233,6ECF8F89-6BF6-3071-8751-2AF5CB589AEB,Massey-Harris 65 2WD Wide Front Antique Tractor,Antique Tractor,"Wembley, AB, CAN - Jun 12, 2026",2026-06-12 14:00:00,Live Auction,https://cdn.ironpla.net/i/19840/299/92e9cecb-a442-4437-8e77-d1fc0a2496f4.jpg,https://www.rbauction.com/cp/agricultural-tractors,,,,
Massey-Harris,55,,,,"Wembley, AB, CAN",,3429,RitchieBros,2026-01-20 22:53:28.229233,B540FEB7-3286-364A-B9BB-F45B1C823E64,Massey-Harris 55 2WD Wide Front Antique Tractor,Antique Tractor,"Wembley, AB, CAN - Jun 12, 2026",2026-06-12 14:00:00,Live Auction,https://cdn.ironpla.net/i/19840/221/18deb5fc-5b36-4d4b-9583-e4d8054e0493.jpg,https://www.rbauction.com/cp/agricultural-tractors,,,,
International,186,1978.0,,,"Borden, SK, CAN",,2690015U10475,RitchieBros,2026-01-20 22:53:28.229233,DCA9690B-4BA2-32A6-B7BE-EA4521CA8E83,1978 International 186 2WD Tractor (Inoperable),2WD Tractor,"Borden, SK, CAN - Apr 11, 2026",2026-04-11 14:00:00,Live Auction,https://cdn.ironpla.net/i/20770/968/a7f7a6ef-c04a-4980-83cd-2ebb12fedb38.jpg,https://www.rbauction.com/cp/agricultural-tractors,,,,
Massey-Harris,201,1942.0,,,"Wembley, AB, CAN",,91692,RitchieBros,2026-01-20 22:53:28.229233,FEA9AFAE-8CBB-398E-AAEA-D1AE1065A4BA,1942 Massey-Harris 201 2WD Wide Front Antique Tractor,Antique Tractor,"Wembley, AB, CAN - Jun 12, 2026",2026-06-12 14:00:00,Live Auction,https://cdn.ironpla.net/i/19824/33/04a48b9f-175d-44ea-8995-8b2a6f3221cc.jpg,https://www.rbauction.com/cp/agricultural-tractors,,,,
Massey-Harris,2WD,,,,"Wembley, AB, CAN",,1808,RitchieBros,2026-01-20 22:53:28.229233,529B3F98-67BB-3005-B336-30229E8F87E4,Massey-Harris 2WD Wide Front Antique Tractor,Antique Tractor,"Wembley, AB, CAN - Jun 12, 2026",2026-06-12 14:00:00,Live Auction,https://cdn.ironpla.net/i/19835/537/964814ec-6367-40ea-bd92-efb8666c7a4c.jpg,https://www.rbauction.com/cp/agricultural-tractors,,,,
Case,970,,,,"Bredenbury, SK, CAN",,,RitchieBros,2026-01-20 22:53:28.229233,97277F30-2AEE-3E66-93C6-EDBCAF211915,Case 970 2WD Tractor,2WD Tractor,"Bredenbury, SK, CAN - Apr 10, 2026",2026-04-10 18:00:00,Live Auction,https://cdn.ironpla.net/i/20909/911/680d7b66-456f-4bc9-b0da-4a963cf68653.jpg,https://www.rbauction.com/cp/agricultural-tractors,,,,
Massey-Harris,2WD,,,,"Wembley, AB, CAN",,360961,RitchieBros,2026-01-20 22:53:28.229233,1456E8AD-D32F-3D3F-8FDA-822443C6C4F0,Massey-Harris 2WD Wide Front Antique Tractor,Antique Tractor,"Wembley, AB, CAN - Jun 12, 2026",2026-06-12 14:00:00,Live Auction,https://cdn.ironpla.net/i/19834/644/d3a678f5-c7a1-4d38-bcc2-d7ec870b50f0.jpg,https://www.rbauction.com/cp/agricultural-tractors,,,,
Massey-Harris,2WD,,,,"Wembley, AB, CAN",,104682,RitchieBros,2026-01-20 22:53:28.229233,676BD9C8-2239-38F4-8CE2-DD0EE30B386F,Massey-Harris 2WD Wide Front Antique Tractor,Antique Tractor,"Wembley, AB, CAN - Jun 12, 2026",2026-06-12 14:00:00,Live Auction,https://cdn.ironpla.net/i/19831/722/7153cde6-b209-4db7-81f2-ca2376b83ae2.jpg,https://www.rbauction.com/cp/agricultural-tractors,,,,
Massey-Harris,2WD,,,,"Wembley, AB, CAN",,96038,RitchieBros,2026-01-20 22:53:28.229233,EC50964D-67B0-3880-AE20-86C59746811A,Massey-Harris 2WD Wide Front Antique Tractor,Antique Tractor,"Wembley, AB, CAN - Jun 12, 2026",2026-06-12 14:00:00,Live Auction,https://cdn.ironpla.net/i/19840/614/9ff548b1-0a16-41e2-9a4f-791b00149bc1.jpg,https://www.rbauction.com/cp/agricultural-tractors,,,,
Massey-Harris,Antique,,,,"Wembley, AB, CAN",,109041,RitchieBros,2026-01-20 22:53:28.229233,F8C13AD5-3DA0-3A73-A9C7-837FA364DFAA,Massey-Harris Antique Tractor,Antique Tractor,"Wembley, AB, CAN - Jun 12, 2026",2026-06-12 14:00:00,Live Auction,https://cdn.ironpla.net/i/19841/354/27dabfba-17f2-4f0b-a660-94b4f629e20b.jpg,https://www.rbauction.com/cp/agricultural-tractors,,,,
Massey-Harris,2WD,,,,"Wembley, AB, CAN",,20GS2127,RitchieBros,2026-01-20 22:53:28.229233,3A592379-8853-361A-8AA1-954D91C929AB,Massey-Harris 2WD Wide Front Antique Tractor,Antique Tractor,"Wembley, AB, CAN - Jun 12, 2026",2026-06-12 14:00:00,Live Auction,https://cdn.ironpla.net/i/19831/765/170e2013-538f-4dfa-b545-cefb4bd22063.jpg,https://www.rbauction.com/cp/agricultural-tractors,,,,
Massey-Harris,44,,,,"Wembley, AB, CAN",,8700,RitchieBros,2026-01-20 22:53:28.229233,7561AAB6-6DB4-320D-8360-9ED94CAF85BF,Massey-Harris 44 2WD Wide Front Antique Tractor,Antique Tractor,"Wembley, AB, CAN - Jun 12, 2026",2026-06-12 14:00:00,Live Auction,https://cdn.ironpla.net/i/19834/772/94e2f68c-6645-4368-9ca1-020160d720cb.jpg,https://www.rbauction.com/cp/agricultural-tractors,,,,
Massey-Harris,2WD,,,,"Wembley, AB, CAN",,386619,RitchieBros,2026-01-20 22:53:28.229233,647CC38D-4912-3F37-873A-F517D241008E,Massey-Harris 2WD Wide Front Antique Tractor,Antique Tractor,"Wembley, AB, CAN - Jun 12, 2026",2026-06-12 14:00:00,Live Auction,https://cdn.ironpla.net/i/19840/270/bc725387-4a11-4630-8c87-30ae9a724e5a.jpg,https://www.rbauction.com/cp/agricultural-tractors,,,,
Massey-Harris,81,,,,"Wembley, AB, CAN",,426156,RitchieBros,2026-01-20 22:53:28.229233,F12E3ACF-C50D-3AC5-984B-AD8F02D7F0B1,Massey-Harris 81 2WD Wide Front Antique Tractor,Antique Tractor,"Wembley, AB, CAN - Jun 12, 2026",2026-06-12 14:00:00,Live Auction,https://cdn.ironpla.net/i/19840/428/8a99ee8e-5aa2-4228-ab46-4afe69a5f07d.jpg,https://www.rbauction.com/cp/agricultural-tractors,,,,
Massey-Harris,2WD,,,,"Wembley, AB, CAN",,,RitchieBros,2026-01-20 22:53:28.229233,F0C9E6DD-AD62-3B0C-A5D1-D8E417DD9EB8,Massey-Harris 2WD Wide Front Antique Tractor,Antique Tractor,"Wembley, AB, CAN - Jun 12, 2026",2026-06-12 14:00:00,Live Auction,https://cdn.ironpla.net/i/19841/907/8bfb82f8-984f-432b-8767-b43f159dad0d.jpg,https://www.rbauction.com/cp/agricultural-tractors,,,,
Massey-Harris,2WD,,,,"Wembley, AB, CAN",,,RitchieBros,2026-01-20 22:53:28.229233,F0460ADE-CADC-37AB-8D10-3961177CC14E,Massey-Harris 2WD Wide Front Antique Tractor,Antique Tractor,"Wembley, AB, CAN - Jun 12, 2026",2026-06-12 14:00:00,Live Auction,https://cdn.ironpla.net/i/19841/872/7d3a62cd-7f51-44ea-a597-3030cc38b5e4.jpg,https://www.rbauction.com/cp/agricultural-tractors,,,,
Massey-Harris,2WD,,,,"Wembley, AB, CAN",,359396,RitchieBros,2026-01-20 22:53:28.229233,EAAC34D7-01DD-3EDF-8EA2-45AAA137C616,Massey-Harris 2WD Wide Front Antique Tractor,Antique Tractor,"Wembley, AB, CAN - Jun 12, 2026",2026-06-12 14:00:00,Live Auction,https://cdn.ironpla.net/i/19843/527/bb30211a-85bc-4178-937c-1c7bb1897c4f.jpg,https://www.rbauction.com/cp/agricultural-tractors,,,,
Massey-Harris,2WD,,,,"Wembley, AB, CAN",,36049,RitchieBros,2026-01-20 22:53:28.229233,35D4514E-BAB6-3B44-8D21-57C35F17EEC1,Massey-Harris 2WD Wide Front Antique Tractor,Antique Tractor,"Wembley, AB, CAN - Jun 12, 2026",2026-06-12 14:00:00,Live Auction,https://cdn.ironpla.net/i/19841/366/cb061b0a-5907-4d6e-a46f-3d18209e90b1.jpg,https://www.rbauction.com/cp/agricultural-tractors,,,,
Massey-Harris,2WD,,,,"Wembley, AB, CAN",,44G1SF51694,RitchieBros,2026-01-20 22:53:28.229233,70F3F13B-B802-334B-9AD7-18E893372774,Massey-Harris 2WD Wide Front Antique Tractor,Antique Tractor,"Wembley, AB, CAN - Jun 12, 2026",2026-06-12 14:00:00,Live Auction,https://cdn.ironpla.net/i/19831/699/e9274494-c76d-4f6e-81e1-3f350113db89.jpg,https://www.rbauction.com/cp/agricultural-tractors,,,,
Massey-Harris,2WD,,,,"Wembley, AB, CAN",,380790,RitchieBros,2026-01-20 22:53:28.229233,D3D28180-6450-33B9-842D-930D82FB86A3,Massey-Harris 2WD Wide Front Antique Tractor,Antique Tractor,"Wembley, AB, CAN - Jun 12, 2026",2026-06-12 14:00:00,Live Auction,https://cdn.ironpla.net/i/19843/391/9eaa383d-f415-4cc5-b96e-fa311e153618.jpg,https://www.rbauction.com/cp/agricultural-tractors,,,,
Massey-Harris,30,,,,"Wembley, AB, CAN",,3049,RitchieBros,2026-01-20 22:53:28.229233,BF6C2AFB-E46D-3AE6-A320-3AC5FE39C2D7,Massey-Harris 30 2WD Wide Front Antique Tractor,Antique Tractor,"Wembley, AB, CAN - Jun 12, 2026",2026-06-12 14:00:00,Live Auction,https://cdn.ironpla.net/i/19843/393/6f0863d1-4eb3-4213-a672-4b5c907027e5.jpg,https://www.rbauction.com/cp/agricultural-tractors,,,,
Massey-Harris,25,,,,"Wembley, AB, CAN",,73719,RitchieBros,2026-01-20 22:53:28.229233,44148B1B-852F-35BF-8172-B0D2A5BF8731,Massey-Harris 25 2WD Wide Front Antique Tractor,Antique Tractor,"Wembley, AB, CAN - Jun 12, 2026",2026-06-12 14:00:00,Live Auction,https://cdn.ironpla.net/i/19840/111/ca5fe6e6-93c1-4b00-bb54-9ce322ee6360.jpg,https://www.rbauction.com/cp/agricultural-tractors,,,,
Massey-Harris,2WD,,,,"Wembley, AB, CAN",,,RitchieBros,2026-01-20 22:53:28.229233,DE818267-14B7-3015-9B15-BD27A7001EDB,Massey-Harris 2WD Wide Front Antique Tractor,Antique Tractor,"Wembley, AB, CAN - Jun 12, 2026",2026-06-12 14:00:00,Live Auction,https://cdn.ironpla.net/i/19840/272/14781afc-03c4-418a-88db-e765d9706057.jpg,https://www.rbauction.com/cp/agricultural-tractors,,,,
Massey-Harris,102,,,,"Wembley, AB, CAN",,385393,RitchieBros,2026-01-20 22:53:28.229233,10D82727-C23D-37B5-B028-F534F164564D,Massey-Harris 102 2WD Wide Front Antique Tractor,Antique Tractor,"Wembley, AB, CAN - Jun 12, 2026",2026-06-12 14:00:00,Live Auction,https://cdn.ironpla.net/i/19842/484/2fb21b65-4f1f-45c7-8839-3df51c66aa92.jpg,https://www.rbauction.com/cp/agricultural-tractors,,,,
Massey-Harris,No.,,,,"Wembley, AB, CAN",,,RitchieBros,2026-01-20 22:53:28.229233,49738BA0-95B0-30DE-BB60-D57C3322F0A9,Massey-Harris No. 1 2WD Wide Front Antique Tractor,Antique Tractor,"Wembley, AB, CAN - Jun 12, 2026",2026-06-12 14:00:00,Live Auction,https://cdn.ironpla.net/i/19824/46/7a999663-dfd0-4840-bfb7-0d04478e00c5.jpg,https://www.rbauction.com/cp/agricultural-tractors,,,,
Massey-Harris,202,,,,"Wembley, AB, CAN",,95076,RitchieBros,2026-01-20 22:53:28.229233,9723E33C-C798-3E40-AB42-8F1B3B20BA7C,Massey-Harris 202 2WD Wide Front Antique Tractor,Antique Tractor,"Wembley, AB, CAN - Jun 12, 2026",2026-06-12 14:00:00,Live Auction,https://cdn.ironpla.net/i/19840/38/8b9e57f5-989d-4c4e-a6aa-5897e46276ed.jpg,https://www.rbauction.com/cp/agricultural-tractors,,,,
Massey-Harris,30-GS,,,,"Wembley, AB, CAN",,3729,RitchieBros,2026-01-20 22:53:28.229233,B557A130-4775-3192-9A6B-D4E9B06C4A84,Massey-Harris 30GS 2WD Wide Front Row Crop Antique Tractor,Antique Tractor,"Wembley, AB, CAN - Jun 12, 2026",2026-06-12 14:00:00,Live Auction,https://cdn.ironpla.net/i/19831/515/72e87e86-2103-47d7-b636-5c2cae570d29.jpg,https://www.rbauction.com/cp/agricultural-tractors,,,,
Massey-Harris,101,,,,"Wembley, AB, CAN",,378079,RitchieBros,2026-01-20 22:53:28.229233,4893497C-65C2-3871-9B05-8532176E919A,Massey-Harris 101 Junior 2WD Wide Front Antique Tractor,Antique Tractor,"Wembley, AB, CAN - Jun 12, 2026",2026-06-12 14:00:00,Live Auction,https://cdn.ironpla.net/i/19844/835/503990a8-15cc-41a9-ab67-d5198ee0b469.jpg,https://www.rbauction.com/cp/agricultural-tractors,,,,
Massey-Harris,Antique,,,,"Wembley, AB, CAN",,,RitchieBros,2026-01-20 22:53:28.229233,F76A5091-2D40-3F58-A72F-0279CB3440AA,Massey-Harris Antique Tractor,Antique Tractor,"Wembley, AB, CAN - Jun 12, 2026",2026-06-12 14:00:00,Live Auction,https://cdn.ironpla.net/i/19844/848/679c525a-948c-44c5-86e2-949d8398ec50.jpg,https://www.rbauction.com/cp/agricultural-tractors,,,,
Massey-Harris,Antique,,,,"Wembley, AB, CAN",,,RitchieBros,2026-01-20 22:53:28.229233,6056A6F3-8D84-3775-B826-E3AB14D8721B,Massey-Harris Antique Tractor,Antique Tractor,"Wembley, AB, CAN - Jun 12, 2026",2026-06-12 14:00:00,Live Auction,https://cdn.ironpla.net/i/19840/278/8b455568-eb65-4866-94f2-c56a0ccb6aaa.jpg,https://www.rbauction.com/cp/agricultural-tractors,,,,
Massey-Harris,Antique,,,,"Wembley, AB, CAN",,,RitchieBros,2026-01-20 22:53:28.229233,8A626C83-9027-3054-8750-3FA29C383FE3,Massey-Harris Antique Tractor,Antique Tractor,"Wembley, AB, CAN - Jun 12, 2026",2026-06-12 14:00:00,Live Auction,https://cdn.ironpla.net/i/19844/869/f6c9ddaa-76df-411c-86f4-3ba7b6afc94f.jpg,https://www.rbauction.com/cp/agricultural-tractors,,,,
Massey-Harris,Antique,,,,"Wembley, AB, CAN",,,RitchieBros,2026-01-20 22:53:28.229233,487913BD-37A4-3A5A-99BD-36A5CFB36C12,Massey-Harris Antique Tractor,Antique Tractor,"Wembley, AB, CAN - Jun 12, 2026",2026-06-12 14:00:00,Live Auction,https://cdn.ironpla.net/i/19844/844/63db881a-2e73-41be-9b28-153fb23adf58.jpg,https://www.rbauction.com/cp/agricultural-tractors,,,,
Massey-Harris,Antique,,,,"Wembley, AB, CAN",,,RitchieBros,2026-01-20 22:53:28.229233,6B7826EA-AA52-30A7-9059-622741F0526F,Massey-Harris Antique Tractor,Antique Tractor,"Wembley, AB, CAN - Jun 12, 2026",2026-06-12 14:00:00,Live Auction,https://cdn.ironpla.net/i/19844/866/4c1671ee-84f9-4849-b0b2-d5c66e9038a8.jpg,https://www.rbauction.com/cp/agricultural-tractors,,,,
Massey-Harris,Antique,,,,"Wembley, AB, CAN",,,RitchieBros,2026-01-20 22:53:28.229233,716EFEA4-0B1B-3104-AD09-2F494753CE5E,Massey-Harris Antique Tractor,Antique Tractor,"Wembley, AB, CAN - Jun 12, 2026",2026-06-12 14:00:00,Live Auction,https://cdn.ironpla.net/i/19840/274/9456ae6c-3d80-4165-b94b-4f20d029d00a.jpg,https://www.rbauction.com/cp/agricultural-tractors,,,,
Massey-Harris,Antique,,,,"Wembley, AB, CAN",,,RitchieBros,2026-01-20 22:53:28.229233,49CB57CD-2DD8-3DC8-94C8-CE7B300EBDBC,Massey-Harris Antique Tractor,Antique Tractor,"Wembley, AB, CAN - Jun 12, 2026",2026-06-12 14:00:00,Live Auction,https://cdn.ironpla.net/i/19840/285/4b8a157e-39dd-4fa4-b471-4dd76244cc3b.jpg,https://www.rbauction.com/cp/agricultural-tractors,,,,
Massey-Harris,Antique,,,,"Wembley, AB, CAN",,,RitchieBros,2026-01-20 22:53:28.229233,7C8C011D-CB75-3F9B-8D0A-345B95039F3E,Massey-Harris Antique Tractor,Antique Tractor,"Wembley, AB, CAN - Jun 12, 2026",2026-06-12 14:00:00,Live Auction,https://cdn.ironpla.net/i/19840/311/d5593a42-ec38-4a29-885d-7e828ed5bd47.jpg,https://www.rbauction.com/cp/agricultural-tractors,,,,
Massey-Harris,Antique,,,,"Wembley, AB, CAN",,,RitchieBros,2026-01-20 22:53:28.229233,D5C7B8A1-326C-3066-AD53-5BFC7D9783D5,Massey-Harris Antique Tractor,Antique Tractor,"Wembley, AB, CAN - Jun 12, 2026",2026-06-12 14:00:00,Live Auction,https://cdn.ironpla.net/i/19840/283/bad37bf9-b179-4407-b6cc-d097fac4f549.jpg,https://www.rbauction.com/cp/agricultural-tractors,,,,
Massey-Harris,Antique,,,,"Wembley, AB, CAN",,,RitchieBros,2026-01-20 22:53:28.229233,CA71526C-EA23-3592-B32B-503594282D21,Massey-Harris Antique Tractor,Antique Tractor,"Wembley, AB, CAN - Jun 12, 2026",2026-06-12 14:00:00,Live Auction,https://cdn.ironpla.net/i/19844/840/70efc11d-6e3e-459d-a3cd-93f33c559536.jpg,https://www.rbauction.com/cp/agricultural-tractors,,,,
Massey-Harris,Antique,,,,"Wembley, AB, CAN",,,RitchieBros,2026-01-20 22:53:28.229233,D94574E8-00B9-3871-91D7-6DEF7E5CBD51,Massey-Harris Antique Tractor,Antique Tractor,"Wembley, AB, CAN - Jun 12, 2026",2026-06-12 14:00:00,Live Auction,https://cdn.ironpla.net/i/19844/852/876a0af2-eeb0-407d-9a15-e20951185603.jpg,https://www.rbauction.com/cp/agricultural-tractors,,,,
Massey-Harris,Antique,,,,"Wembley, AB, CAN",,,RitchieBros,2026-01-20 22:53:28.229233,86993CB2-2CE5-3296-821A-1D8D0F9269D3,Massey-Harris Antique Tractor,Antique Tractor,"Wembley, AB, CAN - Jun 12, 2026",2026-06-12 14:00:00,Live Auction,https://cdn.ironpla.net/i/19840/280/3dfc0657-0be4-4f72-814c-db3164429cb7.jpg,https://www.rbauction.com/cp/agricultural-tractors,,,,
Massey-Harris,Antique,,,,"Wembley, AB, CAN",,,RitchieBros,2026-01-20 22:53:28.229233,926F8912-E232-3705-A092-3F92ACA03C4C,Massey-Harris Antique Tractor,Antique Tractor,"Wembley, AB, CAN - Jun 12, 2026",2026-06-12 14:00:00,Live Auction,https://cdn.ironpla.net/i/19844/838/f6e0dffc-cd94-4b9a-a8be-38b868bd018f.jpg,https://www.rbauction.com/cp/agricultural-tractors,,,,
Massey-Harris,Antique,,,,"Wembley, AB, CAN",,,RitchieBros,2026-01-20 22:53:28.229233,B2F335CC-8243-391D-961D-754305D35D33,Massey-Harris Antique Tractor,Antique Tractor,"Wembley, AB, CAN - Jun 12, 2026",2026-06-12 14:00:00,Live Auction,https://cdn.ironpla.net/i/19844/846/7b2d56b4-b222-4595-b1be-7abde4f31512.jpg,https://www.rbauction.com/cp/agricultural-tractors,,,,
Massey-Harris,Antique,,,,"Wembley, AB, CAN",,,RitchieBros,2026-01-20 22:53:28.229233,351A0A88-D298-39F8-9871-D9E48FA4AC7F,Massey-Harris Antique Tractor,Antique Tractor,"Wembley, AB, CAN - Jun 12, 2026",2026-06-12 14:00:00,Live Auction,https://cdn.ironpla.net/i/19840/307/dacc6fe8-840d-404c-a402-3ee68db74e45.jpg,https://www.rbauction.com/cp/agricultural-tractors,,,,
Case,730,1965.0,,,"Eckville, AB, CAN",,8264426,RitchieBros,2026-01-20 22:53:28.229233,EC5F8928-6F47-3BE5-B111-62E505852439,1965 Case 730 Antique Tractor,Antique Tractor,"Eckville, AB, CAN - Apr 22, 2026",2026-04-22 14:00:00,Live Auction,https://cdn.ironpla.net/i/20228/324/a6c9c37f-86bf-4e0c-ad47-7897eb45856a.jpg,https://www.rbauction.com/cp/agricultural-tractors,,,,
Massey-Harris,Super 101,,,,"Wembley, AB, CAN",,356664HA,RitchieBros,2026-01-20 22:53:28.229233,148FAB7C-AA50-34D2-B220-6ADD261181B6,Massey-Harris Super 101 2WD Wide Front Antique Tractor,Antique Tractor,"Wembley, AB, CAN - Jun 12, 2026",2026-06-12 14:00:00,Live Auction,https://cdn.ironpla.net/i/19833/221/b1b68a9b-e50d-45d4-b9d2-3f5840ce3092.jpg,https://www.rbauction.com/cp/agricultural-tractors,,,,
International,706,,,,"Borden, SK, CAN",,,RitchieBros,2026-01-20 22:53:28.229233,D693436C-5F0E-3941-AAC6-97D6C6F27E0D,International 706 2WD Tractor,2WD Tractor,"Borden, SK, CAN - Apr 11, 2026",2026-04-11 14:00:00,Live Auction,https://cdn.ironpla.net/i/20770/673/5202f97f-2ed4-4b11-ae0b-013f2309e9e8.jpg,https://www.rbauction.com/cp/agricultural-tractors,,,,
John Deere,JD 401-B,,,,"Bruno, SK, CAN",,,RitchieBros,2026-01-20 22:53:28.229233,F461EA4B-BC9D-32E9-AFF3-E70909579F59,John Deere JD 401-B 2WD Tractor,2WD Tractor,"Bruno, SK, CAN - Apr 10, 2026",2026-04-10 18:00:00,Live Auction,https://cdn.ironpla.net/i/19627/942/06604160-9e20-49c8-af2c-f6d9bc15e57e.jpg,https://www.rbauction.com/cp/agricultural-tractors,,,,
Massey-Harris,Super,,,,"Wembley, AB, CAN",,91596HA,RitchieBros,2026-01-20 22:53:28.229233,BB8B3E6A-DCCD-3012-BAA2-22838665CB6C,Massey-Harris Super 2WD Wide Front Antique Tractor,Antique Tractor,"Wembley, AB, CAN - Jun 12, 2026",2026-06-12 14:00:00,Live Auction,https://cdn.ironpla.net/i/19842/268/98555cd8-279a-4202-ac3c-e514c286a734.jpg,https://www.rbauction.com/cp/agricultural-tractors,,,,
Massey-Harris,22GS,1950.0,,,"Wembley, AB, CAN",,3377,RitchieBros,2026-01-20 22:53:28.229233,A0FB6EF9-94C2-3222-8121-62A7D36CF935,1950 Massey-Harris 22GS 2WD Wide Front Row Crop Antique Tractor,Antique Tractor,"Wembley, AB, CAN - Jun 12, 2026",2026-06-12 14:00:00,Live Auction,https://cdn.ironpla.net/i/19824/23/7377e663-e48e-4827-be13-075089754130.jpg,https://www.rbauction.com/cp/agricultural-tractors,,,,
Case,732,,,,"Eatonia, SK, CAN",,8202627,RitchieBros,2026-01-20 22:53:28.229233,4356795C-A44B-3341-BDF1-875BBD68E211,Case 732 Diesel 2WD Tractor,2WD Tractor,"West Central Timed, Eatonia, SK, CAN - Apr 04, 2026",2026-04-04 16:00:00,Live Auction,https://cdn.ironpla.net/i/20729/133/39e3d987-e286-43e8-87cc-c240f29525be.jpg,https://www.rbauction.com/cp/agricultural-tractors,,,,
Case,VA,1949.0,,,"Eckville, AB, CAN",,53622538,RitchieBros,2026-01-20 22:53:28.229233,E7DD133C-B4E1-3486-B45B-EDD0CEB7A38B,1949 Case VA Antique Tractor,Antique Tractor,"Eckville, AB, CAN - Apr 22, 2026",2026-04-22 14:00:00,Live Auction,https://cdn.ironpla.net/i/20228/316/bde2869c-97e8-3821-9fec-e6ad5a7fedf0.jpg,https://www.rbauction.com/cp/agricultural-tractors,,,,
Massey-Harris,33,,,,"Wembley, AB, CAN",,,RitchieBros,2026-01-20 22:53:28.229233,F85C339F-D910-3C73-906E-6765E0AAE035,Massey-Harris 33 2WD Wide Front Row Crop Antique Tractor,Antique Tractor,"Wembley, AB, CAN - Jun 12, 2026",2026-06-12 14:00:00,Live Auction,https://cdn.ironpla.net/i/19824/17/b72bbac5-5033-440a-afd8-774bcac21a56.jpg,https://www.rbauction.com/cp/agricultural-tractors,,,,
Massey Ferguson,8N,,,,"Neville, SK, CAN",,3521,RitchieBros,2026-01-20 22:53:28.229233,0F1E456D-A3B2-3A10-B7A8-40A411E94936,Massey Ferguson 44 2WD Tractor,2WD Tractor,"Neville, SK, CAN - Mar 31, 2026",2026-03-31 18:00:00,Live Auction,https://cdn.ironpla.net/i/19001/137/f733c807-8132-4386-a656-211ee81c1f69.jpg,https://www.rbauction.com/cp/agricultural-tractors,,,,
Case,VA,1949.0,,,"Eckville, AB, CAN",,5359696,RitchieBros,2026-01-20 22:53:28.229233,E1A7123B-5E3B-319D-A8CD-02606AD84DE0,1949 Case VA Antique Tractor,Antique Tractor,"Eckville, AB, CAN - Apr 22, 2026",2026-04-22 14:00:00,Live Auction,https://cdn.ironpla.net/i/20228/323/e503b84a-6e1d-3246-9904-8c81c921a66a.jpg,https://www.rbauction.com/cp/agricultural-tractors,,,,
Massey-Harris,23,,,,"Wembley, AB, CAN",,2535,RitchieBros,2026-01-20 22:53:28.229233,D3E2F1C7-AD32-3E9E-A98F-29E3F61B5BBC,Massey-Harris 23 2WD Wide Front Antique Tractor,Antique Tractor,"Wembley, AB, CAN - Jun 12, 2026",2026-06-12 14:00:00,Live Auction,https://cdn.ironpla.net/i/19830/708/f62d67ed-8b56-4ff4-adff-876ab3a52af2.jpg,https://www.rbauction.com/cp/agricultural-tractors,,,,
Fordson,Power,,,,"Lombardy, ON, CAN",,,RitchieBros,2026-01-20 22:53:28.229233,77A7E2BE-7745-34E1-9217-E859B5A78D06,Fordson Power Major 2WD Tractor,2WD Tractor,"Ontario Regional Event, CAN - Feb 09, 2026",2026-02-09 19:00:00,Live Auction,https://cdn.ironpla.net/i/21055/18/64e0c39f-02cf-4b4d-86d5-01f55f367d78.jpg,https://www.rbauction.com/cp/agricultural-tractors,,,,
Kubota,M4900,2005.0,,,"Davenport, FL, USA",,13741,RitchieBros,2026-01-20 22:53:28.229233,A2AA8F0F-5463-3CFE-929E-57819C39BAE9,2005 Kubota M4900 2WD Tractor,2WD Tractor,"Orlando, FL, USA - Feb 16, 2026",2026-02-16 13:00:00,Live Auction,https://cdn.ironpla.net/i/21104/972/81bf9438-beb4-4909-81c8-887699ac9d7c.jpg,https://www.rbauction.com/cp/agricultural-tractors,,,,
Case,Case,1951.0,,,"Eckville, AB, CAN",,5501170,RitchieBros,2026-01-20 22:53:28.229233,D7F41B63-EB7E-365A-B733-7C43B80A488C,1951 Case Antique Tractor,Antique Tractor,"Eckville, AB, CAN - Apr 22, 2026",2026-04-22 14:00:00,Live Auction,https://cdn.ironpla.net/i/20228/301/c267dd74-9718-4afe-ba1c-1787000236e5.jpg,https://www.rbauction.com/cp/agricultural-tractors,,,,
Case,2090,2090.0,,,"Richard, SK, CAN",,16226205,RitchieBros,2026-01-20 22:53:28.229233,E62A68A4-2F5C-3887-A255-312915A6EB33,Case 2090 2WD Tractor (Inoperable),2WD Tractor,"Richard, SK, CAN - Apr 13, 2026",2026-04-13 14:00:00,Live Auction,https://cdn.ironpla.net/i/20819/4/23c0839d-a3cd-434d-922b-5202dca961cf.jpg,https://www.rbauction.com/cp/agricultural-tractors,,,,
Case,S,1945.0,,,"Eckville, AB, CAN",,4907611S,RitchieBros,2026-01-20 22:53:28.229233,A0F2D000-839B-3596-B5A2-17765EC8804F,1945 Case S Antique Tractor,Antique Tractor,"Eckville, AB, CAN - Apr 22, 2026",2026-04-22 14:00:00,Live Auction,https://cdn.ironpla.net/i/20228/311/124f8e71-e863-47a8-9e9b-23b90acbea7a.jpg,https://www.rbauction.com/cp/agricultural-tractors,,,,
Massey-Harris,22,,,,"Wembley, AB, CAN",,22GS2368,RitchieBros,2026-01-20 22:53:28.229233,E0E74FBB-34C9-31A5-AA6D-149544FE169C,Massey-Harris 22 2WD Wide Front Antique Tractor,Antique Tractor,"Wembley, AB, CAN - Jun 12, 2026",2026-06-12 14:00:00,Live Auction,https://cdn.ironpla.net/i/19831/375/3fa4d77e-6621-4931-970c-d7eeba942744.jpg,https://www.rbauction.com/cp/agricultural-tractors,,,,
Case,DC 4,1948.0,,,"Eckville, AB, CAN",,5217038DC,RitchieBros,2026-01-20 22:53:28.229233,4AF57DE5-07B7-32FD-ACE0-68CBEF703E14,1948 Case DC 4 2WD Antique Tractor,Antique Tractor,"Eckville, AB, CAN - Apr 22, 2026",2026-04-22 14:00:00,Live Auction,https://cdn.ironpla.net/i/20228/325/522f2163-81d9-4ec8-978d-332cee5abf78.jpg,https://www.rbauction.com/cp/agricultural-tractors,,,,
Massey Ferguson,95 Super,,,,"Wembley, AB, CAN",,,RitchieBros,2026-01-20 22:53:28.229233,2020DBBC-5D9F-35FC-A8C3-E994E097EBAD,Massey Ferguson 95 Super 4WD Wide Front Antique Tractor,Antique Tractor,"Wembley, AB, CAN - Jun 12, 2026",2026-06-12 14:00:00,Live Auction,https://cdn.ironpla.net/i/19840/918/7742512f-fad4-40a1-8656-c772470de38b.jpg,https://www.rbauction.com/cp/agricultural-tractors,,,,
International Harvester,W6,,,,"Wakaw, SK, CAN",,4207,RitchieBros,2026-01-20 22:53:28.229233,4090A85A-44C4-33C1-969E-6B61EE2E3631,International Harvester W6 Antique Tractor,Antique Tractor,"Wakaw, SK, CAN - Apr 14, 2026",2026-04-14 14:00:00,Live Auction,https://cdn.ironpla.net/i/20228/912/3c02b83f-aac5-451c-8462-b3ff31ad4c46.jpg,https://www.rbauction.com/cp/agricultural-tractors,,,,
International,McCormick W-6,,,,"Elrose, SK, CAN",,,RitchieBros,2026-01-20 22:53:28.229233,D285237B-4B79-3703-A521-5D5AD4667220,International McCormick W-6 2WD Antique Tractor,Antique Tractor,"Elrose, SK, CAN - Apr 11, 2026",2026-04-11 14:00:00,Live Auction,https://cdn.ironpla.net/i/19677/839/723def02-5492-4244-849c-d12535836110.jpg,https://www.rbauction.com/cp/agricultural-tractors,,,,
International,340,1960.0,,,"Davenport, FL, USA",,8313,RitchieBros,2026-01-20 22:53:28.229233,279C6DAA-ED60-3EC7-AEBE-BCB8930DE369,1960 International 340 2WD Tractor,2WD Tractor,"Orlando, FL, USA - Feb 16, 2026",2026-02-16 13:00:00,Live Auction,https://cdn.ironpla.net/i/21119/34/cb0c3661-33dc-40f1-8941-1ab60b954b52.jpg,https://www.rbauction.com/cp/agricultural-tractors,,,,
Ford,340B,,,,"Odessa, MO, USA",,C752740,RitchieBros,2026-01-20 22:53:28.229233,96E37F74-702D-3B2E-8B7E-AFE3D57F0AAD,Ford 340B 2WD Utility Tractor (Inoperable),Utility Tractor,"Midwest Regional Event, USA - Feb 10, 2026",2026-02-10 14:00:00,Live Auction,https://cdn.ironpla.net/i/21117/486/97fa77c3-560d-45a3-94e0-730e41f9776d.jpg,https://www.rbauction.com/cp/agricultural-tractors,,,,
Belarus,Belarus,1984.0,,,"Bienfait, SK, CAN",,0C4226,RitchieBros,2026-01-20 22:53:28.229233,91B6FE33-1F80-3756-AF80-17304DECCCE1,1984 Belarus 611 2WD Tractor (Inoperable),2WD Tractor,"Estevan, SK, CAN - Apr 15, 2026",2026-04-15 14:00:00,Live Auction,https://cdn.ironpla.net/i/20802/864/7909d517-b6e5-459a-aebc-90b24c394927.jpg,https://www.rbauction.com/cp/agricultural-tractors,,,,
Massey-Harris,201,1941.0,,,"Wembley, AB, CAN",,91595,RitchieBros,2026-01-20 22:53:28.229233,15909F04-9995-3272-8D13-B5314FC7E283,1941 Massey-Harris 201 2WD Wide Front Antique Tractor (Inoperable),Antique Tractor,"Wembley, AB, CAN - Jun 12, 2026",2026-06-12 14:00:00,Live Auction,https://cdn.ironpla.net/i/19845/748/bb62b2e9-7706-474d-984b-9d7f82a23bf6.jpg,https://www.rbauction.com/cp/agricultural-tractors,,,,
Massey Ferguson,Ferguson,,,,"Amaranth, MB, CAN",,,RitchieBros,2026-01-20 22:53:28.229233,D36C3FF3-F6AF-3B0D-8464-B59B9D61E63C,Massey Ferguson 2WD Tractor (Inoperable),2WD Tractor,"Amaranth, MB, CAN - Apr 15, 2026",2026-04-15 17:00:00,Live Auction,https://cdn.ironpla.net/i/20817/972/a932e58b-91d1-4a0a-b3ca-c8b1eee622c5.jpg,https://www.rbauction.com/cp/agricultural-tractors,,,,
Case IH,9270,,,,"Edgerton, AB, CAN",,JCB0028146,RitchieBros,2026-01-20 22:53:28.229233,DAC05C3E-60C0-3311-B715-EB2D48F63486,Case IH 9270 Articulated Tractor,Articulated Tractor,"Edgerton, AB, CAN - Apr 24, 2026",2026-04-24 14:00:00,Live Auction,https://cdn.ironpla.net/i/21150/724/3991abb9-906f-4fbb-9128-f53e4503201e.jpg,https://www.rbauction.com/cp/agricultural-tractors,,,,
John Deere,8360R,,,,"Enchant, AB, CAN",,1RW8630RECD064113,RitchieBros,2026-01-20 22:53:28.229233,3A068A21-6778-38E6-8D96-32D9DEB1A15C,John Deere 8360R 4WD Tractor,4WD Tractor,"Enchant, AB, CAN - Mar 26, 2026",2026-03-26 14:00:00,Live Auction,https://cdn.ironpla.net/i/20293/342/f3bc6271-1e48-4b42-b945-ca12dc807a88.jpg,https://www.rbauction.com/cp/agricultural-tractors,,,,
John Deere,720,1956.0,,,"Strathmore, AB, CAN",,7209372,RitchieBros,2026-01-20 22:53:28.229233,6BDFBF80-1C05-3420-867F-8C67760F376A,1956 John Deere 720 2WD Antique Tractor,Antique Tractor,"Strathmore, AB, CAN - Apr 02, 2026",2026-04-02 14:00:00,Live Auction,https://cdn.ironpla.net/i/20776/270/ced41d67-4820-4bbd-b57b-89f705af9a94.jpg,https://www.rbauction.com/cp/agricultural-tractors,,,,
John Deere,3010,1961.0,,,"Eckville, AB, CAN",,12T8801,RitchieBros,2026-01-20 22:53:28.229233,A8B37DB4-2850-3C17-86CD-09A5062D44BC,1961 John Deere 3010 2WD Antique Tractor,Antique Tractor,"Eckville, AB, CAN - Apr 22, 2026",2026-04-22 14:00:00,Live Auction,https://cdn.ironpla.net/i/20228/305/858d4d4f-1ddb-43b5-b136-22eaa3a26a4b.jpg,https://www.rbauction.com/cp/agricultural-tractors,,,,
John Deere,3020,1964.0,,,"Eckville, AB, CAN",,322012T64682,RitchieBros,2026-01-20 22:53:28.229233,3732AE1D-0611-35AC-AB9B-759BA4A2362B,1964 John Deere 3020 Antique Tractor,Antique Tractor,"Eckville, AB, CAN - Apr 22, 2026",2026-04-22 14:00:00,Live Auction,https://cdn.ironpla.net/i/20228/303/0e8d69da-b288-47da-8996-4b5dd7a94987.jpg,https://www.rbauction.com/cp/agricultural-tractors,,,,
Case,Case,1953.0,,,"Eckville, AB, CAN",,8032930,RitchieBros,2026-01-20 22:53:28.229233,632241DE-DAF6-3727-9139-6BB49A2413FB,1953 Case 500 2WD Wide Front Antique Tractor,Antique Tractor,"Eckville, AB, CAN - Apr 22, 2026",2026-04-22 14:00:00,Live Auction,https://cdn.ironpla.net/i/20385/657/ced3e3d4-a858-4fbe-ac50-22216e000cba.jpg,https://www.rbauction.com/cp/agricultural-tractors,,,,
Case,VAC,1956.0,,,"Eckville, AB, CAN",,6014505,RitchieBros,2026-01-20 22:53:28.229233,BCB2BE76-114B-32C9-B6FA-B72A230201B1,1956 Case Vac 2WD Antique Tractor,Antique Tractor,"Eckville, AB, CAN - Apr 22, 2026",2026-04-22 14:00:00,Live Auction,https://cdn.ironpla.net/i/20228/318/502188e9-1df8-4750-8a31-540b5a944cf6.jpg,https://www.rbauction.com/cp/agricultural-tractors,,,,
John Deere,D,1942.0,,,"Eckville, AB, CAN",,153447,RitchieBros,2026-01-20 22:53:28.229233,AD5CD30E-295C-3635-B69C-EAD8827974F9,1942 John Deere D 2WD Antique Tractor,Antique Tractor,"Eckville, AB, CAN - Apr 22, 2026",2026-04-22 14:00:00,Live Auction,https://cdn.ironpla.net/i/20228/322/a1a2f99a-ba8e-4beb-817a-8fb12bc16c98.jpg,https://www.rbauction.com/cp/agricultural-tractors,,,,
Massey Ferguson,8240,,,,"Wembley, AB, CAN",,56339,RitchieBros,2026-01-20 22:53:28.229233,F5981053-E3B8-33BB-AA1A-8674AA87F9EC,Massey Ferguson 8240 2WD Tractor,2WD Tractor,"Wembley, AB, CAN - Jun 12, 2026",2026-06-12 14:00:00,Live Auction,https://cdn.ironpla.net/i/20505/781/d86c3c2b-8835-4fc7-b7bf-4c7d50f1ce95.jpg,https://www.rbauction.com/cp/agricultural-tractors,,,,
Massey Ferguson,B710/4,,,,"Wembley, AB, CAN",,P060039,RitchieBros,2026-01-20 22:53:28.229233,B71E2010-99E9-3193-9833-7D300FEA1060,Massey Ferguson B710/4 4WD Tractor,4WD Tractor,"Wembley, AB, CAN - Jun 12, 2026",2026-06-12 14:00:00,Live Auction,https://cdn.ironpla.net/i/20603/792/c327d437-c9d5-4d18-8ce7-7d265fb359a7.jpg,https://www.rbauction.com/cp/agricultural-tractors,,,,
Kubota,BI-15,,,,"St Aubin Sur Gaillon, HN, FRA",,72709,RitchieBros,2026-01-20 22:53:28.229233,E18F84DF-007B-3DA0-8B2D-A30BC95AC676,Kubota BI-15 4WD Tracteur Utilitaire Utility Tractor,Utility Tractor,"France, FRA - Mar 24, 2026",2026-03-24 07:00:00,Live Auction,https://cdn.ironpla.net/i/21199/86/f07ff709-6aa2-49e0-9b45-9abe0be0707b.jpg,https://www.rbauction.com/cp/agricultural-tractors,,,,
Yanmar,KE3,,,,"St Aubin Sur Gaillon, HN, FRA",,02463,RitchieBros,2026-01-20 22:53:28.229233,053D7330-C7BF-3B35-8CC9-907B37F35EC9,Yanmar KE3 4WD Tracteur Utilitaire Utility Tractor,Utility Tractor,"France, FRA - Mar 24, 2026",2026-03-24 07:00:00,Live Auction,https://cdn.ironpla.net/i/21199/88/84ef36bc-3bdf-4670-aac9-12bc70e5908e.jpg,https://www.rbauction.com/cp/agricultural-tractors,,,,
Kubota,B6000,,,,"St Aubin Sur Gaillon, HN, FRA",,36984,RitchieBros,2026-01-20 22:53:28.229233,8143451C-A71C-373B-93F3-A7CEBD7E78D5,Kubota B6000 4WD Tracteur Utilitaire Utility Tractor,Utility Tractor,"France, FRA - Mar 24, 2026",2026-03-24 07:00:00,Live Auction,https://cdn.ironpla.net/i/21199/87/5f033839-6892-46ba-be3c-b6557541cd5d.jpg,https://www.rbauction.com/cp/agricultural-tractors,,,,
Renault,Renault,1981.0,,,"St Aubin Sur Gaillon, HN, FRA",,3290277,RitchieBros,2026-01-20 22:53:28.229233,87DBAA3E-FAFD-3C01-AB1A-6AE52C52ECFE,1981 Renault 113-14TX Tracteur Agricole 4WD Tractor (Inoperable),4WD Tractor,"France, FRA - Mar 24, 2026",2026-03-24 07:00:00,Live Auction,https://cdn.ironpla.net/i/21021/520/01f8d961-36a4-432c-89ab-d8cb1a2cef70.jpg,https://www.rbauction.com/cp/agricultural-tractors,,,,
Case IH,Case,2024.0,,,"Atlanta, IL, USA",,JEEZC555KRF514987,RitchieBros,2026-01-20 22:53:28.229233,7049C090-A351-39AC-9CF6-312B1D67FC4B,2024 Case IH STEIGER 555 QT Quadtrac Track Tractor,Track Tractor,IronPlanet - North-America Daily Marketplace,1971-01-02 08:00:00,Make Offer,https://cdn.ironpla.net/i/20684/966/53bbbef2-8027-4836-a296-a5f5f776ab88.jpg,https://www.rbauction.com/cp/agricultural-tractors,,,,
Case IH,STEIGER 620 QT,2023.0,,,"Atlanta, IL, USA",,JEEZC620KPF510062,RitchieBros,2026-01-20 22:53:28.229233,C2CFC8A3-3A43-36CD-B44E-BF5E76534A24,2023 Case IH STEIGER 620 QT Quadtrac Track Tractor,Track Tractor,IronPlanet - North-America Daily Marketplace,1971-01-02 08:00:00,Make Offer,https://cdn.ironpla.net/i/20684/969/48259feb-e6c7-4daa-bae7-d052a1cb67be.jpg,https://www.rbauction.com/cp/agricultural-tractors,,,,
John Deere,8RX 370,2022.0,,,"Saskatoon, SK, CAN",,1RW8370DKNL804350,RitchieBros,2026-01-20 22:53:28.229233,0B680942-6C13-31B1-BBD5-8A04D258BA54,2022 John Deere 8RX 370 Signature Edition Track Tractor,Track Tractor,Canada,2012-12-14 05:00:00,Make Offer,https://cdn.ironpla.net/i/21035/588/808a69a3-3989-4662-bad6-433c126afe4c.jpg,https://www.rbauction.com/cp/agricultural-tractors,,,,
Case IH,Case,2023.0,,,"Atlanta, IL, USA",,JJAML380LPRK03390,RitchieBros,2026-01-20 22:53:28.229233,885ACCC9-3BFA-3D7E-BA3C-2EAC2B9F870D,2023 Case IH MAGNUM 380 RT CVX 4WD Tractor,4WD Tractor,IronPlanet - North-America Daily Marketplace,1971-01-02 08:00:00,Make Offer,https://cdn.ironpla.net/i/20684/973/00207d97-74f3-47f8-b66a-8e0fd20511fa.jpg,https://www.rbauction.com/cp/agricultural-tractors,,,,
Case IH,Magnum 380 RT CVT,2023.0,,,"Clinton, IL, USA",,JJAML380EPRK03487,RitchieBros,2026-01-20 22:53:28.229233,E279D6A4-8002-3821-BBBB-EF0D8A3D288D,2023 Case IH Magnum 380 RT CVT 4WD Tractor,4WD Tractor,IronPlanet - North-America Daily Marketplace,1971-01-02 08:00:00,Make Offer,https://cdn.ironpla.net/i/20684/972/05622725-e489-4869-9768-e46213073c26.jpg,https://www.rbauction.com/cp/agricultural-tractors,,,,
John Deere,9560R,2014.0,,,"Groesbeck, TX, USA",,1RW9560RCEE011960,RitchieBros,2026-01-20 22:53:28.229233,8505E866-AB18-3E14-9F62-50E967DA49B9,2014 John Deere 9560R Articulated Tractor,Articulated Tractor,Price Reduced - Rene H. MPE,2013-04-13 06:40:00,Make Offer,https://cdn.ironpla.net/i/16946/952/27b1145a-1469-4acd-a755-7ef780c87a6d.jpg,https://www.rbauction.com/cp/agricultural-tractors,,,,
Case IH,Magnum 340 CVT,2023.0,,,"Atlanta, IL, USA",,JJAMJ340EPRK02786,RitchieBros,2026-01-20 22:53:28.229233,C0E9B36F-A2C6-3CDD-85C7-D71A57E22DA8,2023 Case IH Magnum 340 CVT 4WD Tractor,4WD Tractor,IronPlanet - North-America Daily Marketplace,1971-01-02 08:00:00,Make Offer,https://cdn.ironpla.net/i/20684/975/3ca1fec4-1619-4a5f-b131-3a0565cd2d89.jpg,https://www.rbauction.com/cp/agricultural-tractors,,,,
Case IH,Steiger 470,2022.0,,,"Farmer City, IL, USA",,JEEZC470ANF504424,RitchieBros,2026-01-20 22:53:28.229233,BBC9C597-E328-3D51-8171-DE690E7B22EB,2022 Case IH Steiger 470 Articulated 4WD Tractor,Articulated Tractor,IronPlanet - North-America Daily Marketplace,1971-01-02 08:00:00,Make Offer,https://cdn.ironpla.net/i/20684/977/66aca618-7247-47fb-8f7f-430a58e34809.jpg,https://www.rbauction.com/cp/agricultural-tractors,,,,
Deutz-Fahr,9340,2023.0,,,"Tulare, CA, USA",,WSXAE50200LD50109,RitchieBros,2026-01-20 22:53:28.229233,814FDE87-CD52-3B18-A8C8-438D0034B644,2023 Deutz-Fahr 9340 4WD Tractor,4WD Tractor,IronPlanet - North-America Daily Marketplace,1971-01-02 08:00:00,Make Offer,https://cdn.ironpla.net/i/20697/247/539f3664-d369-4008-8982-49d41cf19605.jpg,https://www.rbauction.com/cp/agricultural-tractors,,,,
Deutz-Fahr,8280TTV,,,,"Turlock, CA, USA",,WSXFN60200LD10677,RitchieBros,2026-01-20 22:53:28.229233,B77F365E-45C6-31BB-8D1E-89178D21A17A,Deutz-Fahr 8280TTV 4WD Tractor,4WD Tractor,IronPlanet - North-America Daily Marketplace,1971-01-02 08:00:00,Make Offer,https://cdn.ironpla.net/i/20697/242/32228e35-0826-4019-b043-48f2a26fdce4.jpg,https://www.rbauction.com/cp/agricultural-tractors,,,,
John Deere,9560R,2014.0,,,"Medicine Hat, AB, CAN",,1RW9560RCDP010592,RitchieBros,2026-01-20 22:53:28.229233,969B3287-88E0-3B4D-8A23-B60B54D026D3,2014 John Deere 9560R Articulated Tractor,Articulated Tractor,Canada,2012-12-14 05:00:00,Make Offer,https://cdn.ironpla.net/i/20489/296/978afbb3-03f2-45ed-a578-c350c3efcc74.jpg,https://www.rbauction.com/cp/agricultural-tractors,,,,
Case IH,Quadtrac 580S,2022.0,,,"Des Moines, IA, USA",,JEEZC580PNF505389,RitchieBros,2026-01-20 22:53:28.229233,CEEE5557-FFA2-3224-BF91-B68FBA81A039,2022 Case IH Quadtrac 580S Articulated Tractor,Articulated Tractor,IronPlanet - North-America Daily Marketplace,1971-01-02 08:00:00,Make Offer,https://cdn.ironpla.net/i/20223/986/24974328-0737-4541-b797-db540daf2eff.jpg,https://www.rbauction.com/cp/agricultural-tractors,,,,
Deutz-Fahr,6190,,,,"Tulare, CA, USA",,WSXFM60200LD10354,RitchieBros,2026-01-20 22:53:28.229233,1929DEA9-9E4E-36E1-A2C9-185D5D20F967,Deutz-Fahr 6190 4WD Tractor,4WD Tractor,IronPlanet - North-America Daily Marketplace,1971-01-02 08:00:00,Make Offer,https://cdn.ironpla.net/i/20697/249/d95535f6-0b6f-4190-bc37-02f6b9581a5c.jpg,https://www.rbauction.com/cp/agricultural-tractors,,,,
Case IH,STEIGER 620 QT,2014.0,,,"Clinton, IL, USA",,ZEF301004,RitchieBros,2026-01-20 22:53:28.229233,371CC25B-D9AE-3C99-A407-600C0154CFE7,2014 Case IH STEIGER 620 QT Quadtrac Track Tractor,Track Tractor,IronPlanet - North-America Daily Marketplace,1971-01-02 08:00:00,Make Offer,https://cdn.ironpla.net/i/20684/978/c296286e-71fd-41de-919c-f6aff283e349.jpg,https://www.rbauction.com/cp/agricultural-tractors,,,,
2022,Deere,2022.0,,,"Williamston, NC, USA",,1RW7210SJND126558,RitchieBros,2026-01-20 22:53:28.229233,55D9787A-DBCF-3085-A4C7-32F3A515B89A,2022 Deere 7R 210 4WD Tractor,4WD Tractor,IronPlanet - North-America Daily Marketplace,1971-01-02 08:00:00,Make Offer,https://cdn.ironpla.net/i/19354/184/eb41b87a-b07a-4a7f-9ae2-9fa52acb73b2.jpg,https://www.rbauction.com/cp/agricultural-tractors,,,,
Deutz-Fahr,7250,,,,"El Centro, CA, USA",,WSXFN40200LD10169,RitchieBros,2026-01-20 22:53:28.229233,75890341-3B2F-3952-8F6E-C8095298AF7D,Deutz-Fahr 7250 4WD Tractor (Unused),4WD Tractor,IronPlanet - North-America Daily Marketplace,1971-01-02 08:00:00,Make Offer,https://cdn.ironpla.net/i/20697/245/80fd1b02-9483-4ab0-8484-0324aa5b2aa9.jpg,https://www.rbauction.com/cp/agricultural-tractors,,,,
Deutz-Fahr,6230,,,,"El Centro, CA, USA",,WSXJP10200LD10048,RitchieBros,2026-01-20 22:53:28.229233,1DFC5382-63EE-3255-8BD6-2E4E6A0C92A9,Deutz-Fahr 6230 4WD Tractor (Unused),4WD Tractor,IronPlanet - North-America Daily Marketplace,1971-01-02 08:00:00,Make Offer,https://cdn.ironpla.net/i/20697/244/f2c04877-6590-4116-bc9a-707b96e8d37a.jpg,https://www.rbauction.com/cp/agricultural-tractors,,,,
John Deere,9560RT,2013.0,,,"Newalla, OK, USA",,1RW9560RPDP902305,RitchieBros,2026-01-20 22:53:28.229233,9D2CF5CE-DB37-33C5-9E78-E7A0D387B8C6,2013 John Deere 9560RT Track Tractor,Track Tractor,IronPlanet - North-America Daily Marketplace,1971-01-02 08:00:00,Make Offer,https://cdn.ironpla.net/i/20635/877/e975b3a5-b9a7-4698-ac81-df327887fc6d.jpg,https://www.rbauction.com/cp/agricultural-tractors,,,,
Case IH,Quadtrac 550,2015.0,,,"Geelong, VIC, AUS",,ZFF304480,RitchieBros,2026-01-20 22:53:28.229233,2C8D1660-BAAF-30C8-A07E-A2C049DE35B2,2015 Case IH Quadtrac 550 Quadtrac Track Tractor,Track Tractor,AU DM 8%,2017-11-01 23:57:58,Make Offer,https://cdn.ironpla.net/i/19674/922/baee1584-380f-44ed-a3d1-fd4fcefaf85f.jpg,https://www.rbauction.com/cp/agricultural-tractors,,,,
John Deere,8320R,2014.0,,,"Summerside, PE, CAN",,1RW8320RJED097437,RitchieBros,2026-01-20 22:53:28.229233,EF965E04-EB69-30B4-A813-C101AFC4180A,2014 John Deere 8320R 4WD Tractor,4WD Tractor,Canada,2012-12-14 05:00:00,Make Offer,https://cdn.ironpla.net/i/19739/338/6e957aa2-3c34-40ff-ae9b-e2d5c2220d09.jpg,https://www.rbauction.com/cp/agricultural-tractors,,,,
John Deere,8310R,2013.0,,,"Summerside, PE, CAN",,1RW8310RJCD067412,RitchieBros,2026-01-20 22:53:28.229233,B65E6D8B-7CC1-33B0-A332-AB1891E3615E,2013 John Deere 8310R 4WD Tractor,4WD Tractor,Canada,2012-12-14 05:00:00,Make Offer,https://cdn.ironpla.net/i/19739/341/3a70abdd-f0d9-404e-bf64-536a73aecd02.jpg,https://www.rbauction.com/cp/agricultural-tractors,,,,
John Deere,8345R,2015.0,,,"Milliken, CO, USA",,1RW8345RPFD104860,RitchieBros,2026-01-20 22:53:28.229233,F74A101D-2A10-35BE-A889-381146AB5B35,2015 John Deere 8345R 4WD Tractor,4WD Tractor,IronPlanet - North-America Daily Marketplace,1971-01-02 08:00:00,Make Offer,https://cdn.ironpla.net/i/20771/114/c587174f-faa1-4b7c-95da-0ab430cbb590.jpg,https://www.rbauction.com/cp/agricultural-tractors,,,,
Challenger,Challenger,2017.0,,,"Canton, OH, USA",,AGCC0655HHNGL1004,RitchieBros,2026-01-20 22:53:28.229233,E6A26096-56F3-3B1B-AADC-2F2221DFE05D,2017 Challenger MT655E 4WD Tractor,4WD Tractor,IronPlanet - North-America Daily Marketplace,1971-01-02 08:00:00,Make Offer,https://cdn.ironpla.net/i/20803/565/514ca192-7b8d-4846-9099-d431b3d98834.jpg,https://www.rbauction.com/cp/agricultural-tractors,,,,
Valtra,Valtra,2001.0,,,"Head of Millstream, NB, CAN",,L42412,RitchieBros,2026-01-20 22:53:28.229233,37BD9E3D-6F39-3ED6-9F50-A8A89DE49293,2001 Valtra X120 4WD Articulated Tractor /w Kesla 20SHII Harvester,Articulated Tractor,Canada,2012-12-14 05:00:00,Make Offer,https://cdn.ironpla.net/i/19586/943/f7484127-971b-40dd-925f-16be3f17da53.jpg,https://www.rbauction.com/cp/agricultural-tractors,,,,
John Deere,9560RT,2013.0,,,"Statham, GA, USA",,1RW9560RJDP903165,RitchieBros,2026-01-20 22:53:28.229233,A34977B5-61E3-3CDA-942B-1B9623E21A8C,2013 John Deere 9560RT Track Tractor,Track Tractor,Price Reduced - Rene H. MPE,2013-04-13 06:40:00,Make Offer,https://cdn.ironpla.net/i/19477/412/9c3024a1-3a09-4568-84cb-55397c7f8822.jpg,https://www.rbauction.com/cp/agricultural-tractors,,,,
Case IH,9370,1998.0,,,"Choiceland, SK, CAN",,JEE0072917,RitchieBros,2026-01-20 22:53:28.229233,182D1619-796C-3BD3-B8E6-6D8ACE7596F1,1998 Case IH 9370 4WD Tractor,4WD Tractor,Price Reduced CA- Rene H. MPE,2013-04-13 06:40:00,Make Offer,https://cdn.ironpla.net/i/19342/442/c21c0079-50aa-4c7c-a44f-71147a7f2a43.jpg,https://www.rbauction.com/cp/agricultural-tractors,,,,
John Deere,9470RT,2021.0,,,"Santa Maria, CA, USA",,1RW9470RHMP921066,RitchieBros,2026-01-20 22:53:28.229233,5630E1FA-BBA0-37D7-B56C-0CE058D9D108,2021 John Deere 9470RT Track Tractor,Track Tractor,IronPlanet - North-America Daily Marketplace,1971-01-02 08:00:00,Make Offer,https://cdn.ironpla.net/i/20946/260/8cac5ab8-909f-4c12-a4c1-aa511968fde9.jpg,https://www.rbauction.com/cp/agricultural-tractors,,,,
Case,MAGNUM 310,2020.0,,,"Duncan, SC, USA",,JJAM0310ALRF01713,RitchieBros,2026-01-20 22:53:28.229233,8F55F076-01EF-3C33-B43C-A3200C11F5E3,2020 Case Magnum 310 4WD Tractor,4WD Tractor,IronPlanet - North-America Daily Marketplace,1971-01-02 08:00:00,Make Offer,https://cdn.ironpla.net/i/20802/31/681b7964-6ced-4c4d-a3b6-0575e62b2c25.jpg,https://www.rbauction.com/cp/agricultural-tractors,,,,
John Deere,8760,1989.0,,,"Edgerton, AB, CAN",,RW8760H001457,RitchieBros,2026-01-20 22:53:28.229233,4DCF6E79-6504-37FD-8AE1-338341B0A994,1989 John Deere 8760 Articulated Tractor,Articulated Tractor,Canada,2012-12-14 05:00:00,Make Offer,https://cdn.ironpla.net/i/20040/596/9c3c156c-2030-4deb-b9f3-7654f62f2b45.jpg,https://www.rbauction.com/cp/agricultural-tractors,,,,
John Deere,6120E,2020.0,,,"Arroyo Grande, CA, USA",,1P06120EHL0012073,RitchieBros,2026-01-20 22:53:28.229233,511E21E2-F254-3BE9-8ACA-1AEC0E01D065,2020 John Deere 6120E 4WD Tractor,4WD Tractor,IronPlanet - North-America Daily Marketplace,1971-01-02 08:00:00,Make Offer,https://cdn.ironpla.net/i/20663/952/e33fd915-dd2b-4ef7-8a85-e00896df2215.jpg,https://www.rbauction.com/cp/agricultural-tractors,,,,
John Deere,5115M,2021.0,,,"Arroyo Grande, CA, USA",,1LV5115MTMM404327,RitchieBros,2026-01-20 22:53:28.229233,AB5443A2-C5CD-395A-B994-49589C504369,2021 John Deere 5115M 4WD Utility Tractor,Utility Tractor,IronPlanet - North-America Daily Marketplace,1971-01-02 08:00:00,Make Offer,https://cdn.ironpla.net/i/20663/954/17542915-69ed-47b2-b7fe-e61a3c92809f.jpg,https://www.rbauction.com/cp/agricultural-tractors,,,,
New Holland,TS6.130,2021.0,,,"Bakersfield, CA, USA",,HCDZ130RCMNT03034,RitchieBros,2026-01-20 22:53:28.229233,105B7F6E-5CD9-3DAB-B403-94519C976F16,2021 New Holland TS6.130 4WD Tractor,4WD Tractor,Price Reduced - Rene H. MPE,2013-04-13 06:40:00,Make Offer,https://cdn.ironpla.net/i/20235/352/641017a1-7942-4e0f-be86-ba2ef5b6a51d.jpg,https://www.rbauction.com/cp/agricultural-tractors,,,,
John Deere,7520,1973.0,,,"Springhill, NS, CAN",,T923R002452R,RitchieBros,2026-01-20 22:53:28.229233,C5280ED8-7EA6-3AFB-A639-510CEDDE6295,1973 John Deere 7520 4WD Tractor,4WD Tractor,Canada,2012-12-14 05:00:00,Make Offer,https://cdn.ironpla.net/i/20932/702/9c1516d9-43bf-4e25-9915-834edd44a930.jpg,https://www.rbauction.com/cp/agricultural-tractors,,,,
Kubota,L5460HST,2021.0,,,"Chetwynd, BC, CAN",,KBUL5EHCLL8M42174,RitchieBros,2026-01-20 22:53:28.229233,28B54D06-950D-3D02-9606-30B9905E1968,2021 Kubota L5460HST 4WD Utility Tractor,Utility Tractor,Canada,2012-12-14 05:00:00,Make Offer,https://cdn.ironpla.net/i/20910/296/270fd1bd-cae3-4f2d-8b27-edb131fad6ea.jpg,https://www.rbauction.com/cp/agricultural-tractors,,,,
Case,MXU125,2006.0,,,"Bridgetown, NS, CAN",,ACP276796,RitchieBros,2026-01-20 22:53:28.229233,635248FD-D83A-3B31-9C70-8184DBFAB5B2,2006 Case MXU125 4WD Tractor,4WD Tractor,Canada,2012-12-14 05:00:00,Make Offer,https://cdn.ironpla.net/i/19480/160/57356af6-46f1-493f-9bbc-5d015a081dfc.jpg,https://www.rbauction.com/cp/agricultural-tractors,,,,
John Deere,Deere,,,,"Fuji, SHIZ, JPN",,1L06430SJBS707091,RitchieBros,2026-01-20 22:53:28.229233,7CFFD2E1-4EEC-3DE6-A1DC-F195FC241E6B,John Deere 6430 Premium Track Tractor,Track Tractor,Japan DM,2019-10-24 23:00:00,Make Offer,https://cdn.ironpla.net/i/19838/165/18e0eb2b-2c2a-4f44-9471-9a5c3a38aabb.jpg,https://www.rbauction.com/cp/agricultural-tractors,,,,
Massey Ferguson,1749,2015.0,,,"Hazelwood, MO, USA",,AG3M17490FJJ63602,RitchieBros,2026-01-20 22:53:28.229233,8E3395DE-097B-334D-8880-3EAB95939F42,2015 Massey Ferguson 1749 4WD Utility Tractor,Utility Tractor,IronPlanet - North-America Daily Marketplace,1971-01-02 08:00:00,Make Offer,https://cdn.ironpla.net/i/20910/502/458a4b04-9328-468f-8bef-6c2ffc033f3c.jpg,https://www.rbauction.com/cp/agricultural-tractors,,,,
Bobcat,CT240,2024.0,,,"Tychy, SL, POL",,B5ZZ11051,RitchieBros,2026-01-20 22:53:28.229233,90FA7AE8-6A05-3EE1-9E1B-C9E4D5A0C7BF,2024 Bobcat CT2540 4WD Utility Tractor (Unused),Utility Tractor,Global Sourcing Europe Private,2023-06-01 11:30:00,Make Offer,https://cdn.ironpla.net/i/20756/326/0787597d-832e-4ce7-96c1-86efe2067a95.jpg,https://www.rbauction.com/cp/agricultural-tractors,,,,
John Deere,1575,2015.0,,,"Calgary, AB, CAN",,1TC1575VVFS015006,RitchieBros,2026-01-20 22:53:28.229233,63E71472-2AB6-31D4-AB3A-CFC881E3D3CD,2015 John Deere 1575 4WD Utility Tractor,Utility Tractor,Canada,2012-12-14 05:00:00,Make Offer,https://cdn.ironpla.net/i/19524/96/5eed462a-5f66-425e-8cc0-3539ff4c375b.jpg,https://www.rbauction.com/cp/agricultural-tractors,,,,
Kubota,MX6000HST,2024.0,,,"Seaman, OH, USA",,KBUL3CHRCN8K22241,RitchieBros,2026-01-20 22:53:28.229233,5AF36D29-BD47-3865-8222-2BF363695840,2024 Kubota MX6000HST 4WD Utility Tractor,Utility Tractor,22-Jan-26 FE Ring 2,2026-01-22 15:00:00,Online Auction,https://cdn.ironpla.net/i/20933/954/8e64f3a2-8511-4cab-a1b4-d63f26e5c891.jpg,https://www.rbauction.com/cp/agricultural-tractors,,,,
Kubota,M6S111D,2020.0,,,"Greenville, TX, USA",,KBUMJBDCVK1E51873,RitchieBros,2026-01-20 22:53:28.229233,A1232B8D-6613-3EE6-9C1F-314891287565,2020 Kubota M6S-111D 4WD Tractor,4WD Tractor,IronPlanet - North-America Daily Marketplace,1971-01-02 08:00:00,Make Offer,https://cdn.ironpla.net/i/21047/849/0069fb22-49c3-4b0b-8b4e-c629f16d666c.jpg,https://www.rbauction.com/cp/agricultural-tractors,,,,
Kubota,LX2610SUHSD,2025.0,,,"Fargo, ND, USA",,KBUB8AHRPN1L33801,RitchieBros,2026-01-20 22:53:28.229233,3AAEBA5B-6C3D-3F17-9386-250EAA218270,2025 Kubota LX2610SUHSD 4WD Tractor,4WD Tractor,IronPlanet - North-America Daily Marketplace,1971-01-02 08:00:00,Make Offer,https://cdn.ironpla.net/i/20629/138/207ecaa1-0de0-408e-93ee-3b591a87d47b.jpg,https://www.rbauction.com/cp/agricultural-tractors,,,,
John Deere,1025R,2020.0,,,"La Quinta, CA, USA",,1LV1025RPLL805532,RitchieBros,2026-01-20 22:53:28.229233,E1AE4651-58EF-37D6-9D1A-B68B93E499A5,2020 John Deere 1025R Utility Tractor,Utility Tractor,IronPlanet - North-America Daily Marketplace,1971-01-02 08:00:00,Make Offer,https://cdn.ironpla.net/i/20677/593/6e276f17-f744-42e3-93f6-e42e57f8d15f.jpg,https://www.rbauction.com/cp/agricultural-tractors,,,,
Bobcat,CT1021 HST,2022.0,,,"Waukesha, WI, USA",,B54812266,RitchieBros,2026-01-20 22:53:28.229233,03BCDD0D-2C13-33CE-BC9E-A87BAABAA8CE,2022 Bobcat CT1021 HST 4WD Utility Tractor,Utility Tractor,22-Jan-26 FE Ring 2,2026-01-22 15:00:00,Online Auction,https://cdn.ironpla.net/i/20867/57/facc98e3-443e-429d-8451-2cfe93be78d8.jpg,https://www.rbauction.com/cp/agricultural-tractors,,,,
Kubota,M7060D,2018.0,,,"Longview, TX, USA",,74848,RitchieBros,2026-01-20 22:53:28.229233,62A2ACC6-BD06-37CD-93F8-6A1905CBD4CD,2018 Kubota M7060D 4WD Tractor,4WD Tractor,22-Jan-26 FE Ring 2,2026-01-22 15:00:00,Online Auction,https://cdn.ironpla.net/i/21053/81/8d89e12e-18c1-499b-af19-8e994bf7a1fb.jpg,https://www.rbauction.com/cp/agricultural-tractors,,,,
Kubota,L3560HSTC-LE,2020.0,,,"WILSON, NC, USA",,KBUL5AHCTK8F45885,RitchieBros,2026-01-20 22:53:28.229233,6C27B380-62B8-3122-846D-5203B596B64E,2020 Kubota L3560HSTC-LE 4WD Utility Tractor,Utility Tractor,22-Jan-26 FE Ring 2,2026-01-22 15:00:00,Online Auction,https://cdn.ironpla.net/i/21010/251/93255344-96ec-4635-af13-97ad864ae2c1.jpg,https://www.rbauction.com/cp/agricultural-tractors,,,,
Kubota,M6L111SDS,2022.0,,,"MODESTO, CA, USA",,KBUMJBDREN1C53048,RitchieBros,2026-01-20 22:53:28.229233,1D4C18F6-E98B-31FB-82AC-946BE535CCC3,2022 Kubota M6L111SDS 4WD Utility Tractor,Utility Tractor,29-Jan-26 FE Ring 2,2026-01-29 15:00:00,Online Auction,https://cdn.ironpla.net/i/20937/411/1f064e7e-b57b-4c44-95ab-8d0004af8ab6.jpg,https://www.rbauction.com/cp/agricultural-tractors,,,,
Kubota,M6L111SDS,2022.0,,,"MODESTO, CA, USA",,KBUMJBDRJM1M52863,RitchieBros,2026-01-20 22:53:28.229233,D184AA77-04F7-3EFB-BC18-16A5E819FDC2,2022 Kubota M6L111SDS 4WD Utility Tractor,Utility Tractor,29-Jan-26 FE Ring 2,2026-01-29 15:00:00,Online Auction,https://cdn.ironpla.net/i/20937/408/c8bf013a-ea10-42a5-b210-1c4cc40bca80.jpg,https://www.rbauction.com/cp/agricultural-tractors,,,,
Kubota,M6L111SDS,2022.0,,,"MODESTO, CA, USA",,KBUMJBDRCM1M52881,RitchieBros,2026-01-20 22:53:28.229233,1ED0E843-55A4-355D-AC62-0577864FF865,2022 Kubota M6L111SDS 4WD Utility Tractor,Utility Tractor,29-Jan-26 FE Ring 2,2026-01-29 15:00:00,Online Auction,https://cdn.ironpla.net/i/20937/405/17794f35-7b35-4273-9753-cb8e8a7edda4.jpg,https://www.rbauction.com/cp/agricultural-tractors,,,,
Kubota,M6L111SDS,2022.0,,,"MODESTO, CA, USA",,KBUMJBDRCM1M52864,RitchieBros,2026-01-20 22:53:28.229233,D9B0FA8C-B220-309F-A677-C7C244F9D593,2022 Kubota M6L111SDS 4WD Utility Tractor,Utility Tractor,29-Jan-26 FE Ring 2,2026-01-29 15:00:00,Online Auction,https://cdn.ironpla.net/i/20937/406/a8db840a-757a-4d5a-9eff-1915641d9376.jpg,https://www.rbauction.com/cp/agricultural-tractors,,,,
Kubota,M6L111SDS,2022.0,,,"MODESTO, CA, USA",,KBUMJBDRPN1D53106,RitchieBros,2026-01-20 22:53:28.229233,BED76893-05ED-3C02-88A4-124E6326376B,2022 Kubota M6L111SDS 4WD Utility Tractor,Utility Tractor,22-Jan-26 FE Ring 2,2026-01-22 15:00:00,Online Auction,https://cdn.ironpla.net/i/20937/414/a904235f-64dd-4454-8d65-f935b71e85ec.jpg,https://www.rbauction.com/cp/agricultural-tractors,,,,
Kubota,M6L111SDS,2022.0,,,"MODESTO, CA, USA",,KBUMJBDRCN1A52906,RitchieBros,2026-01-20 22:53:28.229233,CD9BC54F-EFE9-3113-91B6-5D526F5AB14F,2022 Kubota M6L111SDS 4WD Utility Tractor,Utility Tractor,29-Jan-26 FE Ring 2,2026-01-29 15:00:00,Online Auction,https://cdn.ironpla.net/i/20937/409/bc95c810-c845-4b43-be93-d4c7526a075b.jpg,https://www.rbauction.com/cp/agricultural-tractors,,,,
Kubota,M6L111SDS,2022.0,,,"MODESTO, CA, USA",,KBUMJBDRHN1A52913,RitchieBros,2026-01-20 22:53:28.229233,83AFEAEC-DBBF-3781-88C3-9EC9695127C0,2022 Kubota M6L111SDS 4WD Utility Tractor,Utility Tractor,29-Jan-26 FE Ring 2,2026-01-29 15:00:00,Online Auction,https://cdn.ironpla.net/i/20937/412/1370007e-91cc-42ed-af36-7b007b3164d4.jpg,https://www.rbauction.com/cp/agricultural-tractors,,,,
Cat,Challenger 75C,1993.0,,,"Yazoo City, MS, USA",,4KK00509,RitchieBros,2026-01-20 22:53:28.229233,CD64DEEF-0B8F-3C63-B426-AF288A56D90E,1993 Cat Challenger 75C Track Tractor,Track Tractor,IronPlanet - North-America Daily Marketplace,1971-01-02 08:00:00,Make Offer,https://cdn.ironpla.net/i/20771/254/df0e0e75-dbce-4193-837e-21ec311b5c51.jpg,https://www.rbauction.com/cp/agricultural-tractors,,,,
Massey Ferguson,231,1992.0,,,"Madoc, ON, CAN",,5681A14042,RitchieBros,2026-01-20 22:53:28.229233,51EB5D42-9051-35A9-9E4F-D513E1907913,1992 Massey Ferguson 231 2WD Tractor,2WD Tractor,Canada,2012-12-14 05:00:00,Make Offer,https://cdn.ironpla.net/i/20017/415/4d2918b5-0cb5-47b3-adcc-c384f27fc99c.jpg,https://www.rbauction.com/cp/agricultural-tractors,,,,
Kubota,L2502HST-R4,2025.0,,,"Lebanon, TN, USA",,KBULMDHRPSGF27791,RitchieBros,2026-01-20 22:53:28.229233,9C21D2EF-7F52-3689-BEDB-B15715F60F60,2025 Kubota L2502HST-R4 4WD Utility Tractor,Utility Tractor,IronPlanet - North-America Daily Marketplace,1971-01-02 08:00:00,Make Offer,https://cdn.ironpla.net/i/20633/200/b88d13cc-0936-4f21-89c7-350662035587.jpg,https://www.rbauction.com/cp/agricultural-tractors,,,,
Kubota,L2502HST-R4,2025.0,,,"Lebanon, TN, USA",,KBULMDHRESGF27687,RitchieBros,2026-01-20 22:53:28.229233,579BDC90-3A88-372B-8D12-1650C72D6FEE,2025 Kubota L2502HST-R4 4WD Utility Tractor,Utility Tractor,IronPlanet - North-America Daily Marketplace,1971-01-02 08:00:00,Make Offer,https://cdn.ironpla.net/i/20633/202/6b91d6f4-1ed3-491c-b4d6-0fd8fe6fc738.jpg,https://www.rbauction.com/cp/agricultural-tractors,,,,
Kubota,L2502HST-R4,2025.0,,,"Lebanon, TN, USA",,KBULMDHRJSGF27843,RitchieBros,2026-01-20 22:53:28.229233,6A4959EF-68F5-34A3-B7BD-508630BD998A,2025 Kubota L2502HST-R4 4WD Utility Tractor,Utility Tractor,IronPlanet - North-America Daily Marketplace,1971-01-02 08:00:00,Make Offer,https://cdn.ironpla.net/i/20633/197/642c1fe7-3e21-47f1-a2f8-22b835d696ea.jpg,https://www.rbauction.com/cp/agricultural-tractors,,,,
Kubota,L2502HST-R4,2025.0,,,"Lebanon, TN, USA",,KBULMDHRHSGF27803,RitchieBros,2026-01-20 22:53:28.229233,B94F5979-3A29-3EEC-83BB-D3F48F45A21F,2025 Kubota L2502HST-R4 4WD Utility Tractor,Utility Tractor,IronPlanet - North-America Daily Marketplace,1971-01-02 08:00:00,Make Offer,https://cdn.ironpla.net/i/20624/548/949786df-d96a-45c9-9f03-9959cef35b1e.jpg,https://www.rbauction.com/cp/agricultural-tractors,,,,
Kubota,L2502HST-R4,2025.0,,,"Lebanon, TN, USA",,KBULMDHRVSGF27845,RitchieBros,2026-01-20 22:53:28.229233,1357175B-6D0B-3600-9332-9D0268DDF29C,2025 Kubota L2502HST-R4 4WD Utility Tractor,Utility Tractor,IronPlanet - North-America Daily Marketplace,1971-01-02 08:00:00,Make Offer,https://cdn.ironpla.net/i/20633/198/8932da0a-dc6c-4eb6-a3e0-12fc219f2fe7.jpg,https://www.rbauction.com/cp/agricultural-tractors,,,,
Kubota,L2502HST-R4,2024.0,,,"Lebanon, TN, USA",,KBULMDHRJRGJ24095,RitchieBros,2026-01-20 22:53:28.229233,D700E1BA-8D4D-329C-BE74-F21E36259EE4,2024 Kubota L2502HST-R4 4WD Utility Tractor,Utility Tractor,IronPlanet - North-America Daily Marketplace,1971-01-02 08:00:00,Make Offer,https://cdn.ironpla.net/i/20633/196/55dc773d-ca70-4965-abb3-2f5d2a5ddaf5.jpg,https://www.rbauction.com/cp/agricultural-tractors,,,,
Kubota,L2502HST-R4,2025.0,,,"Lebanon, TN, USA",,KBULMDHRASGF27796,RitchieBros,2026-01-20 22:53:28.229233,3D4BB3C8-8549-33D2-9FFC-5C76AF17C48D,2025 Kubota L2502HST-R4 4WD Utility Tractor,Utility Tractor,IronPlanet - North-America Daily Marketplace,1971-01-02 08:00:00,Make Offer,https://cdn.ironpla.net/i/20633/204/09414d31-87f3-4956-86e0-c6e782ad119d.jpg,https://www.rbauction.com/cp/agricultural-tractors,,,,
Kubota,L2502HST-R4,2025.0,,,"Lebanon, TN, USA",,KBULMDHRKSGF27789,RitchieBros,2026-01-20 22:53:28.229233,7CB81E3E-CE5E-3227-8092-88B2E486F35B,2025 Kubota L2502HST-R4 4WD Utility Tractor,Utility Tractor,IronPlanet - North-America Daily Marketplace,1971-01-02 08:00:00,Make Offer,https://cdn.ironpla.net/i/20633/199/8cbfe298-9668-49e8-8ea0-559bb205cb54.jpg,https://www.rbauction.com/cp/agricultural-tractors,,,,
Kubota,BX23SLSB-R-1,2024.0,,,"Gallipolis, OH, USA",,KBUC1DHRPRGA93620,RitchieBros,2026-01-20 22:53:28.229233,78794C2E-A4FB-340D-9308-9D83D28FF603,2024 Kubota BX23SLSB-R-1 4WD Utility Tractor,Utility Tractor,29-Jan-26 FE Ring 2,2026-01-29 15:00:00,Online Auction,https://cdn.ironpla.net/i/21079/15/7d623d2b-7418-4287-a99d-c3199a0eb8b2.jpg,https://www.rbauction.com/cp/agricultural-tractors,,,,
Kubota,B2601HSD-1,2023.0,,,"LIVE OAK, FL, USA",,KBUB6BHRCP1G86585,RitchieBros,2026-01-20 22:53:28.229233,79733087-C41B-37FA-AE52-8FE76ADF0F09,2023 Kubota B2601HSD-1 4WD Utility Tractor,Utility Tractor,22-Jan-26 FE Ring 2,2026-01-22 15:00:00,Online Auction,https://cdn.ironpla.net/i/21021/811/eeddd3c5-25e5-49bb-9cd2-bee662b20aad.jpg,https://www.rbauction.com/cp/agricultural-tractors,,,,
Kubota,L2502HST-R4,2025.0,,,"Lebanon, TN, USA",,KBULMDHRJSGF27809,RitchieBros,2026-01-20 22:53:28.229233,6ED644CB-CF47-3F9E-B941-BDF2790B4B21,2025 Kubota L2502HST-R4 4WD Utility Tractor,Utility Tractor,IronPlanet - North-America Daily Marketplace,1971-01-02 08:00:00,Make Offer,https://cdn.ironpla.net/i/20624/550/5ef09f6b-2d8e-4987-9771-cb68fe1f74ca.jpg,https://www.rbauction.com/cp/agricultural-tractors,,,,
Kubota,L2502HST-R4,2024.0,,,"Lebanon, TN, USA",,KBULMDHRTRGL24678,RitchieBros,2026-01-20 22:53:28.229233,4300D594-73FA-3F00-A03B-4FFBA0FD5A69,2024 Kubota L2502HST-R4 4WD Utility Tractor,Utility Tractor,IronPlanet - North-America Daily Marketplace,1971-01-02 08:00:00,Make Offer,https://cdn.ironpla.net/i/20633/203/3f327309-39e6-4e89-9c92-8a6451df49aa.jpg,https://www.rbauction.com/cp/agricultural-tractors,,,,
Kubota,M5-111,2023.0,,,"Moss Point, MS, USA",,KBUM4EDCTN8C66834,RitchieBros,2026-01-20 22:53:28.229233,CF817423-937A-32F7-BCB9-2753779FF369,2023 Kubota M5-111 4WD Utility Tractor (Inoperable),Utility Tractor,Salvage Sale Insurance Sellers,2031-08-11 01:07:00,Sealed Bid,https://cdn.ironpla.net/i/21141/54/9ee8216f-8ae5-405d-b0bf-3100978e3c59.jpg,https://www.rbauction.com/cp/agricultural-tractors,,,,
Case,2096,2096.0,,,"Perth, WA, AUS",,17898350,RitchieBros,2026-01-20 22:53:28.229233,651C2269-F707-3573-8746-B7A797271BF7,Case 2096 4WD Tractor,4WD Tractor,AU DM 8%,2017-11-01 23:57:58,Make Offer,https://cdn.ironpla.net/i/20642/774/f2b74b93-fb60-3c7f-81f6-84b059594ba7.jpg,https://www.rbauction.com/cp/agricultural-tractors,,,,
Mahindra,eMax 20S,2022.0,,,"Houston, TX, USA",,19HRS08287,RitchieBros,2026-01-20 22:53:28.229233,1E0FB2AF-B255-30A0-95EE-CD06B0FE4110,2022 Mahindra EMAX20S 4WD Tractor (Unused),4WD Tractor,29-Jan-26 FE Ring 2,2026-01-29 15:00:00,Online Auction,https://cdn.ironpla.net/i/20810/525/9e6b407c-0751-4ddd-b397-7fcf1112c360.jpg,https://www.rbauction.com/cp/agricultural-tractors,,,,
Mahindra,eMax 20S,2021.0,,,"Houston, TX, USA",,19HRR07512,RitchieBros,2026-01-20 22:53:28.229233,BF9D0726-40E0-3D11-B370-B3FE28213D27,2021 Mahindra EMAX20S 4WD Tractor (Unused),4WD Tractor,29-Jan-26 FE Ring 2,2026-01-29 15:00:00,Online Auction,https://cdn.ironpla.net/i/20810/527/94edc9c6-52c7-4084-8de6-0356fea27d6c.jpg,https://www.rbauction.com/cp/agricultural-tractors,,,,
Mahindra,eMax 20S,2022.0,,,"Houston, TX, USA",,19HRS09796,RitchieBros,2026-01-20 22:53:28.229233,8CE00947-F8A7-3931-B7D2-6306825114F6,2022 Mahindra EMAX20S 4WD Tractor (Unused),4WD Tractor,29-Jan-26 FE Ring 2,2026-01-29 15:00:00,Online Auction,https://cdn.ironpla.net/i/20810/520/256f1fcb-a129-4346-8e27-3dee4a6d5632.jpg,https://www.rbauction.com/cp/agricultural-tractors,,,,
Kubota,Mx5400HST,2021.0,,,"Rosenberg, TX, USA",,KBUL3BHRVL8K16819,RitchieBros,2026-01-20 22:53:28.229233,CAAA1D1C-C770-33B3-9469-7E15DEB73587,2021 Kubota MX5400HST 4WD Utility Tractor (Inoperable),Utility Tractor,22-Jan-26 FE Ring 2,2026-01-22 15:00:00,Online Auction,https://cdn.ironpla.net/i/21106/431/3d1402b0-37c7-4a80-bde1-45b4be65b285.jpg,https://www.rbauction.com/cp/agricultural-tractors,,,,
Kubota,L4701HST,2022.0,,,"Fort Pierce, FL, USA",,KBUL4CHRKMJK75801,RitchieBros,2026-01-20 22:53:28.229233,CB23EDA1-8498-356D-8F6B-F46729B70979,2022 Kubota L4701HST 4WD Utility Tractor,Utility Tractor,22-Jan-26 FE Ring 2,2026-01-22 15:00:00,Online Auction,https://cdn.ironpla.net/i/21085/314/6d7f5d06-1878-43ba-9e24-ea314611472a.jpg,https://www.rbauction.com/cp/agricultural-tractors,,,,
1951,International,1951.0,,,"Conover, NC, USA",,124056,RitchieBros,2026-01-20 22:53:28.229233,EA1D5299-15CA-3FAD-A540-042DA8E40EBE,1951 International McCormick Farmall Cub 2WD Wide Front Antique Tractor,Antique Tractor,IronPlanet - North-America Daily Marketplace,1971-01-02 08:00:00,Make Offer,https://cdn.ironpla.net/i/19735/880/df76df51-cb2a-4ecf-8fe3-7ef9866b654b.jpg,https://www.rbauction.com/cp/agricultural-tractors,,,,
Kubota,L3902HST,2024.0,,,"Lake Charles, LA, USA",,KBULMBHRHPJE19227,RitchieBros,2026-01-20 22:53:28.229233,C94F0FDA-D67F-3D5E-9AD1-0B413667BF48,2024 Kubota L3902HST 4WD Utility Tractor (Inoperable),Utility Tractor,22-Jan-26 FE Ring 2,2026-01-22 15:00:00,Online Auction,https://cdn.ironpla.net/i/21121/405/7a817327-ad5b-45a1-b882-141192e9e0e9.jpg,https://www.rbauction.com/cp/agricultural-tractors,,,,
Allis Chalmers,C,1950.0,,,"Conover, NC, USA",,31355,RitchieBros,2026-01-20 22:53:28.229233,E41E9978-55C7-3E64-ACC9-28D2F0EF6425,1945 Allis Chalmers C 2WD Narrow Front Antique Tractor,Antique Tractor,IronPlanet - North-America Daily Marketplace,1971-01-02 08:00:00,Make Offer,https://cdn.ironpla.net/i/19735/877/c1bdea0a-88dc-4ef0-b01c-50eb4dd355f3.jpg,https://www.rbauction.com/cp/agricultural-tractors,,,,
Kubota,M7040DTC-1,2012.0,,,"SPENDORA, TX, USA",,86432,RitchieBros,2026-01-20 22:53:28.229233,6476C102-9CAB-3023-BC9E-57731B203D82,2012 Kubota M7040DTC-1 4WD Utility Tractor,Utility Tractor,22-Jan-26 FE Ring 2,2026-01-22 15:00:00,Online Auction,https://cdn.ironpla.net/i/21111/296/64859e57-6d8e-4e05-98f3-15ce8520b465.jpg,https://www.rbauction.com/cp/agricultural-tractors,,,,
John Deere,5045E,2015.0,,,"Moultrie, GA, USA",,1PY5045ECF3112140,RitchieBros,2026-01-20 22:53:28.229233,244E9C46-679E-3B88-A6F9-00C667C2C2E2,2015 John Deere 5045E 2WD Utility Tractor,Utility Tractor,IronPlanet - North-America Daily Marketplace,1971-01-02 08:00:00,Make Offer,https://cdn.ironpla.net/i/21036/33/d27440d9-e865-477d-9872-3bfae1388810.jpg,https://www.rbauction.com/cp/agricultural-tractors,,,,
Kubota,BX2380TV60,2020.0,,,"JOPLIN, MO, USA",,KBUC1BHRKLGH40093,RitchieBros,2026-01-20 22:53:28.229233,AD85002F-B3B4-37E8-B2B0-ED889AC36831,2020 Kubota BX2380TV60 4WD Utility Tractor,Utility Tractor,22-Jan-26 FE Ring 2,2026-01-22 15:00:00,Online Auction,https://cdn.ironpla.net/i/21024/682/031b1e62-1de0-4d79-a6f3-7f7f1c35da66.jpg,https://www.rbauction.com/cp/agricultural-tractors,,,,
Kubota,L2501DT,2022.0,,,"Clanton, AL, USA",,KBUL6DDRVN8CD2173,RitchieBros,2026-01-20 22:53:28.229233,A2E44719-5F33-36B7-8454-46B4782A7AE0,2022 Kubota L2501DT 4WD Utility Tractor (Inoperable),Utility Tractor,22-Jan-26 FE Ring 2,2026-01-22 15:00:00,Online Auction,https://cdn.ironpla.net/i/21085/796/51e10bd5-22b0-4b93-af91-aef4ed4359db.jpg,https://www.rbauction.com/cp/agricultural-tractors,,,,
New Holland,TB100,,,,"Saraland, AL, USA",,B60912M,RitchieBros,2026-01-20 22:53:28.229233,06917FF3-F875-3587-B508-EED913E4F05C,New Holland TB100 2WD Tractor,2WD Tractor,28-Jan-26 GovPlanet Auction,2026-01-28 15:00:00,Online Auction,https://cdn.ironpla.net/i/21047/52/e7525be2-30d6-456f-b4cf-79dd9afafe8b.jpg,https://www.rbauction.com/cp/agricultural-tractors,,,,
John Deere,8345R,2018.0,,,"Maltby, L3, GBR",,1RW8345RKJD131163,RitchieBros,2026-01-20 22:53:28.229233,91EEA047-D73E-3582-A3AA-E4B79D45C45A,2018 John Deere 8345R 4WD Tractor,4WD Tractor,IronPlanet UK,2015-11-13 11:00:00,Make Offer,https://cdn.ironpla.net/i/19790/750/f8726e34-5af7-4edf-be2e-2faa4c1c15e5.jpg,https://www.rbauction.com/cp/agricultural-tractors,,,,
Case IH,Magnum 220,2014.0,,,"Rhinelander, WI, USA",,ZERH07836,RitchieBros,2026-01-20 22:53:28.229233,8B238BB5-8FE0-3230-9B07-3D090C0C94F2,2014 Case IH Magnum 220 4WD Tractor,4WD Tractor,IronPlanet - North-America Daily Marketplace,1971-01-02 08:00:00,Make Offer,https://cdn.ironpla.net/i/20729/643/3ada8f17-5942-4480-834f-c1ad50ff1a4e.jpg,https://www.rbauction.com/cp/agricultural-tractors,,,,
John Deere,John,2004.0,,,"Muskogee, OK, USA",,LV0790G791426,RitchieBros,2026-01-20 22:53:28.229233,93DA01FE-F892-3124-B673-258090CD9B3C,2004 John Deere 4WD Utility Tractor,Utility Tractor,IronPlanet - North-America Daily Marketplace,1971-01-02 08:00:00,Make Offer,https://cdn.ironpla.net/i/18782/492/2f4fad3b-2f6e-4156-ad45-119d70eaff14.jpg,https://www.rbauction.com/cp/agricultural-tractors,,,,
2018,XU6168,2018.0,,,"Port Lambton, ON, CAN",,2273001853,RitchieBros,2026-01-20 22:53:28.229233,0A5AED3B-4A02-3BBD-A22E-9319C63F1F8E,2018 LS XU6168 4WD Tractor,4WD Tractor,Canada,2012-12-14 05:00:00,Make Offer,https://cdn.ironpla.net/i/20988/638/247130cd-4e86-4bc8-838a-d9c6cb2c5ef5.jpg,https://www.rbauction.com/cp/agricultural-tractors,,,,
John Deere,7600,1994.0,,,"Milliken, CO, USA",,RW7600P005205,RitchieBros,2026-01-20 22:53:28.229233,8ECD9604-C7EA-3ADA-B0B1-6FC7014193A2,1994 John Deere 7600 2WD Tractor,2WD Tractor,IronPlanet - North-America Daily Marketplace,1971-01-02 08:00:00,Make Offer,https://cdn.ironpla.net/i/20771/126/9d0cde0a-4866-4260-aed1-15c2a5bfec33.jpg,https://www.rbauction.com/cp/agricultural-tractors,,,,
New Holland,TV140,1999.0,,,"Breslau, ON, CAN",,D204277,RitchieBros,2026-01-20 22:53:28.229233,61BBC0C3-32BE-3CF2-BBE5-6FA17769EA84,1999 New Holland TV140 4WD Tractor,4WD Tractor,Canada,2012-12-14 05:00:00,Make Offer,https://cdn.ironpla.net/i/20980/525/9ef19fe8-c399-45fb-8a99-14124857dca8.jpg,https://www.rbauction.com/cp/agricultural-tractors,,,,
John Deere,5045E,2018.0,,,"Abilene, TX, USA",,1PY5045EPJJ104586,RitchieBros,2026-01-20 22:53:28.229233,37390354-1EFC-346B-8FAC-46A36BCF560B,2018 John Deere 5045E 4WD Utility Tractor,Utility Tractor,IronPlanet - North-America Daily Marketplace,1971-01-02 08:00:00,Make Offer,https://cdn.ironpla.net/i/20798/777/8b3bedc9-d24e-471e-a60d-78b98d87fdd6.jpg,https://www.rbauction.com/cp/agricultural-tractors,,,,
Case,140A,2023.0,,,"Greenville, SC, USA",,HCDZ140CJOCT02561,RitchieBros,2026-01-20 22:53:28.229233,22A88F62-B4D0-38AB-9284-DD49EE24E4C8,2023 Case 140A 4WD Tractor,4WD Tractor,IronPlanet - North-America Daily Marketplace,1971-01-02 08:00:00,Make Offer,https://cdn.ironpla.net/i/19691/848/0af2be2e-a7b3-47c8-9367-605c4f1bd715.jpg,https://www.rbauction.com/cp/agricultural-tractors,,,,
John Deere,5115M,2021.0,,,"Charlotte, NC, USA",,1LV5115MHMM103309,RitchieBros,2026-01-20 22:53:28.229233,2D4742A9-B682-33CB-BA9F-DE5A914A5A98,2021 John Deere 5115M 4WD Tractor,4WD Tractor,IronPlanet - North-America Daily Marketplace,1971-01-02 08:00:00,Make Offer,https://cdn.ironpla.net/i/20829/574/dfe6c923-a449-4835-b1fe-b3e72a82f5fe.jpg,https://www.rbauction.com/cp/agricultural-tractors,,,,
Mahindra,eMax 20S,2022.0,,,"Houston, TX, USA",,19HRS09565,RitchieBros,2026-01-20 22:53:28.229233,B57CD7E4-03F6-35A6-A532-523D103447E0,2022 Mahindra EMAX20S 4WD Tractor (Unused),4WD Tractor,29-Jan-26 FE Ring 2,2026-01-29 15:00:00,Online Auction,https://cdn.ironpla.net/i/20810/523/13a2a674-b6f8-4153-80f5-076bc2363000.jpg,https://www.rbauction.com/cp/agricultural-tractors,,,,
Mahindra,eMax 20S,2022.0,,,"Houston, TX, USA",,19HRS10193,RitchieBros,2026-01-20 22:53:28.229233,CC043C00-B183-3139-845A-71340696E59F,2022 Mahindra EMAX20S 4WD Tractor (Unused),4WD Tractor,29-Jan-26 FE Ring 2,2026-01-29 15:00:00,Online Auction,https://cdn.ironpla.net/i/20810/518/bcee6095-4d8e-4fd5-9764-ffdbb9c51edf.jpg,https://www.rbauction.com/cp/agricultural-tractors,,,,
Mahindra,eMax 20S,2023.0,,,"Houston, TX, USA",,19HRT11016,RitchieBros,2026-01-20 22:53:28.229233,9ABF543A-24BC-3379-B23A-072544DABB66,2023 Mahindra EMAX20S 4WD Utility Tractor (Unused),Utility Tractor,29-Jan-26 FE Ring 2,2026-01-29 15:00:00,Online Auction,https://cdn.ironpla.net/i/20810/512/15995563-ff49-4a96-95bb-229a1ffae0fe.jpg,https://www.rbauction.com/cp/agricultural-tractors,,,,
Mahindra,eMax 20S,2023.0,,,"Houston, TX, USA",,19HRS10493,RitchieBros,2026-01-20 22:53:28.229233,0F079C2D-0068-3EF0-8230-FEC7C531FCDA,2023 Mahindra EMAX20S 4WD Tractor,4WD Tractor,22-Jan-26 FE Ring 2,2026-01-22 15:00:00,Online Auction,https://cdn.ironpla.net/i/20810/515/7584fa0c-6ae5-4524-833b-3d4a04e29113.jpg,https://www.rbauction.com/cp/agricultural-tractors,,,,
Mahindra,eMax 20S,2023.0,,,"Houston, TX, USA",,19HRT11856,RitchieBros,2026-01-20 22:53:28.229233,843A4CD8-BFF0-329C-B4AB-F5FA8FCF7B7F,2023 Mahindra EMAX20S Utility Tractor (Unused),Utility Tractor,22-Jan-26 FE Ring 2,2026-01-22 15:00:00,Online Auction,https://cdn.ironpla.net/i/20810/500/6f9d4491-b7da-4fec-b528-32119e0a44b3.jpg,https://www.rbauction.com/cp/agricultural-tractors,,,,
Mahindra,TR MAX 26XLT,2024.0,,,"Houston, TX, USA",,M26H191130981,RitchieBros,2026-01-20 22:53:28.229233,92181581-03B3-3768-9D56-54B6D299A9F4,2024 Mahindra TR MAX 26XLT 4WD Tractor,4WD Tractor,22-Jan-26 FE Ring 2,2026-01-22 15:00:00,Online Auction,https://cdn.ironpla.net/i/20810/486/a5711126-e707-4b7c-9306-147937cfd008.jpg,https://www.rbauction.com/cp/agricultural-tractors,,,,
Mahindra,TR EMAX20S,2022.0,,,"Houston, TX, USA",,19HRS09779,RitchieBros,2026-01-20 22:53:28.229233,658D0CE9-0A9D-31C0-82C2-2C8A0B6FE332,2022 Mahindra TR EMAX20S 4WD Tractor,4WD Tractor,22-Jan-26 FE Ring 2,2026-01-22 15:00:00,Online Auction,https://cdn.ironpla.net/i/20810/522/6b2a4ee1-b70e-484c-81ad-4d1c532b072b.jpg,https://www.rbauction.com/cp/agricultural-tractors,,,,
Mahindra,MAX26XLH,2023.0,,,"Houston, TX, USA",,M26H221033489,RitchieBros,2026-01-20 22:53:28.229233,4CFEA11B-E4FD-3037-A380-6DF4FC03E467,2023 Mahindra MAX26XLH 4WD Utility Tractor (Unused),Utility Tractor,22-Jan-26 FE Ring 2,2026-01-22 15:00:00,Online Auction,https://cdn.ironpla.net/i/20810/485/53abace6-1f4b-40e9-8aa5-cef6c26d1fd6.jpg,https://www.rbauction.com/cp/agricultural-tractors,,,,
Mahindra,eMax 20S,2023.0,,,"Houston, TX, USA",,19HRS08644,RitchieBros,2026-01-20 22:53:28.229233,F16234FC-BC2B-3B0D-9E5C-9BAC296EED46,2023 Mahindra EMAX20S 4WD Tractor,4WD Tractor,22-Jan-26 FE Ring 2,2026-01-22 15:00:00,Online Auction,https://cdn.ironpla.net/i/20810/524/0ae12070-bf05-44a8-81f2-d6960960b2d5.jpg,https://www.rbauction.com/cp/agricultural-tractors,,,,
Mahindra,eMax 20S,2023.0,,,"Houston, TX, USA",,19HRT11852,RitchieBros,2026-01-20 22:53:28.229233,0B51D123-1FE5-365F-A578-4DF98998FD0D,2023 Mahindra EMAX20S Utility Tractor (Unused),Utility Tractor,22-Jan-26 FE Ring 2,2026-01-22 15:00:00,Online Auction,https://cdn.ironpla.net/i/20810/501/8f6d1330-1078-4817-8112-046bfc75b830.jpg,https://www.rbauction.com/cp/agricultural-tractors,,,,
Fendt,936 Vario,2011.0,,,"La Presentation, QC, CAN",,945241104,RitchieBros,2026-01-20 22:53:28.229233,CC841886-BD10-3AF5-B36E-8DE537D9D50B,2011 Fendt 936 Vario 4WD Tractor,4WD Tractor,Canada,2012-12-14 05:00:00,Make Offer,https://cdn.ironpla.net/i/20512/276/3d6f5139-0540-4934-aeff-2da5e3346b98.jpg,https://www.rbauction.com/cp/agricultural-tractors,,,,
John Deere,7430,2009.0,,,"Red Willow, AB, CAN",,RW7430H010630,RitchieBros,2026-01-20 22:53:28.229233,AA22F055-2304-385B-980D-53A324855DD7,2009 John Deere 7430 4WD Tractor,4WD Tractor,Canada,2012-12-14 05:00:00,Make Offer,https://cdn.ironpla.net/i/19661/174/f537d4c9-d59d-4d45-aaee-d4304aa9065d.jpg,https://www.rbauction.com/cp/agricultural-tractors,,,,
John Deere,8770,1996.0,,,"Slave Lake, AB, CAN",,RW8770H004048,RitchieBros,2026-01-20 22:53:28.229233,8FA2D5D0-D796-3705-8841-0E5AB64AA57A,1996 John Deere 8770 Articulated Tractor,Articulated Tractor,Canada,2012-12-14 05:00:00,Make Offer,https://cdn.ironpla.net/i/20807/428/ab564a63-ae2a-4429-995d-258f52726bf2.jpg,https://www.rbauction.com/cp/agricultural-tractors,,,,
Case,215,2012.0,,,"El Centro, CA, USA",,ZBB520269,RitchieBros,2026-01-20 22:53:28.229233,65031FB1-7AD6-3508-8D1D-599D13CB7A16,2012 Case Puma 215 4WD Tractor,4WD Tractor,IronPlanet - North-America Daily Marketplace,1971-01-02 08:00:00,Online Auction,https://cdn.ironpla.net/i/21049/345/a9e30ea3-3680-40a1-9593-dbe74ff0ed67.jpg,https://www.rbauction.com/cp/agricultural-tractors,,,,
Challenger,Challenger,2009.0,,,"Calexico, CA, USA",,T344065,RitchieBros,2026-01-20 22:53:28.229233,75522E1E-2801-3CDF-9B1F-B47F3B623F10,2009 Challenger MT425B 2WD Tractor,2WD Tractor,IronPlanet - North-America Daily Marketplace,1971-01-02 08:00:00,Make Offer,https://cdn.ironpla.net/i/19525/469/a00e8955-f064-4e29-84ab-6f700d95217b.jpg,https://www.rbauction.com/cp/agricultural-tractors,,,,
Kubota,M9960F,2016.0,,,"Red Bluff, CA, USA",,11017,RitchieBros,2026-01-20 22:53:28.229233,C5AAD16D-B599-3295-BF19-23A34D567237,2016 Kubota M9960F 2WD Utility Tractor (Inoperable),Utility Tractor,Salvage Sale Insurance Sellers,2031-08-11 01:07:00,Sealed Bid,https://cdn.ironpla.net/i/20955/913/ca561218-9331-4c25-958a-989f0d79f8b0.jpg,https://www.rbauction.com/cp/agricultural-tractors,,,,
2023,Reform,2023.0,,,"Maltby, L3, GBR",,VAR226017J2GP0116,RitchieBros,2026-01-20 22:53:28.229233,D433966C-BE52-342B-A7FB-4B4B481D67C7,2023 Reform Metrac H70 4WD Utility Tractor,Utility Tractor,IronPlanet UK,2015-11-13 11:00:00,Make Offer,https://cdn.ironpla.net/i/21020/925/c19d8994-8171-46ae-9b54-d7832340136a.jpg,https://www.rbauction.com/cp/agricultural-tractors,,,,
John Deere,9620R,2021.0,,,"Enchant, AB, CAN",,1RW9620RHMP066494,RitchieBros,2026-01-20 22:53:28.229233,15C66F3D-D1B1-34DE-B460-88E2BF41F163,2021 John Deere 9620R Articulated Tractor,Articulated Tractor,"Enchant, AB, CAN - Mar 26, 2026",2026-03-26 14:00:00,Live Auction,,https://www.rbauction.com/cp/agricultural-tractors,,,,
John Deere,9430,2010.0,,,"Saskatoon, SK, CAN",,1RW9430PCAP017367,RitchieBros,2026-01-20 22:53:28.229233,32A4DDF6-51E6-3DD1-B7F8-8FB74A435279,2010 John Deere 9430 Articulated 4WD Tractor,Articulated Tractor,"Saskatoon, SK, CAN - Apr 06, 2026",2026-04-06 14:00:00,Live Auction,,https://www.rbauction.com/cp/agricultural-tractors,,,,
Fendt,Fendt,2022.0,,,"Tulare, CA, USA",,F1162LNNNG1251,RitchieBros,2026-01-20 22:53:28.229233,A2887359-9CDA-3169-9F2A-DAC0D2944876,2022 Fendt 1162MT Track Tractor,Track Tractor,"California Regional Event, USA - Feb 12, 2026",2026-02-12 17:00:00,Live Auction,,https://www.rbauction.com/cp/agricultural-tractors,,,,
Fendt,Fendt,2022.0,,,"Tulare, CA, USA",,F1162KNNNG1257,RitchieBros,2026-01-20 22:53:28.229233,890455A8-C812-3D3E-B386-605C05C494FA,2022 Fendt 1162MT Track Tractor,Track Tractor,"California Regional Event, USA - Feb 12, 2026",2026-02-12 17:00:00,Live Auction,,https://www.rbauction.com/cp/agricultural-tractors,,,,
Fendt,1156MT,2021.0,,,"Tulare, CA, USA",,F1156VNNNG1123,RitchieBros,2026-01-20 22:53:28.229233,B4493FE5-41C4-3D0E-96C6-CBF92203B855,2021 Fendt 1156MT Track Tractor,Track Tractor,"California Regional Event, USA - Feb 12, 2026",2026-02-12 17:00:00,Live Auction,,https://www.rbauction.com/cp/agricultural-tractors,,,,
John Deere,9530,2010.0,,,"Saskatoon, SK, CAN",,1RW9530PAAP017036,RitchieBros,2026-01-20 22:53:28.229233,F0439EA1-AF1F-324A-9959-0DA940CA631E,2010 John Deere 9530 Articulated 4WD Tractor,Articulated Tractor,"Saskatoon, SK, CAN - Apr 06, 2026",2026-04-06 14:00:00,Live Auction,,https://www.rbauction.com/cp/agricultural-tractors,,,,
John Deere,7200R,2013.0,,,"County Of Grande Prairie No. 1, AB, CAN",,1RW7200RKDD013150,RitchieBros,2026-01-20 22:53:28.229233,DC25F4DF-576C-33E8-9E0A-E84FB5704C69,2013 John Deere 7200R 4WD Tractor,4WD Tractor,"Grande Prairie, AB, CAN - Apr 14, 2026",2026-04-14 14:00:00,Live Auction,,https://www.rbauction.com/cp/agricultural-tractors,,,,
MTS,3630,,,,"Davenport, FL, USA",,MTSW01189,RitchieBros,2026-01-20 22:53:28.229233,E97AEE75-C190-3682-B0BD-7D631B3586A9,MTS 3630 4WD Tractor,4WD Tractor,"Orlando, FL, USA - Feb 16, 2026",2026-02-16 13:00:00,Live Auction,,https://www.rbauction.com/cp/agricultural-tractors,,,,
Challenger,MT855C,2013.0,,,"Tulare, CA, USA",,AGCC0855PDNJG1125,RitchieBros,2026-01-20 22:53:28.229233,1C0212F5-2B4B-37F5-BB14-351E1387F3C7,2013 Challenger MT855C Track Tractor,Track Tractor,"California Regional Event, USA - Feb 12, 2026",2026-02-12 17:00:00,Live Auction,,https://www.rbauction.com/cp/agricultural-tractors,,,,
John Deere,9560RT,2013.0,,,"Davenport, FL, USA",,1RW9560RPDE902722,RitchieBros,2026-01-20 22:53:28.229233,7E4179EE-F300-3337-8F85-ECF9ED594B45,2013 John Deere 9560RT Track Tractor,Track Tractor,"Orlando, FL, USA - Feb 16, 2026",2026-02-16 13:00:00,Live Auction,,https://www.rbauction.com/cp/agricultural-tractors,,,,
John Deere,9560RT,2012.0,,,"Davenport, FL, USA",,1RW9560RHCE901563,RitchieBros,2026-01-20 22:53:28.229233,5E4A1FE7-6183-3127-A045-46D6AB2BE7F9,2012 John Deere 9560RT Track Tractor,Track Tractor,"Orlando, FL, USA - Feb 16, 2026",2026-02-16 13:00:00,Live Auction,,https://www.rbauction.com/cp/agricultural-tractors,,,,
John Deere,8870,1996.0,,,"Townsville, QLD, AUS",,RW8870P003344,RitchieBros,2026-01-20 22:53:28.229233,242D79A9-8322-30F1-B0B6-CDB1D535ED0B,1996 John Deere 8870 Articulated Tractor,Articulated Tractor,"Australia National Unreserved Auction, AUS - Feb 25, 2026",2026-02-24 22:00:00,Live Auction,,https://www.rbauction.com/cp/agricultural-tractors,,,,
John Deere,7930,2005.0,,,"Lethbridge County, AB, CAN",,,RitchieBros,2026-01-20 22:53:28.229233,27467823-2742-3416-835F-C291B809B020,2005 John Deere 7930 4WD Tractor,4WD Tractor,"Lethbridge, AB, CAN - Mar 19, 2026",2026-03-19 14:00:00,Live Auction,,https://www.rbauction.com/cp/agricultural-tractors,,,,
Massey Ferguson,3SP.105,2023.0,,,"Ocana, CSTL, ESP",,VKKMHCBNAPC041033,RitchieBros,2026-01-20 22:53:28.229233,7B0DADAC-6D65-3D8E-9CD3-91C7D5545D1C,2023 Massey Ferguson 3SP.105 4WD Tractor (Unused),4WD Tractor,"Ocana, ESP - Mar 11, 2026",2026-03-11 07:00:00,Live Auction,,https://www.rbauction.com/cp/agricultural-tractors,,,,
Massey Ferguson,3SP.105,2023.0,,,"Ocana, CSTL, ESP",,VKKMHCBNEPC044020,RitchieBros,2026-01-20 22:53:28.229233,347C3BE7-F89E-3F99-A49A-17775C0D6B68,2023 Massey Ferguson 3SP.105 4WD Tractor (Unused),4WD Tractor,"Ocana, ESP - Mar 11, 2026",2026-03-11 07:00:00,Live Auction,,https://www.rbauction.com/cp/agricultural-tractors,,,,
Fendt,828 Vario,2015.0,,,"Ocana, CSTL, ESP",,842230107,RitchieBros,2026-01-20 22:53:28.229233,D2A7F8A7-A3E2-3ECA-8F10-ACE88EE24447,2015 Fendt 828 Vario 4WD Tractor,4WD Tractor,"Ocana, ESP - Mar 11, 2026",2026-03-11 07:00:00,Live Auction,,https://www.rbauction.com/cp/agricultural-tractors,,,,
John Deere,8345RT,2016.0,,,"Tulare, CA, USA",,1RW8345RJGD915420,RitchieBros,2026-01-20 22:53:28.229233,CCAEF595-2E45-3B86-BD08-FA9EE979C46F,2016 John Deere 8345RT Track Tractor,Track Tractor,"California Regional Event, USA - Feb 12, 2026",2026-02-12 17:00:00,Live Auction,,https://www.rbauction.com/cp/agricultural-tractors,,,,
Massey Ferguson,3FR.85,2023.0,,,"Ocana, CSTL, ESP",,VKKMHABFPPC046013,RitchieBros,2026-01-20 22:53:28.229233,33B1B554-2190-365F-B607-DE52461E0A6F,2023 Massey Ferguson 3FR.85 4WD Tractor (Unused),4WD Tractor,"Ocana, ESP - Mar 11, 2026",2026-03-11 07:00:00,Live Auction,,https://www.rbauction.com/cp/agricultural-tractors,,,,
Case IH,Puma 150,2016.0,,,"St Aubin Sur Gaillon, HN, FRA",,T10CSHTA001E374,RitchieBros,2026-01-20 22:53:28.229233,281EF8C0-E72F-39DE-BB17-EE79DFEABCFF,2016 Case IH Puma 150 Tracteur Agricole 4WD Tractor,4WD Tractor,"France, FRA - Mar 24, 2026",2026-03-24 07:00:00,Live Auction,,https://www.rbauction.com/cp/agricultural-tractors,,,,
Case IH,Puma 170,2016.0,,,"St Aubin Sur Gaillon, HN, FRA",,T10CSHTA000D302,RitchieBros,2026-01-20 22:53:28.229233,B3290CCC-6021-3EE0-8922-07E56385FA45,2016 Case IH Puma 170 Tracteur Routier 4WD Tractor,4WD Tractor,"France, FRA - Mar 24, 2026",2026-03-24 07:00:00,Live Auction,,https://www.rbauction.com/cp/agricultural-tractors,,,,
John Deere,7210,1999.0,,,"Rouleau, SK, CAN",,RW7210H025086,RitchieBros,2026-01-20 22:53:28.229233,0EA445D8-BE6B-3E47-94A1-931EE48D4B48,1999 John Deere 7210 4WD Tractor,4WD Tractor,"Regina, SK, CAN - Mar 24, 2026",2026-03-24 14:00:00,Live Auction,,https://www.rbauction.com/cp/agricultural-tractors,,,,
New Holland,TS6.110,2023.0,,,"Davenport, FL, USA",,NT03879M,RitchieBros,2026-01-20 22:53:28.229233,F5B72A91-D69F-31EA-9ADC-E75C72CE08B3,2023 New Holland TS6.110 4WD Tractor,4WD Tractor,"Orlando, FL, USA - Feb 16, 2026",2026-02-16 13:00:00,Live Auction,,https://www.rbauction.com/cp/agricultural-tractors,,,,
John Deere,4955,1990.0,,,"Valleyview, AB, CAN",,RW4955P005217,RitchieBros,2026-01-20 22:53:28.229233,6CD4B386-793A-3C5B-8DE3-D36F23C253A7,1990 John Deere 4955 4WD Tractor,4WD Tractor,"Valleyview, AB, CAN - Aug 06, 2026",2026-08-06 14:00:00,Live Auction,,https://www.rbauction.com/cp/agricultural-tractors,,,,
Case IH,9380,2000.0,,,"Valleyview, AB, CAN",,JEE0088457,RitchieBros,2026-01-20 22:53:28.229233,A8F9D2A0-2365-3212-8388-EDE6CE1E09B5,2000 Case IH 9380 4WD Tractor,4WD Tractor,"Valleyview, AB, CAN - Aug 06, 2026",2026-08-06 14:00:00,Live Auction,,https://www.rbauction.com/cp/agricultural-tractors,,,,
New Holland,TM155,2007.0,,,"Rouleau, SK, CAN",,ACM282869,RitchieBros,2026-01-20 22:53:28.229233,7BA7A892-2E54-3507-B37B-91A3F47A591D,2007 New Holland TM155 4WD Tractor,4WD Tractor,"Regina, SK, CAN - Mar 24, 2026",2026-03-24 14:00:00,Live Auction,,https://www.rbauction.com/cp/agricultural-tractors,,,,
John Deere,5115M,2022.0,,,"Perris, CA, USA",,1PY5115MLNB001308,RitchieBros,2026-01-20 22:53:28.229233,6E7CFAFE-1429-3882-A84F-3F170828BB10,2022 John Deere 5115M 4WD Tractor,4WD Tractor,"California Regional Event, USA - Feb 12, 2026",2026-02-12 17:00:00,Live Auction,,https://www.rbauction.com/cp/agricultural-tractors,,,,
John Deere,5100M,2022.0,,,"Perris, CA, USA",,1PY5100MKNB002257,RitchieBros,2026-01-20 22:53:28.229233,DEC4B303-B440-343E-8F09-D7E62B52CCBA,2022 John Deere 5100M 4WD Tractor,4WD Tractor,"California Regional Event, USA - Feb 12, 2026",2026-02-12 17:00:00,Live Auction,,https://www.rbauction.com/cp/agricultural-tractors,,,,
John Deere,5100M,2022.0,,,"Perris, CA, USA",,1PY5100MVNB002215,RitchieBros,2026-01-20 22:53:28.229233,7876E349-F9A4-3544-A8D5-8B5BC07DDC2B,2022 John Deere 5100M 4WD Tractor,4WD Tractor,"California Regional Event, USA - Feb 12, 2026",2026-02-12 17:00:00,Live Auction,,https://www.rbauction.com/cp/agricultural-tractors,,,,
John Deere,5100M,2022.0,,,"Perris, CA, USA",,1PY5100MANB002295,RitchieBros,2026-01-20 22:53:28.229233,577D33B1-6DAC-31D3-9C5E-09E89130803F,2022 John Deere 5100M 4WD Tractor,4WD Tractor,"California Regional Event, USA - Feb 12, 2026",2026-02-12 17:00:00,Live Auction,,https://www.rbauction.com/cp/agricultural-tractors,,,,
Case IH,9380,2000.0,,,"Perris, CA, USA",,JEE0075245,RitchieBros,2026-01-20 22:53:28.229233,8A1A0F0A-E50A-3846-BE20-FC8D1419D27E,2000 Case IH 9380 Articulated Tractor,Articulated Tractor,"California Regional Event, USA - Feb 12, 2026",2026-02-12 17:00:00,Live Auction,,https://www.rbauction.com/cp/agricultural-tractors,,,,
Challenger,MT835,2003.0,,,"South Vienna, OH, USA",,BAM30330,RitchieBros,2026-01-20 22:53:28.229233,CAB81C6B-8708-3265-BD63-8CBCDD0003BA,2003 Challenger MT835 Track Tractor,Track Tractor,"Midwest Regional Event, USA - Feb 10, 2026",2026-02-10 14:00:00,Live Auction,,https://www.rbauction.com/cp/agricultural-tractors,,,,
Kubota,M5-111D,2018.0,,,"Newnan, GA, USA",,56892,RitchieBros,2026-01-20 22:53:28.229233,6F8D4128-D14A-338F-809B-07C1B80A6BA2,2018 Kubota M5-111D 4WD Tractor,4WD Tractor,"Orlando, FL, USA - Feb 16, 2026",2026-02-16 13:00:00,Live Auction,,https://www.rbauction.com/cp/agricultural-tractors,,,,
Massey Ferguson,6495 Dynashift,2004.0,,,"St Aubin Sur Gaillon, HN, FRA",,N273002YA,RitchieBros,2026-01-20 22:53:28.229233,D3E09C27-3A8B-3EBD-96E2-C18B5F68962C,2004 Massey Ferguson 6495 Dynashift Tracteur Agricole 4WD Tractor,4WD Tractor,"France, FRA - Mar 24, 2026",2026-03-24 07:00:00,Live Auction,,https://www.rbauction.com/cp/agricultural-tractors,,,,
John Deere,6155R,2018.0,,,"Morris, IL, USA",,1RW6155RAJD033310,RitchieBros,2026-01-20 22:53:28.229233,8A3C5006-7ED4-3EDE-9A89-7E741C025790,2018 John Deere 6155R 4WD Tractor,4WD Tractor,"Midwest Regional Event, USA - Feb 10, 2026",2026-02-10 14:00:00,Live Auction,,https://www.rbauction.com/cp/agricultural-tractors,,,,
Challenger,MT575B,2008.0,,,"Dunnigan, CA, USA",,T157027,RitchieBros,2026-01-20 22:53:28.229233,47FBF913-8EDB-3E76-88E2-0A76D4501B8B,2008 Challenger MT575B 4WD Tractor,4WD Tractor,"California Regional Event, USA - Feb 12, 2026",2026-02-12 17:00:00,Live Auction,,https://www.rbauction.com/cp/agricultural-tractors,,,,
John Deere,7230,2007.0,,,"Summerville, SC, USA",,RW7230H001800,RitchieBros,2026-01-20 22:53:28.229233,14F15521-6AED-393B-B926-5E7426534CF5,2007 John Deere 7230 4WD Tractor,4WD Tractor,"Orlando, FL, USA - Feb 16, 2026",2026-02-16 13:00:00,Live Auction,,https://www.rbauction.com/cp/agricultural-tractors,,,,
Valtra,A93,2015.0,,,"St Aubin Sur Gaillon, HN, FRA",,YK5A93H00FS015009,RitchieBros,2026-01-20 22:53:28.229233,BAAED5F9-4CCA-3FBD-90CA-E308515286DD,2015 Valtra A93 4x4 Tracteur Agricole 4WD Tractor,4WD Tractor,"France, FRA - Mar 24, 2026",2026-03-24 07:00:00,Live Auction,,https://www.rbauction.com/cp/agricultural-tractors,,,,
New Holland,TS6020,,,,"Davenport, FL, USA",,NC30058M,RitchieBros,2026-01-20 22:53:28.229233,8F96B773-8A7B-3C5E-B91D-E25DC8C6BDAD,New Holland TS6020 4WD Tractor,4WD Tractor,"Orlando, FL, USA - Feb 16, 2026",2026-02-16 13:00:00,Live Auction,,https://www.rbauction.com/cp/agricultural-tractors,,,,
Kubota,M135GX,2013.0,,,"Tulare, CA, USA",,50261,RitchieBros,2026-01-20 22:53:28.229233,C3FECCD5-D4EC-305D-BE2B-EC4EE06166CC,2013 Kubota M135GX 4WD Tractor,4WD Tractor,"California Regional Event, USA - Feb 12, 2026",2026-02-12 17:00:00,Live Auction,,https://www.rbauction.com/cp/agricultural-tractors,,,,
New Holland,TD95D,2005.0,,,"St Aubin Sur Gaillon, HN, FRA",,HJD012069,RitchieBros,2026-01-20 22:53:28.229233,DE5387E3-1B85-373F-9944-B8CD02DCB48B,2005 New Holland TD95D Tracteur Agricole 4WD Tractor,4WD Tractor,"France, FRA - Mar 24, 2026",2026-03-24 07:00:00,Live Auction,,https://www.rbauction.com/cp/agricultural-tractors,,,,
Kubota,B26,2022.0,,,"Perris, CA, USA",,KBU111HRLM1L59970,RitchieBros,2026-01-20 22:53:28.229233,CE65C14A-DF1E-32EC-8FBA-4C1A0550B974,2022 Kubota B26 4WD Utility Tractor,Utility Tractor,"California Regional Event, USA - Mar 25, 2026",2026-03-25 15:00:00,Live Auction,,https://www.rbauction.com/cp/agricultural-tractors,,,,
Versatile,875,1979.0,,,"Valleyview, AB, CAN",,053750,RitchieBros,2026-01-20 22:53:28.229233,65EAF800-B9C8-3366-9322-5ED001CB4128,1979 Versatile 875 Articulated Tractor,Articulated Tractor,"Valleyview, AB, CAN - Aug 06, 2026",2026-08-06 14:00:00,Live Auction,,https://www.rbauction.com/cp/agricultural-tractors,,,,
John Deere,5090GN ,2021.0,,,"Tulare, CA, USA",,1AT5090GALN010687,RitchieBros,2026-01-20 22:53:28.229233,DEF1B4A1-4B11-36AD-A503-88406F9E602C,2021 John Deere 5090GN Cab 4WD Tractor,4WD Tractor,"California Regional Event, USA - Feb 12, 2026",2026-02-12 17:00:00,Live Auction,,https://www.rbauction.com/cp/agricultural-tractors,,,,
John Deere,2032R,2021.0,,,"Dunnigan, CA, USA",,1LV2032RHMM120838,RitchieBros,2026-01-20 22:53:28.229233,FC0C37AD-FC82-3EBF-A475-6AA472E65D8E,2021 John Deere 2032R 4WD Utility Tractor,Utility Tractor,"California Regional Event, USA - Mar 25, 2026",2026-03-25 15:00:00,Live Auction,,https://www.rbauction.com/cp/agricultural-tractors,,,,
John Deere,5090GV,2019.0,,,"Tulare, CA, USA",,1AT5090GAKV408495,RitchieBros,2026-01-20 22:53:28.229233,99B862F1-67A1-3756-8CE6-E336AB520F8B,2019 John Deere 5090GV 4WD Tractor,4WD Tractor,"California Regional Event, USA - Feb 12, 2026",2026-02-12 17:00:00,Live Auction,,https://www.rbauction.com/cp/agricultural-tractors,,,,
McCormick,MTX135,,,,"Borden, SK, CAN",,N46CL44089,RitchieBros,2026-01-20 22:53:28.229233,3DF4EC99-A8B8-3B76-B963-815F97E874C6,McCormick MTX135 4WD Tractor,4WD Tractor,"Borden, SK, CAN - Apr 11, 2026",2026-04-11 14:00:00,Live Auction,,https://www.rbauction.com/cp/agricultural-tractors,,,,
2021,XJ2025H,2021.0,,,"Nisku, AB, CAN",,2338001192,RitchieBros,2026-01-20 22:53:28.229233,CC00CAD1-F12A-3B92-8639-C868B2551E8B,2021 LS Mtron XJ2025H 4WD Tractor,4WD Tractor,"Edmonton, AB, CAN - Mar 17, 2026",2026-03-17 14:00:00,Live Auction,,https://www.rbauction.com/cp/agricultural-tractors,,,,
Kubota,B26,2022.0,,,"North East, MD, USA",,KBU111HRTM1L60011,RitchieBros,2026-01-20 22:53:28.229233,8231E6E4-9F56-32A2-8F51-C76F968A4E9E,2022 Kubota B26 Backhoe Utility Tractor,Utility Tractor,"Northeast Regional Event, USA - Mar 25, 2026",2026-03-25 12:00:00,Live Auction,,https://www.rbauction.com/cp/agricultural-tractors,,,,
2025,IRGC40,2025.0,,,"Lethbridge County, AB, CAN",,25H25121449,RitchieBros,2026-01-20 22:53:28.229233,5988E983-5C67-3DF1-BE88-8962889363CF,2025 SDLANCH IRGC40 3 TT E-Trike Mini Utility Tractor (Unused),Utility Tractor,"Lethbridge, AB, CAN - Mar 19, 2026",2026-03-19 14:00:00,Live Auction,,https://www.rbauction.com/cp/agricultural-tractors,,,,
2025,IRGC40,2025.0,,,"Lethbridge County, AB, CAN",,25H25120460,RitchieBros,2026-01-20 22:53:28.229233,C444C266-17E9-3946-8DE7-1B257CB1B889,2025 SDLANCH IRGC40 3 TT E-Trike Mini Utility Tractor (Unused),Utility Tractor,"Lethbridge, AB, CAN - Mar 19, 2026",2026-03-19 14:00:00,Live Auction,,https://www.rbauction.com/cp/agricultural-tractors,,,,
2025,IRGC40,2025.0,,,"Lethbridge County, AB, CAN",,25H25121524,RitchieBros,2026-01-20 22:53:28.229233,30E2A3DA-6E41-3FEF-B8DD-177D86EBB6A1,2025 SDLANCH IRGC40 3 TT E-Trike Mini Utility Tractor (Unused),Utility Tractor,"Lethbridge, AB, CAN - Mar 19, 2026",2026-03-19 14:00:00,Live Auction,,https://www.rbauction.com/cp/agricultural-tractors,,,,
2025,IRGC40,2025.0,,,"Lethbridge County, AB, CAN",,25H25120328,RitchieBros,2026-01-20 22:53:28.229233,CC0FA583-5851-37E3-B371-60E1C90FC291,2025 SDLANCH IRGC40 3 TT E-Trike Mini Utility Tractor (Unused),Utility Tractor,"Lethbridge, AB, CAN - Mar 19, 2026",2026-03-19 14:00:00,Live Auction,,https://www.rbauction.com/cp/agricultural-tractors,,,,
2025,IRGC40,2025.0,,,"Lethbridge County, AB, CAN",,25H25120147,RitchieBros,2026-01-20 22:53:28.229233,10ED7FF7-199F-3564-B8A6-6ED7A0E12939,2025 SDLANCH IRGC40 3 TT E-Trike Mini Utility Tractor (Unused),Utility Tractor,"Lethbridge, AB, CAN - Mar 19, 2026",2026-03-19 14:00:00,Live Auction,,https://www.rbauction.com/cp/agricultural-tractors,,,,
2025,IRGC40,2025.0,,,"Lethbridge County, AB, CAN",,25H25121549,RitchieBros,2026-01-20 22:53:28.229233,B8BAD210-B372-3AF8-9FBD-7CF9FE84E51B,2025 SDLANCH IRGC40 3 TT E-Trike Mini Utility Tractor (Unused),Utility Tractor,"Lethbridge, AB, CAN - Mar 19, 2026",2026-03-19 14:00:00,Live Auction,,https://www.rbauction.com/cp/agricultural-tractors,,,,
2025,IRGC40,2025.0,,,"Lethbridge County, AB, CAN",,25H25120413,RitchieBros,2026-01-20 22:53:28.229233,EA4423BE-104F-368C-B16A-FA60A6192E36,2025 SDLANCH IRGC40 3 TT E-Trike Mini Utility Tractor (Unused),Utility Tractor,"Lethbridge, AB, CAN - Mar 19, 2026",2026-03-19 14:00:00,Live Auction,,https://www.rbauction.com/cp/agricultural-tractors,,,,
2025,IRGC40,2025.0,,,"Lethbridge County, AB, CAN",,25H25121534,RitchieBros,2026-01-20 22:53:28.229233,BA50B0D6-FE6F-37DE-BC56-EBB318F75C68,2025 SDLANCH IRGC40 3 TT E-Trike Mini Utility Tractor (Unused),Utility Tractor,"Lethbridge, AB, CAN - Mar 19, 2026",2026-03-19 14:00:00,Live Auction,,https://www.rbauction.com/cp/agricultural-tractors,,,,
John Deere,5065E,2017.0,,,"Davenport, FL, USA",,1PY5065EJHH102191,RitchieBros,2026-01-20 22:53:28.229233,48D93F89-CBBC-3440-B7C0-3E0D90D3A31E,2017 John Deere 5065E 4WD Tractor,4WD Tractor,"Orlando, FL, USA - Feb 16, 2026",2026-02-16 13:00:00,Live Auction,,https://www.rbauction.com/cp/agricultural-tractors,,,,
John Deere,5075GV,2019.0,,,"Tulare, CA, USA",,1AT5075GJJV407435,RitchieBros,2026-01-20 22:53:28.229233,BB62CBE7-3842-3F82-8F91-1F1798B740E0,2019 John Deere 5075GV 4WD Tractor,4WD Tractor,"California Regional Event, USA - Feb 12, 2026",2026-02-12 17:00:00,Live Auction,,https://www.rbauction.com/cp/agricultural-tractors,,,,
John Deere,5075GV,2019.0,,,"Tulare, CA, USA",,1AT5075GTJV407608,RitchieBros,2026-01-20 22:53:28.229233,5118FA9D-37ED-34FF-8A5D-D6733354A890,2019 John Deere 5075GV 4WD Tractor,4WD Tractor,"California Regional Event, USA - Feb 12, 2026",2026-02-12 17:00:00,Live Auction,,https://www.rbauction.com/cp/agricultural-tractors,,,,
2026,IRGC40,2026.0,,,"Nisku, AB, CAN",,25H25120450,RitchieBros,2026-01-20 22:53:28.229233,B2C8EE47-D865-333C-8103-99B3E0AFA124,2026 SDLANCH IRGC40 3 TT E-Trike Mini Utility Tractor (Unused),Utility Tractor,"Edmonton, AB, CAN - Mar 17, 2026",2026-03-17 14:00:00,Live Auction,,https://www.rbauction.com/cp/agricultural-tractors,,,,
2026,IRGC40,2026.0,,,"Nisku, AB, CAN",,25H25120482,RitchieBros,2026-01-20 22:53:28.229233,04A69B3A-2DB3-33E4-8E34-CE787F9F15B9,2026 SDLANCH IRGC40 3 TT E-Trike Mini Utility Tractor (Unused),Utility Tractor,"Edmonton, AB, CAN - Mar 17, 2026",2026-03-17 14:00:00,Live Auction,,https://www.rbauction.com/cp/agricultural-tractors,,,,
2026,IRGC40,2026.0,,,"Nisku, AB, CAN",,,RitchieBros,2026-01-20 22:53:28.229233,A03A6FA4-966F-338D-BF1D-09A8FD215A7E,2026 SDLANCH IRGC40 3 TT E-Trike Mini Utility Tractor (Unused),Utility Tractor,"Edmonton, AB, CAN - Mar 17, 2026",2026-03-17 14:00:00,Live Auction,,https://www.rbauction.com/cp/agricultural-tractors,,,,
2026,IRGC40,2026.0,,,"Nisku, AB, CAN",,25H25120245,RitchieBros,2026-01-20 22:53:28.229233,AB43F6D9-17EE-3278-8605-4F8F1D666619,2026 SDLANCH IRGC40 3 TT E-Trike Mini Utility Tractor (Unused),Utility Tractor,"Edmonton, AB, CAN - Mar 17, 2026",2026-03-17 14:00:00,Live Auction,,https://www.rbauction.com/cp/agricultural-tractors,,,,
2026,IRGC40,2026.0,,,"Nisku, AB, CAN",,25H25120129,RitchieBros,2026-01-20 22:53:28.229233,BAAF09A5-E92A-3073-B278-D4AD3C743A1A,2026 SDLANCH IRGC40 3 TT E-Trike Mini Utility Tractor (Unused),Utility Tractor,"Edmonton, AB, CAN - Mar 17, 2026",2026-03-17 14:00:00,Live Auction,,https://www.rbauction.com/cp/agricultural-tractors,,,,
2026,IRGC40,2026.0,,,"Nisku, AB, CAN",,25H25120306,RitchieBros,2026-01-20 22:53:28.229233,C3869245-2D0B-3854-B58F-7D45BB4B4A28,2026 SDLANCH IRGC40 3 TT E-Trike Mini Utility Tractor (Unused),Utility Tractor,"Edmonton, AB, CAN - Mar 17, 2026",2026-03-17 14:00:00,Live Auction,,https://www.rbauction.com/cp/agricultural-tractors,,,,
2026,IRGC40,2026.0,,,"Nisku, AB, CAN",,,RitchieBros,2026-01-20 22:53:28.229233,CCDF161D-3043-38AE-995C-5E92DE41BF2C,2026 SDLANCH IRGC40 3 TT E-Trike Mini Utility Tractor (Unused),Utility Tractor,"Edmonton, AB, CAN - Mar 17, 2026",2026-03-17 14:00:00,Live Auction,,https://www.rbauction.com/cp/agricultural-tractors,,,,
2026,IRGC40,2026.0,,,"Nisku, AB, CAN",,25H25120340,RitchieBros,2026-01-20 22:53:28.229233,F1B2E8C2-D81B-3395-98F1-972D44998C69,2026 SDLANCH IRGC40 3 TT E-Trike Mini Utility Tractor (Unused),Utility Tractor,"Edmonton, AB, CAN - Mar 17, 2026",2026-03-17 14:00:00,Live Auction,,https://www.rbauction.com/cp/agricultural-tractors,,,,
2026,IRGC40,2026.0,,,"Nisku, AB, CAN",,,RitchieBros,2026-01-20 22:53:28.229233,EF2D4F96-083B-3496-BE4C-59749F84CC1B,2026 SDLANCH IRGC40 3 TT E-Trike Mini Utility Tractor (Unused),Utility Tractor,"Edmonton, AB, CAN - Mar 17, 2026",2026-03-17 14:00:00,Live Auction,,https://www.rbauction.com/cp/agricultural-tractors,,,,
John Deere,5075GV,2018.0,,,"Tulare, CA, USA",,1AT5075GTHV405478,RitchieBros,2026-01-20 22:53:28.229233,1D26D1CB-D7D6-34C3-959C-9F54ECD6AB67,2018 John Deere 5075GV 4WD Tractor,4WD Tractor,"California Regional Event, USA - Feb 12, 2026",2026-02-12 17:00:00,Live Auction,,https://www.rbauction.com/cp/agricultural-tractors,,,,
Kubota,BX23SLBR,2021.0,,,"Dunnigan, CA, USA",,KBUC1DHRKMGE62583,RitchieBros,2026-01-20 22:53:28.229233,9EAC7B76-573B-3F34-B17F-290A5E1DB2CF,2021 Kubota BX23SLBR 4WD Utility Tractor,Utility Tractor,"California Regional Event, USA - Mar 25, 2026",2026-03-25 15:00:00,Live Auction,,https://www.rbauction.com/cp/agricultural-tractors,,,,
John Deere,5100GN,2020.0,,,"Perris, CA, USA",,1AT5100GEKN009258,RitchieBros,2026-01-20 22:53:28.229233,DEEDDC5A-C050-3679-AF26-08F8E6F346B2,2020 John Deere 5100GN Utility Tractor,Utility Tractor,"California Regional Event, USA - Feb 12, 2026",2026-02-12 17:00:00,Live Auction,,https://www.rbauction.com/cp/agricultural-tractors,,,,
2026,IRGC40,2026.0,,,"North East, MD, USA",,,RitchieBros,2026-01-20 22:53:28.229233,18AB02EC-553F-33A4-B5DE-B472ECF0E992,2026 SDGRAND IRGC40 3 TT E-Trike Mini Utility Tractor (Unused),Utility Tractor,"Northeast Regional Event, USA - Mar 25, 2026",2026-03-25 12:00:00,Live Auction,,https://www.rbauction.com/cp/agricultural-tractors,,,,
2026,IRGC40,2026.0,,,"North East, MD, USA",,,RitchieBros,2026-01-20 22:53:28.229233,079B4C15-E0C0-3454-B256-48A5D21FA6CC,2026 SDGRAND IRGC40 3 TT E-Trike Mini Utility Tractor (Unused),Utility Tractor,"Northeast Regional Event, USA - Mar 25, 2026",2026-03-25 12:00:00,Live Auction,,https://www.rbauction.com/cp/agricultural-tractors,,,,
2026,IRGC40,2026.0,,,"North East, MD, USA",,,RitchieBros,2026-01-20 22:53:28.229233,737C4766-B33B-3D9D-9E7E-38E988B2E68B,2026 SDGRAND IRGC40 3 TT E-Trike Mini Utility Tractor (Unused),Utility Tractor,"Northeast Regional Event, USA - Mar 25, 2026",2026-03-25 12:00:00,Live Auction,,https://www.rbauction.com/cp/agricultural-tractors,,,,
2026,IRGC40,2026.0,,,"North East, MD, USA",,,RitchieBros,2026-01-20 22:53:28.229233,986A7957-94E7-3181-85C8-2811C9BD2488,2026 SDGRAND IRGC40 3 TT E-Trike Mini Utility Tractor (Unused),Utility Tractor,"Northeast Regional Event, USA - Mar 25, 2026",2026-03-25 12:00:00,Live Auction,,https://www.rbauction.com/cp/agricultural-tractors,,,,
2026,IRGC40,2026.0,,,"North East, MD, USA",,,RitchieBros,2026-01-20 22:53:28.229233,1FBCEB1C-8910-336B-AE25-84DC53D1BD0B,2026 SDGRAND IRGC40 3 TT E-Trike Mini Utility Tractor (Unused),Utility Tractor,"Northeast Regional Event, USA - Mar 25, 2026",2026-03-25 12:00:00,Live Auction,,https://www.rbauction.com/cp/agricultural-tractors,,,,
2026,IRGC40,2026.0,,,"North East, MD, USA",,,RitchieBros,2026-01-20 22:53:28.229233,5D0BB223-6DC6-371F-B9A9-517DE8A2A391,2026 SDGRAND IRGC40 3 TT E-Trike Mini Utility Tractor (Unused),Utility Tractor,"Northeast Regional Event, USA - Mar 25, 2026",2026-03-25 12:00:00,Live Auction,,https://www.rbauction.com/cp/agricultural-tractors,,,,
2026,IRGC40,2026.0,,,"North East, MD, USA",,,RitchieBros,2026-01-20 22:53:28.229233,175727C1-44BD-3FEF-927F-4C8AAC38A532,2026 SDGRAND IRGC40 3 TT E-Trike Mini Utility Tractor (Unused),Utility Tractor,"Northeast Regional Event, USA - Mar 25, 2026",2026-03-25 12:00:00,Live Auction,,https://www.rbauction.com/cp/agricultural-tractors,,,,
2026,IRGC40,2026.0,,,"North East, MD, USA",,,RitchieBros,2026-01-20 22:53:28.229233,9A3241EB-5472-353E-BFD8-97000B5DEBCF,2026 SDGRAND IRGC40 3 TT E-Trike Mini Utility Tractor (Unused),Utility Tractor,"Northeast Regional Event, USA - Mar 25, 2026",2026-03-25 12:00:00,Live Auction,,https://www.rbauction.com/cp/agricultural-tractors,,,,
2025,IRGC40,2025.0,,,"Rouleau, SK, CAN",,,RitchieBros,2026-01-20 22:53:28.229233,246E4317-C5C4-30D2-9D70-06788B6A15C9,2025 SDLANCH IRGC40 3 TT E-Trike Mini Utility Tractor (Unused),Utility Tractor,"Regina, SK, CAN - Mar 24, 2026",2026-03-24 14:00:00,Live Auction,,https://www.rbauction.com/cp/agricultural-tractors,,,,
2025,IRGC40,2025.0,,,"Rouleau, SK, CAN",,,RitchieBros,2026-01-20 22:53:28.229233,94A97361-D8BD-3027-9546-0AC3445DFF43,2025 SDLANCH IRGC40 3 TT E-Trike Mini Utility Tractor (Unused),Utility Tractor,"Regina, SK, CAN - Mar 24, 2026",2026-03-24 14:00:00,Live Auction,,https://www.rbauction.com/cp/agricultural-tractors,,,,
2025,IRGC40,2025.0,,,"Rouleau, SK, CAN",,,RitchieBros,2026-01-20 22:53:28.229233,0D76B3B4-467C-3C26-A292-169E0FB1E8D5,2025 SDLANCH IRGC40 3 TT E-Trike Mini Utility Tractor (Unused),Utility Tractor,"Regina, SK, CAN - Mar 24, 2026",2026-03-24 14:00:00,Live Auction,,https://www.rbauction.com/cp/agricultural-tractors,,,,
2025,IRGC40,2025.0,,,"Rouleau, SK, CAN",,,RitchieBros,2026-01-20 22:53:28.229233,5AAFB6F5-7342-338B-A3E8-B4ADD591E0E4,2025 SDLANCH IRGC40 3 TT E-Trike Mini Utility Tractor (Unused),Utility Tractor,"Regina, SK, CAN - Mar 24, 2026",2026-03-24 14:00:00,Live Auction,,https://www.rbauction.com/cp/agricultural-tractors,,,,
2025,IRGC40,2025.0,,,"Rouleau, SK, CAN",,25H25120017,RitchieBros,2026-01-20 22:53:28.229233,7007D4A4-5F1F-35B8-859B-D926946236CE,2025 SDLANCH IRGC40 3 TT E-Trike Mini Utility Tractor (Unused),Utility Tractor,"Regina, SK, CAN - Mar 24, 2026",2026-03-24 14:00:00,Live Auction,,https://www.rbauction.com/cp/agricultural-tractors,,,,
2025,IRGC40,2025.0,,,"Rouleau, SK, CAN",,,RitchieBros,2026-01-20 22:53:28.229233,6338C760-E5DA-3498-8B54-AF5A6E9CCF70,2025 SDLANCH IRGC40 3 TT E-Trike Mini Utility Tractor (Unused),Utility Tractor,"Regina, SK, CAN - Mar 24, 2026",2026-03-24 14:00:00,Live Auction,,https://www.rbauction.com/cp/agricultural-tractors,,,,
2025,IRGC40,2025.0,,,"Rouleau, SK, CAN",,,RitchieBros,2026-01-20 22:53:28.229233,33BB1607-3C7C-347A-AB5A-109D23E6DEB7,2025 SDLANCH IRGC40 3 TT E-Trike Mini Utility Tractor (Unused),Utility Tractor,"Regina, SK, CAN - Mar 24, 2026",2026-03-24 14:00:00,Live Auction,,https://www.rbauction.com/cp/agricultural-tractors,,,,
2025,IRGC40,2025.0,,,"Rouleau, SK, CAN",,,RitchieBros,2026-01-20 22:53:28.229233,B4FC1B15-87F9-3B6E-962A-984F803F210B,2025 SDLANCH IRGC40 3 TT E-Trike Mini Utility Tractor (Unused),Utility Tractor,"Regina, SK, CAN - Mar 24, 2026",2026-03-24 14:00:00,Live Auction,,https://www.rbauction.com/cp/agricultural-tractors,,,,
John Deere,3032E,2022.0,,,"Chehalis, WA, USA",,1LV3032EANN142610,RitchieBros,2026-01-20 22:53:28.229233,9CC8B0F8-4E5F-3628-B6A7-8E1077693C55,2022 John Deere 3032E 4WD Utility Tractor,Utility Tractor,"Pacific Northwest Regional Event, USA - Mar 19, 2026",2026-03-19 15:00:00,Live Auction,,https://www.rbauction.com/cp/agricultural-tractors,,,,
Kubota,BX23S,2022.0,,,"Dunnigan, CA, USA",,KBUC1DHREMGM69721,RitchieBros,2026-01-20 22:53:28.229233,234078FD-8C06-359A-8549-A99E8FDE08DB,2022 Kubota BX23S 4WD Utility Tractor,Utility Tractor,"California Regional Event, USA - Mar 25, 2026",2026-03-25 15:00:00,Live Auction,,https://www.rbauction.com/cp/agricultural-tractors,,,,
Kubota,BX23S,2022.0,,,"Dunnigan, CA, USA",,KBUC1DHRVMGL69144,RitchieBros,2026-01-20 22:53:28.229233,6DF5EA69-2C36-3573-B331-6CAA74B205A4,2022 Kubota BX23S 4WD Utility Tractor,Utility Tractor,"California Regional Event, USA - Mar 25, 2026",2026-03-25 15:00:00,Live Auction,,https://www.rbauction.com/cp/agricultural-tractors,,,,
Kubota,BX23S,2022.0,,,"Dunnigan, CA, USA",,KBUC1DHRAMGM69665,RitchieBros,2026-01-20 22:53:28.229233,53A6F187-F3B4-3F8D-A046-40B0DC068814,2022 Kubota BX23S 4WD Utility Tractor,Utility Tractor,"California Regional Event, USA - Mar 25, 2026",2026-03-25 15:00:00,Live Auction,,https://www.rbauction.com/cp/agricultural-tractors,,,,
Massey Ferguson,1520,2023.0,,,"Ocana, CSTL, ESP",,ISKM1520TPJ100280,RitchieBros,2026-01-20 22:53:28.229233,8247FBA3-2B56-3BD3-B819-AB2DA60C3046,2023 Massey Ferguson 1520 4WD Tractor (Unused),4WD Tractor,"Ocana, ESP - Mar 11, 2026",2026-03-11 07:00:00,Live Auction,,https://www.rbauction.com/cp/agricultural-tractors,,,,
Massey Ferguson,1520,2023.0,,,"Ocana, CSTL, ESP",,ISKM1520APJ100269,RitchieBros,2026-01-20 22:53:28.229233,9A6A8F84-BDF7-3B7A-9D54-87EEC10A12C5,2023 Massey Ferguson 1520 4WD Tractor (Unused),4WD Tractor,"Ocana, ESP - Mar 11, 2026",2026-03-11 07:00:00,Live Auction,,https://www.rbauction.com/cp/agricultural-tractors,,,,
Massey Ferguson,1520,2023.0,,,"Ocana, CSTL, ESP",,ISKM1520CPJ100270,RitchieBros,2026-01-20 22:53:28.229233,6B1174D5-B98B-30DC-844C-FF6F6783841C,2023 Massey Ferguson 1520 4WD Tractor (Unused),4WD Tractor,"Ocana, ESP - Mar 11, 2026",2026-03-11 07:00:00,Live Auction,,https://www.rbauction.com/cp/agricultural-tractors,,,,
Kubota,BX23S,2021.0,,,"Chehalis, WA, USA",,KBUC1DHRTMGE63245,RitchieBros,2026-01-20 22:53:28.229233,F7D40038-9393-3BD5-BCA6-43660552DE70,2021 Kubota BX23S 4WD Utility Tractor,Utility Tractor,"Pacific Northwest Regional Event, USA - Mar 19, 2026",2026-03-19 15:00:00,Live Auction,,https://www.rbauction.com/cp/agricultural-tractors,,,,
Kubota,BX23S,2021.0,,,"Chehalis, WA, USA",,KBUC1DHRCMGH66242,RitchieBros,2026-01-20 22:53:28.229233,A66223E5-CB3A-3489-9963-1110D648368D,2021 Kubota BX23S 4WD Utility Tractor,Utility Tractor,"Pacific Northwest Regional Event, USA - Mar 19, 2026",2026-03-19 15:00:00,Live Auction,,https://www.rbauction.com/cp/agricultural-tractors,,,,
Kubota,BX23S,2021.0,,,"Chehalis, WA, USA",,KBUC1DHRVMGG64490,RitchieBros,2026-01-20 22:53:28.229233,9A74C3A7-4FD0-3CD0-9DB9-CAB7E4F778F8,2021 Kubota BX23S 4WD Utility Tractor,Utility Tractor,"Pacific Northwest Regional Event, USA - Mar 19, 2026",2026-03-19 15:00:00,Live Auction,,https://www.rbauction.com/cp/agricultural-tractors,,,,
John Deere,2032R,2021.0,,,"Carleton, MI, USA",,1LV2032RAMM120898,RitchieBros,2026-01-20 22:53:28.229233,6F23AA45-19A8-3858-A12F-555DB5BC3836,2021 John Deere 2032R Utility Tractor,Utility Tractor,"Midwest Regional Event, USA - Mar 26, 2026",2026-03-26 13:00:00,Live Auction,,https://www.rbauction.com/cp/agricultural-tractors,,,,
Massey Ferguson,4610,2013.0,,,"Tulare, CA, USA",,M46100DJK43636,RitchieBros,2026-01-20 22:53:28.229233,46A9EC2A-5A5A-3CCB-8984-14D6A8BD7F1E,2013 Massey Ferguson 4610 4WD Tractor,4WD Tractor,"California Regional Event, USA - Feb 12, 2026",2026-02-12 17:00:00,Live Auction,,https://www.rbauction.com/cp/agricultural-tractors,,,,
Kubota,BX23S,2021.0,,,"Tipton, CA, USA",,KBUC1DHREMGF64332,RitchieBros,2026-01-20 22:53:28.229233,7BEED212-B031-3BB5-AB5E-D88CAA3FB3A9,2021 Kubota BX23S 4WD Utility Tractor,Utility Tractor,"California Regional Event, USA - Mar 25, 2026",2026-03-25 15:00:00,Live Auction,,https://www.rbauction.com/cp/agricultural-tractors,,,,
2026,IRGC40,2026.0,,,"Brandon, MB, CAN",,25H25120218,RitchieBros,2026-01-20 22:53:28.229233,A9867036-FCEC-3943-AF29-EE5033239715,2026 SDLANCH IRGC40 3 TT E-Trike Mini Utility Tractor (Unused),Utility Tractor,"Manitoba Regional Event, CAN - Mar 03, 2026",2026-03-03 19:00:00,Live Auction,,https://www.rbauction.com/cp/agricultural-tractors,,,,
2026,IRGC40,2026.0,,,"Brandon, MB, CAN",,25H25120208,RitchieBros,2026-01-20 22:53:28.229233,C7BE18BB-B65A-341C-BB52-FC02E5AD5A72,2026 SDLANCH IRGC40 3 TT E-Trike Mini Utility Tractor (Unused),Utility Tractor,"Manitoba Regional Event, CAN - Mar 03, 2026",2026-03-03 19:00:00,Live Auction,,https://www.rbauction.com/cp/agricultural-tractors,,,,
2026,IRGC40,2026.0,,,"Brandon, MB, CAN",,25H25120032,RitchieBros,2026-01-20 22:53:28.229233,3B27A72D-3546-379D-A833-8590239C8E13,2026 SDLANCH IRGC40 3 TT E-Trike Mini Utility Tractor (Unused),Utility Tractor,"Manitoba Regional Event, CAN - Mar 03, 2026",2026-03-03 19:00:00,Live Auction,,https://www.rbauction.com/cp/agricultural-tractors,,,,
2026,IRGC40,2026.0,,,"Brandon, MB, CAN",,25H25120030,RitchieBros,2026-01-20 22:53:28.229233,91C90C5A-E008-316F-9D7C-3DF83E177B33,2026 SDLANCH IRGC40 3 TT E-Trike Mini Utility Tractor (Unused),Utility Tractor,"Manitoba Regional Event, CAN - Mar 03, 2026",2026-03-03 19:00:00,Live Auction,,https://www.rbauction.com/cp/agricultural-tractors,,,,
2026,IRGC40,2026.0,,,"Brandon, MB, CAN",,25H25120489,RitchieBros,2026-01-20 22:53:28.229233,86517FFF-E2F9-3645-8D6B-14A2F6DE0B87,2026 SDLANCH IRGC40 3 TT E-Trike Mini Utility Tractor (Unused),Utility Tractor,"Manitoba Regional Event, CAN - Mar 03, 2026",2026-03-03 19:00:00,Live Auction,,https://www.rbauction.com/cp/agricultural-tractors,,,,
2026,IRGC40,2026.0,,,"Brandon, MB, CAN",,25H25120136,RitchieBros,2026-01-20 22:53:28.229233,62806793-8F61-3DBC-A5DD-F7DEFC6B6964,2026 SDLANCH IRGC40 3 TT E-Trike Mini Utility Tractor (Unused),Utility Tractor,"Manitoba Regional Event, CAN - Mar 03, 2026",2026-03-03 19:00:00,Live Auction,,https://www.rbauction.com/cp/agricultural-tractors,,,,
2026,IRGC40,2026.0,,,"Mont-Saint-Hilaire, QC, CAN",,,RitchieBros,2026-01-20 22:53:28.229233,33436F70-A9AD-3D03-8C75-A860B5F0E3C0,2026 SDLANCH IRGC40 3 TT E-Trike Mini Utility Tractor (Unused),Utility Tractor,"Quebec Regional Event, CAN - Mar 30, 2026",2026-03-30 12:00:00,Live Auction,,https://www.rbauction.com/cp/agricultural-tractors,,,,
2026,IRGC40,2026.0,,,"Mont-Saint-Hilaire, QC, CAN",,,RitchieBros,2026-01-20 22:53:28.229233,E0760703-4199-37D1-9D5A-C2F1B695F43E,2026 SDLANCH IRGC40 3 TT E-Trike Mini Utility Tractor (Unused),Utility Tractor,"Quebec Regional Event, CAN - Mar 30, 2026",2026-03-30 12:00:00,Live Auction,,https://www.rbauction.com/cp/agricultural-tractors,,,,
2026,IRGC40,2026.0,,,"Mont-Saint-Hilaire, QC, CAN",,25H25121530,RitchieBros,2026-01-20 22:53:28.229233,5EC662C8-892E-3783-A8E4-6F069E8FDD42,2026 SDLANCH IRGC40 3 TT E-Trike Mini Utility Tractor (Unused),Utility Tractor,"Quebec Regional Event, CAN - Mar 30, 2026",2026-03-30 12:00:00,Live Auction,,https://www.rbauction.com/cp/agricultural-tractors,,,,
2026,IRGC40,2026.0,,,"Mont-Saint-Hilaire, QC, CAN",,,RitchieBros,2026-01-20 22:53:28.229233,1A22F1B1-A61B-3ED8-A3B6-9B6E08A9669B,2026 SDLANCH IRGC40 3 TT E-Trike Mini Utility Tractor (Unused),Utility Tractor,"Quebec Regional Event, CAN - Mar 30, 2026",2026-03-30 12:00:00,Live Auction,,https://www.rbauction.com/cp/agricultural-tractors,,,,
2026,IRGC40,2026.0,,,"Mont-Saint-Hilaire, QC, CAN",,25H25120046,RitchieBros,2026-01-20 22:53:28.229233,6C21B3A7-7A1F-3FDA-AE56-96454F5BDB52,2026 SDLANCH IRGC40 3 TT E-Trike Mini Utility Tractor (Unused),Utility Tractor,"Quebec Regional Event, CAN - Mar 30, 2026",2026-03-30 12:00:00,Live Auction,,https://www.rbauction.com/cp/agricultural-tractors,,,,
New Holland,TK90,2007.0,,,"Perris, CA, USA",,001339398,RitchieBros,2026-01-20 22:53:28.229233,28DAF9BB-E3C7-34EE-B8A3-D2DF69694218,2007 New Holland TK90 Track Tractor,Track Tractor,"California Regional Event, USA - Feb 12, 2026",2026-02-12 17:00:00,Live Auction,,https://www.rbauction.com/cp/agricultural-tractors,,,,
Massey Ferguson,660,2014.0,,,"Phoenix, AZ, USA",,C74N00T660191,RitchieBros,2026-01-20 22:53:28.229233,B5A9A20E-D94B-3EE3-B713-C18ADA5427F7,2014 Massey Ferguson 660 4WD Tractor,4WD Tractor,"Phoenix, AZ, USA - Feb 26, 2026",2026-02-26 16:00:00,Live Auction,,https://www.rbauction.com/cp/agricultural-tractors,,,,
2026,IRGC40,2026.0,,,"Amaranth, ON, CAN",,25H25120205,RitchieBros,2026-01-20 22:53:28.229233,F430ECA9-E37A-3085-A07C-0BF0B7B3A8B0,2026 SDLANCH IRGC40 3 TT E-Trike Mini Utility Tractor (Unused),Utility Tractor,"Ontario Regional Event, CAN - Mar 25, 2026",2026-03-25 12:00:00,Live Auction,,https://www.rbauction.com/cp/agricultural-tractors,,,,
2026,IRGC40,2026.0,,,"Amaranth, ON, CAN",,25H25120264,RitchieBros,2026-01-20 22:53:28.229233,99B1F88C-932F-3AAD-B3A6-1BA545679DEA,2026 SDLANCH IRGC40 3 TT E-Trike Mini Utility Tractor (Unused),Utility Tractor,"Ontario Regional Event, CAN - Mar 25, 2026",2026-03-25 12:00:00,Live Auction,,https://www.rbauction.com/cp/agricultural-tractors,,,,
2026,IRGC40,2026.0,,,"Amaranth, ON, CAN",,25H25120159,RitchieBros,2026-01-20 22:53:28.229233,BE7B3B48-C3C9-3BE2-9745-06C9EF250D01,2026 SDLANCH IRGC40 3 TT E-Trike Mini Utility Tractor (Unused),Utility Tractor,"Ontario Regional Event, CAN - Mar 25, 2026",2026-03-25 12:00:00,Live Auction,,https://www.rbauction.com/cp/agricultural-tractors,,,,
2026,IRGC40,2026.0,,,"Amaranth, ON, CAN",,25H25121377,RitchieBros,2026-01-20 22:53:28.229233,8862E3D9-0B6E-3DF4-A21B-B6A82295A908,2026 SDLANCH IRGC40 3 TT E-Trike Mini Utility Tractor (Unused),Utility Tractor,"Ontario Regional Event, CAN - Mar 25, 2026",2026-03-25 12:00:00,Live Auction,,https://www.rbauction.com/cp/agricultural-tractors,,,,
2026,IRGC40,2026.0,,,"Amaranth, ON, CAN",,25H25121369,RitchieBros,2026-01-20 22:53:28.229233,238159FF-F90B-3AD0-A831-D790EA84164E,2026 SDLANCH IRGC40 3 TT E-Trike Mini Utility Tractor (Unused),Utility Tractor,"Ontario Regional Event, CAN - Mar 25, 2026",2026-03-25 12:00:00,Live Auction,,https://www.rbauction.com/cp/agricultural-tractors,,,,
2026,IRGC40,2026.0,,,"Amaranth, ON, CAN",,25H25121317,RitchieBros,2026-01-20 22:53:28.229233,75E299E5-D95B-36F5-863C-7A578A698009,2026 SDLANCH IRGC40 3 TT E-Trike Mini Utility Tractor (Unused),Utility Tractor,"Ontario Regional Event, CAN - Mar 25, 2026",2026-03-25 12:00:00,Live Auction,,https://www.rbauction.com/cp/agricultural-tractors,,,,
2026,IRGC40,2026.0,,,"Amaranth, ON, CAN",,25H25120397,RitchieBros,2026-01-20 22:53:28.229233,AC6904B8-7524-3448-A6C7-98FD52BC16D4,2026 SDLANCH IRGC40 3 TT E-Trike Mini Utility Tractor (Unused),Utility Tractor,"Ontario Regional Event, CAN - Mar 25, 2026",2026-03-25 12:00:00,Live Auction,,https://www.rbauction.com/cp/agricultural-tractors,,,,
2026,IRGC40,2026.0,,,"Amaranth, ON, CAN",,25H25120123,RitchieBros,2026-01-20 22:53:28.229233,40F3CB20-E929-39B8-87CA-6F5C50565329,2026 SDLANCH IRGC40 3 TT E-Trike Mini Utility Tractor (Unused),Utility Tractor,"Ontario Regional Event, CAN - Mar 25, 2026",2026-03-25 12:00:00,Live Auction,,https://www.rbauction.com/cp/agricultural-tractors,,,,
2026,IRGC40,2026.0,,,"Perris, CA, USA",,,RitchieBros,2026-01-20 22:53:28.229233,6F50CE94-06BA-32B8-AC5B-FC493E69B6FE,2026 SDGRAND IRGC40 3 TT E-Trike Mini Utility Tractor (Unused),Utility Tractor,"California Regional Event, USA - Mar 25, 2026",2026-03-25 15:00:00,Live Auction,,https://www.rbauction.com/cp/agricultural-tractors,,,,
2026,IRGC40,2026.0,,,"Perris, CA, USA",,,RitchieBros,2026-01-20 22:53:28.229233,82EE2105-25A4-344F-9D11-64030D9FC238,2026 SDGRAND IRGC40 3 TT E-Trike Mini Utility Tractor (Unused),Utility Tractor,"California Regional Event, USA - Mar 25, 2026",2026-03-25 15:00:00,Live Auction,,https://www.rbauction.com/cp/agricultural-tractors,,,,
2026,IRGC40,2026.0,,,"Perris, CA, USA",,,RitchieBros,2026-01-20 22:53:28.229233,6CFA8A8C-CDFD-3361-A657-A9532EB8FB53,2026 SDGRAND IRGC40 3 TT E-Trike Mini Utility Tractor (Unused),Utility Tractor,"California Regional Event, USA - Mar 25, 2026",2026-03-25 15:00:00,Live Auction,,https://www.rbauction.com/cp/agricultural-tractors,,,,
2026,IRGC40,2026.0,,,"Perris, CA, USA",,,RitchieBros,2026-01-20 22:53:28.229233,2144FA74-9718-39DF-8201-C83275238565,2026 SDGRAND IRGC40 3 TT E-Trike Mini Utility Tractor (Unused),Utility Tractor,"California Regional Event, USA - Mar 25, 2026",2026-03-25 15:00:00,Live Auction,,https://www.rbauction.com/cp/agricultural-tractors,,,,
2026,IRGC40,2026.0,,,"Perris, CA, USA",,,RitchieBros,2026-01-20 22:53:28.229233,ECD31480-B9CB-3C38-8BB1-FA3ABB8832E1,2026 SDGRAND IRGC40 3 TT E-Trike Mini Utility Tractor (Unused),Utility Tractor,"California Regional Event, USA - Mar 25, 2026",2026-03-25 15:00:00,Live Auction,,https://www.rbauction.com/cp/agricultural-tractors,,,,
2026,IRGC40,2026.0,,,"Perris, CA, USA",,,RitchieBros,2026-01-20 22:53:28.229233,A95129AB-C8EB-3515-B016-9CF39E423AC7,2026 SDGRAND IRGC40 3 TT E-Trike Mini Utility Tractor (Unused),Utility Tractor,"California Regional Event, USA - Mar 25, 2026",2026-03-25 15:00:00,Live Auction,,https://www.rbauction.com/cp/agricultural-tractors,,,,
2026,IRGC40,2026.0,,,"Perris, CA, USA",,,RitchieBros,2026-01-20 22:53:28.229233,4F30CA8E-DFA2-3DCB-98C5-9DCC5377B1F1,2026 SDGRAND IRGC40 3 TT E-Trike Mini Utility Tractor (Unused),Utility Tractor,"California Regional Event, USA - Mar 25, 2026",2026-03-25 15:00:00,Live Auction,,https://www.rbauction.com/cp/agricultural-tractors,,,,
2026,IRGC40,2026.0,,,"Perris, CA, USA",,,RitchieBros,2026-01-20 22:53:28.229233,0E63F96C-F111-3BD2-99DD-A12F3C842553,2026 SDGRAND IRGC40 3 TT E-Trike Mini Utility Tractor (Unused),Utility Tractor,"California Regional Event, USA - Mar 25, 2026",2026-03-25 15:00:00,Live Auction,,https://www.rbauction.com/cp/agricultural-tractors,,,,
2026,IRGC40,2026.0,,,"Perris, CA, USA",,,RitchieBros,2026-01-20 22:53:28.229233,42B3725C-BBAF-3BF8-80F5-C41D87513503,2026 SDGRAND IRGC40 3 TT E-Trike Mini Utility Tractor (Unused),Utility Tractor,"California Regional Event, USA - Mar 25, 2026",2026-03-25 15:00:00,Live Auction,,https://www.rbauction.com/cp/agricultural-tractors,,,,
2026,IRGC40,2026.0,,,"Perris, CA, USA",,,RitchieBros,2026-01-20 22:53:28.229233,39ADCE6B-EA9C-3D06-9D50-C2CCD0D9A81C,2026 SDGRAND IRGC40 3 TT E-Trike Mini Utility Tractor (Unused),Utility Tractor,"California Regional Event, USA - Mar 25, 2026",2026-03-25 15:00:00,Live Auction,,https://www.rbauction.com/cp/agricultural-tractors,,,,
2026,IRGC40,2026.0,,,"Perris, CA, USA",,,RitchieBros,2026-01-20 22:53:28.229233,A91805BE-74A2-3952-8262-156578DBF3AC,2026 SDGRAND IRGC40 3 TT E-Trike Mini Utility Tractor (Unused),Utility Tractor,"California Regional Event, USA - Mar 25, 2026",2026-03-25 15:00:00,Live Auction,,https://www.rbauction.com/cp/agricultural-tractors,,,,
2026,IRGC40,2026.0,,,"Perris, CA, USA",,,RitchieBros,2026-01-20 22:53:28.229233,78419727-8B94-373D-B36F-459C76C8923F,2026 SDGRAND IRGC40 3 TT E-Trike Mini Utility Tractor (Unused),Utility Tractor,"California Regional Event, USA - Mar 25, 2026",2026-03-25 15:00:00,Live Auction,,https://www.rbauction.com/cp/agricultural-tractors,,,,
2026,IRGC40,2026.0,,,"Tulare, CA, USA",,25H25121483,RitchieBros,2026-01-20 22:53:28.229233,34CEF257-3B31-33BE-BB62-7335B2B99910,2026 SDGRAND IRGC40 3 TT E-Trike Mini Utility Tractor (Unused),Utility Tractor,"California Regional Event, USA - Mar 25, 2026",2026-03-25 15:00:00,Live Auction,,https://www.rbauction.com/cp/agricultural-tractors,,,,
2026,IRGC40,2026.0,,,"Tulare, CA, USA",,25H25121285,RitchieBros,2026-01-20 22:53:28.229233,73627F7A-BCF5-3307-B602-2FF4C38A5613,2026 SDGRAND IRGC40 3 TT E-Trike Mini Utility Tractor (Unused),Utility Tractor,"California Regional Event, USA - Mar 25, 2026",2026-03-25 15:00:00,Live Auction,,https://www.rbauction.com/cp/agricultural-tractors,,,,
2026,IRGC40,2026.0,,,"Tulare, CA, USA",,25H25121270,RitchieBros,2026-01-20 22:53:28.229233,5017F852-51F5-3556-AA5F-A0DFBAD99FBC,2026 SDGRAND IRGC40 3 TT E-Trike Mini Utility Tractor (Unused),Utility Tractor,"California Regional Event, USA - Mar 25, 2026",2026-03-25 15:00:00,Live Auction,,https://www.rbauction.com/cp/agricultural-tractors,,,,
2026,IRGC40,2026.0,,,"Tulare, CA, USA",,25H25121348,RitchieBros,2026-01-20 22:53:28.229233,8F4B17BF-43E5-34BB-9A28-E2B79DC8FFA5,2026 SDGRAND IRGC40 3 TT E-Trike Mini Utility Tractor (Unused),Utility Tractor,"California Regional Event, USA - Mar 25, 2026",2026-03-25 15:00:00,Live Auction,,https://www.rbauction.com/cp/agricultural-tractors,,,,
2026,IRGC40,2026.0,,,"Tulare, CA, USA",,25H25121432,RitchieBros,2026-01-20 22:53:28.229233,51D13854-3135-37E5-AEA5-683303EF14F0,2026 SDGRAND IRGC40 3 TT E-Trike Mini Utility Tractor (Unused),Utility Tractor,"California Regional Event, USA - Mar 25, 2026",2026-03-25 15:00:00,Live Auction,,https://www.rbauction.com/cp/agricultural-tractors,,,,
2026,IRGC40,2026.0,,,"Tulare, CA, USA",,25H25121389,RitchieBros,2026-01-20 22:53:28.229233,A194E221-D6B6-3D38-8158-C8E3B98712DA,2026 SDGRAND IRGC40 3 TT E-Trike Mini Utility Tractor (Unused),Utility Tractor,"California Regional Event, USA - Mar 25, 2026",2026-03-25 15:00:00,Live Auction,,https://www.rbauction.com/cp/agricultural-tractors,,,,
2026,IRGC40,2026.0,,,"Dunnigan, CA, USA",,,RitchieBros,2026-01-20 22:53:28.229233,926E7A42-C526-37F0-B9EF-A038F47DD738,2026 SDGRAND IRGC40 3 TT E-Trike Mini Utility Tractor (Unused),Utility Tractor,"California Regional Event, USA - Mar 25, 2026",2026-03-25 15:00:00,Live Auction,,https://www.rbauction.com/cp/agricultural-tractors,,,,
2026,IRGC40,2026.0,,,"Dunnigan, CA, USA",,,RitchieBros,2026-01-20 22:53:28.229233,7D11A249-41AB-35E1-A1E6-39A16684E9F3,2026 SDGRAND IRGC40 3 TT E-Trike Mini Utility Tractor (Unused),Utility Tractor,"California Regional Event, USA - Mar 25, 2026",2026-03-25 15:00:00,Live Auction,,https://www.rbauction.com/cp/agricultural-tractors,,,,
2026,IRGC40,2026.0,,,"Dunnigan, CA, USA",,,RitchieBros,2026-01-20 22:53:28.229233,1CE950EB-381F-3210-AE3A-832D991049DC,2026 SDGRAND IRGC40 3 TT E-Trike Mini Utility Tractor (Unused),Utility Tractor,"California Regional Event, USA - Mar 25, 2026",2026-03-25 15:00:00,Live Auction,,https://www.rbauction.com/cp/agricultural-tractors,,,,
2026,IRGC40,2026.0,,,"Dunnigan, CA, USA",,,RitchieBros,2026-01-20 22:53:28.229233,7FA769D4-D369-3DF3-80D3-DF901BD92368,2026 SDGRAND IRGC40 3 TT E-Trike Mini Utility Tractor (Unused),Utility Tractor,"California Regional Event, USA - Mar 25, 2026",2026-03-25 15:00:00,Live Auction,,https://www.rbauction.com/cp/agricultural-tractors,,,,
2026,IRGC40,2026.0,,,"Dunnigan, CA, USA",,,RitchieBros,2026-01-20 22:53:28.229233,C1565663-16C7-34F3-8E2A-B2369C487121,2026 SDGRAND IRGC40 3 TT E-Trike Mini Utility Tractor (Unused),Utility Tractor,"California Regional Event, USA - Mar 25, 2026",2026-03-25 15:00:00,Live Auction,,https://www.rbauction.com/cp/agricultural-tractors,,,,
2026,IRGC40,2026.0,,,"Dunnigan, CA, USA",,,RitchieBros,2026-01-20 22:53:28.229233,62237778-A802-34D8-86FB-00A5B10AC694,2026 SDGRAND IRGC40 3 TT E-Trike Mini Utility Tractor (Unused),Utility Tractor,"California Regional Event, USA - Mar 25, 2026",2026-03-25 15:00:00,Live Auction,,https://www.rbauction.com/cp/agricultural-tractors,,,,
2026,IRGC40,2026.0,,,"Chilliwack, BC, CAN",,25H25120332,RitchieBros,2026-01-20 22:53:28.229233,73A92C95-F212-3FCC-8551-D81EB21877BF,2026 SDLANCH IRGC40 3 TT E-Trike Mini Utility Tractor (Unused),Utility Tractor,"BC Regional Event, CAN - Mar 12, 2026",2026-03-12 15:00:00,Live Auction,,https://www.rbauction.com/cp/agricultural-tractors,,,,
2026,IRGC40,2026.0,,,"Chilliwack, BC, CAN",,25H25120068,RitchieBros,2026-01-20 22:53:28.229233,18CCA5BA-A16C-3A82-92DA-C3052F0632F0,2026 SDLANCH IRGC40 3 TT E-Trike Mini Utility Tractor (Unused),Utility Tractor,"BC Regional Event, CAN - Mar 12, 2026",2026-03-12 15:00:00,Live Auction,,https://www.rbauction.com/cp/agricultural-tractors,,,,
2026,IRGC40,2026.0,,,"Chilliwack, BC, CAN",,25H25120090,RitchieBros,2026-01-20 22:53:28.229233,06B94669-7989-3852-A655-845C562F48DF,2026 SDLANCH IRGC40 3 TT E-Trike Mini Utility Tractor (Unused),Utility Tractor,"BC Regional Event, CAN - Mar 12, 2026",2026-03-12 15:00:00,Live Auction,,https://www.rbauction.com/cp/agricultural-tractors,,,,
2026,IRGC40,2026.0,,,"Chilliwack, BC, CAN",,,RitchieBros,2026-01-20 22:53:28.229233,4BB87606-E76B-3183-B19E-BAE20785F633,2026 SDLANCH IRGC40 3 TT E-Trike Mini Utility Tractor (Unused),Utility Tractor,"BC Regional Event, CAN - Mar 12, 2026",2026-03-12 15:00:00,Live Auction,,https://www.rbauction.com/cp/agricultural-tractors,,,,
2026,IRGC40,2026.0,,,"Chilliwack, BC, CAN",,25H25120076,RitchieBros,2026-01-20 22:53:28.229233,1511E66C-BB0B-37D3-B2C4-D1B070B154B7,2026 SDLANCH IRGC40 3 TT E-Trike Mini Utility Tractor (Unused),Utility Tractor,"BC Regional Event, CAN - Mar 12, 2026",2026-03-12 15:00:00,Live Auction,,https://www.rbauction.com/cp/agricultural-tractors,,,,
2026,IRGC40,2026.0,,,"Chilliwack, BC, CAN",,25H25120448,RitchieBros,2026-01-20 22:53:28.229233,363E82D6-BCEB-3032-83FA-211F99D4E51F,2026 SDLANCH IRGC40 3 TT E-Trike Mini Utility Tractor (Unused),Utility Tractor,"BC Regional Event, CAN - Mar 12, 2026",2026-03-12 15:00:00,Live Auction,,https://www.rbauction.com/cp/agricultural-tractors,,,,
2026,IRGC40,2026.0,,,"Prince George, BC, CAN",,25H25120201,RitchieBros,2026-01-20 22:53:28.229233,18B29969-A51A-395A-8031-04C6C129681A,2026 SDLANCH IRGC40 3 TT E-Trike Mini Utility Tractor (Unused),Utility Tractor,"BC Regional Event, CAN - Mar 12, 2026",2026-03-12 15:00:00,Live Auction,,https://www.rbauction.com/cp/agricultural-tractors,,,,
2026,IRGC40,2026.0,,,"Prince George, BC, CAN",,25H25120161,RitchieBros,2026-01-20 22:53:28.229233,536E086F-5850-3353-B7A6-4DD18AF17CF6,2026 SDLANCH IRGC40 3 TT E-Trike Mini Utility Tractor (Unused),Utility Tractor,"BC Regional Event, CAN - Mar 12, 2026",2026-03-12 15:00:00,Live Auction,,https://www.rbauction.com/cp/agricultural-tractors,,,,
2026,IRGC40,2026.0,,,"Prince George, BC, CAN",,25H25120102,RitchieBros,2026-01-20 22:53:28.229233,3246158A-092B-389E-A1EA-000F911FB724,2026 SDLANCH IRGC40 3 TT E-Trike Mini Utility Tractor (Unused),Utility Tractor,"BC Regional Event, CAN - Mar 12, 2026",2026-03-12 15:00:00,Live Auction,,https://www.rbauction.com/cp/agricultural-tractors,,,,
2026,IRGC40,2026.0,,,"Prince George, BC, CAN",,25H25120299,RitchieBros,2026-01-20 22:53:28.229233,BEE613F9-B472-34AF-8F70-0264AB079841,2026 SDLANCH IRGC40 3 TT E-Trike Mini Utility Tractor (Unused),Utility Tractor,"BC Regional Event, CAN - Mar 12, 2026",2026-03-12 15:00:00,Live Auction,,https://www.rbauction.com/cp/agricultural-tractors,,,,
2026,IRGC40,2026.0,,,"Prince George, BC, CAN",,,RitchieBros,2026-01-20 22:53:28.229233,B950651F-65D5-36F6-A12A-4E174C2C05FB,2026 SDLANCH IRGC40 3 TT E-Trike Mini Utility Tractor (Unused),Utility Tractor,"BC Regional Event, CAN - Mar 12, 2026",2026-03-12 15:00:00,Live Auction,,https://www.rbauction.com/cp/agricultural-tractors,,,,
2026,IRGC40,2026.0,,,"Prince George, BC, CAN",,25H25120141,RitchieBros,2026-01-20 22:53:28.229233,D4A3B9B3-CD8B-3739-AE5B-4985D65BD29A,2026 SDLANCH IRGC40 3 TT E-Trike Mini Utility Tractor (Unused),Utility Tractor,"BC Regional Event, CAN - Mar 12, 2026",2026-03-12 15:00:00,Live Auction,,https://www.rbauction.com/cp/agricultural-tractors,,,,
2026,IRGC40,2026.0,,,"Newnan, GA, USA",,,RitchieBros,2026-01-20 22:53:28.229233,53D8C918-B7AE-3EC7-9CB0-A513F64CD429,2026 SDGRAND IRGC40 3 TT E-Trike Mini Utility Tractor (Unused),Utility Tractor,"Southeast Regional Event, USA - Mar 23, 2026",2026-03-23 12:00:00,Live Auction,,https://www.rbauction.com/cp/agricultural-tractors,,,,
2026,IRGC40,2026.0,,,"Newnan, GA, USA",,,RitchieBros,2026-01-20 22:53:28.229233,1475C1B9-6418-39D5-AE97-86ED46C7849A,2026 SDGRAND IRGC40 3 TT E-Trike Mini Utility Tractor (Unused),Utility Tractor,"Southeast Regional Event, USA - Mar 23, 2026",2026-03-23 12:00:00,Live Auction,,https://www.rbauction.com/cp/agricultural-tractors,,,,
2026,IRGC40,2026.0,,,"Newnan, GA, USA",,,RitchieBros,2026-01-20 22:53:28.229233,6C5F248E-0215-34A9-BCAA-F05FB003788D,2026 SDGRAND IRGC40 3 TT E-Trike Mini Utility Tractor (Unused),Utility Tractor,"Southeast Regional Event, USA - Mar 23, 2026",2026-03-23 12:00:00,Live Auction,,https://www.rbauction.com/cp/agricultural-tractors,,,,
2026,IRGC40,2026.0,,,"Newnan, GA, USA",,,RitchieBros,2026-01-20 22:53:28.229233,A1599DC7-B329-3D76-8005-F6A78638C215,2026 SDGRAND IRGC40 3 TT E-Trike Mini Utility Tractor (Unused),Utility Tractor,"Southeast Regional Event, USA - Mar 23, 2026",2026-03-23 12:00:00,Live Auction,,https://www.rbauction.com/cp/agricultural-tractors,,,,
2026,IRGC40,2026.0,,,"Newnan, GA, USA",,,RitchieBros,2026-01-20 22:53:28.229233,DD0F0778-740F-3990-B461-1546170BA013,2026 SDGRAND IRGC40 3 TT E-Trike Mini Utility Tractor (Unused),Utility Tractor,"Southeast Regional Event, USA - Mar 23, 2026",2026-03-23 12:00:00,Live Auction,,https://www.rbauction.com/cp/agricultural-tractors,,,,
2026,IRGC40,2026.0,,,"Newnan, GA, USA",,,RitchieBros,2026-01-20 22:53:28.229233,57602933-16B6-3ADB-B9E3-8F901E9BC662,2026 SDGRAND IRGC40 3 TT E-Trike Mini Utility Tractor (Unused),Utility Tractor,"Southeast Regional Event, USA - Mar 23, 2026",2026-03-23 12:00:00,Live Auction,,https://www.rbauction.com/cp/agricultural-tractors,,,,
Kubota,BX23S,,,,"Perris, CA, USA",,,RitchieBros,2026-01-20 22:53:28.229233,ACD27823-188C-362D-86BB-441CBC9C1084,Kubota BX23S Utility Tractor,Utility Tractor,"California Regional Event, USA - Mar 25, 2026",2026-03-25 15:00:00,Live Auction,,https://www.rbauction.com/cp/agricultural-tractors,,,,
Kubota,BX23S,,,,"Dunnigan, CA, USA",,,RitchieBros,2026-01-20 22:53:28.229233,375EBCA6-1E28-334D-848D-9F894B8A5510,Kubota BX23S Utility Tractor,Utility Tractor,"California Regional Event, USA - Mar 25, 2026",2026-03-25 15:00:00,Live Auction,,https://www.rbauction.com/cp/agricultural-tractors,,,,
2025,IRET13,2025.0,,,"Lethbridge County, AB, CAN",,,RitchieBros,2026-01-20 22:53:28.229233,BF9021C7-0DB2-3A66-816B-AA52D1B0DEDD,2025 SDLANCH IRET13 3 TT E-Trike Mini Utility Tractor (Unused),Utility Tractor,"Lethbridge, AB, CAN - Mar 19, 2026",2026-03-19 14:00:00,Live Auction,,https://www.rbauction.com/cp/agricultural-tractors,,,,
2025,IRET13,2025.0,,,"Lethbridge County, AB, CAN",,,RitchieBros,2026-01-20 22:53:28.229233,FE85346F-24E0-3AE3-85DB-C3A6740D9AA3,2025 SDLANCH IRET13 3 TT E-Trike Mini Utility Tractor (Unused),Utility Tractor,"Lethbridge, AB, CAN - Mar 19, 2026",2026-03-19 14:00:00,Live Auction,,https://www.rbauction.com/cp/agricultural-tractors,,,,
2025,IRET13,2025.0,,,"Lethbridge County, AB, CAN",,,RitchieBros,2026-01-20 22:53:28.229233,4827CD8E-C73D-3E70-9D3E-6AAD1CF3A2BA,2025 SDLANCH IRET13 3 TT E-Trike Mini Utility Tractor (Unused),Utility Tractor,"Lethbridge, AB, CAN - Mar 19, 2026",2026-03-19 14:00:00,Live Auction,,https://www.rbauction.com/cp/agricultural-tractors,,,,
2025,IRET13,2025.0,,,"Lethbridge County, AB, CAN",,,RitchieBros,2026-01-20 22:53:28.229233,47EC96AF-2058-3CBD-AB57-3906ECBDD872,2025 SDLANCH IRET13 3 TT E-Trike Mini Utility Tractor (Unused),Utility Tractor,"Lethbridge, AB, CAN - Mar 19, 2026",2026-03-19 14:00:00,Live Auction,,https://www.rbauction.com/cp/agricultural-tractors,,,,
2025,IRET13,2025.0,,,"Lethbridge County, AB, CAN",,,RitchieBros,2026-01-20 22:53:28.229233,50B37ABF-C537-3DB1-8340-E18B55FF819A,2025 SDLANCH IRET13 3 TT E-Trike Mini Utility Tractor (Unused),Utility Tractor,"Lethbridge, AB, CAN - Mar 19, 2026",2026-03-19 14:00:00,Live Auction,,https://www.rbauction.com/cp/agricultural-tractors,,,,
2025,IRET13,2025.0,,,"Lethbridge County, AB, CAN",,,RitchieBros,2026-01-20 22:53:28.229233,885C4FAD-0E49-34BB-93EA-DBFD4D4E2E75,2025 SDLANCH IRET13 3 TT E-Trike Mini Utility Tractor (Unused),Utility Tractor,"Lethbridge, AB, CAN - Mar 19, 2026",2026-03-19 14:00:00,Live Auction,,https://www.rbauction.com/cp/agricultural-tractors,,,,
2025,IRET13,2025.0,,,"Lethbridge County, AB, CAN",,,RitchieBros,2026-01-20 22:53:28.229233,8EFB8CFA-68D5-3B1B-AE70-03F16AB9D922,2025 SDLANCH IRET13 3 TT E-Trike Mini Utility Tractor (Unused),Utility Tractor,"Lethbridge, AB, CAN - Mar 19, 2026",2026-03-19 14:00:00,Live Auction,,https://www.rbauction.com/cp/agricultural-tractors,,,,
2025,IRET13,2025.0,,,"Lethbridge County, AB, CAN",,,RitchieBros,2026-01-20 22:53:28.229233,32BA5E03-9579-3079-8804-0B2A83023A18,2025 SDLANCH IRET13 3 TT E-Trike Mini Utility Tractor (Unused),Utility Tractor,"Lethbridge, AB, CAN - Mar 19, 2026",2026-03-19 14:00:00,Live Auction,,https://www.rbauction.com/cp/agricultural-tractors,,,,
John Deere,2032R,2021.0,,,"Dunnigan, CA, USA",,1LV2032RLMM120854,RitchieBros,2026-01-20 22:53:28.229233,CB4B600E-4256-3A2B-8CB1-E4CC47E13558,2021 John Deere 2032R Utility Tractor,Utility Tractor,"California Regional Event, USA - Mar 25, 2026",2026-03-25 15:00:00,Live Auction,,https://www.rbauction.com/cp/agricultural-tractors,,,,
John Deere,3032E,2022.0,,,"North East, MD, USA",,1LV3032EVNN142654,RitchieBros,2026-01-20 22:53:28.229233,47640676-D6B6-37A8-9002-F108284ACDBF,2022 John Deere 3032E Backhoe Utility Tractor,Utility Tractor,"Northeast Regional Event, USA - Mar 25, 2026",2026-03-25 12:00:00,Live Auction,,https://www.rbauction.com/cp/agricultural-tractors,,,,
Kubota,BX23S,2021.0,,,"Phoenix, AZ, USA",,62731,RitchieBros,2026-01-20 22:53:28.229233,E0152D74-83B7-3C8B-B768-D500957FAA26,2021 Kubota BX23S Utility Tractor,Utility Tractor,"Phoenix, AZ, USA - Feb 26, 2026",2026-02-26 16:00:00,Live Auction,,https://www.rbauction.com/cp/agricultural-tractors,,,,
Case,2290,1983.0,,,"Rose Valley, SK, CAN",,,RitchieBros,2026-01-20 22:53:28.229233,42668C71-D229-3548-A05C-03B574A7208E,1983 Case 2290 2WD Tractor,2WD Tractor,"Rose Valley, SK, CAN - Apr 17, 2026",2026-04-17 18:00:00,Live Auction,,https://www.rbauction.com/cp/agricultural-tractors,,,,
Kubota,BX23SLB-R,2021.0,,,"Humble, TX, USA",,KBUC1DHRTLGL47054,RitchieBros,2026-01-20 22:53:28.229233,4BD58857-493E-3625-9D67-2350061BDACA,2021 Kubota BX23SLB-R Utility Tractor,Utility Tractor,"Texas Regional Event, USA - Feb 11, 2026",2026-02-11 14:00:00,Live Auction,,https://www.rbauction.com/cp/agricultural-tractors,,,,
2025,IRET13,2025.0,,,"Rouleau, SK, CAN",,,RitchieBros,2026-01-20 22:53:28.229233,A908145A-8EB8-3CA8-94A6-75EEA1CE3DD4,2025 SDLANCH IRET13 3 TT E-Trike Mini Utility Tractor (Unused),Utility Tractor,"Regina, SK, CAN - Mar 24, 2026",2026-03-24 14:00:00,Live Auction,,https://www.rbauction.com/cp/agricultural-tractors,,,,
2025,IRET13,2025.0,,,"Rouleau, SK, CAN",,H9RZYF3TXSA137444,RitchieBros,2026-01-20 22:53:28.229233,3D094672-3482-31C8-9A45-10F22C2D8305,2025 SDLANCH IRET13 3 TT E-Trike Mini Utility Tractor (Unused),Utility Tractor,"Regina, SK, CAN - Mar 24, 2026",2026-03-24 14:00:00,Live Auction,,https://www.rbauction.com/cp/agricultural-tractors,,,,
2025,IRET13,2025.0,,,"Rouleau, SK, CAN",,H9RZYF3TXSA137433,RitchieBros,2026-01-20 22:53:28.229233,66836BB6-CABE-3855-9271-6C84550D7BBB,2025 SDLANCH IRET13 3 TT E-Trike Mini Utility Tractor (Unused),Utility Tractor,"Regina, SK, CAN - Mar 24, 2026",2026-03-24 14:00:00,Live Auction,,https://www.rbauction.com/cp/agricultural-tractors,,,,
Kubota,BX23SLB-R-1,2021.0,,,"North Franklin, CT, USA",,KBUC1DHRVMGG64795,RitchieBros,2026-01-20 22:53:28.229233,B6F506DD-1ED7-3F77-89DD-AB80814816E1,2021 Kubota BX23SLB-R-1 Backhoe Utility Tractor,Utility Tractor,"Northeast Regional Event, USA - Mar 25, 2026",2026-03-25 12:00:00,Live Auction,,https://www.rbauction.com/cp/agricultural-tractors,,,,
Kubota,BX23SLB-R-1,2022.0,,,"North Franklin, CT, USA",,KBUC1DHRAMGL69145,RitchieBros,2026-01-20 22:53:28.229233,F55D5A22-E75E-306C-AA29-F762EDB151B6,2022 Kubota BX23SLB-R-1 Backhoe Utility Tractor,Utility Tractor,"Northeast Regional Event, USA - Mar 25, 2026",2026-03-25 12:00:00,Live Auction,,https://www.rbauction.com/cp/agricultural-tractors,,,,
Kubota,BX23SLB-R-1,2022.0,,,"North Franklin, CT, USA",,KBUC1DHRCMGH65679,RitchieBros,2026-01-20 22:53:28.229233,A67BB965-F717-3EBB-83B6-EB7EEE8BCD5D,2022 Kubota BX23SLB-R-1 Backhoe Utility Tractor,Utility Tractor,"Northeast Regional Event, USA - Mar 25, 2026",2026-03-25 12:00:00,Live Auction,,https://www.rbauction.com/cp/agricultural-tractors,,,,
2026,IRET13,2026.0,,,"Nisku, AB, CAN",,H9RZYF3TXSA137085,RitchieBros,2026-01-20 22:53:28.229233,FA86DD70-E29C-3303-971C-5C9FCAAAE89F,2026 SDLANCH IRET13 3 TT E-Trike Mini Utility Tractor (Unused),Utility Tractor,"Edmonton, AB, CAN - Mar 17, 2026",2026-03-17 14:00:00,Live Auction,,https://www.rbauction.com/cp/agricultural-tractors,,,,
2026,IRET13,2026.0,,,"Nisku, AB, CAN",,H9RZYF3TXSA137081,RitchieBros,2026-01-20 22:53:28.229233,FBEB1651-34AE-38D7-84AD-B0B6B2FF6D43,2026 SDLANCH IRET13 3 TT E-Trike Mini Utility Tractor (Unused),Utility Tractor,"Edmonton, AB, CAN - Mar 17, 2026",2026-03-17 14:00:00,Live Auction,,https://www.rbauction.com/cp/agricultural-tractors,,,,
2026,IRET13,2026.0,,,"Nisku, AB, CAN",,,RitchieBros,2026-01-20 22:53:28.229233,C17607DD-781D-3143-BBB4-79FBB34C9461,2026 SDLANCH IRET13 3 TT E-Trike Mini Utility Tractor (Unused),Utility Tractor,"Edmonton, AB, CAN - Mar 17, 2026",2026-03-17 14:00:00,Live Auction,,https://www.rbauction.com/cp/agricultural-tractors,,,,
Kubota,B26,,,,"Lake Worth, TX, USA",,59929,RitchieBros,2026-01-20 22:53:28.229233,DBF7A2A2-5931-3EB0-9EFE-135EFCE38431,Kubota B26 Utility Tractor,Utility Tractor,"Texas Regional Event, USA - Apr 15, 2026",2026-04-15 13:00:00,Live Auction,,https://www.rbauction.com/cp/agricultural-tractors,,,,
Kubota,B26,,,,"Lake Worth, TX, USA",,60048,RitchieBros,2026-01-20 22:53:28.229233,D683D933-61A7-35B7-82C2-91EA6AE905E9,Kubota B26 Utility Tractor,Utility Tractor,"Texas Regional Event, USA - Apr 15, 2026",2026-04-15 13:00:00,Live Auction,,https://www.rbauction.com/cp/agricultural-tractors,,,,
Kubota,B26,,,,"Humble, TX, USA",,59697,RitchieBros,2026-01-20 22:53:28.229233,2E1C8027-8566-31A4-A5C3-0554D766BA2A,Kubota B26 Utility Tractor,Utility Tractor,"Texas Regional Event, USA - Apr 15, 2026",2026-04-15 13:00:00,Live Auction,,https://www.rbauction.com/cp/agricultural-tractors,,,,
Kubota,BX23SLB-R,2018.0,,,"Davenport, FL, USA",,18898,RitchieBros,2026-01-20 22:53:28.229233,46BDE1A8-3633-345A-A713-6DA97A183807,2018 Kubota BX23SLBR Utility Tractor,Utility Tractor,"Orlando, FL, USA - Feb 16, 2026",2026-02-16 13:00:00,Live Auction,,https://www.rbauction.com/cp/agricultural-tractors,,,,
Kubota,BX23S,2021.0,,,"Lake Worth, TX, USA",,67387,RitchieBros,2026-01-20 22:53:28.229233,050722B7-51FD-3876-B24F-89135D6528EF,2021 Kubota BX23S Utility Tractor,Utility Tractor,"Texas Regional Event, USA - Apr 15, 2026",2026-04-15 13:00:00,Live Auction,,https://www.rbauction.com/cp/agricultural-tractors,,,,
Kubota,BX23S,2021.0,,,"Odessa, MO, USA",,63798,RitchieBros,2026-01-20 22:53:28.229233,78B80A2B-211B-3930-ADB5-70B37128940B,2021 Kubota BX23S Utility Tractor,Utility Tractor,"Midwest Regional Event, USA - Mar 26, 2026",2026-03-26 13:00:00,Live Auction,,https://www.rbauction.com/cp/agricultural-tractors,,,,
Kubota,BX23S,2022.0,,,"Odessa, MO, USA",,69077,RitchieBros,2026-01-20 22:53:28.229233,E8F452C5-2A73-34DD-9BAB-10FE71AD04B8,2022 Kubota BX23S Utility Tractor,Utility Tractor,"Midwest Regional Event, USA - Mar 26, 2026",2026-03-26 13:00:00,Live Auction,,https://www.rbauction.com/cp/agricultural-tractors,,,,
Kubota,BX23S,2022.0,,,"Lebanon, TN, USA",,69557,RitchieBros,2026-01-20 22:53:28.229233,D9264830-C336-33EF-8D6E-47F0713DDE78,2022 Kubota BX23S Utility Tractor,Utility Tractor,"Southeast Regional Event, USA - Mar 23, 2026",2026-03-23 12:00:00,Live Auction,,https://www.rbauction.com/cp/agricultural-tractors,,,,
John Deere,5320N,2003.0,,,"Davenport, FL, USA",,LV5320F432743,RitchieBros,2026-01-20 22:53:28.229233,9D68BC49-3759-30DF-9C63-F1F0E402F696,2003 John Deere 5320N 4WD Tractor,4WD Tractor,"Orlando, FL, USA - Feb 16, 2026",2026-02-16 13:00:00,Live Auction,,https://www.rbauction.com/cp/agricultural-tractors,,,,
John Deere,3032E,2021.0,,,"North Franklin, CT, USA",,1LV3032EEMN141413,RitchieBros,2026-01-20 22:53:28.229233,FD2F96AC-573F-3905-8390-29228BA834A8,2021 John Deere 3032E Backhoe Utility Tractor,Utility Tractor,"Northeast Regional Event, USA - Mar 25, 2026",2026-03-25 12:00:00,Live Auction,,https://www.rbauction.com/cp/agricultural-tractors,,,,
Kubota,BX23SLB-R,,,,"Amaranth, ON, CAN",,32013,RitchieBros,2026-01-20 22:53:28.229233,39E1B33B-1A91-3D00-9332-0B0EAC5E3308,Kubota BX23SLBR Utility Tractor,Utility Tractor,"Ontario Regional Event, CAN - Mar 25, 2026",2026-03-25 12:00:00,Live Auction,,https://www.rbauction.com/cp/agricultural-tractors,,,,
Kubota,B26,,,,"Lebanon, TN, USA",,59695,RitchieBros,2026-01-20 22:53:28.229233,243444DF-8A9B-3AF6-B370-EF198BADF6A3,Kubota B26 Utility Tractor,Utility Tractor,"Southeast Regional Event, USA - Mar 23, 2026",2026-03-23 12:00:00,Live Auction,,https://www.rbauction.com/cp/agricultural-tractors,,,,
John Deere,John,1996.0,,,"Davenport, FL, USA",,003843R,RitchieBros,2026-01-20 22:53:28.229233,B75ABAAA-566D-3CA1-B39F-3D8825A0DE50,1996 John Deere 863RT 4WD Tractor,4WD Tractor,"Orlando, FL, USA - Feb 16, 2026",2026-02-16 13:00:00,Live Auction,,https://www.rbauction.com/cp/agricultural-tractors,,,,
Kubota,BX23SLB-R,2021.0,,,"Newnan, GA, USA",,63780,RitchieBros,2026-01-20 22:53:28.229233,CD7C0FB3-1B7F-38C4-B8EA-45A3B4864581,2021 Kubota BX23SLB-R Utility Tractor,Utility Tractor,"Southeast Regional Event, USA - Mar 23, 2026",2026-03-23 12:00:00,Live Auction,,https://www.rbauction.com/cp/agricultural-tractors,,,,
Kubota,B26,,,,"Davenport, FL, USA",,59630,RitchieBros,2026-01-20 22:53:28.229233,9620CAD1-C3D4-3172-ADCC-D1523AED006D,Kubota B26 Utility Tractor,Utility Tractor,"Orlando, FL, USA - May 21, 2026",2026-05-21 12:00:00,Live Auction,,https://www.rbauction.com/cp/agricultural-tractors,,,,
Kubota,B26,,,,"Davenport, FL, USA",,60000,RitchieBros,2026-01-20 22:53:28.229233,75A39512-2601-3BE7-8069-D17F2F853B0D,Kubota B26 Utility Tractor,Utility Tractor,"Orlando, FL, USA - May 21, 2026",2026-05-21 12:00:00,Live Auction,,https://www.rbauction.com/cp/agricultural-tractors,,,,
Kubota,B26,,,,"Davenport, FL, USA",,59962,RitchieBros,2026-01-20 22:53:28.229233,FA5E397B-EBF4-320A-B57E-DAD82397F06A,Kubota B26 Utility Tractor,Utility Tractor,"Orlando, FL, USA - May 21, 2026",2026-05-21 12:00:00,Live Auction,,https://www.rbauction.com/cp/agricultural-tractors,,,,
Kubota,B26,,,,"Davenport, FL, USA",,59932,RitchieBros,2026-01-20 22:53:28.229233,B2784448-5AC2-3C80-9187-0340431CC3CC,Kubota B26 Utility Tractor,Utility Tractor,"Orlando, FL, USA - May 21, 2026",2026-05-21 12:00:00,Live Auction,,https://www.rbauction.com/cp/agricultural-tractors,,,,
John Deere,3032E,2022.0,,,"Davenport, FL, USA",,1LV3032EJNN142683,RitchieBros,2026-01-20 22:53:28.229233,1D1BAB0F-6B9D-3E1D-AA9B-FA83ED058921,2022 John Deere 3032E Utility Tractor,Utility Tractor,"Orlando, FL, USA - May 21, 2026",2026-05-21 12:00:00,Live Auction,,https://www.rbauction.com/cp/agricultural-tractors,,,,
2025,IRET13,2025.0,,,"Newnan, GA, USA",,H9RZYF3TXSA137518,RitchieBros,2026-01-20 22:53:28.229233,CD4F0F99-DFA9-3EDE-9A99-F2B6B3CED750,2025 SDGRAND IRET13 3 TT E-Trike Mini Utility Tractor (Unused),Utility Tractor,"Southeast Regional Event, USA - Mar 23, 2026",2026-03-23 12:00:00,Live Auction,,https://www.rbauction.com/cp/agricultural-tractors,,,,
2025,IRET13,2025.0,,,"Newnan, GA, USA",,H9RZYF3TXSA137543,RitchieBros,2026-01-20 22:53:28.229233,FB71BF22-2926-3AE5-871A-AC44B7729CC2,2025 SDGRAND IRET13 3 TT E-Trike Mini Utility Tractor (Unused),Utility Tractor,"Southeast Regional Event, USA - Mar 23, 2026",2026-03-23 12:00:00,Live Auction,,https://www.rbauction.com/cp/agricultural-tractors,,,,
2025,IRET13,2025.0,,,"Newnan, GA, USA",,H9RZYF3TXSA137522,RitchieBros,2026-01-20 22:53:28.229233,4A75FE02-1724-380E-9746-1D4CF69A2F0C,2025 SDGRAND IRET13 3 TT E-Trike Mini Utility Tractor (Unused),Utility Tractor,"Southeast Regional Event, USA - Mar 23, 2026",2026-03-23 12:00:00,Live Auction,,https://www.rbauction.com/cp/agricultural-tractors,,,,
2026,IRET13,2026.0,,,"North East, MD, USA",,,RitchieBros,2026-01-20 22:53:28.229233,E9CF11C6-4065-3D20-A847-FEFD80FEBA62,2026 SDGRAND IRET13 3 TT E-Trike Mini Utility Tractor (Unused),Utility Tractor,"Northeast Regional Event, USA - Mar 25, 2026",2026-03-25 12:00:00,Live Auction,,https://www.rbauction.com/cp/agricultural-tractors,,,,
2026,IRET13,2026.0,,,"North East, MD, USA",,,RitchieBros,2026-01-20 22:53:28.229233,68CF2AC1-2333-31B5-9FD6-AD4398585DEC,2026 SDGRAND IRET13 3 TT E-Trike Mini Utility Tractor (Unused),Utility Tractor,"Northeast Regional Event, USA - Mar 25, 2026",2026-03-25 12:00:00,Live Auction,,https://www.rbauction.com/cp/agricultural-tractors,,,,
2026,IRET13,2026.0,,,"North East, MD, USA",,H9RZYF3TXSA137498,RitchieBros,2026-01-20 22:53:28.229233,D9BBF1CE-A7AA-3873-8C21-1555FEA66017,2026 SDGRAND IRET13 3 TT E-Trike Mini Utility Tractor (Unused),Utility Tractor,"Northeast Regional Event, USA - Mar 25, 2026",2026-03-25 12:00:00,Live Auction,,https://www.rbauction.com/cp/agricultural-tractors,,,,
2026,IRET13,2026.0,,,"North East, MD, USA",,H9RZYF3TXSA137502,RitchieBros,2026-01-20 22:53:28.229233,4867BEC0-1173-3A00-AF0F-03AF0B4A2503,2026 SDGRAND IRET13 3 TT E-Trike Mini Utility Tractor (Unused),Utility Tractor,"Northeast Regional Event, USA - Mar 25, 2026",2026-03-25 12:00:00,Live Auction,,https://www.rbauction.com/cp/agricultural-tractors,,,,
2026,IRET13,2026.0,,,"North East, MD, USA",,H9RZYF3TXSA137506,RitchieBros,2026-01-20 22:53:28.229233,81C87118-7FB5-332F-9075-11352E6ACE7B,2026 SDGRAND IRET13 3 TT E-Trike Mini Utility Tractor (Unused),Utility Tractor,"Northeast Regional Event, USA - Mar 25, 2026",2026-03-25 12:00:00,Live Auction,,https://www.rbauction.com/cp/agricultural-tractors,,,,
2026,IRET13,2026.0,,,"North East, MD, USA",,,RitchieBros,2026-01-20 22:53:28.229233,9C00FD0C-11C3-34C6-8969-35BB675600FD,2026 SDGRAND IRET13 3 TT E-Trike Mini Utility Tractor (Unused),Utility Tractor,"Northeast Regional Event, USA - Mar 25, 2026",2026-03-25 12:00:00,Live Auction,,https://www.rbauction.com/cp/agricultural-tractors,,,,
2026,IRET13,2026.0,,,"North East, MD, USA",,,RitchieBros,2026-01-20 22:53:28.229233,4E2E9AC3-C642-3458-8448-E0909298A365,2026 SDGRAND IRET13 3 TT E-Trike Mini Utility Tractor (Unused),Utility Tractor,"Northeast Regional Event, USA - Mar 25, 2026",2026-03-25 12:00:00,Live Auction,,https://www.rbauction.com/cp/agricultural-tractors,,,,
2026,IRET13,2026.0,,,"Newnan, GA, USA",,,RitchieBros,2026-01-20 22:53:28.229233,B44BF24D-8848-3C49-AF5E-C658F2762C50,2026 SDGRAND IRET13 3 TT E-Trike Mini Utility Tractor (Unused),Utility Tractor,"Southeast Regional Event, USA - Mar 23, 2026",2026-03-23 12:00:00,Live Auction,,https://www.rbauction.com/cp/agricultural-tractors,,,,
2026,IRET13,2026.0,,,"Newnan, GA, USA",,,RitchieBros,2026-01-20 22:53:28.229233,3DEFF98E-3403-3813-985A-302A69952860,2026 SDGRAND IRET13 3 TT E-Trike Mini Utility Tractor (Unused),Utility Tractor,"Southeast Regional Event, USA - Mar 23, 2026",2026-03-23 12:00:00,Live Auction,,https://www.rbauction.com/cp/agricultural-tractors,,,,
2026,IRET13,2026.0,,,"Newnan, GA, USA",,,RitchieBros,2026-01-20 22:53:28.229233,2B2EE0D5-9DFD-3FA9-A225-69D8EB7913A5,2026 SDGRAND IRET13 3 TT E-Trike Mini Utility Tractor (Unused),Utility Tractor,"Southeast Regional Event, USA - Mar 23, 2026",2026-03-23 12:00:00,Live Auction,,https://www.rbauction.com/cp/agricultural-tractors,,,,
2026,IRET13,2026.0,,,"Newnan, GA, USA",,,RitchieBros,2026-01-20 22:53:28.229233,CB01F9D6-6925-351F-9579-4E0D43AB60EA,2026 SDGRAND IRET13 3 TT E-Trike Mini Utility Tractor (Unused),Utility Tractor,"Southeast Regional Event, USA - Mar 23, 2026",2026-03-23 12:00:00,Live Auction,,https://www.rbauction.com/cp/agricultural-tractors,,,,
2026,IRET13,2026.0,,,"Mont-Saint-Hilaire, QC, CAN",,,RitchieBros,2026-01-20 22:53:28.229233,9475B8DB-DAEB-3109-99F1-943C9B512C08,2026 SDLANCH IRET13 3 TT E-Trike Mini Utility Tractor (Unused),Utility Tractor,"Quebec Regional Event, CAN - Mar 30, 2026",2026-03-30 12:00:00,Live Auction,,https://www.rbauction.com/cp/agricultural-tractors,,,,
2026,IRET13,2026.0,,,"Mont-Saint-Hilaire, QC, CAN",,,RitchieBros,2026-01-20 22:53:28.229233,FCAE97DE-E51B-3D38-8212-E723799473B3,2026 SDLANCH IRET13 3 TT E-Trike Mini Utility Tractor (Unused),Utility Tractor,"Quebec Regional Event, CAN - Mar 30, 2026",2026-03-30 12:00:00,Live Auction,,https://www.rbauction.com/cp/agricultural-tractors,,,,
2026,IRET13,2026.0,,,"Mont-Saint-Hilaire, QC, CAN",,,RitchieBros,2026-01-20 22:53:28.229233,B1D8103A-7A85-335A-8C63-B79C66844C99,2026 SDLANCH IRET13 3 TT E-Trike Mini Utility Tractor (Unused),Utility Tractor,"Quebec Regional Event, CAN - Mar 30, 2026",2026-03-30 12:00:00,Live Auction,,https://www.rbauction.com/cp/agricultural-tractors,,,,
2026,IRET13,2026.0,,,"Mont-Saint-Hilaire, QC, CAN",,,RitchieBros,2026-01-20 22:53:28.229233,0E1BA5A6-B411-39D2-B4B4-8F0A80511B16,2026 SDLANCH IRET13 3 TT E-Trike Mini Utility Tractor (Unused),Utility Tractor,"Quebec Regional Event, CAN - Mar 30, 2026",2026-03-30 12:00:00,Live Auction,,https://www.rbauction.com/cp/agricultural-tractors,,,,
Kubota,BX23SLB-R,2020.0,,,"Davenport, FL, USA",,45283,RitchieBros,2026-01-20 22:53:28.229233,EC4B166F-2C4E-33DE-AE3B-D662AF9FCE06,2020 Kubota BX23SLBR Utility Tractor,Utility Tractor,"Orlando, FL, USA - Feb 16, 2026",2026-02-16 13:00:00,Live Auction,,https://www.rbauction.com/cp/agricultural-tractors,,,,
Kubota,BX23S,2021.0,,,"Newnan, GA, USA",,63729,RitchieBros,2026-01-20 22:53:28.229233,88B701FD-B4B5-347F-BD04-BA5BF375257A,2021 Kubota BX23S Utility Tractor,Utility Tractor,"Southeast Regional Event, USA - May 27, 2026",2026-05-27 12:00:00,Live Auction,,https://www.rbauction.com/cp/agricultural-tractors,,,,
Kubota,BX23SLSB-R-1,2021.0,,,"North Franklin, CT, USA",,KBUC1DHRAMGF63368,RitchieBros,2026-01-20 22:53:28.229233,E7854A72-E66B-3A03-8DFB-A3E4DAF2AB4D,2021 Kubota BX23SLSB-R-1 Backhoe Utility Tractor,Utility Tractor,"Northeast Regional Event, USA - Mar 25, 2026",2026-03-25 12:00:00,Live Auction,,https://www.rbauction.com/cp/agricultural-tractors,,,,
Case,2090,1981.0,,,"Rose Valley, SK, CAN",,9917922,RitchieBros,2026-01-20 22:53:28.229233,4B01D711-B0C5-32C6-B517-A6561D76B5BB,1981 Case 2090 2WD Tractor,2WD Tractor,"Rose Valley, SK, CAN - Apr 17, 2026",2026-04-17 18:00:00,Live Auction,,https://www.rbauction.com/cp/agricultural-tractors,,,,
John Deere,3032E,,,,"Mead, CO, USA",,1LV3032EJNN145311,RitchieBros,2026-01-20 22:53:28.229233,FB7D4E7C-30D0-30B8-A3F2-513C3C6EBAB1,John Deere 3032E Utility Tractor,Utility Tractor,"Rocky Mountain Regional Event, USA - Feb 25, 2026",2026-02-25 15:00:00,Live Auction,,https://www.rbauction.com/cp/agricultural-tractors,,,,
Kubota,BX23S,,,,"Lake Worth, TX, USA",,,RitchieBros,2026-01-20 22:53:28.229233,36DA72E8-B07B-32EE-8A7A-4F1E289481D0,Kubota BX23S    Utility Tractor,Utility Tractor,"Texas Regional Event, USA - Mar 18, 2026",2026-03-18 13:00:00,Live Auction,,https://www.rbauction.com/cp/agricultural-tractors,,,,
Kubota,BX23S,,,,"Lake Worth, TX, USA",,65122,RitchieBros,2026-01-20 22:53:28.229233,A9F303C5-E28C-31DE-9820-0FF70B840F84,Kubota BX23S Utility Tractor,Utility Tractor,"Texas Regional Event, USA - Mar 18, 2026",2026-03-18 13:00:00,Live Auction,,https://www.rbauction.com/cp/agricultural-tractors,,,,
Kubota,BX23S,,,,"Humble, TX, USA",,64494,RitchieBros,2026-01-20 22:53:28.229233,692EDDFC-299E-3CBB-9F99-75110B6BD566,Kubota BX23S   Utility Tractor,Utility Tractor,"Texas Regional Event, USA - Mar 18, 2026",2026-03-18 13:00:00,Live Auction,,https://www.rbauction.com/cp/agricultural-tractors,,,,
Kubota,BX23S,,,,"Humble, TX, USA",,63186,RitchieBros,2026-01-20 22:53:28.229233,0F12082E-7170-3DD8-8D46-FAB32289AE93,Kubota BX23S   Utility Tractor,Utility Tractor,"Texas Regional Event, USA - Mar 18, 2026",2026-03-18 13:00:00,Live Auction,,https://www.rbauction.com/cp/agricultural-tractors,,,,
Kubota,BX23S,,,,"Humble, TX, USA",,,RitchieBros,2026-01-20 22:53:28.229233,8FC0B2E6-EEBB-3E1A-AD0D-F77E4A095B15,Kubota BX23S    Utility Tractor,Utility Tractor,"Texas Regional Event, USA - Mar 18, 2026",2026-03-18 13:00:00,Live Auction,,https://www.rbauction.com/cp/agricultural-tractors,,,,
Kubota,BX23S,,,,"Humble, TX, USA",,,RitchieBros,2026-01-20 22:53:28.229233,E3C7FC3E-AE1B-3A83-8034-9CC33AF138D9,Kubota BX23S    Utility Tractor,Utility Tractor,"Texas Regional Event, USA - Mar 18, 2026",2026-03-18 13:00:00,Live Auction,,https://www.rbauction.com/cp/agricultural-tractors,,,,
Kubota,BX23S,,,,"Humble, TX, USA",,67310,RitchieBros,2026-01-20 22:53:28.229233,C356B9EA-E890-300B-A3F1-BCFC10E85BD0,Kubota BX23S Utility Tractor,Utility Tractor,"Texas Regional Event, USA - Mar 18, 2026",2026-03-18 13:00:00,Live Auction,,https://www.rbauction.com/cp/agricultural-tractors,,,,
Kubota,BX23S,,,,"Humble, TX, USA",,67159,RitchieBros,2026-01-20 22:53:28.229233,52375D07-C4A3-3806-A152-5F778F49440A,Kubota BX23S Utility Tractor,Utility Tractor,"Texas Regional Event, USA - Apr 15, 2026",2026-04-15 13:00:00,Live Auction,,https://www.rbauction.com/cp/agricultural-tractors,,,,
Kubota,BX23S,,,,"Humble, TX, USA",,64398,RitchieBros,2026-01-20 22:53:28.229233,53BCB1DA-750F-3692-8572-701F005D81EE,Kubota BX23S Utility Tractor,Utility Tractor,"Texas Regional Event, USA - Apr 15, 2026",2026-04-15 13:00:00,Live Auction,,https://www.rbauction.com/cp/agricultural-tractors,,,,
Kubota,BX23S,,,,"Humble, TX, USA",,65611,RitchieBros,2026-01-20 22:53:28.229233,2433DE35-CF8A-3D81-ADFF-F677842C8EB5,Kubota BX23S Utility Tractor,Utility Tractor,"Texas Regional Event, USA - Apr 15, 2026",2026-04-15 13:00:00,Live Auction,,https://www.rbauction.com/cp/agricultural-tractors,,,,
2026,IRET13,2026.0,,,"Perris, CA, USA",,H9RZYF3TXSA137460,RitchieBros,2026-01-20 22:53:28.229233,FBD65883-317B-3FB8-9393-C68B5FBA4B1F,2026 SDGRAND IRET13 3 TT E-Trike Mini Utility Tractor (Unused),Utility Tractor,"California Regional Event, USA - Mar 25, 2026",2026-03-25 15:00:00,Live Auction,,https://www.rbauction.com/cp/agricultural-tractors,,,,
2026,IRET13,2026.0,,,"Perris, CA, USA",,,RitchieBros,2026-01-20 22:53:28.229233,DAF8BCB9-64AD-3B00-A213-648ABF4DE4AD,2026 SDGRAND IRET13 3 TT E-Trike Mini Utility Tractor (Unused),Utility Tractor,"California Regional Event, USA - Mar 25, 2026",2026-03-25 15:00:00,Live Auction,,https://www.rbauction.com/cp/agricultural-tractors,,,,
2026,IRET13,2026.0,,,"Perris, CA, USA",,H9RZYF3TXSA137450,RitchieBros,2026-01-20 22:53:28.229233,9398665F-BCC4-3993-814C-AEBD5FF59E1B,2026 SDGRAND IRET13 3 TT E-Trike Mini Utility Tractor (Unused),Utility Tractor,"California Regional Event, USA - Mar 25, 2026",2026-03-25 15:00:00,Live Auction,,https://www.rbauction.com/cp/agricultural-tractors,,,,
2026,IRET13,2026.0,,,"Perris, CA, USA",,H9RZYF3TXSA137449,RitchieBros,2026-01-20 22:53:28.229233,69C83F79-3335-3896-8166-C4FD5D41FACA,2026 SDGRAND IRET13 3 TT E-Trike Mini Utility Tractor (Unused),Utility Tractor,"California Regional Event, USA - Mar 25, 2026",2026-03-25 15:00:00,Live Auction,,https://www.rbauction.com/cp/agricultural-tractors,,,,
2026,IRET13,2026.0,,,"Perris, CA, USA",,H9RZYF3TXSA137454,RitchieBros,2026-01-20 22:53:28.229233,04BB9A9E-2842-3AED-9322-C7DA12C3519A,2026 SDGRAND IRET13 3 TT E-Trike Mini Utility Tractor (Unused),Utility Tractor,"California Regional Event, USA - Mar 25, 2026",2026-03-25 15:00:00,Live Auction,,https://www.rbauction.com/cp/agricultural-tractors,,,,
2026,IRET13,2026.0,,,"Perris, CA, USA",,,RitchieBros,2026-01-20 22:53:28.229233,F1782C02-0F2F-3900-8A91-64945017462F,2026 SDGRAND IRET13 3 TT E-Trike Mini Utility Tractor (Unused),Utility Tractor,"California Regional Event, USA - Mar 25, 2026",2026-03-25 15:00:00,Live Auction,,https://www.rbauction.com/cp/agricultural-tractors,,,,
2026,IRET13,2026.0,,,"Perris, CA, USA",,,RitchieBros,2026-01-20 22:53:28.229233,A8B5E584-311E-3F1A-9108-57A7A2147023,2026 SDGRAND IRET13 3 TT E-Trike Mini Utility Tractor (Unused),Utility Tractor,"California Regional Event, USA - Mar 25, 2026",2026-03-25 15:00:00,Live Auction,,https://www.rbauction.com/cp/agricultural-tractors,,,,
2026,IRET13,2026.0,,,"Perris, CA, USA",,H9RZYF3TXSA137461,RitchieBros,2026-01-20 22:53:28.229233,883C1CD8-129F-35A7-B52D-507747A527BC,2026 SDGRAND IRET13 3 TT E-Trike Mini Utility Tractor (Unused),Utility Tractor,"California Regional Event, USA - Mar 25, 2026",2026-03-25 15:00:00,Live Auction,,https://www.rbauction.com/cp/agricultural-tractors,,,,
2026,IRET13,2026.0,,,"Perris, CA, USA",,H9RZYF3TXSA137458,RitchieBros,2026-01-20 22:53:28.229233,4B3FB2A3-23BF-36E4-A8F6-2BD041B6B7CE,2026 SDGRAND IRET13 3 TT E-Trike Mini Utility Tractor (Unused),Utility Tractor,"California Regional Event, USA - Mar 25, 2026",2026-03-25 15:00:00,Live Auction,,https://www.rbauction.com/cp/agricultural-tractors,,,,
2026,IRET13,2026.0,,,"Perris, CA, USA",,,RitchieBros,2026-01-20 22:53:28.229233,896DAA68-7308-324E-9469-02CD8FD2A1F3,2026 SDGRAND IRET13 3 TT E-Trike Mini Utility Tractor (Unused),Utility Tractor,"California Regional Event, USA - Mar 25, 2026",2026-03-25 15:00:00,Live Auction,,https://www.rbauction.com/cp/agricultural-tractors,,,,
2026,IRET13,2026.0,,,"Tulare, CA, USA",,,RitchieBros,2026-01-20 22:53:28.229233,8B26413B-0172-39B6-8AD4-17764B3535AE,2026 SDGRAND IRET13 3 TT E-Trike Mini Utility Tractor (Unused),Utility Tractor,"California Regional Event, USA - Mar 25, 2026",2026-03-25 15:00:00,Live Auction,,https://www.rbauction.com/cp/agricultural-tractors,,,,
2026,IRET13,2026.0,,,"Tulare, CA, USA",,,RitchieBros,2026-01-20 22:53:28.229233,50BC7761-CFAB-378F-9D7E-D2B81A78525E,2026 SDGRAND IRET13 3 TT E-Trike Mini Utility Tractor (Unused),Utility Tractor,"California Regional Event, USA - Mar 25, 2026",2026-03-25 15:00:00,Live Auction,,https://www.rbauction.com/cp/agricultural-tractors,,,,
2026,IRET13,2026.0,,,"Tulare, CA, USA",,,RitchieBros,2026-01-20 22:53:28.229233,B3484FCB-EF8B-329A-902D-77683DF289DD,2026 SDGRAND IRET13 3 TT E-Trike Mini Utility Tractor (Unused),Utility Tractor,"California Regional Event, USA - Mar 25, 2026",2026-03-25 15:00:00,Live Auction,,https://www.rbauction.com/cp/agricultural-tractors,,,,
2026,IRET13,2026.0,,,"Tulare, CA, USA",,,RitchieBros,2026-01-20 22:53:28.229233,430DB6B1-6108-38E3-98E9-D815AF38DF36,2026 SDGRAND IRET13 3 TT E-Trike Mini Utility Tractor (Unused),Utility Tractor,"California Regional Event, USA - Mar 25, 2026",2026-03-25 15:00:00,Live Auction,,https://www.rbauction.com/cp/agricultural-tractors,,,,
2026,IRET13,2026.0,,,"Tulare, CA, USA",,,RitchieBros,2026-01-20 22:53:28.229233,0ACB3790-0D90-39F6-A7CB-BCC9820B7CED,2026 SDGRAND IRET13 3 TT E-Trike Mini Utility Tractor (Unused),Utility Tractor,"California Regional Event, USA - Mar 25, 2026",2026-03-25 15:00:00,Live Auction,,https://www.rbauction.com/cp/agricultural-tractors,,,,
2026,IRET13,2026.0,,,"Tulare, CA, USA",,,RitchieBros,2026-01-20 22:53:28.229233,F1CE82DB-8330-3147-AF31-7E59C7B6E327,2026 SDGRAND IRET13 3 TT E-Trike Mini Utility Tractor (Unused),Utility Tractor,"California Regional Event, USA - Mar 25, 2026",2026-03-25 15:00:00,Live Auction,,https://www.rbauction.com/cp/agricultural-tractors,,,,
2026,IRET13,2026.0,,,"Tulare, CA, USA",,,RitchieBros,2026-01-20 22:53:28.229233,BBDD780A-1466-313C-B8D2-C4AE7449807C,2026 SDGRAND IRET13 3 TT E-Trike Mini Utility Tractor (Unused),Utility Tractor,"California Regional Event, USA - Mar 25, 2026",2026-03-25 15:00:00,Live Auction,,https://www.rbauction.com/cp/agricultural-tractors,,,,
2026,IRET13,2026.0,,,"Tulare, CA, USA",,,RitchieBros,2026-01-20 22:53:28.229233,057559E9-8D5E-3B9C-AD91-9F00DF2265C5,2026 SDGRAND IRET13 3 TT E-Trike Mini Utility Tractor (Unused),Utility Tractor,"California Regional Event, USA - Mar 25, 2026",2026-03-25 15:00:00,Live Auction,,https://www.rbauction.com/cp/agricultural-tractors,,,,
2026,IRET13,2026.0,,,"Dunnigan, CA, USA",,,RitchieBros,2026-01-20 22:53:28.229233,627375DF-3ECB-3DE9-A42F-4C7F8F956C3E,2026 SDGRAND IRET13 3 TT E-Trike Mini Utility Tractor (Unused),Utility Tractor,"California Regional Event, USA - Mar 25, 2026",2026-03-25 15:00:00,Live Auction,,https://www.rbauction.com/cp/agricultural-tractors,,,,
2026,IRET13,2026.0,,,"Dunnigan, CA, USA",,H9RZYF3TXSA137509,RitchieBros,2026-01-20 22:53:28.229233,2C268F5A-A22A-3CF3-AB29-12F238FEEBD2,2026 SDGRAND IRET13 3 TT E-Trike Mini Utility Tractor (Unused),Utility Tractor,"California Regional Event, USA - Mar 25, 2026",2026-03-25 15:00:00,Live Auction,,https://www.rbauction.com/cp/agricultural-tractors,,,,
2026,IRET13,2026.0,,,"Dunnigan, CA, USA",,,RitchieBros,2026-01-20 22:53:28.229233,1765F642-4331-3CF0-91BE-AB8E235DA1CC,2026 SDGRAND IRET13 3 TT E-Trike Mini Utility Tractor (Unused),Utility Tractor,"California Regional Event, USA - Mar 25, 2026",2026-03-25 15:00:00,Live Auction,,https://www.rbauction.com/cp/agricultural-tractors,,,,
2026,IRET13,2026.0,,,"Dunnigan, CA, USA",,H9RZYF3TXSA137494,RitchieBros,2026-01-20 22:53:28.229233,3B82308F-71D0-3C54-B843-6F25CA2DA8F1,2026 SDGRAND IRET13 3 TT E-Trike Mini Utility Tractor (Unused),Utility Tractor,"California Regional Event, USA - Mar 25, 2026",2026-03-25 15:00:00,Live Auction,,https://www.rbauction.com/cp/agricultural-tractors,,,,
2026,IRET13,2026.0,,,"Dunnigan, CA, USA",,,RitchieBros,2026-01-20 22:53:28.229233,22D326B2-6FA1-3452-B425-2A6CB96130CC,2026 SDGRAND IRET13 3 TT E-Trike Mini Utility Tractor (Unused),Utility Tractor,"California Regional Event, USA - Mar 25, 2026",2026-03-25 15:00:00,Live Auction,,https://www.rbauction.com/cp/agricultural-tractors,,,,
2026,IRET13,2026.0,,,"Dunnigan, CA, USA",,H9RZYF3TXSA137501,RitchieBros,2026-01-20 22:53:28.229233,3DC1FB35-4610-3BC4-8B34-06C669CF50E1,2026 SDGRAND IRET13 3 TT E-Trike Mini Utility Tractor (Unused),Utility Tractor,"California Regional Event, USA - Mar 25, 2026",2026-03-25 15:00:00,Live Auction,,https://www.rbauction.com/cp/agricultural-tractors,,,,
2026,IRET13,2026.0,,,"Dunnigan, CA, USA",,,RitchieBros,2026-01-20 22:53:28.229233,EF4E0B74-F9EA-33E0-9F30-0D393B65CBA1,2026 SDGRAND IRET13 3 TT E-Trike Mini Utility Tractor (Unused),Utility Tractor,"California Regional Event, USA - Mar 25, 2026",2026-03-25 15:00:00,Live Auction,,https://www.rbauction.com/cp/agricultural-tractors,,,,
Kubota,BX23S,,,,"Las Vegas, NV, USA",,,RitchieBros,2026-01-20 22:53:28.229233,C8A70515-2B39-326D-A38D-71D23ED61F3D,Kubota BX23S Utility Tractor,Utility Tractor,"Las Vegas, NV, USA - Mar 05, 2026",2026-03-05 16:00:00,Live Auction,,https://www.rbauction.com/cp/agricultural-tractors,,,,
Massey Ferguson,MF4608,2014.0,,,"Davenport, FL, USA",,M46080EJK22732,RitchieBros,2026-01-20 22:53:28.229233,CEDD5EDD-871A-3F0F-8977-2DBFF24B6DE8,2014 Massey Ferguson MF4608 Utility Tractor,Utility Tractor,"Orlando, FL, USA - Feb 16, 2026",2026-02-16 13:00:00,Live Auction,,https://www.rbauction.com/cp/agricultural-tractors,,,,
2026,IRET13,2026.0,,,"Amaranth, ON, CAN",,H9RZYF3TXSA137413,RitchieBros,2026-01-20 22:53:28.229233,C6D69CEC-D7FC-3DBE-82FA-FBA10D15EEBC,2026 SDLANCH IRET13 3 TT E-Trike Mini Utility Tractor (Unused),Utility Tractor,"Ontario Regional Event, CAN - Mar 25, 2026",2026-03-25 12:00:00,Live Auction,,https://www.rbauction.com/cp/agricultural-tractors,,,,
2026,IRET13,2026.0,,,"Amaranth, ON, CAN",,H9RZYF3TXSA137420,RitchieBros,2026-01-20 22:53:28.229233,C9D43771-C0A7-306E-9521-77A1A3CA251C,2026 SDLANCH IRET13 3 TT E-Trike Mini Utility Tractor (Unused),Utility Tractor,"Ontario Regional Event, CAN - Mar 25, 2026",2026-03-25 12:00:00,Live Auction,,https://www.rbauction.com/cp/agricultural-tractors,,,,
2026,IRET13,2026.0,,,"Amaranth, ON, CAN",,H9RZYF3TXSA137416,RitchieBros,2026-01-20 22:53:28.229233,30A8AAA4-0EDB-3562-B4DA-0158FCD68EFA,2026 SDLANCH IRET13 3 TT E-Trike Mini Utility Tractor (Unused),Utility Tractor,"Ontario Regional Event, CAN - Mar 25, 2026",2026-03-25 12:00:00,Live Auction,,https://www.rbauction.com/cp/agricultural-tractors,,,,
Kubota,BX23S,,,,"Amaranth, ON, CAN",,48955,RitchieBros,2026-01-20 22:53:28.229233,47475721-78D6-3287-BBFA-BC6C61552B36,Kubota BX23S Utility Tractor,Utility Tractor,"Ontario Regional Event, CAN - Mar 25, 2026",2026-03-25 12:00:00,Live Auction,,https://www.rbauction.com/cp/agricultural-tractors,,,,
Kubota,BX23S,,,,"Amaranth, ON, CAN",,61100,RitchieBros,2026-01-20 22:53:28.229233,AC4739A2-BAD5-3866-83DF-F2EF20496E95,Kubota BX23S Utility Tractor,Utility Tractor,"Ontario Regional Event, CAN - Mar 25, 2026",2026-03-25 12:00:00,Live Auction,,https://www.rbauction.com/cp/agricultural-tractors,,,,
2026,IRET13,2026.0,,,"Brandon, MB, CAN",,H9RZYF3TXSA137067,RitchieBros,2026-01-20 22:53:28.229233,F3FCCB33-4B1B-3806-A166-C3EA80BDAF8D,2026 SDLANCH IRET13 3 TT E-Trike Mini Utility Tractor (Unused),Utility Tractor,"Manitoba Regional Event, CAN - Mar 03, 2026",2026-03-03 19:00:00,Live Auction,,https://www.rbauction.com/cp/agricultural-tractors,,,,
2026,IRET13,2026.0,,,"Brandon, MB, CAN",,H9RZYF3TXSA137070,RitchieBros,2026-01-20 22:53:28.229233,EE87A12F-B17B-3FE9-B545-669D4BA97518,2026 SDLANCH IRET13 3 TT E-Trike Mini Utility Tractor (Unused),Utility Tractor,"Manitoba Regional Event, CAN - Mar 03, 2026",2026-03-03 19:00:00,Live Auction,,https://www.rbauction.com/cp/agricultural-tractors,,,,
2026,IRET13,2026.0,,,"Brandon, MB, CAN",,H9RZYF3TXSA137066,RitchieBros,2026-01-20 22:53:28.229233,2718D303-5D45-3A4F-A056-D5167AD47517,2026 SDLANCH IRET13 3 TT E-Trike Mini Utility Tractor (Unused),Utility Tractor,"Manitoba Regional Event, CAN - Mar 03, 2026",2026-03-03 19:00:00,Live Auction,,https://www.rbauction.com/cp/agricultural-tractors,,,,
2026,IRET13,2026.0,,,"Brandon, MB, CAN",,H9RZYF3TXSA137045,RitchieBros,2026-01-20 22:53:28.229233,852C6DFB-6819-39CD-9D1B-3033DEC17BCC,2026 SDLANCH IRET13 3 TT E-Trike Mini Utility Tractor (Unused),Utility Tractor,"Manitoba Regional Event, CAN - Mar 03, 2026",2026-03-03 19:00:00,Live Auction,,https://www.rbauction.com/cp/agricultural-tractors,,,,
2026,IRET13,2026.0,,,"Brandon, MB, CAN",,H9RZYF3TXSA137050,RitchieBros,2026-01-20 22:53:28.229233,13F5B379-9A2E-38D4-B580-A4118A39A1F3,2026 SDLANCH IRET13 3 TT E-Trike Mini Utility Tractor (Unused),Utility Tractor,"Manitoba Regional Event, CAN - Mar 03, 2026",2026-03-03 19:00:00,Live Auction,,https://www.rbauction.com/cp/agricultural-tractors,,,,
2026,IRET13,2026.0,,,"Brandon, MB, CAN",,H9RZYF3TXSA137018,RitchieBros,2026-01-20 22:53:28.229233,1C605A00-B842-38B7-B9E7-0017779EA652,2026 SDLANCH IRET13 3 TT E-Trike Mini Utility Tractor (Unused),Utility Tractor,"Manitoba Regional Event, CAN - Mar 03, 2026",2026-03-03 19:00:00,Live Auction,,https://www.rbauction.com/cp/agricultural-tractors,,,,
John Deere,3032E,2009.0,,,"Humble, TX, USA",,1LV3032EVMN141406,RitchieBros,2026-01-20 22:53:28.229233,6D8DF4C3-A03C-3941-9CDA-BB88AE35E512,2009 John Deere 3032E Utility Tractor,Utility Tractor,"Texas Regional Event, USA - Feb 11, 2026",2026-02-11 14:00:00,Live Auction,,https://www.rbauction.com/cp/agricultural-tractors,,,,
Kubota,BX23S,,,,"North Franklin, CT, USA",,,RitchieBros,2026-01-20 22:53:28.229233,FE5565C7-D82B-397D-879F-20DA914099BF,Kubota BX23S Backhoe Utility Tractor,Utility Tractor,"Northeast Regional Event, USA - Mar 25, 2026",2026-03-25 12:00:00,Live Auction,,https://www.rbauction.com/cp/agricultural-tractors,,,,
Kubota,BX23S,,,,"North Franklin, CT, USA",,,RitchieBros,2026-01-20 22:53:28.229233,D288D1E1-06F4-3709-A51B-E2A33B527A57,Kubota BX23S Backhoe Backhoe Loader,Utility Tractor,"Northeast Regional Event, USA - Mar 25, 2026",2026-03-25 12:00:00,Live Auction,,https://www.rbauction.com/cp/agricultural-tractors,,,,
Kubota,BX23S,,,,"North Franklin, CT, USA",,,RitchieBros,2026-01-20 22:53:28.229233,00D99345-64D2-3D43-BBA0-FE3C8A3C46FA,Kubota BX23S Backhoe Backhoe Loader,Utility Tractor,"Northeast Regional Event, USA - Mar 25, 2026",2026-03-25 12:00:00,Live Auction,,https://www.rbauction.com/cp/agricultural-tractors,,,,
Kubota,BX23S,,,,"North East, MD, USA",,,RitchieBros,2026-01-20 22:53:28.229233,E185FE78-BFFC-3D34-8609-413B2B911074,Kubota BX23S Backhoe Backhoe Loader,Utility Tractor,"Northeast Regional Event, USA - Mar 25, 2026",2026-03-25 12:00:00,Live Auction,,https://www.rbauction.com/cp/agricultural-tractors,,,,
Kubota,BX23S,,,,"North East, MD, USA",,,RitchieBros,2026-01-20 22:53:28.229233,29F3D164-3E4A-377E-B997-571E31D3CCA9,Kubota BX23S Backhoe Backhoe Loader,Utility Tractor,"Northeast Regional Event, USA - Mar 25, 2026",2026-03-25 12:00:00,Live Auction,,https://www.rbauction.com/cp/agricultural-tractors,,,,
2026,IRET13,2026.0,,,"Chilliwack, BC, CAN",,H9RZYF3TXSA137192,RitchieBros,2026-01-20 22:53:28.229233,622C5ACD-DAE0-37EB-9419-E05951B0E1FB,2026 SDLANCH IRET13 3 TT E-Trike Mini Utility Tractor (Unused),Utility Tractor,"BC Regional Event, CAN - Mar 12, 2026",2026-03-12 15:00:00,Live Auction,,https://www.rbauction.com/cp/agricultural-tractors,,,,
2026,IRET13,2026.0,,,"Chilliwack, BC, CAN",,H9RZYF3TXSA137186,RitchieBros,2026-01-20 22:53:28.229233,225011FC-ADDA-37CB-8BE6-BA54EC4C5A4C,2026 SDLANCH IRET13 3 TT E-Trike Mini Utility Tractor (Unused),Utility Tractor,"BC Regional Event, CAN - Mar 12, 2026",2026-03-12 15:00:00,Live Auction,,https://www.rbauction.com/cp/agricultural-tractors,,,,
2026,IRET13,2026.0,,,"Chilliwack, BC, CAN",,H9RZYF3TXSA137163,RitchieBros,2026-01-20 22:53:28.229233,1479D2CB-C168-3EB1-A514-CAC0143A879A,2026 SDLANCH IRET13 3 TT E-Trike Mini Utility Tractor (Unused),Utility Tractor,"BC Regional Event, CAN - Mar 12, 2026",2026-03-12 15:00:00,Live Auction,,https://www.rbauction.com/cp/agricultural-tractors,,,,
2026,IRET13,2026.0,,,"Chilliwack, BC, CAN",,H9RZYF3TXSA137171,RitchieBros,2026-01-20 22:53:28.229233,EEED70B4-CF82-37B3-84B8-6BD38992DAA3,2026 SDLANCH IRET13 3 TT E-Trike Mini Utility Tractor (Unused),Utility Tractor,"BC Regional Event, CAN - Mar 12, 2026",2026-03-12 15:00:00,Live Auction,,https://www.rbauction.com/cp/agricultural-tractors,,,,
2026,IRET13,2026.0,,,"Chilliwack, BC, CAN",,H9RZYF3TXSA137155,RitchieBros,2026-01-20 22:53:28.229233,1FE30ABC-3BAB-3AF3-8381-4B95D72171D1,2026 SDLANCH IRET13 3 TT E-Trike Mini Utility Tractor (Unused),Utility Tractor,"BC Regional Event, CAN - Mar 12, 2026",2026-03-12 15:00:00,Live Auction,,https://www.rbauction.com/cp/agricultural-tractors,,,,
2026,IRET13,2026.0,,,"Chilliwack, BC, CAN",,H9RZYF3TXSA137185,RitchieBros,2026-01-20 22:53:28.229233,CA4D0668-5293-3BCA-9CCF-40BCD496DB64,2026 SDLANCH IRET13 3 TT E-Trike Mini Utility Tractor (Unused),Utility Tractor,"BC Regional Event, CAN - Mar 12, 2026",2026-03-12 15:00:00,Live Auction,,https://www.rbauction.com/cp/agricultural-tractors,,,,
2026,IRET13,2026.0,,,"Prince George, BC, CAN",,H9RZYF3TXSA137156,RitchieBros,2026-01-20 22:53:28.229233,E78806FA-1570-3890-B362-0A7CD8541AC9,2026 SDLANCH IRET13 3 TT E-Trike Mini Utility Tractor (Unused),Utility Tractor,"BC Regional Event, CAN - Mar 12, 2026",2026-03-12 15:00:00,Live Auction,,https://www.rbauction.com/cp/agricultural-tractors,,,,
2026,IRET13,2026.0,,,"Prince George, BC, CAN",,H9RZYF3TXSA137157,RitchieBros,2026-01-20 22:53:28.229233,7B405B4F-7392-31D4-9486-E5CC51838D15,2026 SDLANCH IRET13 3 TT E-Trike Mini Utility Tractor (Unused),Utility Tractor,"BC Regional Event, CAN - Mar 12, 2026",2026-03-12 15:00:00,Live Auction,,https://www.rbauction.com/cp/agricultural-tractors,,,,
2026,IRET13,2026.0,,,"Prince George, BC, CAN",,,RitchieBros,2026-01-20 22:53:28.229233,B2240724-1133-3034-A41C-B31AD4EE00AE,2026 SDLANCH IRET13 3 TT E-Trike Mini Utility Tractor (Unused),Utility Tractor,"BC Regional Event, CAN - Mar 12, 2026",2026-03-12 15:00:00,Live Auction,,https://www.rbauction.com/cp/agricultural-tractors,,,,
John Deere,2032R,2032.0,,,"Newnan, GA, USA",,1LV2032RTMM121010,RitchieBros,2026-01-20 22:53:28.229233,CB2D73E1-289F-32AF-BB51-68E5B75A0C24,John Deere 2032R Utility Tractor,Utility Tractor,"Southeast Regional Event, USA - Mar 23, 2026",2026-03-23 12:00:00,Live Auction,,https://www.rbauction.com/cp/agricultural-tractors,,,,
Massey-Harris,MH50,,,,"Eatonia, SK, CAN",,5I0270,RitchieBros,2026-01-20 22:53:28.229233,40AE0EB4-F45C-3345-B97C-84B6676BACD1,Massey-Harris MH50 2WD Tractor,2WD Tractor,"West Central Timed, Eatonia, SK, CAN - Apr 04, 2026",2026-04-04 16:00:00,Live Auction,,https://www.rbauction.com/cp/agricultural-tractors,,,,
Yanmar,SA424YBS,2021.0,,,"North East, MD, USA",,YMJS0026CMT413123,RitchieBros,2026-01-20 22:53:28.229233,6286A225-2A3C-3FFB-9E63-214F98D5E652,2021 Yanmar SA424YBS Utility Tractor,Utility Tractor,"Northeast Regional Event, USA - Feb 04, 2026",2026-02-04 13:00:00,Live Auction,,https://www.rbauction.com/cp/agricultural-tractors,,,,
Kubota,BX23S,,,,"South Vienna, OH, USA",,64328,RitchieBros,2026-01-20 22:53:28.229233,7C612807-C1E1-306B-8E03-79BAAB1F6E41,Kubota BX23S Utility Tractor,Utility Tractor,"Midwest Regional Event, USA - Mar 26, 2026",2026-03-26 13:00:00,Live Auction,,https://www.rbauction.com/cp/agricultural-tractors,,,,
Kubota,BX23S,,,,"South Vienna, OH, USA",,,RitchieBros,2026-01-20 22:53:28.229233,0E53D7F6-5649-38A9-ADA2-BC407546715F,Kubota BX23S Utility Tractor,Utility Tractor,"Midwest Regional Event, USA - Mar 26, 2026",2026-03-26 13:00:00,Live Auction,,https://www.rbauction.com/cp/agricultural-tractors,,,,
Kubota,BX23S,,,,"South Vienna, OH, USA",,62884,RitchieBros,2026-01-20 22:53:28.229233,468BC59A-70C0-3CFA-82C6-40178626D7BF,Kubota BX23S Utility Tractor,Utility Tractor,"Midwest Regional Event, USA - Mar 26, 2026",2026-03-26 13:00:00,Live Auction,,https://www.rbauction.com/cp/agricultural-tractors,,,,
New Holland,TL80,2004.0,,,"Davenport, FL, USA",,,RitchieBros,2026-01-20 22:53:28.229233,B76877E2-944C-3310-A16C-683D17FD4A82,2004 New Holland TL80 Sod Harvester 2WD Tractor,2WD Tractor,"Orlando, FL, USA - Feb 16, 2026",2026-02-16 13:00:00,Live Auction,,https://www.rbauction.com/cp/agricultural-tractors,,,,
John Deere,3032E,2009.0,,,"South Vienna, OH, USA",,1LV3032ETMN141396,RitchieBros,2026-01-20 22:53:28.229233,7CD98660-53DE-3CC1-AAA3-3008590304F1,2009 John Deere 3032E Utility Tractor,Utility Tractor,"Midwest Regional Event, USA - Mar 26, 2026",2026-03-26 13:00:00,Live Auction,,https://www.rbauction.com/cp/agricultural-tractors,,,,
John Deere,3032E,2009.0,,,"South Vienna, OH, USA",,1LV3032ECNN142653,RitchieBros,2026-01-20 22:53:28.229233,4E0E5DC7-AFC5-3F04-804E-A3D463F776FF,2009 John Deere 3032E Utility Tractor,Utility Tractor,"Midwest Regional Event, USA - Mar 26, 2026",2026-03-26 13:00:00,Live Auction,,https://www.rbauction.com/cp/agricultural-tractors,,,,
Kubota,BX23S,,,,"Davenport, FL, USA",,69798,RitchieBros,2026-01-20 22:53:28.229233,BCD182E5-C518-37EB-8736-2C6C5495E63B,Kubota BX23S Utility Tractor,Utility Tractor,"Orlando, FL, USA - May 21, 2026",2026-05-21 12:00:00,Live Auction,,https://www.rbauction.com/cp/agricultural-tractors,,,,
Kubota,BX23S,,,,"Davenport, FL, USA",,,RitchieBros,2026-01-20 22:53:28.229233,BB74D1EC-C33D-36CA-A4C1-12219227F0EF,Kubota BX23S Utility Tractor,Utility Tractor,"Orlando, FL, USA - May 21, 2026",2026-05-21 12:00:00,Live Auction,,https://www.rbauction.com/cp/agricultural-tractors,,,,
Kubota,BX23S,,,,"Davenport, FL, USA",,64985,RitchieBros,2026-01-20 22:53:28.229233,B959415A-0974-3AFD-9A00-B39CD99901A6,Kubota BX23S Utility Tractor,Utility Tractor,"Orlando, FL, USA - May 21, 2026",2026-05-21 12:00:00,Live Auction,,https://www.rbauction.com/cp/agricultural-tractors,,,,
Kubota,BX23S,,,,"Davenport, FL, USA",,64980,RitchieBros,2026-01-20 22:53:28.229233,A810DEFB-1717-390A-B8CF-EE68A323F570,Kubota BX23S Utility Tractor,Utility Tractor,"Orlando, FL, USA - May 21, 2026",2026-05-21 12:00:00,Live Auction,,https://www.rbauction.com/cp/agricultural-tractors,,,,
Kubota,BX23S,,,,"Davenport, FL, USA",,76399,RitchieBros,2026-01-20 22:53:28.229233,9AFA2852-C3A3-3E7F-8A2A-150593FFA50D,Kubota BX23S Utility Tractor,Utility Tractor,"Orlando, FL, USA - May 21, 2026",2026-05-21 12:00:00,Live Auction,,https://www.rbauction.com/cp/agricultural-tractors,,,,
Kubota,BX23S,,,,"Davenport, FL, USA",,65037,RitchieBros,2026-01-20 22:53:28.229233,503C9B4B-2284-3728-AD13-A3EF58EFB600,Kubota BX23S Utility Tractor,Utility Tractor,"Orlando, FL, USA - May 21, 2026",2026-05-21 12:00:00,Live Auction,,https://www.rbauction.com/cp/agricultural-tractors,,,,
John Deere,3032E,2009.0,,,"Carleton, MI, USA",,1LV3032EVNN143495,RitchieBros,2026-01-20 22:53:28.229233,42C55876-5501-31BF-854C-43983397CBCD,2009 John Deere 3032E Utility Tractor,Utility Tractor,"Midwest Regional Event, USA - Mar 26, 2026",2026-03-26 13:00:00,Live Auction,,https://www.rbauction.com/cp/agricultural-tractors,,,,
John Deere,3032E,2009.0,,,"Carleton, MI, USA",,1LV3032EPNN144849,RitchieBros,2026-01-20 22:53:28.229233,8302595E-9FE1-35F6-BB75-9DED5C4A47F4,2009 John Deere 3032E Utility Tractor,Utility Tractor,"Midwest Regional Event, USA - Mar 26, 2026",2026-03-26 13:00:00,Live Auction,,https://www.rbauction.com/cp/agricultural-tractors,,,,
John Deere,3032E,2009.0,,,"Carleton, MI, USA",,1LV3032ECMN141405,RitchieBros,2026-01-20 22:53:28.229233,A1342B69-4757-39F3-B969-721AE162A21F,2009 John Deere 3032E Utility Tractor,Utility Tractor,"Midwest Regional Event, USA - Mar 26, 2026",2026-03-26 13:00:00,Live Auction,,https://www.rbauction.com/cp/agricultural-tractors,,,,
Versatile,800,,,,"Valleyview, AB, CAN",,,RitchieBros,2026-01-20 22:53:28.229233,6567E81F-8725-370C-8E6C-3E6294CA2739,Versatile 800 Articulated Tractor (Inoperable),Articulated Tractor,"Valleyview, AB, CAN - Aug 06, 2026",2026-08-06 14:00:00,Live Auction,,https://www.rbauction.com/cp/agricultural-tractors,,,,
John Deere,3032E,2009.0,,,"Lebanon, TN, USA",,1LV3032ELMN141425,RitchieBros,2026-01-20 22:53:28.229233,7C53A3EF-1DC2-381F-B1A9-1A82FB4FEF40,2009 John Deere 3032E Utility Tractor,Utility Tractor,"Southeast Regional Event, USA - Mar 23, 2026",2026-03-23 12:00:00,Live Auction,,https://www.rbauction.com/cp/agricultural-tractors,,,,
Yanmar,SA424YBS,2021.0,,,"Dunnigan, CA, USA",,YMJS0026VMT414533,RitchieBros,2026-01-20 22:53:28.229233,04AEAFD4-ECF8-366A-A69F-0FDD868327E7,2021 Yanmar SA424YBS Utility Tractor,Utility Tractor,"California Regional Event, USA - Feb 12, 2026",2026-02-12 17:00:00,Live Auction,,https://www.rbauction.com/cp/agricultural-tractors,,,,
Yanmar,SA424YBS,2021.0,,,"Dunnigan, CA, USA",,YMJS0026PMT414512,RitchieBros,2026-01-20 22:53:28.229233,FD5855D5-39B2-373D-8D60-2D12A00CBD4D,2021 Yanmar SA424YBS Utility Tractor,Utility Tractor,"California Regional Event, USA - Feb 12, 2026",2026-02-12 17:00:00,Live Auction,,https://www.rbauction.com/cp/agricultural-tractors,,,,
John Deere,3032E,2009.0,,,"Newnan, GA, USA",,1LV3032EAMN141407,RitchieBros,2026-01-20 22:53:28.229233,E7C0587C-886B-3DFF-8F65-DE63D7CFD88C,2009 John Deere 3032E Utility Tractor,Utility Tractor,"Southeast Regional Event, USA - Mar 23, 2026",2026-03-23 12:00:00,Live Auction,,https://www.rbauction.com/cp/agricultural-tractors,,,,
2026,SL604,2026.0,,,"Ocana, CSTL, ESP",,604TLJ260102,RitchieBros,2026-01-20 22:53:28.229233,D62B29B8-40E6-3AEF-A54B-6747AA6225E9,2026 SDLOOL SL604 4WD Tractor (Unused),4WD Tractor,"Ocana, ESP - Mar 11, 2026",2026-03-11 07:00:00,Live Auction,,https://www.rbauction.com/cp/agricultural-tractors,,,,
Kioti,RX 7320,,,,"Davenport, FL, USA",,,RitchieBros,2026-01-20 22:53:28.229233,8B93E7D2-4006-3218-9647-89ABEAAB66DC,Kioti RX7320 Utility Tractor (Inoperable),Utility Tractor,"Orlando, FL, USA - Feb 16, 2026",2026-02-16 13:00:00,Live Auction,,https://www.rbauction.com/cp/agricultural-tractors,,,,
Case,1070,1978.0,,,"Rockglen, SK, CAN",,8820666,RitchieBros,2026-01-20 22:53:28.229233,89219A72-00D8-3244-9F7A-4B303674B522,1978 Case 1070 2WD Tractor,2WD Tractor,"Rockglen, SK, CAN - Apr 22, 2026",2026-04-22 14:00:00,Live Auction,,https://www.rbauction.com/cp/agricultural-tractors,,,,
Massey Ferguson,2680,,,,"Tulare, CA, USA",,BU43015,RitchieBros,2026-01-20 22:53:28.229233,A433DA2D-9CA5-3486-8246-DB10A9A2F8B8,Massey Ferguson 2680 2WD Tractor,2WD Tractor,"California Regional Event, USA - Feb 12, 2026",2026-02-12 17:00:00,Live Auction,,https://www.rbauction.com/cp/agricultural-tractors,,,,
New Holland,Holland,,,,"Davenport, FL, USA",,,RitchieBros,2026-01-20 22:53:28.229233,9FA1C41C-070C-3530-AB2F-931B771323BB,New Holland 1560 2WD Tractor,2WD Tractor,"Orlando, FL, USA - Feb 16, 2026",2026-02-16 13:00:00,Live Auction,,https://www.rbauction.com/cp/agricultural-tractors,,,,
Ford,FW-20,,,,"Ste. Agathe, MB, CAN",,100125,RitchieBros,2026-01-20 22:53:28.229233,C9FA624E-3929-361C-B860-24B5C5C4163E,Ford FW-20 4WD Tractor (Inoperable),4WD Tractor,"Manitoba Regional Event, CAN - Apr 21, 2026",2026-04-21 13:00:00,Live Auction,,https://www.rbauction.com/cp/agricultural-tractors,,,,
Massey Ferguson,2680,,,,"Tulare, CA, USA",,31022BV19009,RitchieBros,2026-01-20 22:53:28.229233,A6435923-576E-3A45-BC60-8E41C015DFAF,Massey Ferguson 2680 2WD Tractor,2WD Tractor,"California Regional Event, USA - Feb 12, 2026",2026-02-12 17:00:00,Live Auction,,https://www.rbauction.com/cp/agricultural-tractors,,,,
Massey-Harris,Antique,,,,"Wembley, AB, CAN",,,RitchieBros,2026-01-20 22:53:28.229233,B0A9049A-1F77-3068-AE2A-09A80784DF67,Massey-Harris Antique Tractor,Antique Tractor,"Wembley, AB, CAN - Jun 12, 2026",2026-06-12 14:00:00,Live Auction,,https://www.rbauction.com/cp/agricultural-tractors,,,,
Ford,4600,,,,"Medford, MN, USA",,U504943,RitchieBros,2026-01-20 22:53:28.229233,919974CC-2705-31CE-94C7-182C797642E8,Ford 4600 2WD Tractor,2WD Tractor,"Midwest Regional Event, USA - Feb 10, 2026",2026-02-10 14:00:00,Live Auction,,https://www.rbauction.com/cp/agricultural-tractors,,,,
John Deere,1050,,,,"Davenport, FL, USA",,5023324,RitchieBros,2026-01-20 22:53:28.229233,47FBAB36-36D2-345A-8C60-485837F7F2CA,John Deere 1050 Utility Tractor,Utility Tractor,"Orlando, FL, USA - Feb 16, 2026",2026-02-16 13:00:00,Live Auction,,https://www.rbauction.com/cp/agricultural-tractors,,,,
Yanmar,Ke-16,,,,"Ocana, CSTL, ESP",,010311,RitchieBros,2026-01-20 22:53:28.229233,F4E44C48-3AA5-3922-806D-52307D57D927,Yanmar Ke-16 2WD Tractor,2WD Tractor,"Ocana, ESP - Mar 11, 2026",2026-03-11 07:00:00,Live Auction,,https://www.rbauction.com/cp/agricultural-tractors,,,,
International,784,,,,"Davenport, FL, USA",,,RitchieBros,2026-01-20 22:53:28.229233,C9E80445-75F4-3C5B-BDEF-65BCACC2D559,International 784 2WD Tractor,2WD Tractor,"Orlando, FL, USA - Feb 16, 2026",2026-02-16 13:00:00,Live Auction,,https://www.rbauction.com/cp/agricultural-tractors,,,,
International Harvester,International,1959.0,,,"St Jean Baptiste, MB, CAN",,19412,RitchieBros,2026-01-20 22:53:28.229233,287BCB13-FC67-3D34-8CF7-C30CC023C59B,1959 International Harvester B-250 2WD Antique Tractor,Antique Tractor,"St Jean Baptiste, MB, CAN - Apr 17, 2026",2026-04-17 13:00:00,Live Auction,,https://www.rbauction.com/cp/agricultural-tractors,,,,
Case,S,1945.0,,,"Eckville, AB, CAN",,49074115,RitchieBros,2026-01-20 22:53:28.229233,9DA801C1-D71B-3BFA-9C0D-A313ACA66763,1945 Case S Antique Tractor,Antique Tractor,"Eckville, AB, CAN - Apr 22, 2026",2026-04-22 14:00:00,Live Auction,,https://www.rbauction.com/cp/agricultural-tractors,,,,
Ford,3010,,,,"Macrorie, SK, CAN",,,RitchieBros,2026-01-20 22:53:28.229233,5E0BA914-DA08-3052-92A8-52923D0F9C14,Ford 8N 2WD Tractor,2WD Tractor,"Macrorie, SK, CAN - Apr 20, 2026",2026-04-20 18:00:00,Live Auction,,https://www.rbauction.com/cp/agricultural-tractors,,,,
2026,SL604,2026.0,,,"Polotitlán de la Ilustración, MEX, MEX",,604TLJ2601501,RitchieBros,2026-01-20 22:53:28.229233,B98F555E-8E77-3651-AE35-83173019B95A,2026 SDLOOL SL604 Tractor Agricola (Sin Usar) / 4WD Tractor (Unused),4WD Tractor,"Polotitlan, MEX - Mar 13, 2026",2026-03-13 16:00:00,Live Auction,,https://www.rbauction.com/cp/agricultural-tractors,,,,
Case IH,Steiger 500HD,2013.0,,,"Lemberg, SK, CAN",,ZCF132725,RitchieBros,2026-01-20 22:53:28.229233,D47376F1-F414-30DD-B481-B68CD7DD774B,2013 Case IH Steiger 500HD Articulated Tractor,Articulated Tractor,Canada,2012-12-14 05:00:00,Make Offer,,https://www.rbauction.com/cp/agricultural-tractors,,,,
John Deere,6115R,2013.0,,,"Geelong, VIC, AUS",,,RitchieBros,2026-01-20 22:53:28.229233,F984FBCC-4759-3C0E-A7B0-BDAE4B98E495,2013 John Deere 6115R 4WD Tractor,4WD Tractor,AU DM 8%,2017-11-01 23:57:58,Buy Now,,https://www.rbauction.com/cp/agricultural-tractors,,,,
Kubota,M7-132 DELUXE,2021.0,,,"Baytown, TX, USA",,KBTMKDSAEMFB11293,RitchieBros,2026-01-20 22:53:28.229233,0427F253-25F2-30C5-884B-5E8FE5317F30,2021 Kubota M7-132 DELUXE 4WD Tractor,4WD Tractor,IronPlanet - North-America Daily Marketplace,1971-01-02 08:00:00,Make Offer,,https://www.rbauction.com/cp/agricultural-tractors,,,,
John Deere,4120,2020.0,,,"North Franklin, CT, USA",,,RitchieBros,2026-01-20 22:53:28.229233,3DA5ACA1-0E59-3A29-8168-141408783B2D,2020 John Deere 4120 Utility Tractor,Utility Tractor,IronPlanet - North-America Daily Marketplace,1971-01-02 08:00:00,Make Offer,,https://www.rbauction.com/cp/agricultural-tractors,,,,
John Deere,5065E,2016.0,,,"GILROY, CA, USA",,1PY5065ECGG101418,RitchieBros,2026-01-20 22:53:28.229233,D701F93E-9223-381B-B512-E4DFC788E5D8,2016 John Deere 5065E 4WD Tractor,4WD Tractor,29-Jan-26 FE Ring 2,2026-01-29 15:00:00,Online Auction,,https://www.rbauction.com/cp/agricultural-tractors,,,,
2021,Branson,2021.0,,,"Dunnigan, CA, USA",,2515HFT6A00283,RitchieBros,2026-01-20 22:53:28.229233,9CF15731-6186-3C4A-AA7F-BD634A23391A,2021 Branson 2515H 4WD Tractor,4WD Tractor,IronPlanet - North-America Daily Marketplace,1971-01-02 08:00:00,Make Offer,,https://www.rbauction.com/cp/agricultural-tractors,,,,
John Deere,1025R,,,,"Bessemer, AL, USA",,1LV1025RLGG108661,RitchieBros,2026-01-20 22:53:28.229233,F9068240-699B-32BE-A1FF-586B961683D5,John Deere 1025R Utility Tractor,Utility Tractor,29-Jan-26 FE Ring 2,2026-01-29 15:00:00,Online Auction,,https://www.rbauction.com/cp/agricultural-tractors,,,,
John Deere,John,2021.0,,,"Harvard, IL, USA",,1LV2032RCMN123226,RitchieBros,2026-01-20 22:53:28.229233,4F6DAE61-A421-3C6A-8774-02AAEC11CC96,2021 John Deere 2032R Utility Tractor,Utility Tractor,Salvage Sale Insurance Sellers,2031-08-11 01:07:00,Sealed Bid,,https://www.rbauction.com/cp/agricultural-tractors,,,,
John Deere,6150M,2016.0,,,"Decatur, TX, USA",,1L06150MLDG775053,RitchieBros,2026-01-20 22:53:28.229233,762A3B78-C772-3629-BE7B-0E776FAE3219,2016 John Deere 6150M 4WD Tractor,4WD Tractor,IronPlanet - North-America Daily Marketplace,1971-01-02 08:00:00,Sealed Bid,,https://www.rbauction.com/cp/agricultural-tractors,,,,
John Deere,Deere,,,,"Sulphur, LA, USA",,LV5400E542512,RitchieBros,2026-01-20 22:53:28.229233,1180AFCB-DA5E-3B3A-8A2F-205E4FBEA14F,John Deere 5400 4WD Tractor,4WD Tractor,IronPlanet - North-America Daily Marketplace,1971-01-02 08:00:00,Make Offer,,https://www.rbauction.com/cp/agricultural-tractors,,,,
John Deere,John,2025.0,,,"Stanley, NC, USA",,,RitchieBros,2026-01-20 22:53:28.229233,E0ACC619-686A-3633-BCC6-6C0BC84C9335,2025 John Deere 3032F 4WD Tractor,4WD Tractor,IronPlanet - North-America Daily Marketplace,1971-01-02 08:00:00,Make Offer,,https://www.rbauction.com/cp/agricultural-tractors,,,,
Kubota,L5240,2012.0,,,"Greensboro, NC, USA",,70856,RitchieBros,2026-01-20 22:53:28.229233,E3917260-30BA-33EB-9AEC-159E7171986F,2012 Kubota L5240 Utility Tractor,Utility Tractor,29-Jan-26 FE Ring 2,2026-01-29 15:00:00,Online Auction,,https://www.rbauction.com/cp/agricultural-tractors,,,,
John Deere,Deere,,,,"Elkridge, MD, USA",,,RitchieBros,2026-01-20 22:53:28.229233,628940F0-F37D-3708-BE72-46768DF19C1F,John Deere Utility Tractor,Utility Tractor,29-Jan-26 FE Ring 2,2026-01-29 15:00:00,Online Auction,,https://www.rbauction.com/cp/agricultural-tractors,,,,
Kubota,M7-171 Premium,2016.0,,,"Nisku, AB, CAN",,10047,RitchieBros,2026-01-20 22:53:28.229233,5A6A9E1E-808E-34F0-9C51-A28A25F37A16,2016 Kubota M7-171 Premium 4WD Tractor,4WD Tractor,Canada,2012-12-14 05:00:00,Make Offer,,https://www.rbauction.com/cp/agricultural-tractors,,,,
Kubota,BX23SLB-R,2022.0,,,"Snohomish, WA, USA",,KBUC1DHRLNGB72868,RitchieBros,2026-01-20 22:53:28.229233,9A8EC306-6E1E-39EA-9C30-261E0D431C04,2022 Kubota BX23SLB-R 4WD Tractor,4WD Tractor,IronPlanet - North-America Daily Marketplace,1971-01-02 08:00:00,Buy Now,,https://www.rbauction.com/cp/agricultural-tractors,,,,
Kubota,M7-171,2021.0,250.0,115000.0,"St. Louis, MO",Excellent,1KMFH7BA0MB123456,MachineryPete,2026-01-20 22:53:28.279755,,,,,,,,,,,,
Massey Ferguson,MF 8S.265,2023.0,20.0,145000.0,"Fargo, ND",New,1PCMF8S265M123456,MachineryPete,2026-01-20 22:53:28.279761,,,,,,,,,,,,
Vermeer,RTX1250,2019.0,720.0,105000.0,"Sioux Falls, SD",Good,1VDRT1X0XKN123456,Fastline,2026-01-20 22:53:28.280190,,,,,,,,,,,,
Case,580N,2017.0,980.0,72000.0,"Lincoln, NE",Fair,LJE580NKM12345678,Fastline,2026-01-20 22:53:28.280193,,,,,,,,,,,,
John Deere,S780,2021.0,350.0,340000.0,"Madison, WI",Excellent,1H0S780SMDR123456,FacebookMarketplace,2026-01-20 22:53:28.280514,,,,,,,,,,,,
Gleaner,S9,2019.0,800.0,280000.0,"Minneapolis, MN",Good,ZBG2S9ALMN123456,FacebookMarketplace,2026-01-20 22:53:28.280517,,,,,,,,,,,,
John Deere,8RX 370 Signature Edition Track Tractor,2022.0,,299416.0,"Saskatchewan, CAN",,,IronPlanet,2026-01-20 22:53:28.281492,14540794,2022 John Deere 8RX 370 Signature Edition Track Tractor,,,,,https://cdn.ironpla.net/i/21035/588/808a69a3-3989-4662-bad6-433c126afe4c-full.jpg,https://www.ironplanet.com/for-sale/Agricultural-Tractors-2022-John-Deere-8RX-370-Signature-Edition-Track-Tractor-Saskatchewan/14540794?h=5000%2Cct%7C2%2Cc%7C1924%2Cmode%7C2&rr=1&hitprm=&pnLink=yes,Current High Offer,True,Make Offer,"Enclosed Cab, Air Conditioner, Air Ride Seat, IVT, Forward/ Reverse Shuttle, 4200 CommandCenter Display, 2022 US EPA Label, Requires Diesel Exhaust Fluid, Front Weights, LED Lights, High Flow Hydraulics, 6 Rear Remotes, Power Beyond, Load Sensing, ISOBUS, Exterior 3-Point Hitch Controls, Big 1000 PTO, 3-Point Hitch w/ Quick Hitch, Drawbar, 84 GPM Hydraulics, Fenders, 24 Inch Frt Tracks, 30 Inch Rear Tracks, 120 in Track Spacing, Cold Weather Package, ALL PIPS COMPLETED, EMISSIONS WARRANTY EXPIRES-SEPTEMBER 13, 2027---EXTENDED POWERTRAIN WARRANTY EXPIRES SEPTEMBER 11, 2028"
Deere,7R 210 4WD Tractor,2022.0,760.0,145000.0,"North Carolina, USA",,,IronPlanet,2026-01-20 22:53:28.281492,13544145,2022 Deere 7R 210 4WD Tractor,,,,,https://cdn.ironpla.net/i/19354/184/eb41b87a-b07a-4a7f-9ae2-9fa52acb73b2-full.jpg,https://www.ironplanet.com/for-sale/Agricultural-Tractors-2022-Deere-7R-210-4WD-Tractor-North-Carolina/13544145?h=5000%2Cct%7C2%2Cc%7C1924%2Cmode%7C2&rr=0.5&hitprm=&pnLink=yes,Current High Offer,True,Make Offer,"Enclosed Cab, Air Conditioner, Air Ride Seat, Reverse Drive Mode, 23 Forward 11 Reverse, Powershift, StarFire 6000 Antenna/ Receiver, Autosteer, 210 hp Engine, Requires Diesel Exhaust Fluid, Quick Coupler, Front 3-Point Quick Hitch, Suspended Front Axle, 8 Rear Remotes, Exterior 3-Point Hitch Controls, 1000 PTO, 3-Point Hitch, Trailer Hitch, 420/90R30 Front Tires, Dual 480/80R46 Rear Tires"
Deutz-Fahr,8280TTV 4WD Tractor,,294.0,396500.0,"California, USA",,,IronPlanet,2026-01-20 22:53:28.281492,14303493,Deutz-Fahr 8280TTV 4WD Tractor,,,,,https://cdn.ironpla.net/i/20697/242/32228e35-0826-4019-b043-48f2a26fdce4-full.jpg,https://www.ironplanet.com/for-sale/Agricultural-Tractors-Deutz-Fahr-8280TTV-4WD-Tractor-California/14303493?h=5000%2Cct%7C2%2Cc%7C1924%2Cmode%7C2&rr=0.33333&hitprm=&pnLink=yes,Buy Now,True,Make Offer,"Enclosed Cab, Air Conditioner, CVT, Forward/ Reverse Shuttle, 287 hp Engine, Requires Diesel Exhaust Fluid, Front PTO, Front 3-Point Quick Hitch, 1 Front Remotes, LED Lights, High Flow Hydraulics, 5 Rear Remotes, ISOBUS, 3-Point Hitch w/ Quick Hitch, Drawbar, Rear Weights, 600/70R30 Front Tires, 800/70R38 Rear Tires, Rear Wheel Weights"
Deutz-Fahr,7250 4WD Tractor Unused,,63.0,274900.0,"California, USA",,,IronPlanet,2026-01-20 22:53:28.281492,14303495,Deutz-Fahr 7250 4WD Tractor (Unused),,,,,https://cdn.ironpla.net/i/20697/245/80fd1b02-9483-4ab0-8484-0324aa5b2aa9-full.jpg,https://www.ironplanet.com/for-sale/Agricultural-Tractors-Deutz-Fahr-7250-4WD-Tractor-%28Unused%29-California/14303495?h=5000%2Cct%7C2%2Cc%7C1924%2Cmode%7C2&rr=0.25&hitprm=&pnLink=yes,Buy Now,True,Make Offer,"Enclosed Cab, Air Conditioner, CVT, iMonitor Display, Requires Diesel Exhaust Fluid, Front PTO, Front 3-Point Hitch, 2 Front Remotes, Front Weights, HID Lights, 4 Rear Remotes, ISOBUS, Exterior 3-Point Hitch Controls, 3-Point Hitch, Drawbar, 600/70R30 Front Tires, 710/70R42 Rear Tires, Rear Wheel Weights"
Deutz-Fahr,6230 4WD Tractor Unused,,28.0,274900.0,"California, USA",,,IronPlanet,2026-01-20 22:53:28.281492,14303494,Deutz-Fahr 6230 4WD Tractor (Unused),,,,,https://cdn.ironpla.net/i/20697/244/f2c04877-6590-4116-bc9a-707b96e8d37a-full.jpg,https://www.ironplanet.com/for-sale/Agricultural-Tractors-Deutz-Fahr-6230-4WD-Tractor-%28Unused%29-California/14303494?h=5000%2Cct%7C2%2Cc%7C1924%2Cmode%7C2&rr=0.2&hitprm=&pnLink=yes,Buy Now,True,Make Offer,"Enclosed Cab, Air Conditioner, CVT, 165.1 kW Engine, 2023 US EPA Label, Requires Diesel Exhaust Fluid, Front Weights, HID Lights, 4 Rear Remotes, ISOBUS, Exterior 3-Point Hitch Controls, 1000 PTO, 3-Point Hitch, 540/65R30 Front Tires, 650/65R42 Rear Tires, Rear Wheel Weights"
Deutz-Fahr,6190 4WD Tractor,,53.0,330999.0,"California, USA",,,IronPlanet,2026-01-20 22:53:28.281492,14303497,Deutz-Fahr 6190 4WD Tractor,,,,,https://cdn.ironpla.net/i/20697/249/d95535f6-0b6f-4190-bc37-02f6b9581a5c-full.jpg,https://www.ironplanet.com/for-sale/Agricultural-Tractors-Deutz-Fahr-6190-4WD-Tractor-California/14303497?h=5000%2Cct%7C2%2Cc%7C1924%2Cmode%7C2&rr=0.16667&hitprm=&pnLink=yes,Buy Now,True,Make Offer,"Enclosed Cab, Air Conditioner, Air Ride Seat, Differential Lock, CVT, Forward/ Reverse Shuttle, iMonitor Display, 165 hp Engine, 2023 US EPA Label, CARB Compliant, Requires Diesel Exhaust Fluid, Hydraulic Quick Coupler, Front 3-Point Quick Hitch, 3 Front Remotes, LED Lights, 8 Rear Remotes, 540/1000 PTO, 3-Point Hitch w/ Quick Hitch, Drawbar, 540/65r30 Front Tires, 650/65R42 Rear Tires, Rear Wheel Weights"
Deutz-Fahr,9340 4WD Tractor,2023.0,91.0,411500.0,"California, USA",,,IronPlanet,2026-01-20 22:53:28.281492,14303496,2023 Deutz-Fahr 9340 4WD Tractor,,,,,https://cdn.ironpla.net/i/20697/247/539f3664-d369-4008-8982-49d41cf19605-full.jpg,https://www.ironplanet.com/for-sale/Agricultural-Tractors-2023-Deutz-Fahr-9340-4WD-Tractor-California/14303496?h=5000%2Cct%7C2%2Cc%7C1924%2Cmode%7C2&rr=0.14286&hitprm=&pnLink=yes,Buy Now,True,Make Offer,"Enclosed Cab, Air Conditioner, Air Ride Seat, Differential Lock, CVT, Forward/ Reverse Shuttle, iMonitor Display, Requires Diesel Exhaust Fluid, Hydraulic Quick Coupler, Front PTO, Front 3-Point Quick Hitch, 4 Front Remotes, LED Lights, 5 Rear Remotes, Exterior 3-Point Hitch Controls, 540/1000 PTO, 3-Point Hitch, Hydraulic Top Link, 650/65R34 Front Tires, 900/60R42 Rear Tires, Rear Wheel Weights"
Case,Magnum 310 4WD Tractor,2020.0,4715.0,62000.0,"South Carolina, USA",,,IronPlanet,2026-01-20 22:53:28.281492,14382568,2020 Case Magnum 310 4WD Tractor,,,,,https://cdn.ironpla.net/i/20802/31/681b7964-6ced-4c4d-a3b6-0575e62b2c25-full.jpg,https://www.ironplanet.com/for-sale/Agricultural-Tractors-2020-Case-Magnum-310-4WD-Tractor-South-Carolina/14382568?h=5000%2Cct%7C2%2Cc%7C1924%2Cmode%7C2&rr=0.125&hitprm=&pnLink=yes,Current High Offer,True,Make Offer,"Enclosed Cab, Air Conditioner, Air Ride Seat, Differential Lock, Powershift, Forward/ Reverse Shuttle, Tier 4, 342 hp Engine, 2020 US EPA Label, CARB Compliant, Requires Diesel Exhaust Fluid, Front Weights, Suspended Front Axle, 16 Rear Remotes, Load Sensing, Exterior 3-Point Hitch Controls, 1000 PTO, 3-Point Hitch w/ Quick Hitch, Drawbar, Rear Weights, 380/80R38 Front Tires, Dual 480/80R50 Rear Tires, Rear Wheel Weights"
Kubota,L4701HST 4WD Utility Tractor,2022.0,678.0,5700.0,"Florida, USA",,,IronPlanet,2026-01-20 22:53:28.281492,14586289,2022 Kubota L4701HST 4WD Utility Tractor,,,,,https://cdn.ironpla.net/i/21085/314/6d7f5d06-1878-43ba-9e24-ea314611472a-full.jpg,https://www.ironplanet.com/for-sale/Agricultural-Tractors-2022-Kubota-L4701HST-4WD-Utility-Tractor-Florida/14586289?h=5000%2Cct%7C2%2Cc%7C1924%2Cmode%7C2&rr=0.11111&hitprm=&pnLink=yes,Online Auction,,,"Differential Lock, Hydrostatic Drive, Kubota LA765 - C6549 Loader w/Joystick, Quick Coupler, Mid-Mount Remotes, HID Lights, 540 PTO, 3-Point Hitch, 8.3-16 R-1 Front Tires, 14.9x24 Rear Tires"
Kubota,MX6000HST 4WD Utility Tractor,2024.0,220.0,15000.0,"Ohio, USA",,,IronPlanet,2026-01-20 22:53:28.281492,14470131,2024 Kubota MX6000HST 4WD Utility Tractor,,,,,https://cdn.ironpla.net/i/20933/954/8e64f3a2-8511-4cab-a1b4-d63f26e5c891-full.jpg,https://www.ironplanet.com/for-sale/Agricultural-Tractors-2024-Kubota-MX6000HST-4WD-Utility-Tractor-Ohio/14470131?h=5000%2Cct%7C2%2Cc%7C1924%2Cmode%7C2&rr=0.1&hitprm=&pnLink=yes,Online Auction,,,"Canopy, Differential Lock, Hydrostatic Drive, Tier 4, 46.6 kW Engine, 2022 US EPA Label, CARB Compliant, Kubota LA1065A - SN:D3614 Loader w/Joystick, Quick Coupler, Mid-Mount Remotes, 2 Rear Remotes, 540 PTO, 3-Point Hitch, Drawbar, 8-16 Front Tires, 17.5L-24 Rear Tires"
Kubota,L2501DT 4WD Utility Tractor Inoperable,2022.0,550.0,2100.0,"Alabama, USA",,,IronPlanet,2026-01-20 22:53:28.281492,14586914,2022 Kubota L2501DT 4WD Utility Tractor (Inoperable),,,,,https://cdn.ironpla.net/i/21085/796/51e10bd5-22b0-4b93-af91-aef4ed4359db-full.jpg,https://www.ironplanet.com/for-sale/Agricultural-Tractors-2022-Kubota-L2501DT-4WD-Utility-Tractor-%28Inoperable%29-Alabama/14586914?h=5000%2Cct%7C2%2Cc%7C1924%2Cmode%7C2&rr=0.09091&hitprm=&pnLink=yes,Online Auction,,,"Differential Lock, Manual Transmission, Loader Mounting Frame, Mid-Mount Remotes, 540 PTO, 3-Point Hitch, Drawbar, 7.2-16 Front Tires, 11.2x24 Rear Tires"
Kubota,M7040DTC-1 4WD Utility Tractor,2012.0,2557.0,3000.0,"Texas, USA",,,IronPlanet,2026-01-20 22:53:28.281492,14599845,2012 Kubota M7040DTC-1 4WD Utility Tractor,,,,,https://cdn.ironpla.net/i/21111/296/64859e57-6d8e-4e05-98f3-15ce8520b465-full.jpg,https://www.ironplanet.com/for-sale/Agricultural-Tractors-2012-Kubota-M7040DTC-1-4WD-Utility-Tractor-Texas/14599845?h=5000%2Cct%7C2%2Cc%7C1924%2Cmode%7C2&rr=0.08333&hitprm=&pnLink=yes,Online Auction,,,"Enclosed Cab, Air Conditioner, Differential Lock, Manual Transmission, Forward/ Reverse Shuttle, Loader Mounting Frame, Mid-Mount Remotes, 2 Rear Remotes, 540 PTO, 3-Point Hitch, 9.5x24 Front Tires, 16.9x30 Rear Tires"
Kubota,BX23SLSB-R-1 4WD Utility Tractor,2024.0,133.0,9000.0,"Ohio, USA",,,IronPlanet,2026-01-20 22:53:28.281492,14581968,2024 Kubota BX23SLSB-R-1 4WD Utility Tractor,,,,,https://cdn.ironpla.net/i/21079/15/7d623d2b-7418-4287-a99d-c3199a0eb8b2-full.jpg,https://www.ironplanet.com/for-sale/Agricultural-Tractors-2024-Kubota-BX23SLSB-R-1-4WD-Utility-Tractor-Ohio/14581968?h=5000%2Cct%7C2%2Cc%7C1924%2Cmode%7C2&rr=0.07692&hitprm=&pnLink=yes,Online Auction,,,"Hydrostatic Drive, Tier 4, 15.9 kW Engine, 2023 US EPA Label, Kubota LA340S Loader w/Joystick, Quick Coupler, Kubota 47 in Bucket, Mid-Mount Remotes, Mid-Mount PTO, Kubota RCK60B23BX 60 in - SN:C8809 Mower Deck, 1 Rear Remotes, 540 PTO, Kubota BT603 60 in Backhoe Attachment With 12 in Bucket, 18X8.50-10nhs Front Tires, 26X12.00-12nhs Rear Tires"
Kubota,BX2380TV60 4WD Utility Tractor,2020.0,198.0,2400.0,"Missouri, USA",,,IronPlanet,2026-01-20 22:53:28.281492,14532054,2020 Kubota BX2380TV60 4WD Utility Tractor,,,,,https://cdn.ironpla.net/i/21024/682/031b1e62-1de0-4d79-a6f3-7f7f1c35da66-full.jpg,https://www.ironplanet.com/for-sale/Agricultural-Tractors-2020-Kubota-BX2380TV60-4WD-Utility-Tractor-Missouri/14532054?h=5000%2Cct%7C2%2Cc%7C1924%2Cmode%7C2&rr=0.07143&hitprm=&pnLink=yes,Online Auction,,,"Differential Lock, Hydrostatic Drive, Tier 4, 15.9 kW Engine, 2020 US EPA Label, Mid-Mount PTO, 60 in Mower Deck, HID Lights, 540 PTO, 3-Point Hitch, 18x8.5-10 Front Tires, 26x12.00-12 Rear Tires"
Kubota,L3902HST 4WD Utility Tractor Inoperable,2024.0,231.0,3600.0,"Louisiana, USA",,,IronPlanet,2026-01-20 22:53:28.281492,14605188,2024 Kubota L3902HST 4WD Utility Tractor (Inoperable),,,,,https://cdn.ironpla.net/i/21121/405/7a817327-ad5b-45a1-b882-141192e9e0e9-full.jpg,https://www.ironplanet.com/for-sale/Agricultural-Tractors-2024-Kubota-L3902HST-4WD-Utility-Tractor-%28Inoperable%29-Louisiana/14605188?h=5000%2Cct%7C2%2Cc%7C1924%2Cmode%7C2&rr=0.06667&hitprm=&pnLink=yes,Online Auction,,,"Differential Lock, Hydrostatic Drive, 540 PTO, 3-Point Hitch, 27x8.50-15 Front Tires, 15x19.5 Rear Tires"
Kubota,MX5400HST 4WD Utility Tractor Inoperable,2021.0,1582.0,6000.0,"Texas, USA",,,IronPlanet,2026-01-20 22:53:28.281492,14594874,2021 Kubota MX5400HST 4WD Utility Tractor (Inoperable),,,,,https://cdn.ironpla.net/i/21106/431/3d1402b0-37c7-4a80-bde1-45b4be65b285-full.jpg,https://www.ironplanet.com/for-sale/Agricultural-Tractors-2021-Kubota-MX5400HST-4WD-Utility-Tractor-%28Inoperable%29-Texas/14594874?h=5000%2Cct%7C2%2Cc%7C1924%2Cmode%7C2&rr=0.0625&hitprm=&pnLink=yes,Online Auction,,,"Differential Lock, Hydrostatic Drive, Tier 4, 41.9 kW Engine, 2020 US EPA Label, CARB Compliant, Kubota LA1165 - SN:B2400 Loader, Quick Coupler, 1 Front Remotes, Mid-Mount Remotes, 2 Rear Remotes, 540 PTO, 12-16.5 Front Tires, 17.5L-24 Rear Tires"
Bobcat,CT1021 HST 4WD Utility Tractor,2022.0,226.0,10500.0,"Wisconsin, USA",,,IronPlanet,2026-01-20 22:53:28.281492,14427335,2022 Bobcat CT1021 HST 4WD Utility Tractor,,,,,https://cdn.ironpla.net/i/20867/57/facc98e3-443e-429d-8451-2cfe93be78d8-full.jpg,https://www.ironplanet.com/for-sale/Agricultural-Tractors-2022-Bobcat-CT1021-HST-4WD-Utility-Tractor-Wisconsin/14427335?h=5000%2Cct%7C2%2Cc%7C1924%2Cmode%7C2&rr=0.05882&hitprm=&pnLink=yes,Online Auction,,,"Differential Lock, Hydrostatic Drive, 15.7 kW Engine, 2021 US EPA Label, Bobcat FL6 Loader w/Joystick, Quick Coupler, 46 in Bucket, 1 Front Remotes, Mid-Mount PTO, 1 Rear Remotes, 540 PTO, Bobcat BH66 Backhoe Attachment With 12 in Bucket, 18x8.50-10 Front Tires, 26x12.00-12 Rear Tires"
Kubota,L2502HST-R4 4WD Utility Tractor,2024.0,4.0,17500.0,"Tennessee, USA",,,IronPlanet,2026-01-20 22:53:28.281492,14256265,2024 Kubota L2502HST-R4 4WD Utility Tractor,,,,,https://cdn.ironpla.net/i/20633/203/3f327309-39e6-4e89-9c92-8a6451df49aa-full.jpg,https://www.ironplanet.com/for-sale/Agricultural-Tractors-2024-Kubota-L2502HST-R4-4WD-Utility-Tractor-Tennessee/14256265?h=5000%2Cct%7C2%2Cc%7C1924%2Cmode%7C2&rr=0.05556&hitprm=&pnLink=yes,Current High Offer,True,Make Offer,"Located in Lane 11 Spot 15, Differential Lock, Hydrostatic Drive, 2024 US EPA Label, Kubota LA526 Loader w/Joystick, Quick Coupler, Kubota L2248 65 in Bucket, LED Lights, 540 PTO, 3-Point Hitch, Trailer Hitch, 27x8.50-15 Front Tires, 15-19.5 Rear Tires"
Kubota,LX2610SUHSD 4WD Tractor,2025.0,2.0,17000.0,"North Dakota, USA",,,IronPlanet,2026-01-20 22:53:28.281492,14258526,2025 Kubota LX2610SUHSD 4WD Tractor,,,,,https://cdn.ironpla.net/i/20629/138/207ecaa1-0de0-408e-93ee-3b591a87d47b-full.jpg,https://www.ironplanet.com/for-sale/Agricultural-Tractors-2025-Kubota-LX2610SUHSD-4WD-Tractor-North-Dakota/14258526?h=5000%2Cct%7C2%2Cc%7C1924%2Cmode%7C2&rr=0.05263&hitprm=&pnLink=yes,Current High Offer,True,Make Offer,"Differential Lock, Hydrostatic Drive, Tier 4, 18.2 kW Engine, 2022 US EPA Label, Kubota LA535 Loader w/Joystick, Quick Coupler, Kubota B2372 60 in Bucket, Loader Mounting Frame, Mid-Mount Remotes, HID Lights, 540 PTO, 3-Point Hitch, Drawbar, 25x8.50-14NHS Front Tires, 15x19.5NHS Rear Tires"
John Deere,4WD Utility Tractor,2004.0,942.0,4500.0,"Oklahoma, USA",,,IronPlanet,2026-01-20 22:53:28.281492,13208556,2004 John Deere 4WD Utility Tractor,,,,,https://cdn.ironpla.net/i/18782/492/2f4fad3b-2f6e-4156-ad45-119d70eaff14-full.jpg,https://www.ironplanet.com/for-sale/Agricultural-Tractors-2004-John-Deere-4WD-Utility-Tractor-Oklahoma/13208556?h=5000%2Cct%7C2%2Cc%7C1924%2Cmode%7C2&rr=0.05&hitprm=&pnLink=yes,Current High Offer,True,Make Offer,"Differential Lock, 8 Forward 2 Reverse, Manual, 20.4 kW Engine, 2004 US EPA Label, John Deere 419 Loader, 55 in Bucket, 540 PTO, 3-Point Hitch, Drawbar, Frontier BB2000 60 in Box Blade, 25X8.50-14 Front Tires, 15x19.5 Rear Tires"
Massey Ferguson,1749 4WD Utility Tractor,2015.0,358.0,31000.0,"Missouri, USA",,,IronPlanet,2026-01-20 22:53:28.281492,14450241,2015 Massey Ferguson 1749 4WD Utility Tractor,,,,,https://cdn.ironpla.net/i/20910/502/458a4b04-9328-468f-8bef-6c2ffc033f3c-full.jpg,https://www.ironplanet.com/for-sale/Agricultural-Tractors-2015-Massey-Ferguson-1749-4WD-Utility-Tractor-Missouri/14450241?h=5000%2Cct%7C2%2Cc%7C1924%2Cmode%7C2&rr=0.04762&hitprm=&pnLink=yes,Current High Offer,True,Make Offer,"Enclosed Cab, Air Conditioner, Differential Lock, 12 Forward 12 Reverse, Power Shuttle, Massey Ferguson DL135 Loader, Quick Coupler, 72 in Bucket, 3 Rear Remotes, 540 PTO, 3-Point Hitch, Massey Ferguson CB85 72 in Backhoe Attachment With 12 in Bucket, Dirt Dog SBX72 Box Blade, 9.5-16 Front Tires, 16.9-24 Rear Tires"
Kubota,M7060D 4WD Tractor,2018.0,3533.0,15500.0,"Texas, USA",,,IronPlanet,2026-01-20 22:53:28.281492,14559752,2018 Kubota M7060D 4WD Tractor,,,,,https://cdn.ironpla.net/i/21053/81/8d89e12e-18c1-499b-af19-8e994bf7a1fb-full.jpg,https://www.ironplanet.com/for-sale/Agricultural-Tractors-2018-Kubota-M7060D-4WD-Tractor-Texas/14559752?h=5000%2Cct%7C2%2Cc%7C1924%2Cmode%7C2&rr=0.04545&hitprm=&pnLink=yes,Online Auction,,,"Differential Lock, 8 Forward 8 Reverse, Forward/ Reverse Shuttle, Tier 4, 54.6 kW Engine, 2018 US EPA Label, Front Weights, 2 Rear Remotes, 540 PTO, 3-Point Hitch, Drawbar, 14-17.5 Front Tires, 16.9x24 Rear Tires"
Kubota,L2502HST-R4 4WD Utility Tractor,2025.0,12.0,12000.0,"Tennessee, USA",,,IronPlanet,2026-01-20 22:53:28.281492,14256262,2025 Kubota L2502HST-R4 4WD Utility Tractor,,,,,https://cdn.ironpla.net/i/20633/199/8cbfe298-9668-49e8-8ea0-559bb205cb54-full.jpg,https://www.ironplanet.com/for-sale/Agricultural-Tractors-2025-Kubota-L2502HST-R4-4WD-Utility-Tractor-Tennessee/14256262?h=5000%2Cct%7C2%2Cc%7C1924%2Cmode%7C2&rr=0.04348&hitprm=&pnLink=yes,Current High Offer,True,Make Offer,"Located in Lane 11 Spot 18, Differential Lock, Hydrostatic Drive, 2025 US EPA Label, LED Lights, 540 PTO, Trailer Hitch, 27x8.50-15 Front Tires, 15-19.5 Rear Tires"
Mahindra,EMAX20S Utility Tractor Unused,2023.0,3.0,5000.0,"Texas, USA",,,IronPlanet,2026-01-20 22:53:28.281492,14389965,2023 Mahindra EMAX20S Utility Tractor (Unused),,,,,https://cdn.ironpla.net/i/20810/500/6f9d4491-b7da-4fec-b528-32119e0a44b3-full.jpg,https://www.ironplanet.com/for-sale/Agricultural-Tractors-2023-Mahindra-EMAX20S-Utility-Tractor-%28Unused%29-Texas/14389965?h=5000%2Cct%7C2%2Cc%7C1924%2Cmode%7C2&rr=0.04167&hitprm=&pnLink=yes,Online Auction,,,"Differential Lock, Hydrostatic Drive, 19 kW Engine, 2023 US EPA Label, CARB Compliant, Mahindra 23L Loader, Quick Coupler, 48 in Bucket, Mid-Mount Remotes, Mid-Mount PTO, 2 Rear Remotes, 540 PTO, 3-Point Hitch, Mahindra 23B Backhoe Attachment With 12 in Bucket, 215/50-10 Front Tires, 305/60-12 Rear Tires"
Kubota,L2502HST-R4 4WD Utility Tractor,2025.0,21.0,12000.0,"Tennessee, USA",,,IronPlanet,2026-01-20 22:53:28.281492,14256261,2025 Kubota L2502HST-R4 4WD Utility Tractor,,,,,https://cdn.ironpla.net/i/20633/198/8932da0a-dc6c-4eb6-a3e0-12fc219f2fe7-full.jpg,https://www.ironplanet.com/for-sale/Agricultural-Tractors-2025-Kubota-L2502HST-R4-4WD-Utility-Tractor-Tennessee/14256261?h=5000%2Cct%7C2%2Cc%7C1924%2Cmode%7C2&rr=0.04&hitprm=&pnLink=yes,Current High Offer,True,Make Offer,"Located in Lane 11 Spot 15, Differential Lock, Hydrostatic Drive, 2025 US EPA Label, LED Lights, 540 PTO, Trailer Hitch, 27x8.50-15 Front Tires, 15x19.5 Rear Tires"
Kubota,L2502HST-R4 4WD Utility Tractor,2025.0,19.0,10500.0,"Tennessee, USA",,,IronPlanet,2026-01-20 22:53:28.281492,14256257,2025 Kubota L2502HST-R4 4WD Utility Tractor,,,,,https://cdn.ironpla.net/i/20624/548/949786df-d96a-45c9-9f03-9959cef35b1e-full.jpg,https://www.ironplanet.com/for-sale/Agricultural-Tractors-2025-Kubota-L2502HST-R4-4WD-Utility-Tractor-Tennessee/14256257?h=5000%2Cct%7C2%2Cc%7C1924%2Cmode%7C2&rr=0.03846&hitprm=&pnLink=yes,Current High Offer,True,Make Offer,"Located in Lane 11 Spot 18, Differential Lock, Hydrostatic Drive, 2025 US EPA Label, LED Lights, 540 PTO, Trailer Hitch, 27x8.50-15 Front Tires, 15x19.5 Rear Tires"
John Deere,5115M 4WD Tractor,2021.0,484.0,56000.0,"North Carolina, USA",,,IronPlanet,2026-01-20 22:53:28.281492,14401722,2021 John Deere 5115M 4WD Tractor,,,,,https://cdn.ironpla.net/i/20829/574/dfe6c923-a449-4835-b1fe-b3e72a82f5fe-full.jpg,https://www.ironplanet.com/for-sale/Agricultural-Tractors-2021-John-Deere-5115M-4WD-Tractor-North-Carolina/14401722?h=5000%2Cct%7C2%2Cc%7C1924%2Cmode%7C2&rr=0.03704&hitprm=&pnLink=yes,Current High Offer,True,Make Offer,"Canopy, Differential Lock, 16 Forward 16 Reverse, PowrReverser, Forward/ Reverse Shuttle, 2021 US EPA Label, Requires Diesel Exhaust Fluid, John Deere 540M Loader w/Joystick, Quick Coupler, 75 in Bucket, 1 Front Remotes, Mid-Mount Remotes, 2 Rear Remotes, Exterior 3-Point Hitch Controls, 540 PTO, 3-Point Hitch, Drawbar, 320/85R24 Front Tires, 460/85R34 Rear Tires, Rear Wheel Weights"
Kubota,L2502HST-R4 4WD Utility Tractor,2025.0,17.0,12000.0,"Tennessee, USA",,,IronPlanet,2026-01-20 22:53:28.281492,14256260,2025 Kubota L2502HST-R4 4WD Utility Tractor,,,,,https://cdn.ironpla.net/i/20633/197/642c1fe7-3e21-47f1-a2f8-22b835d696ea-full.jpg,https://www.ironplanet.com/for-sale/Agricultural-Tractors-2025-Kubota-L2502HST-R4-4WD-Utility-Tractor-Tennessee/14256260?h=5000%2Cct%7C2%2Cc%7C1924%2Cmode%7C2&rr=0.03571&hitprm=&pnLink=yes,Current High Offer,True,Make Offer,"Located in Lane 11 Spot 16, Differential Lock, Hydrostatic Drive, 2025 US EPA Label, LED Lights, 540 PTO, Trailer Hitch, 27x8.50-15 Front Tires, 15x19.5 Rear Tires"
Kubota,L2502HST-R4 4WD Utility Tractor,2025.0,16.0,11500.0,"Tennessee, USA",,,IronPlanet,2026-01-20 22:53:28.281492,14256264,2025 Kubota L2502HST-R4 4WD Utility Tractor,,,,,https://cdn.ironpla.net/i/20633/202/6b91d6f4-1ed3-491c-b4d6-0fd8fe6fc738-full.jpg,https://www.ironplanet.com/for-sale/Agricultural-Tractors-2025-Kubota-L2502HST-R4-4WD-Utility-Tractor-Tennessee/14256264?h=5000%2Cct%7C2%2Cc%7C1924%2Cmode%7C2&rr=0.03448&hitprm=&pnLink=yes,Current High Offer,True,Make Offer,"Located in Lane 11 Spot 14, Differential Lock, Hydrostatic Drive, 2025 US EPA Label, LED Lights, 540 PTO, Trailer Hitch, 27x8.50-15 Front Tires, 15x19.5 Rear Tires"
Kubota,L2502HST-R4 4WD Utility Tractor,2024.0,15.0,12500.0,"Tennessee, USA",,,IronPlanet,2026-01-20 22:53:28.281492,14256258,2024 Kubota L2502HST-R4 4WD Utility Tractor,,,,,https://cdn.ironpla.net/i/20633/196/55dc773d-ca70-4965-abb3-2f5d2a5ddaf5-full.jpg,https://www.ironplanet.com/for-sale/Agricultural-Tractors-2024-Kubota-L2502HST-R4-4WD-Utility-Tractor-Tennessee/14256258?h=5000%2Cct%7C2%2Cc%7C1924%2Cmode%7C2&rr=0.03333&hitprm=&pnLink=yes,Current High Offer,True,Make Offer,"Located in Lane 11 Spot 14, Differential Lock, Hydrostatic Drive, 2025 US EPA Label, LED Lights, 540 PTO, Trailer Hitch, 27x8.50-15 Front Tires, 15x19.5 Rear Tires"
Kubota,L2502HST-R4 4WD Utility Tractor,2025.0,18.0,15000.0,"Tennessee, USA",,,IronPlanet,2026-01-20 22:53:28.281492,14256263,2025 Kubota L2502HST-R4 4WD Utility Tractor,,,,,https://cdn.ironpla.net/i/20633/200/b88d13cc-0936-4f21-89c7-350662035587-full.jpg,https://www.ironplanet.com/for-sale/Agricultural-Tractors-2025-Kubota-L2502HST-R4-4WD-Utility-Tractor-Tennessee/14256263?h=5000%2Cct%7C2%2Cc%7C1924%2Cmode%7C2&rr=0.03226&hitprm=&pnLink=yes,Current High Offer,True,Make Offer,"Located in Lane 11 Spot 17, Differential Lock, Hydrostatic Drive, 2025 US EPA Label, LED Lights, 540 PTO, Trailer Hitch, 27x8.50-15 Front Tires, 15x19.5 Rear Tires"
Kubota,L2502HST-R4 4WD Utility Tractor,2025.0,20.0,15000.0,"Tennessee, USA",,,IronPlanet,2026-01-20 22:53:28.281492,14256259,2025 Kubota L2502HST-R4 4WD Utility Tractor,,,,,https://cdn.ironpla.net/i/20624/550/5ef09f6b-2d8e-4987-9771-cb68fe1f74ca-full.jpg,https://www.ironplanet.com/for-sale/Agricultural-Tractors-2025-Kubota-L2502HST-R4-4WD-Utility-Tractor-Tennessee/14256259?h=5000%2Cct%7C2%2Cc%7C1924%2Cmode%7C2&rr=0.03125&hitprm=&pnLink=yes,Current High Offer,True,Make Offer,"Located in Lane 11 Spot 16, Differential Lock, Hydrostatic Drive, 2025 US EPA Label, LED Lights, 540 PTO, Trailer Hitch, 27x8.50-15 Front Tires, 15-19.5 Rear Tires"
Kubota,L2502HST-R4 4WD Utility Tractor,2025.0,14.0,13000.0,"Tennessee, USA",,,IronPlanet,2026-01-20 22:53:28.281492,14256266,2025 Kubota L2502HST-R4 4WD Utility Tractor,,,,,https://cdn.ironpla.net/i/20633/204/09414d31-87f3-4956-86e0-c6e782ad119d-full.jpg,https://www.ironplanet.com/for-sale/Agricultural-Tractors-2025-Kubota-L2502HST-R4-4WD-Utility-Tractor-Tennessee/14256266?h=5000%2Cct%7C2%2Cc%7C1924%2Cmode%7C2&rr=0.0303&hitprm=&pnLink=yes,Current High Offer,True,Make Offer,"Located in Lane 11 Spot 17, Differential Lock, Hydrostatic Drive, 2025 US EPA Label, LED Lights, 540 PTO, Trailer Hitch, 27x8.50-15 Front Tires, 15-19.5 Rear Tires"
John Deere,5045E 4WD Utility Tractor,2018.0,531.0,26500.0,"Texas, USA",,,IronPlanet,2026-01-20 22:53:28.281492,14379918,2018 John Deere 5045E 4WD Utility Tractor,,,,,https://cdn.ironpla.net/i/20798/777/8b3bedc9-d24e-471e-a60d-78b98d87fdd6-full.jpg,https://www.ironplanet.com/for-sale/Agricultural-Tractors-2018-John-Deere-5045E-4WD-Utility-Tractor-Texas/14379918?h=5000%2Cct%7C2%2Cc%7C1924%2Cmode%7C2&rr=0.02941&hitprm=&pnLink=yes,Current High Offer,True,Make Offer,"Canopy, 9 Forward 3 Reverse, TSS Transmission, 2018 US EPA Label, John Deere 520M Loader w/Joystick, Quick Coupler, John Deere 72 in Bucket, Mid-Mount Remotes, 2 Rear Remotes, 540 PTO, 3-Point Hitch w/ Quick Hitch, Drawbar, Bear Cat 73554 Chipper, 12.5/80-18 Front Tires, 16.9-24 Rear Tires, Frontier BC2072 72 in Mower, 72 in Box Blade with Hydraulic Scarifier, Titan 48"" Forks"
Mahindra,TR EMAX20S 4WD Tractor,2022.0,3.0,5000.0,"Texas, USA",,,IronPlanet,2026-01-20 22:53:28.281492,14389936,2022 Mahindra TR EMAX20S 4WD Tractor,,,,,https://cdn.ironpla.net/i/20810/522/6b2a4ee1-b70e-484c-81ad-4d1c532b072b-full.jpg,https://www.ironplanet.com/for-sale/Agricultural-Tractors-2022-Mahindra-TR-EMAX20S-4WD-Tractor-Texas/14389936?h=5000%2Cct%7C2%2Cc%7C1924%2Cmode%7C2&rr=0.02857&hitprm=&pnLink=yes,Online Auction,,,"Differential Lock, Reverse Drive Mode, Hydrostatic Drive, 19 kW Engine, US EPA Label, Mahindra 23L Loader w/Joystick, Quick Coupler, 48 in Bucket, Mid-Mount Remotes, Mid-Mount PTO, 50 in Mower Deck, 540 PTO, 3-Point Hitch, 215/50-10 Front Tires, 26x12-12 Rear Tires"
Kubota,L3560HSTC-LE 4WD Utility Tractor,2020.0,1276.0,18400.0,"North Carolina, USA",,,IronPlanet,2026-01-20 22:53:28.281492,14522875,2020 Kubota L3560HSTC-LE 4WD Utility Tractor,,,,,https://cdn.ironpla.net/i/21010/251/93255344-96ec-4635-af13-97ad864ae2c1-full.jpg,https://www.ironplanet.com/for-sale/Agricultural-Tractors-2020-Kubota-L3560HSTC-LE-4WD-Utility-Tractor-North-Carolina/14522875?h=5000%2Cct%7C2%2Cc%7C1924%2Cmode%7C2&rr=0.02778&hitprm=&pnLink=yes,Online Auction,,,"Enclosed Cab, Air Conditioner, Differential Lock, Manual Transmission, Kubota LA4805 - SN:B1926 Loader w/Joystick, Quick Coupler, Kubota 72 in Bucket, 540 PTO, 3-Point Hitch, Drawbar, 10-16.5 Front Tires, 420/70-24 Rear Tires"
John Deere,7600 2WD Tractor,1994.0,5777.0,27000.0,"Colorado, USA",,,IronPlanet,2026-01-20 22:53:28.281492,14353678,1994 John Deere 7600 2WD Tractor,,,,,https://cdn.ironpla.net/i/20771/126/9d0cde0a-4866-4260-aed1-15c2a5bfec33-full.jpg,https://www.ironplanet.com/for-sale/Agricultural-Tractors-1994-John-Deere-7600-2WD-Tractor-Colorado/14353678?h=5000%2Cct%7C2%2Cc%7C1924%2Cmode%7C2&rr=0.02703&hitprm=&pnLink=yes,Current High Offer,True,Make Offer,"Enclosed Cab, Air Conditioner, Air Ride Seat, Differential Lock, PowerShift, Front Weights, HID Lights, 2 Rear Remotes, 1000 PTO, 3-Point Hitch, Drawbar, 10.00-16 Front Tires, Dual 380/90R46 Rear Tires"
Kubota,B2601HSD-1 4WD Utility Tractor,2023.0,30.0,14800.0,"Florida, USA",,,IronPlanet,2026-01-20 22:53:28.281492,14529593,2023 Kubota B2601HSD-1 4WD Utility Tractor,,,,,https://cdn.ironpla.net/i/21021/811/eeddd3c5-25e5-49bb-9cd2-bee662b20aad-full.jpg,https://www.ironplanet.com/for-sale/Agricultural-Tractors-2023-Kubota-B2601HSD-1-4WD-Utility-Tractor-Florida/14529593?h=5000%2Cct%7C2%2Cc%7C1924%2Cmode%7C2&rr=0.02632&hitprm=&pnLink=yes,Online Auction,,,"Differential Lock, Hydrostatic Drive, Tier 4, 17.8 kW Engine, 2023 US EPA Label, CARB Compliant, Kubota LA435 - SN:D2757 Loader w/Joystick, Quick Coupler, Kubota B2371 54 in Bucket, Grapple, 1 Front Remotes, Mid-Mount Remotes, HID Lights, 540 PTO, 3-Point Hitch, Drawbar, 23x8.50-12 Front Tires, 12x16.5 Rear Tires"
Mahindra,EMAX20S 4WD Tractor,2023.0,22.0,5000.0,"Texas, USA",,,IronPlanet,2026-01-20 22:53:28.281492,14389933,2023 Mahindra EMAX20S 4WD Tractor,,,,,https://cdn.ironpla.net/i/20810/524/0ae12070-bf05-44a8-81f2-d6960960b2d5-full.jpg,https://www.ironplanet.com/for-sale/Agricultural-Tractors-2023-Mahindra-EMAX20S-4WD-Tractor-Texas/14389933?h=5000%2Cct%7C2%2Cc%7C1924%2Cmode%7C2&rr=0.02564&hitprm=&pnLink=yes,Online Auction,,,"Differential Lock, Reverse Drive Mode, Hydrostatic Drive, 19 kW Engine, 2021 US EPA Label, CARB Compliant, Mahindra 23L Loader w/Joystick, Quick Coupler, 48 in Bucket, Mid-Mount Remotes, 540 PTO, 3-Point Hitch, 215/50-10 Front Tires, 305/60-12 Rear Tires"
LS,XU6168 4WD Tractor,2018.0,365.0,36002.0,"Ontario, CAN",,,IronPlanet,2026-01-20 22:53:28.281492,14508379,2018 LS XU6168 4WD Tractor,,,,,https://cdn.ironpla.net/i/20988/638/247130cd-4e86-4bc8-838a-d9c6cb2c5ef5-full.jpg,https://www.ironplanet.com/for-sale/Agricultural-Tractors-2018-LS-XU6168-4WD-Tractor-Ontario/14508379?h=5000%2Cct%7C2%2Cc%7C1924%2Cmode%7C2&rr=0.025&hitprm=&pnLink=yes,Buy Now,True,Make Offer,"Enclosed Cab, Air Conditioner, Air Ride Seat, Differential Lock, 16 Forward 16 Reverse, power shuttle, Forward/ Reverse Shuttle, 68 hp Engine, LS LL5106 Loader, Skid Steer Coupler, 78.5 in Bucket, 1 Front Remotes, LED Lights, 3 Rear Remotes, 540 PTO, 3-Point Hitch, Drawbar, LS LB3100 Backhoe Attachment With 18 in Bucket, W/MTL Extreme tree grabber, 9.5x24 Front Tires, 16.9-28 Rear Tires"
Mahindra,EMAX20S 4WD Tractor,2023.0,2.0,5000.0,"Texas, USA",,,IronPlanet,2026-01-20 22:53:28.281492,14389943,2023 Mahindra EMAX20S 4WD Tractor,,,,,https://cdn.ironpla.net/i/20810/515/7584fa0c-6ae5-4524-833b-3d4a04e29113-full.jpg,https://www.ironplanet.com/for-sale/Agricultural-Tractors-2023-Mahindra-EMAX20S-4WD-Tractor-Texas/14389943?h=5000%2Cct%7C2%2Cc%7C1924%2Cmode%7C2&rr=0.02439&hitprm=&pnLink=yes,Online Auction,,,"Differential Lock, Reverse Drive Mode, Hydrostatic Drive, 19 kW Engine, 2022 US EPA Label, CARB Compliant, Mahindra 23L Loader w/Joystick, Quick Coupler, 48 in Bucket, Mid-Mount Remotes, 540 PTO, 3-Point Hitch, 215/50-10 Front Tires, 305/60-12 Rear Tires"
Mahindra,MAX26XLH 4WD Utility Tractor Unused,2023.0,11.0,7000.0,"Texas, USA",,,IronPlanet,2026-01-20 22:53:28.281492,14389983,2023 Mahindra MAX26XLH 4WD Utility Tractor (Unused),,,,,https://cdn.ironpla.net/i/20810/485/53abace6-1f4b-40e9-8aa5-cef6c26d1fd6-full.jpg,https://www.ironplanet.com/for-sale/Agricultural-Tractors-2023-Mahindra-MAX26XLH-4WD-Utility-Tractor-%28Unused%29-Texas/14389983?h=5000%2Cct%7C2%2Cc%7C1924%2Cmode%7C2&rr=0.02381&hitprm=&pnLink=yes,Online Auction,,,"Differential Lock, 8 Forward 8 Reverse, Hydrostatic Drive, 19.3 kW Engine, 2022 US EPA Label, Mahindra Loader, Quick Coupler, 55 in Bucket, Mid-Mount Remotes, 540 PTO, 3-Point Hitch, 23x8.50-12 Front Tires, 12x16.5 Rear Tires"
Mahindra,TR MAX 26XLT 4WD Tractor,2024.0,2.0,7000.0,"Texas, USA",,,IronPlanet,2026-01-20 22:53:28.281492,14389982,2024 Mahindra TR MAX 26XLT 4WD Tractor,,,,,https://cdn.ironpla.net/i/20810/486/a5711126-e707-4b7c-9306-147937cfd008-full.jpg,https://www.ironplanet.com/for-sale/Agricultural-Tractors-2024-Mahindra-TR-MAX-26XLT-4WD-Tractor-Texas/14389982?h=5000%2Cct%7C2%2Cc%7C1924%2Cmode%7C2&rr=0.02326&hitprm=&pnLink=yes,Online Auction,,,"Differential Lock, Reverse Drive Mode, Hydrostatic Drive, 19 kW Engine, 2019 US EPA Label, Mahindra 26L Loader w/Joystick, Quick Coupler, 55 in Bucket, Mid-Mount Remotes, 540 PTO, 3-Point Hitch, 23x8.50 Front Tires, 12x16.5 Rear Tires"
New Holland,TV140 4WD Tractor,1999.0,4944.0,43289.0,"Ontario, CAN",,,IronPlanet,2026-01-20 22:53:28.281492,14499631,1999 New Holland TV140 4WD Tractor,,,,,https://cdn.ironpla.net/i/20980/525/9ef19fe8-c399-45fb-8a99-14124857dca8-full.jpg,https://www.ironplanet.com/for-sale/Agricultural-Tractors-1999-New-Holland-TV140-4WD-Tractor-Ontario/14499631?h=5000%2Cct%7C2%2Cc%7C1924%2Cmode%7C2&rr=0.02273&hitprm=&pnLink=yes,Buy Now,True,Make Offer,"Enclosed Cab, Air Conditioner, Differential Lock, Hydrostatic Drive, 140 hp Engine, New Holland Loader, Quick Coupler, HLA 5500 Snow Pusher, 1 Front Remotes, 4 Rear Remotes, 540/1000 PTO, 3-Point Hitch, Drawbar, 102 in, 440/80R34 Front Tires, 440/80R34 Rear Tires, NH 7614 loader arms & bucket, 2017 HLA 12' 5500 Snow pusher S/N: 18200886, 2011 Pronovost Snow Blower P-1040TRC S/N: 36426"
Mahindra,EMAX20S 4WD Utility Tractor Unused,2023.0,1.0,12000.0,"Texas, USA",,,IronPlanet,2026-01-20 22:53:28.281492,14389946,2023 Mahindra EMAX20S 4WD Utility Tractor (Unused),,,,,https://cdn.ironpla.net/i/20810/512/15995563-ff49-4a96-95bb-229a1ffae0fe-full.jpg,https://www.ironplanet.com/for-sale/Agricultural-Tractors-2023-Mahindra-EMAX20S-4WD-Utility-Tractor-%28Unused%29-Texas/14389946?h=5000%2Cct%7C2%2Cc%7C1924%2Cmode%7C2&rr=0.02222&hitprm=&pnLink=yes,Online Auction,,,"Differential Lock, Hydrostatic Drive, 19 kW Engine, 2023 US EPA Label, CARB Compliant, Mahindra 23L Loader, Quick Coupler, 48 in Bucket, Mid-Mount Remotes, Mid-Mount PTO, 3-Point Hitch, 215/50-10 Front Tires, 26x12.00-12 Rear Tires"
Mahindra,EMAX20S Utility Tractor Unused,2023.0,3.0,5000.0,"Texas, USA",,,IronPlanet,2026-01-20 22:53:28.281492,14389962,2023 Mahindra EMAX20S Utility Tractor (Unused),,,,,https://cdn.ironpla.net/i/20810/501/8f6d1330-1078-4817-8112-046bfc75b830-full.jpg,https://www.ironplanet.com/for-sale/Agricultural-Tractors-2023-Mahindra-EMAX20S-Utility-Tractor-%28Unused%29-Texas/14389962?h=5000%2Cct%7C2%2Cc%7C1924%2Cmode%7C2&rr=0.02174&hitprm=&pnLink=yes,Online Auction,,,"Differential Lock, Hydrostatic Drive, 19 kW Engine, 2023 US EPA Label, CARB Compliant, Mahindra 23L Loader, Quick Coupler, 48 in Bucket, Mid-Mount Remotes, Mid-Mount PTO, 540 PTO, 3-Point Hitch, 215/50-10 Front Tires, 305/60-12 Rear Tires"
John Deere,5045E 2WD Utility Tractor,2015.0,6609.0,9900.0,"Georgia, USA",,,IronPlanet,2026-01-20 22:53:28.281492,14541025,2015 John Deere 5045E 2WD Utility Tractor,,,,,https://cdn.ironpla.net/i/21036/33/d27440d9-e865-477d-9872-3bfae1388810-full.jpg,https://www.ironplanet.com/for-sale/Agricultural-Tractors-2015-John-Deere-5045E-2WD-Utility-Tractor-Georgia/14541025?h=5000%2Cct%7C2%2Cc%7C1924%2Cmode%7C2&rr=0.02128&hitprm=&pnLink=yes,Buy Now,True,Make Offer,"Canopy, Differential Lock, Manual Transmission, US EPA Label, 1 Rear Remotes, 540 PTO, 3-Point Hitch, 11L-15 Front Tires, 16.9-24 Rear Tires"
International,McCormick Farmall Cub 2WD Wide Front Antique Tractor,1951.0,,3500.0,"North Carolina, USA",,,IronPlanet,2026-01-20 22:53:28.281492,13753100,1951 International McCormick Farmall Cub 2WD Wide Front Antique Tractor,,,,,https://cdn.ironpla.net/i/19735/880/df76df51-cb2a-4ecf-8fe3-7ef9866b654b-full.jpg,https://www.ironplanet.com/for-sale/Agricultural-Tractors-1951-International-McCormick-Farmall-Cub-2WD-Wide-Front-Antique-Tractor-North-Carolina/13753100?h=5000%2Cct%7C2%2Cc%7C1924%2Cmode%7C2&rr=0.02083&hitprm=&pnLink=yes,Current High Offer,True,Make Offer,"3 Forward 1 Reverse, Manual Transmission, 4.00-12 Front Tires, 9.5-24 Rear Tires"
Massey Ferguson,231 2WD Tractor,1992.0,,3607.0,"Ontario, CAN",,,IronPlanet,2026-01-20 22:53:28.281492,13914699,1992 Massey Ferguson 231 2WD Tractor,,,,,https://cdn.ironpla.net/i/20017/415/4d2918b5-0cb5-47b3-adcc-c384f27fc99c-full.jpg,https://www.ironplanet.com/for-sale/Agricultural-Tractors-1992-Massey-Ferguson-231-2WD-Tractor-Ontario/13914699?h=5000%2Cct%7C2%2Cc%7C1924%2Cmode%7C2&rr=0.02041&hitprm=&pnLink=yes,Current High Offer,True,Make Offer,"8 Forward 2 Reverse, 38 hp Engine, Allied 394 Loader, Quick Coupler, 60 in Bucket, 540 PTO, 3-Point Hitch, MK Martin Brush hog 66 in Scraper Blade, 6.50-16 Front Tires, 14.9x28 Rear Tires, Bale Spear, 3 Point Hitch Homemade Steel Carrier, and Bale Spear for the loader."
Cat,Challenger 75C Track Tractor,1993.0,9451.0,14000.0,"Mississippi, USA",,,IronPlanet,2026-01-20 22:53:28.281492,14353796,1993 Cat Challenger 75C Track Tractor,,,,,https://cdn.ironpla.net/i/20771/254/df0e0e75-dbce-4193-837e-21ec311b5c51-full.jpg,https://www.ironplanet.com/for-sale/Agricultural-Tractors-1993-Cat-Challenger-75C-Track-Tractor-Mississippi/14353796?h=5000%2Cct%7C2%2Cc%7C1924%2Cmode%7C2&rr=0.02&hitprm=&pnLink=yes,Current High Offer,True,Make Offer,"Enclosed Cab, Air Conditioner, Air Ride Seat, 10 Forward 2 Reverse, Front Weights, 4 Rear Remotes, Drawbar, 30 in Tracks"
Mahindra,EMAX20S 4WD Tractor Unused,2022.0,7.0,5000.0,"Texas, USA",,,IronPlanet,2026-01-20 22:53:28.281492,14389932,2022 Mahindra EMAX20S 4WD Tractor (Unused),,,,,https://cdn.ironpla.net/i/20810/525/9e6b407c-0751-4ddd-b397-7fcf1112c360-full.jpg,https://www.ironplanet.com/for-sale/Agricultural-Tractors-2022-Mahindra-EMAX20S-4WD-Tractor-%28Unused%29-Texas/14389932?h=5000%2Cct%7C2%2Cc%7C1924%2Cmode%7C2&rr=0.01961&hitprm=&pnLink=yes,Online Auction,,,"Differential Lock, Reverse Drive Mode, Hydrostatic Drive, 19 kW Engine, 2021 US EPA Label, CARB Compliant, Mahindra 23L Loader w/Joystick, Quick Coupler, 48 in Bucket, Mid-Mount Remotes, 2 Rear Remotes, 540 PTO, 3-Point Hitch, Mahindra 23B Backhoe Attachment With 12 in Bucket, 215/50-10 Front Tires, 305/60-12 Rear Tires"
Case,140A 4WD Tractor,2023.0,781.0,45000.0,"South Carolina, USA",,,IronPlanet,2026-01-20 22:53:28.281492,13730564,2023 Case 140A 4WD Tractor,,,,,https://cdn.ironpla.net/i/19691/848/0af2be2e-a7b3-47c8-9367-605c4f1bd715-full.jpg,https://www.ironplanet.com/for-sale/Agricultural-Tractors-2023-Case-140A-4WD-Tractor-South-Carolina/13730564?h=5000%2Cct%7C2%2Cc%7C1924%2Cmode%7C2&rr=0.01923&hitprm=&pnLink=yes,Current High Offer,True,Make Offer,"Enclosed Cab, Air Conditioner, Air Ride Seat, Differential Lock, 8 Forward 8 Reverse, Partial Powershift, Forward/ Reverse Shuttle, Requires Diesel Exhaust Fluid, Loader Mounting Frame, Mid-Mount Remotes, 6 Rear Remotes, 540 PTO, 3-Point Hitch, Drawbar, Rear Weights, 380/85R30 Front Tires, 18.4x38 Rear Tires, Rear Wheel Weights"
Kubota,M6L111SDS 4WD Utility Tractor,2022.0,2233.0,11000.0,"California, USA",,,IronPlanet,2026-01-20 22:53:28.281492,14471148,2022 Kubota M6L111SDS 4WD Utility Tractor,,,,,https://cdn.ironpla.net/i/20937/414/a904235f-64dd-4454-8d65-f935b71e85ec-full.jpg,https://www.ironplanet.com/for-sale/Agricultural-Tractors-2022-Kubota-M6L111SDS-4WD-Utility-Tractor-California/14471148?h=5000%2Cct%7C2%2Cc%7C1924%2Cmode%7C2&rr=0.01887&hitprm=&pnLink=yes,Online Auction,,,"Differential Lock, Hydraulic Shuttle, Tier 4, 85.1 kW Engine, 2022 US EPA Label, CARB Compliant, Requires Diesel Exhaust Fluid, Front Weights, HID Lights, 2 Rear Remotes, 540 PTO, 3-Point Hitch, Drawbar, Rear Weights, 14X17.5 Front Tires, 19.5L-24 Rear Tires, Rear Wheel Weights"
Allis,Chalmers C 2WD Narrow Front Antique Tractor,1945.0,,2700.0,"North Carolina, USA",,,IronPlanet,2026-01-20 22:53:28.281492,13753099,1945 Allis Chalmers C 2WD Narrow Front Antique Tractor,,,,,https://cdn.ironpla.net/i/19735/877/c1bdea0a-88dc-4ef0-b01c-50eb4dd355f3-full.jpg,https://www.ironplanet.com/for-sale/Agricultural-Tractors-1945-Allis-Chalmers-C-2WD-Narrow-Front-Antique-Tractor-North-Carolina/13753099?h=5000%2Cct%7C2%2Cc%7C1924%2Cmode%7C2&rr=0.01852&hitprm=&pnLink=yes,Current High Offer,True,Make Offer,"3 Forward 1 Reverse, Manual Transmission, 540 PTO, 4.00-15 Front Tires, 11.2-24 Rear Tires"
Case IH,9370 4WD Tractor,1998.0,7118.0,62048.0,"Saskatchewan, CAN",,,IronPlanet,2026-01-20 22:53:28.281492,13537452,1998 Case IH 9370 4WD Tractor,,,,,https://cdn.ironpla.net/i/19342/442/c21c0079-50aa-4c7c-a44f-71147a7f2a43-full.jpg,https://www.ironplanet.com/for-sale/Agricultural-Tractors-1998-Case-IH-9370-4WD-Tractor-Saskatchewan/13537452?h=5000%2Cct%7C2%2Cc%7C1924%2Cmode%7C2&rr=0.01818&hitprm=&pnLink=yes,Buy Now,True,Make Offer,"Enclosed Cab, Air Conditioner, Air Ride Seat, 12 Forward 3 Reverse, Autosteer, 1998 US EPA Label, HID Lights, 4 Rear Remotes, Drawbar, Dual 30.5L-32 Front Tires, Dual 30.5L-32 Rear Tires"
Mahindra,EMAX20S 4WD Tractor Unused,2021.0,4.0,5000.0,"Texas, USA",,,IronPlanet,2026-01-20 22:53:28.281492,14389931,2021 Mahindra EMAX20S 4WD Tractor (Unused),,,,,https://cdn.ironpla.net/i/20810/527/94edc9c6-52c7-4084-8de6-0356fea27d6c-full.jpg,https://www.ironplanet.com/for-sale/Agricultural-Tractors-2021-Mahindra-EMAX20S-4WD-Tractor-%28Unused%29-Texas/14389931?h=5000%2Cct%7C2%2Cc%7C1924%2Cmode%7C2&rr=0.01786&hitprm=&pnLink=yes,Online Auction,,,"Differential Lock, Reverse Drive Mode, Hydrostatic Drive, 19 kW Engine, 2021 US EPA Label, CARB Compliant, Mahindra Loader, 23L 48 in Bucket, 540 PTO, 3-Point Hitch, 215/50-10 Front Tires, 305/60-12 Rear Tires"
Mahindra,EMAX20S 4WD Tractor Unused,2022.0,5.0,5000.0,"Texas, USA",,,IronPlanet,2026-01-20 22:53:28.281492,14389940,2022 Mahindra EMAX20S 4WD Tractor (Unused),,,,,https://cdn.ironpla.net/i/20810/518/bcee6095-4d8e-4fd5-9764-ffdbb9c51edf-full.jpg,https://www.ironplanet.com/for-sale/Agricultural-Tractors-2022-Mahindra-EMAX20S-4WD-Tractor-%28Unused%29-Texas/14389940?h=5000%2Cct%7C2%2Cc%7C1924%2Cmode%7C2&rr=0.01754&hitprm=&pnLink=yes,Online Auction,,,"Differential Lock, Reverse Drive Mode, Hydrostatic Drive, 19 kW Engine, 2022 US EPA Label, CARB Compliant, Mahindra 23L Loader w/Joystick, Quick Coupler, 48 in Bucket, 540 PTO, 18x8.50-10 Front Tires, 26x12.00-12 Rear Tires"
Kubota,L5460HST 4WD Utility Tractor,2021.0,268.0,22373.0,"British Columbia, CAN",,,IronPlanet,2026-01-20 22:53:28.281492,14450106,2021 Kubota L5460HST 4WD Utility Tractor,,,,,https://cdn.ironpla.net/i/20910/296/270fd1bd-cae3-4f2d-8b27-edb131fad6ea-full.jpg,https://www.ironplanet.com/for-sale/Agricultural-Tractors-2021-Kubota-L5460HST-4WD-Utility-Tractor-British-Columbia/14450106?h=5000%2Cct%7C2%2Cc%7C1924%2Cmode%7C2&rr=0.01724&hitprm=&pnLink=yes,Current High Offer,True,Make Offer,"Enclosed Cab, Air Conditioner, Hydrostatic Drive, Tier 4, 56 hp Engine, 2020 US EPA Label, Kubota LA1055 Loader w/Joystick, Quick Coupler, Kubota 72 in Bucket, Mid-Mount Remotes, Mid-Mount PTO, 3 Rear Remotes, 540 PTO, 3-Point Hitch, Trailer Hitch, 72 Inch 4 in 1 bucket, drawbar, 10-16.5 Front Tires, 17.5-24 Rear Tires"
Mahindra,EMAX20S 4WD Tractor Unused,2022.0,3.0,5000.0,"Texas, USA",,,IronPlanet,2026-01-20 22:53:28.281492,14389935,2022 Mahindra EMAX20S 4WD Tractor (Unused),,,,,https://cdn.ironpla.net/i/20810/523/13a2a674-b6f8-4153-80f5-076bc2363000-full.jpg,https://www.ironplanet.com/for-sale/Agricultural-Tractors-2022-Mahindra-EMAX20S-4WD-Tractor-%28Unused%29-Texas/14389935?h=5000%2Cct%7C2%2Cc%7C1924%2Cmode%7C2&rr=0.01695&hitprm=&pnLink=yes,Online Auction,,,"Differential Lock, Reverse Drive Mode, Hydrostatic Drive, 19 kW Engine, 2022 US EPA Label, CARB Compliant, Mahindra 23L Loader w/Joystick, Quick Coupler, 48 in Bucket, 540 PTO, 3-Point Hitch, 215/50-10 Front Tires, 305/60-12 Rear Tires"
John Deere,5115M 4WD Utility Tractor,2021.0,2556.0,28000.0,"California, USA",,,IronPlanet,2026-01-20 22:53:28.281492,14277306,2021 John Deere 5115M 4WD Utility Tractor,,,,,https://cdn.ironpla.net/i/20663/954/17542915-69ed-47b2-b7fe-e61a3c92809f-full.jpg,https://www.ironplanet.com/for-sale/Agricultural-Tractors-2021-John-Deere-5115M-4WD-Utility-Tractor-California/14277306?h=5000%2Cct%7C2%2Cc%7C1924%2Cmode%7C2&rr=0.01667&hitprm=&pnLink=yes,Current High Offer,True,Make Offer,"Enclosed Cab, Air Conditioner, PowrReverser, Forward/ Reverse Shuttle, 2021 US EPA Label, Requires Diesel Exhaust Fluid, Front Weights, Mid-Mount Remotes, HID Lights, 3 Rear Remotes, Exterior 3-Point Hitch Controls, 540 PTO, 3-Point Hitch, 340/85R24 Front Tires, 420/85R34 Rear Tires"
Kubota,BX23S,2025.0,28.0,28950.0,"Tulsa, OK",New,KBUC1DHRKPGE88976,manual_training,2026-01-20T00:00:00Z,kubota-bx23s-2025-demo,Kubota BX23S Sub-Compact Tractor,Tractor,,,Dealer,,https://kubota.example/bx23s-2025,,,,"Front Loader, Backhoe, Tier 4 Engine"
